0,0,19,0,1263,27,15,65,4,1,1,45,69.75,0
3,0,31,0,6458,65,93,31,2,1,1,25,712.035,0
5,0,30,1,2885,18,7,10,3,1,1,30,144.12,0
2,0,37,1,4325,83,27,27,3,1,1,30,284.32,0
19,0,33,8,10255,85,0,37,5,1,1,55,155.1,0
22,0,39,2,15015,227,58,35,3,1,1,30,841.68,0
5,0,40,1,770,17,18,10,3,1,1,30,103.48,0
8,0,31,2,3610,69,25,29,3,1,1,30,247.16,0
5,0,40,0,2065,35,271,5,3,1,1,30,1168.0,0
12,0,42,2,3165,61,192,29,2,1,1,25,1009.17,0
17,0,37,4,9715,131,165,58,3,2,1,30,1053.84,0
12,0,41,2,14193,181,39,50,3,1,1,30,730.96,0
7,0,46,0,623,17,22,7,3,1,2,30,113.6,0
17,0,43,1,4683,80,19,42,1,1,1,15,366.465,0
16,0,40,2,4080,88,39,30,3,1,1,30,322.72,0
18,0,39,3,6238,110,65,30,3,1,1,30,513.92,0
1,0,41,0,955,16,10,15,2,1,2,25,88.695,0
11,0,20,3,2600,42,56,31,3,1,1,30,329.68,0
2,0,36,1,528,5,13,5,5,1,1,55,27.495,0
5,0,34,1,1893,29,7,4,4,1,1,45,65.55,0
0,0,5,0,4025,31,203,6,3,1,1,30,974.24,0
0,0,24,0,1263,33,23,66,4,1,1,45,89.9,0
0,0,30,0,3950,67,0,17,3,1,1,30,160.68,0
19,0,45,2,16050,198,172,38,2,1,1,25,1505.16,0
14,0,40,0,2543,60,15,19,3,1,2,30,164.12,0
14,1,39,0,2428,54,7,15,3,1,2,30,127.28,0
11,0,15,0,6087,135,78,40,1,2,1,15,771.21,0
3,0,36,0,5803,90,9,13,2,1,1,25,305.685,0
10,0,34,1,11770,154,10,48,3,1,1,30,516.96,0
9,0,43,0,1195,28,31,15,3,1,2,30,172.92,0
0,0,32,0,6075,86,0,22,4,1,1,45,154.025,0
2,0,19,1,1810,32,60,18,3,1,1,30,313.68,0
0,0,36,0,2190,11,455,5,3,1,1,30,1908.04,0
0,0,31,0,6480,91,7,20,4,1,1,45,181.775,0
7,0,44,0,803,19,25,11,3,1,2,30,132.88,0
0,0,39,0,318,5,7,4,2,1,2,25,46.035,0
8,0,40,1,2698,64,9,35,2,1,1,25,164.79,0
2,0,44,0,318,11,15,5,3,1,2,30,73.16,0
23,0,28,3,15895,230,0,75,2,1,1,25,725.625,0
6,0,35,2,6845,100,19,24,5,1,1,55,132.675,0
31,0,44,5,15525,233,71,38,3,1,1,30,914.32,0
4,0,11,0,8568,162,61,36,4,1,1,45,370.75,0
0,0,23,0,2920,55,1,21,3,1,1,30,123.0,0
0,0,34,0,695,6,0,6,2,1,2,25,31.545,0
15,0,41,2,3375,56,300,20,4,1,1,45,835.775,0
20,0,17,3,6993,151,106,57,2,2,1,25,798.48,0
0,0,35,0,2070,42,150,23,2,1,1,25,770.04,0
9,0,31,3,7270,116,270,34,2,2,1,25,1547.37,0
9,0,40,1,11645,162,22,52,4,1,1,45,350.175,0
15,0,18,1,5987,136,67,44,2,2,1,25,577.035,0
0,0,15,0,1275,14,0,8,2,1,1,25,58.005,0
12,0,26,0,1105,30,11,5,2,1,2,25,100.575,0
0,0,33,0,1170,37,22,15,3,1,2,30,136.28,0
24,0,21,3,6758,150,97,46,2,2,1,25,747.36,0
6,0,27,0,1000,28,22,15,2,1,1,25,145.26,0
6,0,40,0,15180,182,151,29,2,1,1,25,1370.79,0
0,0,40,0,2135,35,288,20,3,1,1,30,1238.8,0
0,0,28,0,6300,83,0,15,4,1,1,45,159.575,0
4,0,34,0,2070,49,39,18,3,1,2,30,240.76,0
5,0,26,1,1720,41,194,9,2,2,1,25,952.245,0
0,0,36,0,0,0,0,0,5,1,1,55,0.0,0
5,0,15,0,2000,26,27,15,2,1,1,25,212.67,0
5,0,18,1,1940,29,30,14,2,1,1,25,223.605,0
5,0,38,0,2583,59,11,36,1,1,1,15,205.81,0
25,0,34,3,15185,221,46,28,3,1,1,30,800.24,0
7,0,35,0,2058,46,0,12,3,1,2,30,84.16,0
2,0,37,0,3660,60,0,17,2,1,1,25,167.4,0
6,0,32,0,1970,44,37,21,3,1,2,30,228.56,0
9,0,33,4,7090,114,267,30,3,2,1,30,1356.16,0
0,0,30,0,11160,142,0,44,3,1,1,30,452.08,0
6,0,16,1,1920,30,25,12,2,1,1,25,200.25,0
5,0,36,2,2268,35,21,21,4,1,1,45,110.075,0
26,0,35,4,16155,240,10,84,2,1,1,25,782.775,0
18,0,17,1,6582,142,94,45,2,2,1,25,725.58,0
5,0,33,0,8750,112,132,39,3,1,1,30,882.48,0
9,0,37,1,11655,155,20,50,4,1,1,45,345.25,0
11,0,37,0,3660,76,0,24,2,1,1,25,168.12,0
14,0,43,3,7103,83,125,43,2,1,1,25,885.87,0
30,0,33,4,16380,244,7,82,2,2,1,25,779.58,0
5,0,33,0,4515,77,0,24,3,1,1,30,183.68,0
4,0,36,0,3908,83,11,31,2,1,1,25,229.095,0
4,0,28,0,3405,69,19,28,3,1,1,30,214.96,0
0,0,35,0,0,0,0,0,2,1,2,25,0.0,0
12,0,35,0,2543,54,7,18,3,1,2,30,131.88,0
26,0,42,4,15220,227,64,36,3,2,1,30,873.88,0
4,0,36,1,6905,91,187,24,3,1,1,30,1027.84,0
2,0,9,1,4390,40,215,10,3,1,1,30,1037.2,0
1,0,30,1,6605,89,3,17,5,1,1,55,104.91,0
8,0,38,0,3953,63,0,35,1,1,1,15,220.88,0
2,0,24,1,1135,28,182,6,2,2,1,25,871.335,0
22,0,34,3,15770,238,1,79,2,1,1,25,724.86,0
0,0,36,0,2615,18,3,16,3,1,1,30,117.32,0
3,0,35,0,1665,44,38,20,3,1,2,30,220.36,0
0,0,32,0,2535,16,0,12,3,1,1,30,102.04,0
0,0,7,0,4275,35,217,11,3,1,1,30,1040.4,0
3,0,33,1,6785,97,14,22,5,1,1,55,124.23,0
2,0,35,0,11160,148,4,45,3,1,1,30,468.32,0
15,0,39,1,2758,66,366,26,3,1,1,30,1576.96,0
25,0,38,3,15140,225,54,32,3,1,1,30,830.6,0
12,0,40,5,7350,124,288,39,3,2,1,30,1450.96,0
22,1,40,9,10515,95,11,46,5,1,1,55,175.65,0
27,0,38,3,15385,228,56,32,3,1,1,30,848.52,0
17,0,21,1,9193,181,88,46,5,1,1,55,272.61,0
0,0,28,0,2580,12,0,8,3,1,1,30,103.68,0
0,0,20,0,1183,31,13,62,4,1,1,45,62.85,0
0,0,38,0,1760,29,264,3,3,1,1,30,1127.56,0
6,0,42,1,1928,35,15,12,4,1,1,45,86.575,0
8,0,41,2,2813,70,41,39,2,1,1,25,314.235,0
5,0,34,1,3140,23,475,4,3,1,1,30,2026.52,0
14,0,28,1,15060,221,0,78,2,1,1,25,687.645,0
27,0,43,4,15140,231,62,33,3,1,1,30,862.84,0
0,0,39,0,650,10,3,13,2,1,2,25,43.2,0
5,0,39,0,580,10,7,2,2,1,2,25,58.05,0
6,0,38,0,4180,70,0,14,3,1,1,30,170.0,0
13,0,38,3,9230,127,176,47,3,1,1,30,1078.28,0
0,0,12,1,4085,40,216,9,3,1,1,30,1029.0,0
5,0,37,0,835,12,9,5,3,1,2,30,69.88,0
8,0,36,0,2533,58,22,30,3,1,2,30,191.64,0
24,1,38,9,10495,96,6,44,5,2,1,55,167.865,0
5,0,39,0,5513,90,0,14,3,1,1,30,224.12,0
2,0,9,1,4390,40,215,10,3,1,1,30,1037.2,0
10,0,36,0,2338,54,327,20,2,1,1,25,1579.14,0
5,0,33,1,6975,98,23,25,5,1,1,55,140.595,0
0,0,34,0,0,0,0,0,2,1,2,25,0.0,0
11,0,36,0,2858,65,360,22,2,1,1,25,1751.535,0
11,0,34,1,3820,78,24,24,3,1,1,30,251.92,0
0,0,19,0,1570,28,32,17,2,1,1,25,215.91,0
8,0,34,0,2273,52,348,19,3,1,1,30,1485.0,0
13,0,15,0,6277,136,87,43,1,2,1,15,831.215,0
10,0,40,1,2888,65,18,38,2,1,1,25,213.885,0
0,0,36,0,1488,42,0,16,1,1,1,15,84.15,0
11,0,37,0,2970,53,150,21,2,1,1,25,811.035,0
5,0,40,0,2013,50,11,19,3,1,2,30,126.52,0
15,0,40,3,6823,111,35,29,3,1,1,30,417.36,0
9,0,43,2,7893,135,401,49,3,1,1,30,1925.12,0
5,0,35,0,1910,47,40,20,3,1,2,30,238.28,0
24,0,36,4,15435,229,68,45,3,2,1,30,898.56,0
21,0,46,3,4340,98,54,36,3,1,1,30,393.52,0
9,1,38,0,2238,54,8,17,3,1,2,30,123.68,0
3,0,35,0,6413,69,101,35,2,1,1,25,746.19,0
3,0,36,0,1858,26,9,9,3,1,1,30,111.36,0
6,1,36,0,2123,49,10,18,3,1,2,30,126.88,0
5,0,42,1,7508,133,392,44,3,1,1,30,1873.64,0
0,0,22,0,830,22,175,4,2,2,1,25,825.84,0
2,0,31,0,1933,42,0,14,3,1,2,30,79.0,0
8,0,43,1,5918,101,15,13,3,1,1,30,300.76,0
7,0,28,1,1683,44,28,67,5,1,1,55,67.905,0
11,0,38,0,2483,57,10,17,3,1,2,30,141.6,0
0,0,39,0,0,0,0,0,2,1,2,25,0.0,0
5,0,28,0,305,6,7,2,4,1,2,45,25.275,0
18,0,38,2,6123,104,33,26,2,1,1,25,428.715,0
3,0,22,0,1488,37,20,64,4,1,1,45,88.125,0
7,1,33,0,2238,48,0,16,3,1,2,30,91.44,0
0,0,35,0,760,9,2,12,2,1,2,25,43.605,0
10,0,37,0,2453,60,359,24,3,1,1,30,1536.52,0
3,0,32,0,1853,46,0,11,3,1,2,30,75.96,0
8,0,36,1,2585,43,282,16,3,1,1,30,1233.12,0
5,0,35,0,3778,54,0,29,1,1,1,15,210.76,0
2,0,18,0,1695,26,28,14,2,1,1,25,203.445,0
5,0,38,0,1638,44,0,2,3,1,2,30,67.28,0
16,0,29,0,1005,31,17,9,3,1,2,30,109.44,0
13,0,32,0,700,31,18,8,3,1,2,30,101.24,0
9,0,38,2,3205,31,12,18,3,1,1,30,177.44,0
0,0,26,0,6480,85,0,19,4,1,1,45,164.125,0
6,0,35,0,2665,47,143,19,2,1,1,25,765.54,0
21,0,41,2,5213,83,16,37,1,1,1,15,379.28,0
5,0,35,0,6603,70,110,38,2,1,1,25,795.285,0
11,0,36,4,7270,122,278,35,3,2,1,30,1407.68,0
5,0,41,0,305,6,7,2,3,1,2,30,40.44,0
4,0,36,0,13713,166,0,42,3,1,1,30,555.16,0
8,0,34,1,4415,67,7,13,3,1,1,30,207.28,0
0,0,34,0,0,0,0,0,4,1,1,45,0.0,0
11,0,39,3,1353,21,19,4,5,1,1,55,49.11,0
0,0,16,0,1390,20,21,12,2,1,1,25,157.95,0
12,0,39,2,11770,160,18,49,4,1,1,45,343.25,0
8,0,38,0,2085,56,77,26,4,1,2,45,246.025,0
14,0,22,5,3238,53,48,25,3,2,1,30,323.64,0
11,0,34,1,7023,75,107,38,2,1,1,25,800.91,0
15,0,15,2,6688,145,99,55,1,2,1,15,920.315,0
32,0,39,10,11450,110,16,44,5,1,1,55,197.4,0
14,0,35,1,6223,103,27,22,2,1,1,25,406.17,0
5,0,29,0,1245,22,60,9,4,1,2,45,181.675,0
6,0,40,1,2508,63,0,32,2,1,1,25,115.695,0
7,0,40,1,2420,42,290,20,3,1,1,30,1258.48,0
0,0,25,0,820,29,177,6,2,2,1,25,834.705,0
19,0,42,3,6203,106,43,30,3,1,1,30,424.36,0
8,0,35,2,7090,103,21,24,5,1,1,55,139.395,0
20,0,19,2,9298,180,85,44,5,1,1,55,269.67,0
0,0,39,0,3413,82,3,27,3,1,1,30,151.8,0
0,0,26,0,0,0,0,0,2,1,2,25,0.0,0
0,0,36,0,3118,72,0,13,2,1,1,25,143.55,0
3,0,39,1,2508,64,34,37,2,1,1,25,268.74,0
8,0,39,0,11170,150,7,34,4,1,1,45,300.5,0
8,0,38,1,6163,98,9,12,3,1,1,30,286.44,0
5,0,35,1,3843,80,7,25,3,1,1,30,184.92,0
2,0,26,0,1015,11,30,6,4,1,2,45,100.65,0
6,0,39,1,7568,130,389,45,3,1,1,30,1863.92,0
11,0,40,2,3590,34,499,13,3,1,1,30,2140.96,0
1,0,24,0,1453,34,32,69,4,1,1,45,117.175,0
1,0,32,0,1485,36,27,15,3,1,2,30,168.84,0
13,0,39,2,7023,81,115,39,2,1,1,25,837.18,0
9,0,40,2,3400,33,490,10,3,1,1,30,2097.32,0
10,0,38,0,4198,66,1,35,1,1,1,15,240.02,0
4,0,32,0,3813,58,0,29,1,1,1,15,212.905,0
3,0,38,2,6615,92,218,30,3,1,1,30,1140.28,0
0,0,32,0,2835,17,468,2,3,1,1,30,1986.08,0
24,0,27,2,15995,236,0,76,2,1,1,25,730.395,0
13,0,41,3,7350,113,36,30,5,1,1,55,165.945,0
4,0,34,3,6775,115,262,30,2,2,1,25,1489.05,0
6,1,36,0,2178,51,3,15,3,1,2,30,101.16,0
2,0,22,0,1650,30,36,18,2,1,1,25,237.6,0
10,0,36,2,4070,86,46,41,3,1,1,30,350.24,0
5,0,35,0,2148,54,352,22,2,1,1,25,1683.09,0
11,0,35,1,11690,158,8,45,4,1,1,45,316.2,0
5,0,23,0,920,26,12,11,2,1,1,25,96.57,0
0,0,37,1,2905,27,508,10,3,1,1,30,2149.28,0
3,0,35,0,1958,53,343,19,2,1,1,25,1633.995,0
11,0,28,6,9870,77,0,34,4,2,1,45,248.675,0
9,0,38,1,4760,86,7,25,3,1,1,30,221.84,0
11,0,31,0,655,29,18,11,2,1,2,25,111.78,0
10,0,15,0,8742,170,64,37,4,1,1,45,382.8,0
5,0,35,0,2148,54,352,22,2,1,1,25,1683.09,0
11,0,41,0,2418,62,19,22,3,1,2,30,175.2,0
0,0,34,0,3658,79,0,26,2,1,1,25,168.165,0
0,0,25,0,0,0,0,0,2,1,2,25,0.0,0
8,0,42,2,4103,90,19,34,3,1,1,30,243.72,0
13,0,39,2,5225,94,10,25,3,1,1,30,252.76,0
11,0,44,2,2233,41,22,14,4,1,1,45,111.85,0
2,0,40,0,1055,22,11,16,2,1,2,25,97.965,0
0,0,40,0,570,14,1,10,2,1,2,25,30.78,0
1,0,36,0,1668,25,0,6,3,1,1,30,67.72,0
7,0,37,1,2485,37,281,15,3,1,1,30,1224.88,0
23,0,31,3,15830,235,0,80,2,1,1,25,722.925,0
6,0,34,3,6965,116,271,33,2,2,1,25,1538.145,0
5,0,34,1,11285,146,0,42,4,1,1,45,285.775,0
5,0,34,1,3075,57,189,36,2,1,1,25,991.44,0
10,0,38,2,6518,105,28,27,3,1,1,30,376.92,0
2,0,25,0,3225,61,8,23,3,1,1,30,163.44,0
9,0,38,1,2840,56,180,25,2,1,1,25,940.32,0
0,0,35,0,958,14,0,6,3,1,1,30,38.88,0
1,0,35,0,6223,68,92,32,2,1,1,25,697.095,0
2,0,38,0,710,14,13,8,3,1,2,30,80.96,0
5,0,42,2,598,14,19,8,5,1,1,55,37.68,0
4,0,25,0,3415,62,17,26,3,1,1,30,207.08,0
1,0,25,0,1230,15,22,1,4,1,2,45,86.125,0
14,0,45,3,4820,95,17,28,4,1,1,45,165.375,0
15,0,29,2,2583,56,45,70,5,1,1,55,107.085,0
14,1,40,0,2543,60,15,19,3,1,2,30,164.12,0
21,0,31,1,15475,228,0,65,2,1,1,25,706.635,0
12,0,35,4,7690,113,42,39,5,1,1,55,180.045,0
2,0,21,0,1568,33,22,67,4,1,1,45,95.025,0
6,0,36,2,6625,84,182,23,3,1,1,30,996.36,0
19,0,37,2,6528,109,34,24,2,1,1,25,451.665,0
1,0,32,0,6500,80,178,25,3,1,1,30,975.2,0
0,0,26,0,825,10,21,3,4,1,2,45,73.375,0
9,0,22,0,700,19,2,6,2,1,2,25,41.355,0
6,0,39,2,6615,91,184,25,3,1,1,30,1004.24,0
0,0,35,0,5595,70,158,9,3,1,1,30,858.6,0
10,0,36,1,6143,99,7,10,3,1,1,30,277.68,0
12,0,30,2,1933,48,42,72,5,1,1,55,92.715,0
7,0,36,1,2618,62,7,31,2,1,1,25,152.1,0
15,0,30,3,2330,53,208,13,3,2,1,30,927.32,0
7,0,33,0,6638,73,98,33,2,1,1,25,742.995,0
0,0,25,0,2625,51,0,8,3,1,1,30,107.04,0
18,0,37,7,10310,95,5,45,4,2,1,45,272.625,0
13,0,44,2,14158,177,17,50,3,1,1,30,641.4,0
9,0,38,1,3585,81,23,25,3,1,1,30,238.64,0
10,0,42,2,6985,100,204,33,3,1,1,30,1099.4,0
4,0,38,0,2360,39,285,18,3,1,1,30,1235.96,0
0,0,23,0,2730,54,0,18,3,1,1,30,111.36,0
8,0,43,2,1973,37,15,9,4,1,1,45,87.75,0
4,0,37,0,2798,63,3,31,1,1,1,15,173.855,0
0,0,7,0,3895,33,199,5,3,1,1,30,953.12,0
4,0,37,0,6118,65,87,22,2,1,1,25,669.735,0
7,0,38,1,4023,88,9,30,3,1,1,30,200.44,0
0,0,36,0,405,8,6,6,2,1,2,25,45.585,0
10,0,41,0,4550,79,16,22,3,1,1,30,249.16,0
10,0,16,3,3098,48,33,19,3,1,1,30,257.84,0
5,0,23,1,1360,32,185,7,2,2,1,25,895.14,0
2,0,39,0,508,6,16,7,2,1,2,25,95.13,0
6,0,30,0,8810,109,129,40,3,1,1,30,872.76,0
6,0,35,0,3030,22,7,12,3,1,1,30,150.08,0
16,0,21,1,6348,145,93,46,2,2,1,25,710.685,0
7,0,19,0,1885,26,7,12,2,1,1,25,117.495,0
5,0,38,0,3423,78,7,15,3,1,1,30,168.04,0
28,0,43,10,10740,105,16,45,5,2,1,55,186.675,0
0,0,35,0,7203,121,377,41,2,1,1,25,2026.08,0
25,0,34,8,10660,97,7,40,5,1,1,55,171.855,0
26,0,30,3,16480,243,1,78,2,1,1,25,757.035,0
1,0,35,0,2590,53,200,25,2,1,1,25,1018.935,0
0,0,29,0,2475,41,160,20,2,1,1,25,833.22,0
0,0,26,0,2275,6,0,6,3,1,1,30,91.24,0
20,0,46,2,4763,82,23,43,1,1,1,15,392.975,0
2,0,33,0,7428,125,374,39,2,1,1,25,2022.885,0
4,0,41,0,890,22,24,13,3,1,2,30,132.48,0
13,0,40,1,4313,71,0,34,1,1,1,15,241.12,0
12,0,17,3,4955,56,237,18,3,1,1,30,1148.44,0
16,0,43,2,2838,68,376,30,3,1,1,30,1620.24,0
0,0,33,0,1875,25,267,11,3,1,1,30,1144.0,0
2,0,42,0,498,13,18,9,2,1,2,25,103.995,0
3,0,14,2,2548,39,24,17,3,1,1,30,199.48,0
0,0,32,0,2710,19,466,2,3,1,1,30,1973.16,0
6,0,27,1,1560,39,195,11,2,2,1,25,949.455,0
15,0,27,0,1300,35,31,22,3,1,2,30,177.4,0
9,0,30,1,3710,75,26,30,3,1,1,30,255.4,0
6,0,9,3,4990,50,236,25,3,1,1,30,1145.6,0
11,0,29,2,1810,43,209,16,3,2,1,30,910.12,0
5,0,34,0,5838,93,0,8,2,1,1,25,266.895,0
14,0,17,4,3562,56,39,19,3,2,1,30,300.72,0
0,0,40,0,2168,54,5,35,1,1,1,15,149.71,0
10,0,38,0,4560,72,14,20,3,1,1,30,241.28,0
5,0,40,1,6680,94,197,31,3,1,1,30,1058.96,0
0,0,7,0,4085,34,208,8,3,1,1,30,996.76,0
2,0,38,1,2850,24,481,8,3,1,1,30,2038.96,0
1,0,35,0,1475,43,29,17,3,1,2,30,176.72,0
22,0,38,4,6723,114,54,41,3,1,1,30,489.48,0
0,0,22,0,2210,44,0,21,3,1,1,30,90.16,0
11,0,34,2,8935,113,133,38,3,1,1,30,893.92,0
5,0,33,0,920,10,7,7,2,1,2,25,73.35,0
2,0,39,0,1988,53,0,35,2,1,1,25,91.845,0
20,0,42,3,9600,135,162,50,3,1,1,30,1037.4,0
14,0,15,1,9178,174,75,40,5,1,1,55,252.78,0
6,0,32,2,6910,95,10,19,5,1,1,55,120.075,0
0,0,35,0,10970,147,0,42,3,1,1,30,444.68,0
13,0,37,2,9115,121,144,43,3,1,1,30,945.44,0
7,0,40,0,1015,20,20,10,3,1,2,30,121.4,0
0,0,34,2,633,8,18,15,5,1,1,55,36.615,0
1,0,31,0,4065,59,0,14,2,1,1,25,185.58,0
1,0,34,1,6320,78,175,21,3,1,1,30,955.92,0
0,0,37,0,2170,39,310,20,3,1,1,30,1328.36,0
6,0,31,1,1568,45,38,69,5,1,1,55,81.195,0
11,0,38,1,3085,59,182,25,2,1,1,25,960.48,0
15,0,38,1,16195,193,158,30,2,1,1,25,1448.46,0
0,0,37,0,630,11,0,11,2,1,1,25,28.845,0
30,1,37,4,16335,248,15,86,2,1,1,25,813.735,0
11,0,29,0,1840,27,36,5,4,1,2,45,136.675,0
0,0,31,0,6480,91,7,20,4,1,1,45,181.775,0
15,0,17,1,8993,174,78,42,5,1,1,55,254.505,0
12,0,35,3,9410,125,158,56,3,1,1,30,1013.4,0
14,0,40,2,5010,90,18,30,3,1,1,30,276.0,0
18,0,31,1,14835,213,39,29,2,1,1,25,852.66,0
9,0,43,2,4023,94,17,31,3,1,1,30,232.68,0
4,0,40,0,4145,67,8,19,2,1,1,25,225.54,0
3,0,39,0,1955,34,267,20,3,1,1,30,1147.56,0
8,0,38,0,7698,127,359,41,2,1,1,25,1967.625,0
20,0,40,4,4680,98,60,45,3,1,1,30,431.12,0
1,0,29,0,1263,39,31,67,4,1,1,45,110.05,0
0,0,36,0,2333,55,0,31,1,1,1,15,131.34,0
14,0,38,0,15675,182,125,28,2,1,1,25,1276.065,0
19,0,36,8,10190,90,0,42,4,1,1,45,257.0,0
2,0,36,0,13468,163,0,42,3,1,1,30,545.24,0
13,0,43,2,3775,88,40,29,3,1,1,30,314.52,0
7,0,34,1,13818,165,7,40,3,1,1,30,587.32,0
0,0,18,0,1505,25,19,11,2,1,1,25,154.35,0
4,0,39,1,6493,71,111,39,2,1,1,25,794.88,0
4,0,19,0,840,24,2,7,2,1,1,25,47.88,0
7,0,33,1,11510,150,7,43,4,1,1,45,309.0,0
5,0,37,0,2375,48,157,25,2,1,1,25,815.535,0
0,0,24,0,520,4,14,1,4,1,2,45,48.1,0
1,0,36,0,1668,25,0,6,3,1,1,30,67.72,0
10,0,27,1,2278,50,38,68,4,1,1,45,153.2,0
0,0,36,0,685,14,25,13,2,1,2,25,143.955,0
4,0,38,0,5673,92,5,12,2,1,1,25,281.925,0
8,0,39,2,6805,92,193,28,3,1,1,30,1047.88,0
32,1,40,4,15635,232,70,37,3,1,1,30,914.68,0
10,0,25,0,1225,32,19,13,2,1,1,25,142.065,0
13,0,37,2,16085,192,171,45,2,1,1,25,1501.965,0
19,0,42,3,4140,91,44,32,3,1,1,30,345.24,0
31,1,39,4,15850,236,62,32,3,1,1,30,891.44,0
9,0,44,2,2778,66,19,39,2,1,1,25,213.48,0
0,0,36,0,215,7,0,3,2,1,2,25,9.99,0
4,0,35,0,15180,176,143,28,2,1,1,25,1334.52,0
24,0,34,2,15060,223,44,28,3,1,1,30,787.32,0
25,0,38,3,15140,225,54,32,3,1,1,30,830.6,0
1,0,10,1,3985,35,197,12,3,1,1,30,948.8,0
12,0,46,0,1275,30,35,16,3,1,2,30,192.2,0
5,0,36,0,3893,60,0,33,1,1,1,15,217.415,0
0,0,38,0,1443,21,3,8,3,1,1,30,70.56,0
4,0,33,0,3290,68,14,21,2,1,1,25,214.11,0
0,0,26,0,635,9,12,1,4,1,2,45,46.1,0
8,0,36,1,3335,29,16,19,3,1,1,30,198.56,0
0,0,4,0,4390,34,207,9,3,1,1,30,1004.96,0
3,0,38,0,3915,73,0,10,3,1,1,30,159.52,0
2,0,17,0,1580,20,0,10,2,1,1,25,72.0,0
8,0,17,4,2968,51,63,23,3,2,1,30,372.76,0
9,0,39,1,3285,27,458,6,3,1,1,30,1964.48,0
1,0,34,0,1873,45,0,13,3,1,2,30,76.72,0
0,0,30,0,1673,38,0,9,3,1,2,30,68.44,0
19,0,38,3,9825,132,152,43,3,1,1,30,1006.28,0
8,0,38,1,2163,32,16,11,4,1,1,45,94.875,0
9,0,37,0,15485,182,150,30,2,1,1,25,1380.015,0
13,0,41,0,1725,31,28,10,3,1,2,30,182.24,0
21,0,37,9,10550,99,33,46,5,1,1,55,209.235,0
18,0,38,2,6123,104,33,26,2,1,1,25,428.715,0
12,0,34,0,15790,182,149,31,2,1,1,25,1389.24,0
5,0,24,1,3350,59,7,20,3,1,1,30,164.36,0
9,0,40,1,2665,45,292,20,3,1,1,30,1276.4,0
17,0,40,1,4693,73,17,40,1,1,1,15,355.63,0
13,0,41,2,9070,125,152,47,3,1,1,30,975.8,0
0,0,33,0,760,28,10,3,3,1,2,30,71.52,0
18,0,34,7,10375,90,0,40,4,1,1,45,261.625,0
1,0,11,2,2368,31,13,12,3,1,1,30,147.96,0
6,0,33,0,11385,152,1,43,3,1,1,30,465.48,0
15,0,39,1,2758,66,366,26,3,1,1,30,1576.96,0
9,0,41,0,13953,177,11,49,3,1,1,30,609.2,0
5,0,35,1,1793,23,7,3,4,1,1,45,62.9,0
30,0,40,4,15445,231,61,34,3,2,1,30,871.04,0
9,0,15,0,5897,134,69,37,1,2,1,15,711.205,0
3,0,13,1,2433,33,0,13,3,1,1,30,98.64,0
12,0,44,2,4775,93,17,31,3,1,1,30,262.72,0
32,0,45,5,15445,237,69,35,3,2,1,30,903.28,0
9,0,33,1,15530,178,142,26,2,1,1,25,1345.86,0
0,0,30,0,3805,55,0,9,2,1,1,25,173.7,0
5,0,36,0,1000,12,7,8,2,1,2,25,77.04,0
8,0,35,2,7090,103,21,24,5,1,1,55,139.395,0
2,0,38,0,2115,36,283,18,3,1,1,30,1218.04,0
0,0,35,0,1940,27,246,12,3,1,1,30,1062.68,0
0,0,23,0,2920,55,1,21,3,1,1,30,123.0,0
14,0,35,1,4080,82,31,29,3,1,1,30,290.48,0
5,0,5,1,4435,36,207,6,3,1,1,30,1006.84,0
8,0,38,2,2960,49,306,33,3,1,1,30,1344.36,0
29,0,38,5,15740,235,75,47,3,1,1,30,939.0,0
14,0,40,0,2543,60,15,19,3,1,2,30,164.12,0
0,0,23,0,0,0,0,0,4,1,2,45,0.0,0
0,0,35,0,290,2,0,2,2,1,2,25,13.14,0
1,0,39,0,2970,29,487,11,3,1,1,30,2067.96,0
11,0,34,3,1620,48,208,14,3,2,1,30,898.72,0
24,0,29,4,16370,242,14,93,2,1,1,25,810.54,0
5,0,22,0,305,6,13,2,4,1,2,45,40.275,0
3,0,37,1,6500,86,186,26,3,1,1,30,1007.44,0
3,0,28,0,940,15,19,2,4,1,2,45,71.375,0
4,0,24,0,515,21,0,13,2,1,1,25,24.12,0
10,0,40,2,4575,86,7,27,3,1,1,30,214.44,0
21,0,35,0,1265,41,32,15,3,1,2,30,180.24,0
10,0,35,0,14078,169,0,45,3,1,1,30,569.88,0
0,0,35,0,6005,79,170,21,3,1,1,30,923.36,0
0,0,32,0,1935,6,0,2,3,1,1,30,77.64,0
32,1,36,4,16560,252,18,87,2,2,1,25,837.54,0
6,0,34,1,5963,91,7,8,3,1,1,30,270.16,0
15,0,37,2,9305,122,153,46,3,1,1,30,989.08,0
4,0,42,1,3050,31,491,12,3,1,1,30,2087.24,0
18,0,22,2,6392,147,93,43,2,2,1,25,712.755,0
6,0,25,0,625,22,0,2,2,1,1,25,29.115,0
9,0,38,1,8218,138,392,43,3,1,1,30,1902.24,0
4,0,36,0,4400,78,4,26,3,1,1,30,195.12,0
7,0,42,1,4470,87,10,29,3,1,1,30,222.28,0
9,0,16,0,8808,173,77,43,4,1,1,45,417.025,0
5,0,27,0,2930,57,7,10,3,1,1,30,147.48,0
6,0,35,0,3355,70,0,22,2,1,1,25,154.125,0
9,0,36,1,4493,70,15,48,1,1,1,15,333.465,0
1,0,32,2,6660,110,264,31,2,2,1,25,1492.65,0
3,0,28,1,910,31,175,13,2,2,1,25,829.845,0
0,0,37,0,213,6,8,5,5,1,1,55,15.285,0
19,0,16,2,6518,139,81,39,2,2,1,25,664.065,0
0,0,29,0,520,10,22,2,4,1,2,45,68.25,0
4,0,36,0,1933,48,1,15,3,1,2,30,83.24,0
0,0,33,0,3538,74,0,23,2,1,1,25,162.54,0
28,0,41,9,10920,107,19,49,5,2,1,55,193.905,0
5,0,32,0,2700,51,165,19,2,1,1,25,866.295,0
0,0,31,0,2295,39,157,16,2,1,1,25,811.53,0
4,0,36,0,4455,80,0,23,3,1,1,30,181.4,0
20,0,29,2,15770,232,0,78,2,1,1,25,720.09,0
17,0,41,2,15850,191,162,34,2,1,1,25,1450.845,0
5,0,42,2,3175,29,493,12,3,1,1,30,2100.16,0
9,0,33,2,1575,46,208,17,3,2,1,30,896.84,0
0,0,27,0,420,5,3,5,4,1,2,45,18.125,0
15,0,43,1,2713,70,374,30,3,1,1,30,1607.32,0
0,0,38,0,465,11,11,8,2,1,1,25,70.92,0
1,0,25,0,1200,31,195,12,2,2,1,25,932.895,0
0,0,33,0,710,8,5,7,2,1,2,25,54.81,0
4,0,31,0,2780,47,167,22,2,1,1,25,878.715,0
7,0,26,0,1100,34,23,16,2,1,1,25,154.53,0
0,0,29,0,3413,70,0,25,2,1,1,25,156.735,0
16,0,34,7,10130,87,0,40,4,1,1,45,255.425,0
0,0,29,0,1280,36,21,14,3,1,2,30,136.64,0
1,0,36,0,3293,50,0,18,1,1,1,15,183.865,0
11,0,43,1,2845,53,303,25,3,1,1,30,1327.92,0
5,0,36,1,1913,28,7,6,4,1,1,45,66.025,0
7,0,41,0,813,12,23,9,3,1,2,30,125.0,0
29,0,36,3,15365,229,51,30,3,1,1,30,827.76,0
34,1,40,6,16045,241,82,49,3,2,1,30,979.44,0
10,0,21,4,2852,51,39,20,3,1,1,30,272.12,0
3,0,37,0,2655,55,179,26,2,1,1,25,927.45,0
14,0,26,0,825,23,7,4,3,1,2,30,61.92,0
13,0,38,0,2838,64,29,32,3,1,2,30,232.08,0
14,0,46,2,2925,55,307,26,4,1,1,45,842.0,0
5,0,36,0,2263,60,384,26,3,1,1,30,1628.92,0
14,0,41,3,9195,123,154,47,3,1,1,30,988.72,0
0,0,33,0,1360,38,31,18,3,1,2,30,179.92,0
0,0,31,0,2088,46,0,30,1,1,1,15,117.37,0
18,0,39,8,10130,93,2,41,5,1,1,55,156.345,0
3,0,23,0,1235,34,183,7,2,2,1,25,880.605,0
1,0,36,0,1668,25,0,6,3,1,1,30,67.72,0
3,0,39,1,11240,150,14,49,3,1,1,30,511.6,0
1,0,21,0,3145,59,0,19,3,1,1,30,128.16,0
5,0,36,0,4310,68,0,15,2,1,1,25,197.01,0
0,0,31,0,6240,76,171,20,3,1,1,30,936.64,0
6,0,38,0,5918,95,7,12,3,1,1,30,268.52,0
34,0,33,6,16980,254,28,97,2,2,1,25,901.53,0
9,0,38,4,1243,20,32,19,5,1,1,55,66.945,0
6,0,36,0,3470,76,25,26,2,1,1,25,272.07,0
14,1,44,0,2498,64,23,23,3,1,2,30,194.48,0
13,0,39,2,7023,81,115,39,2,1,1,25,837.18,0
18,0,24,1,15770,226,0,77,2,1,1,25,719.82,0
17,0,21,2,6473,143,95,46,2,2,1,25,725.22,0
0,0,33,0,653,8,0,4,3,1,1,30,26.44,0
35,0,39,5,16640,254,22,88,2,2,1,25,859.23,0
2,0,40,1,1748,27,10,10,4,1,1,45,69.375,0
8,0,39,4,6965,122,279,34,3,2,1,30,1399.48,0
12,0,30,1,1225,38,27,14,2,1,1,25,178.335,0
11,0,23,0,745,21,7,3,2,1,2,25,65.97,0
0,0,31,0,5880,81,0,5,4,1,1,45,149.025,0
6,0,36,0,2780,53,175,23,2,1,1,25,914.985,0
6,0,21,0,440,15,0,1,2,1,2,25,20.475,0
0,0,32,0,1303,16,0,2,3,1,1,30,52.76,0
0,0,33,0,1765,36,143,21,2,1,1,25,724.545,0
0,0,9,1,4200,39,206,7,3,1,1,30,993.56,0
2,0,21,0,860,23,7,9,2,1,1,25,71.235,0
27,0,38,3,15330,226,63,35,3,1,1,30,874.24,0
7,0,33,3,7385,107,35,37,5,1,1,55,164.88,0
12,0,43,1,4198,72,9,36,1,1,1,15,284.35,0
5,0,38,2,643,10,11,4,5,1,1,55,26.295,0
0,0,33,0,1908,44,0,26,1,1,1,15,107.36,0
0,0,4,0,3905,26,197,3,3,1,1,30,945.24,0
18,0,40,0,3143,70,36,34,3,1,2,30,272.52,0
8,0,25,0,585,20,12,8,2,1,2,25,81.225,0
23,0,26,2,16075,232,0,79,2,1,1,25,733.815,0
11,0,18,4,2967,50,29,18,3,1,1,30,236.68,0
8,0,36,1,3320,31,480,6,3,1,1,30,2054.04,0
8,0,25,0,1035,31,10,10,2,1,1,25,92.97,0
7,0,40,1,5623,91,7,17,3,1,1,30,256.56,0
0,0,36,0,2600,20,467,3,3,1,1,30,1972.8,0
1,0,32,2,6660,110,264,31,2,2,1,25,1492.65,0
0,0,31,0,6290,90,0,17,4,1,1,45,159.5,0
15,0,40,1,4503,72,8,37,1,1,1,15,295.625,0
7,0,12,2,2773,43,21,15,3,1,1,30,196.64,0
14,0,38,2,7428,86,116,37,2,1,1,25,860.13,0
1,0,34,0,2840,22,0,14,3,1,1,30,114.48,0
14,0,41,2,3408,75,17,35,2,1,1,25,233.235,0
10,0,35,1,4820,83,1,26,3,1,1,30,200.12,0
3,0,10,2,2593,35,16,13,3,1,1,30,169.12,0
0,0,24,0,300,19,161,9,2,2,1,25,738.855,0
10,0,34,1,4243,62,7,31,2,1,1,25,225.225,0
13,0,38,1,3965,83,41,31,3,1,1,30,325.92,0
0,0,30,0,1795,23,263,10,3,1,1,30,1124.72,0
0,0,36,1,338,4,4,2,5,1,1,55,11.13,0
7,0,36,1,8405,110,119,43,3,1,1,30,816.6,0
13,0,40,1,6413,102,23,17,3,1,1,30,352.6,0
12,0,38,1,11655,154,7,45,3,1,1,30,500.36,0
0,0,36,0,3473,79,0,28,2,1,1,25,159.84,0
3,0,37,0,1528,43,0,17,3,1,2,30,62.84,0
14,0,36,2,9520,126,145,41,3,1,1,30,965.84,0
0,0,35,0,0,0,0,0,4,1,1,45,0.0,0
8,0,37,0,2208,57,357,24,2,1,1,25,1708.425,0
14,0,14,1,6213,133,74,37,2,2,1,25,618.57,0
2,0,37,0,595,8,0,4,2,1,2,25,27.135,0
15,0,30,1,14575,209,32,24,2,1,1,25,809.28,0
8,0,13,0,6028,132,73,38,1,2,1,15,740.3,0
3,0,23,0,335,16,0,3,2,1,2,25,15.795,0
13,0,18,4,3157,51,38,21,3,1,1,30,280.32,0
5,0,14,2,2737,40,33,20,3,1,1,30,243.08,0
4,0,23,1,1695,32,36,15,3,1,1,30,213.08,0
11,0,37,5,7385,128,310,39,3,2,1,30,1540.52,0
4,0,16,1,2253,35,10,4,3,1,1,30,131.52,0
8,0,35,1,8810,115,137,41,3,1,1,30,905.0,0
9,0,44,2,3355,37,498,14,3,1,1,30,2127.68,0
27,0,20,3,7407,158,100,44,2,2,1,25,790.425,0
16,0,34,7,10130,87,0,40,4,1,1,45,255.425,0
12,0,41,0,4378,74,12,40,1,1,1,15,310.86,0
12,0,42,1,2453,66,367,25,3,1,1,30,1568.76,0
6,0,34,0,13693,167,0,40,3,1,1,30,554.4,0
4,0,37,0,2980,21,451,4,3,1,1,30,1924.04,0
8,0,16,3,2852,45,31,19,3,1,1,30,239.88,0
21,0,41,4,9480,130,156,47,3,1,1,30,1008.4,0
0,0,31,0,2420,10,0,8,3,1,1,30,97.2,0
2,0,31,0,6333,67,91,31,2,1,1,25,697.5,0
1,0,31,0,11080,146,0,41,3,1,1,30,449.04,0
0,0,35,0,3183,49,0,33,1,1,1,15,177.76,0
15,0,28,2,1645,44,58,19,2,1,1,25,337.005,0
16,0,39,3,9175,124,149,45,3,1,1,30,967.96,0
12,0,14,3,3078,49,28,17,3,1,1,30,237.08,0
11,1,43,0,2238,60,16,18,3,1,2,30,155.92,0
0,0,37,0,0,0,0,0,2,1,2,25,0.0,0
8,0,36,0,1855,44,13,18,3,1,2,30,127.96,0
9,1,39,0,2353,60,40,21,3,1,2,30,256.52,0
11,0,36,1,4740,87,7,23,3,1,1,30,221.08,0
0,0,32,0,1588,23,0,2,3,1,1,30,64.44,0
5,0,28,0,1273,35,16,55,4,1,1,45,72.7,0
0,0,34,0,0,0,0,0,5,1,1,55,0.0,0
7,0,43,3,643,16,19,5,5,1,1,55,38.385,0
0,0,27,0,715,26,172,1,2,2,1,25,807.345,0
0,0,34,0,3603,77,4,29,2,1,1,25,183.6,0
10,0,36,3,3745,38,28,31,3,1,1,30,263.32,0
6,0,34,0,7813,127,383,44,2,1,1,25,2080.8,0
6,0,39,1,6033,101,39,16,3,1,1,30,401.36,0
11,0,37,2,8925,120,135,40,3,1,1,30,901.8,0
2,0,36,3,6740,112,274,35,2,2,1,25,1541.34,0
8,0,15,2,2738,39,0,15,3,1,1,30,111.08,0
0,0,39,1,33,4,5,1,5,1,1,55,8.055,0
21,1,40,8,10390,97,9,46,5,2,1,55,170.805,0
25,0,19,4,7298,157,113,59,2,2,1,25,843.975,0
0,0,34,0,4150,74,0,21,3,1,1,30,168.96,0
11,0,38,1,3775,82,32,28,3,1,1,30,282.28,0
7,0,36,0,11350,148,0,43,3,1,1,30,459.92,0
0,0,30,0,5353,79,0,4,2,1,1,25,244.44,0
10,0,39,1,4313,72,33,39,1,1,1,15,422.675,0
3,0,41,0,433,10,5,3,3,1,2,30,37.72,0
4,0,35,0,8210,105,116,26,3,1,1,30,796.6,0
2,0,9,1,4390,40,215,10,3,1,1,30,1037.2,0
0,0,29,0,14920,166,128,22,2,1,1,25,1254.87,0
0,0,36,0,1898,51,0,28,1,1,1,15,107.195,0
5,0,33,0,4023,82,1,29,2,1,1,25,189.225,0
11,0,36,4,7270,122,278,35,3,2,1,30,1407.68,0
0,0,17,0,1505,26,53,16,2,1,1,25,307.395,0
9,0,24,0,520,17,0,2,2,1,2,25,24.165,0
3,0,38,0,13173,159,0,29,3,1,1,30,533.28,0
4,0,27,1,1683,45,62,72,5,1,1,55,118.92,0
0,0,37,0,1440,40,41,22,3,1,2,30,223.2,0
6,0,25,0,395,19,3,5,2,1,2,25,32.13,0
5,0,39,3,758,16,43,8,5,1,1,55,76.11,0
0,0,41,0,830,18,8,15,2,1,2,25,74.16,0
6,0,38,3,6920,120,279,37,2,2,1,25,1572.3,0
3,0,18,0,920,20,4,10,1,1,1,15,73.7,0
3,0,32,0,6670,91,0,18,4,1,1,45,169.025,0
7,0,38,0,2328,62,363,27,2,1,1,25,1741.05,0
4,0,36,3,938,14,25,17,5,1,1,55,51.78,0
0,0,20,0,1470,22,31,16,2,1,1,25,206.64,0
1,0,26,0,2820,56,0,25,3,1,1,30,115.04,0
16,0,39,4,12370,170,39,64,4,1,1,45,411.0,0
15,0,39,1,2758,66,366,26,3,1,1,30,1576.96,0
5,0,33,1,7030,100,16,22,5,1,1,55,130.95,0
11,0,15,0,6087,135,78,40,1,2,1,15,771.21,0
10,0,39,1,3070,50,293,18,3,1,1,30,1296.8,0
0,0,33,0,6185,87,0,7,4,1,1,45,156.8,0
5,0,14,0,5377,124,53,40,1,2,1,15,594.055,0
13,0,39,1,14483,180,8,44,3,1,1,30,618.52,0
1,0,37,0,7318,126,375,40,2,1,1,25,2022.48,0
0,0,27,0,2535,10,0,11,3,1,1,30,101.8,0
0,0,37,0,1543,27,4,9,3,1,1,30,78.8,0
13,0,45,2,8073,143,406,51,3,1,1,30,1952.64,0
0,0,10,0,4265,42,219,13,3,1,1,30,1048.28,0
0,0,35,1,148,4,29,4,5,1,1,55,45.78,0
5,0,25,1,3470,64,10,23,3,1,1,30,181.36,0
9,0,33,0,3085,53,174,24,2,1,1,25,924.21,0
7,0,26,0,3415,61,7,21,3,1,1,30,167.04,0
1,0,23,1,3520,65,22,36,3,1,1,30,231.4,0
8,0,41,2,1240,23,12,15,2,1,1,25,110.835,0
0,0,24,0,0,0,5,0,4,1,2,45,12.5,0
0,0,17,0,660,16,0,5,2,1,1,25,30.42,0
10,0,44,2,2745,47,302,24,4,1,1,45,824.8,0
10,0,39,2,6995,93,202,31,3,1,1,30,1091.52,0
3,0,35,0,3950,59,0,11,2,1,1,25,180.405,0
13,0,22,4,3113,55,46,25,3,1,1,30,310.72,0
6,0,32,1,8630,107,126,36,3,1,1,30,853.48,0
7,0,38,0,13773,169,0,44,3,1,1,30,557.68,0
7,0,41,1,11420,158,19,51,4,1,1,45,336.95,0
2,0,37,0,13583,169,25,46,3,1,1,30,650.08,0
0,0,40,1,2870,23,486,10,3,1,1,30,2059.72,0
18,0,39,3,16390,198,178,47,2,1,1,25,1547.46,0
2,0,24,0,3110,55,0,19,3,1,1,30,126.6,0
9,0,18,0,8627,171,74,39,5,1,1,55,242.97,0
19,0,25,1,15690,230,0,74,2,1,1,25,716.4,0
5,0,37,0,7698,128,393,46,2,1,1,25,2120.67,0
6,0,34,0,1790,42,34,17,3,1,2,30,209.28,0
5,0,24,0,1035,32,44,15,2,1,1,25,246.015,0
0,0,35,0,1378,41,0,31,1,1,1,15,78.045,0
20,0,29,0,1605,41,38,24,3,1,2,30,217.84,0
9,0,14,2,4875,54,233,17,3,1,1,30,1129.16,0
1,0,35,0,1548,44,331,7,2,1,1,25,1561.14,0
6,0,35,0,15370,177,152,31,2,1,1,25,1383.615,0
1,0,30,0,1665,38,30,19,3,1,2,30,188.12,0
3,0,38,2,453,9,2,1,5,1,1,55,9.93,0
8,0,25,0,640,22,5,5,2,1,2,25,52.29,0
2,0,22,0,1315,30,185,10,2,2,1,25,893.025,0
0,0,32,0,2725,17,2,15,3,1,1,30,117.68,0
11,0,39,2,3200,65,214,29,3,1,1,30,986.6,0
7,0,37,0,15295,181,141,27,2,1,1,25,1330.92,0
0,0,32,0,6015,72,168,19,3,1,1,30,915.48,0
0,0,36,0,595,9,15,9,2,1,2,25,94.68,0
3,0,37,0,4180,71,30,19,3,1,1,30,290.04,0
2,0,35,0,2180,31,274,13,3,1,1,30,1184.44,0
0,0,35,0,570,8,0,9,2,1,2,25,26.01,0
10,0,42,0,1970,56,53,23,4,1,2,45,183.15,0
0,0,34,0,1173,18,0,1,3,1,1,30,47.64,0
12,0,16,5,3453,55,52,34,3,1,1,30,348.32,0
5,0,19,0,965,22,4,7,2,1,1,25,62.415,0
14,0,34,2,2133,55,52,76,5,1,1,55,110.82,0
0,0,31,0,338,5,0,1,4,1,1,45,8.575,0
17,0,33,0,1085,33,27,13,3,1,2,30,152.72,0
5,0,32,0,3938,56,0,29,1,1,1,15,219.67,0
0,0,36,0,0,0,0,0,2,1,2,25,0.0,0
11,0,37,0,15675,183,159,33,2,1,1,25,1429.11,0
0,0,31,0,2790,15,468,5,3,1,1,30,1984.2,0
16,0,35,8,10245,93,26,44,5,2,1,55,194.07,0
5,0,38,1,3833,87,0,27,3,1,1,30,156.8,0
9,1,36,4,7025,119,276,35,3,2,1,30,1389.76,0
5,0,34,1,305,6,7,2,5,1,1,55,15.165,0
0,0,25,0,0,0,0,0,4,1,2,45,0.0,0
9,1,38,0,2238,54,8,17,3,1,2,30,123.68,0
2,0,31,0,825,16,29,4,4,1,2,45,93.525,0
8,0,38,0,15080,177,132,32,2,1,1,25,1280.565,0
5,0,38,0,305,6,7,2,3,1,2,30,40.44,0
13,0,41,2,4790,83,44,23,3,1,1,30,370.92,0
6,0,38,0,15360,184,154,33,2,1,1,25,1392.48,0
16,0,33,0,960,35,25,13,3,1,2,30,139.8,0
10,0,22,2,2060,35,40,18,3,1,1,30,243.8,0
0,0,28,0,600,6,24,5,4,1,2,45,75.15,0
3,0,37,0,2278,52,0,29,1,1,1,15,128.15,0
0,0,36,0,165,3,0,11,2,1,2,25,7.56,0
9,0,39,0,6423,71,94,24,2,1,1,25,715.23,0
6,0,38,1,3340,30,485,8,3,1,1,30,2074.8,0
0,0,27,0,700,12,25,6,4,1,2,45,80.3,0
10,0,42,2,6718,81,116,38,2,1,1,25,827.955,0
21,0,17,3,9838,187,101,57,5,1,1,55,301.875,0
8,0,38,0,4370,71,5,17,3,1,1,30,197.64,0
0,0,13,0,1210,12,10,7,2,1,1,25,99.99,0
24,0,39,3,6833,115,41,26,3,1,1,30,441.92,0
0,0,34,0,2595,19,0,14,3,1,1,30,104.56,0
0,0,31,0,0,0,0,0,2,1,2,25,0.0,0
14,0,44,2,4755,79,22,23,3,1,1,30,281.36,0
6,0,9,0,5828,125,63,34,1,2,1,15,673.915,0
0,0,23,0,2320,45,0,6,3,1,1,30,94.6,0
0,0,31,0,4210,71,0,22,3,1,1,30,171.24,0
8,0,34,0,8695,109,105,37,3,1,1,30,772.16,0
1,0,36,0,1005,18,27,21,2,1,2,25,167.535,0
7,0,38,1,4515,83,2,25,3,1,1,30,191.92,0
8,0,41,0,6098,103,18,17,3,1,1,30,320.04,0
9,0,29,2,1988,51,69,74,5,1,1,55,134.085,0
20,0,36,2,14835,219,47,30,3,1,1,30,790.16,0
14,0,37,2,3900,80,28,25,3,1,1,30,271.2,0
4,0,20,0,395,13,0,4,2,1,2,25,18.36,0
0,0,12,0,1435,16,13,8,2,1,1,25,123.795,0
3,0,35,0,1665,44,38,20,3,1,2,30,220.36,0
0,0,32,0,2535,16,0,12,3,1,1,30,102.04,0
10,0,37,0,2643,59,9,15,3,1,2,30,144.08,0
0,0,29,0,2355,8,0,7,3,1,1,30,94.52,0
0,0,3,0,4005,32,198,4,3,1,1,30,953.48,0
1,0,36,0,3035,24,478,6,3,1,1,30,2034.36,0
2,0,40,0,5693,91,10,14,2,1,1,25,305.28,0
0,0,21,0,1390,26,29,13,2,1,1,25,194.22,0
5,0,38,1,3778,85,7,30,3,1,1,30,182.52,0
21,0,40,3,6183,107,38,28,3,1,1,30,403.6,0
9,0,37,0,15485,182,150,30,2,1,1,25,1380.015,0
15,0,21,4,3338,59,49,26,3,1,1,30,331.88,0
17,0,41,2,6933,112,22,14,3,1,1,30,369.8,0
6,0,27,0,1535,21,29,3,4,1,2,45,111.4,0
1,0,19,0,1290,21,10,16,2,1,1,25,103.995,0
8,0,31,1,8855,111,129,37,3,1,1,30,874.64,0
27,1,34,3,16255,246,11,85,2,1,1,25,792.045,0
0,0,23,0,2920,55,1,21,3,1,1,30,123.0,0
10,0,11,0,6008,133,68,36,1,2,1,15,711.755,0
0,0,35,0,570,8,0,9,2,1,2,25,26.01,0
6,0,18,2,2295,36,49,29,2,1,1,25,325.395,0
9,0,39,2,8890,117,147,45,3,1,1,30,948.28,0
20,0,37,8,10030,88,0,44,5,1,1,55,151.77,0
3,0,40,0,13548,165,3,46,3,1,1,30,560.52,0
5,0,35,0,1100,18,7,9,2,1,2,25,81.81,0
0,0,35,0,380,7,0,6,2,1,2,25,17.415,0
6,0,40,1,3100,32,15,20,3,1,1,30,185.28,0
8,0,26,2,2168,49,51,83,4,1,1,45,182.925,0
5,0,40,0,1295,26,39,17,3,1,2,30,208.84,0
13,0,27,0,890,26,19,10,2,1,2,25,126.72,0
1,0,14,2,2357,38,15,14,3,1,1,30,155.8,0
0,0,35,0,7013,120,368,38,2,1,1,25,1976.985,0
19,0,43,4,9500,129,161,49,3,1,1,30,1029.16,0
3,0,37,1,6740,101,22,26,5,1,1,55,135.615,0
5,0,35,0,1015,14,12,9,2,1,2,25,100.305,0
2,0,36,0,13468,163,0,42,3,1,1,30,545.24,0
32,0,33,4,16570,245,16,85,2,2,1,25,828.675,0
3,0,34,0,6298,63,69,31,2,1,1,25,596.745,0
14,0,43,1,14258,183,18,51,3,1,1,30,649.64,0
0,0,36,0,2790,21,476,6,3,1,1,30,2016.44,0
0,0,24,0,1073,32,14,63,4,1,1,45,62.625,0
12,0,42,2,3855,84,42,32,3,1,1,30,325.56,0
0,0,32,0,2133,48,0,27,1,1,1,15,119.955,0
5,0,36,0,3893,60,0,33,1,1,1,15,217.415,0
30,0,34,5,16495,250,39,86,2,2,1,25,929.025,0
0,0,23,0,1148,27,0,62,4,1,1,45,29.375,0
10,0,35,2,7280,104,30,27,5,1,1,55,155.76,0
17,0,46,3,5080,99,24,33,4,1,1,45,189.475,0
0,0,32,1,3135,26,14,27,3,1,1,30,182.44,0
1,0,35,1,2955,28,32,18,3,1,1,30,247.32,0
4,0,35,0,15180,176,143,28,2,1,1,25,1334.52,0
8,0,39,0,2583,58,7,31,1,1,1,15,183.755,0
14,0,40,1,14268,176,16,49,3,1,1,30,641.76,0
16,0,29,0,15170,222,0,63,2,1,1,25,692.64,0
8,0,41,1,6673,79,116,41,2,1,1,25,825.84,0
4,0,30,1,3225,67,16,24,3,1,1,30,195.68,0
1,0,39,0,2235,41,289,21,3,1,1,30,1247.04,0
8,0,43,1,7768,137,399,49,3,1,1,30,1912.2,0
1,0,35,0,1553,19,0,2,3,1,1,30,62.88,0
25,1,31,3,16075,238,0,80,2,1,1,25,734.085,0
8,0,41,0,1925,54,53,26,3,1,2,30,291.16,0
7,0,31,1,7010,101,11,20,5,1,1,55,123.165,0
3,0,32,0,4110,61,0,11,2,1,1,25,187.695,0
6,0,36,2,4810,87,16,38,3,1,1,30,259.88,0
0,0,35,0,7203,121,377,41,2,1,1,25,2026.08,0
0,0,41,0,405,14,14,7,3,1,2,30,72.76,0
0,0,33,0,0,0,0,0,2,1,2,25,0.0,0
6,0,39,2,6560,89,191,28,3,1,1,30,1029.96,0
8,0,24,1,1793,43,27,66,4,1,1,45,113.4,0
17,0,28,0,1410,36,18,7,3,1,2,30,129.84,0
0,0,34,0,5703,58,76,35,2,1,1,25,601.245,0
9,0,41,2,2780,51,324,24,4,1,1,45,880.775,0
12,0,37,2,3855,39,15,16,3,1,1,30,215.76,0
2,0,29,0,6705,95,4,18,4,1,1,45,180.0,0
6,0,38,0,3598,56,0,20,1,1,1,15,200.97,0
0,0,29,0,1888,44,337,16,2,1,1,25,1603.44,0
5,0,36,1,6213,99,21,25,2,1,1,25,378.54,0
20,0,37,3,14950,225,79,34,3,1,1,30,923.0,0
3,0,38,0,2393,58,2,33,1,1,1,15,145.805,0
5,0,40,0,1665,50,46,21,4,1,2,45,157.875,0
18,0,34,7,10320,88,3,43,4,1,1,45,267.7,0
15,0,39,1,5998,106,37,29,2,1,1,25,441.18,0
0,0,3,0,3825,24,193,2,2,1,1,25,1041.705,0
5,0,34,1,3085,25,7,14,3,1,1,30,152.4,0
0,0,22,0,210,15,0,11,2,1,1,25,10.125,0
4,0,36,0,1933,48,1,15,3,1,2,30,83.24,0
2,0,34,1,6380,92,0,24,5,1,1,55,97.08,0
0,0,34,0,318,4,0,3,2,1,2,25,14.49,0
6,0,38,0,1585,25,8,11,2,1,2,25,108.45,0
0,0,37,0,5208,84,0,12,2,1,1,25,238.14,0
0,0,36,0,1068,15,0,3,3,1,1,30,43.32,0
0,0,32,0,5533,87,0,6,2,1,1,25,252.9,0
3,0,34,0,1550,38,6,16,3,1,2,30,87.52,0
0,0,31,0,7123,119,367,37,2,1,1,25,1977.39,0
3,0,40,1,3798,84,12,32,3,1,1,30,203.28,0
0,0,36,0,0,0,0,0,2,1,2,25,0.0,0
0,0,36,0,12868,153,0,27,3,1,1,30,520.84,0
10,0,40,2,4630,88,0,24,3,1,1,30,188.72,0
15,0,30,6,10050,85,0,36,4,1,1,45,253.375,0
9,0,40,2,2033,34,12,10,4,1,1,45,81.675,0
13,0,36,1,9000,115,112,39,3,1,1,30,812.6,0
9,0,35,1,2748,64,373,37,2,1,1,25,1805.04,0
0,0,36,0,1540,46,42,23,3,1,2,30,231.44,0
13,0,44,3,4900,91,19,31,3,1,1,30,275.64,0
7,0,35,0,2665,39,284,19,3,1,1,30,1244.16,0
12,0,40,1,14078,175,7,46,3,1,1,30,598.12,0
21,1,36,8,10435,93,1,42,5,2,1,55,159.42,0
8,0,42,1,13853,171,10,48,3,1,1,30,600.96,0
15,0,39,0,2948,65,16,17,3,1,2,30,184.52,0
4,0,36,0,1743,49,334,24,2,1,1,25,1583.64,0
14,0,36,3,7800,114,29,24,5,1,1,55,162.21,0
0,0,35,1,6560,93,17,24,4,1,1,45,208.825,0
0,0,15,0,1515,18,17,9,2,1,1,25,145.485,0
30,0,33,4,16380,244,7,82,2,2,1,25,779.58,0
1,0,33,0,2393,52,0,32,1,1,1,15,134.475,0
15,0,35,7,9725,82,0,42,4,1,1,45,245.175,0
8,0,39,1,7813,133,391,45,3,1,1,30,1881.84,0
17,0,39,2,3795,70,190,25,2,1,1,25,1028.925,0
4,0,32,0,1978,44,0,11,3,1,2,30,80.88,0
0,0,9,0,3790,30,194,23,3,1,1,30,928.8,0
8,0,40,1,2698,64,9,35,2,1,1,25,164.79,0
0,0,32,0,2100,29,270,12,3,1,1,30,1165.16,0
11,0,42,1,3040,63,190,29,2,1,1,25,994.635,0
4,0,18,0,1885,27,37,17,2,1,1,25,252.54,0
2,0,32,0,13513,159,0,38,3,1,1,30,546.88,0
5,0,21,1,3270,57,7,19,3,1,1,30,161.08,0
0,0,38,0,128,5,32,6,3,1,2,30,133.32,0
17,0,17,1,9237,177,80,42,5,1,1,55,261.21,0
6,0,24,0,280,13,0,1,2,1,2,25,13.185,0
1,0,37,0,13063,158,0,44,3,1,1,30,528.84,0
6,0,37,1,1725,47,43,22,3,1,1,30,242.88,0
13,0,37,1,4323,64,7,32,1,1,1,15,279.785,0
24,0,40,4,10130,138,159,45,3,1,1,30,1046.72,0
22,0,38,7,10140,89,7,29,5,1,1,55,163.935,0
7,0,37,1,11465,154,11,47,4,1,1,45,317.975,0
4,0,38,1,3095,27,483,8,3,1,1,30,2056.88,0
27,0,37,9,11145,104,9,42,5,2,1,55,182.235,0
9,0,43,1,13773,175,8,45,3,1,1,30,589.92,0
11,0,39,0,6108,95,7,10,2,1,1,25,310.635,0
5,0,37,0,14885,172,129,15,2,1,1,25,1258.065,0
5,0,35,1,4335,75,0,20,3,1,1,30,176.4,0
2,0,36,0,4210,77,0,23,3,1,1,30,171.48,0
6,0,40,0,2735,57,183,27,2,1,1,25,949.14,0
10,0,44,3,903,20,26,10,5,1,1,55,52.845,0
2,0,33,0,1753,40,0,10,3,1,2,30,71.72,0
0,0,29,0,10900,138,0,39,3,1,1,30,441.52,0
7,0,40,1,2475,44,283,17,3,1,1,30,1232.76,0
0,0,32,0,6060,100,243,16,2,2,1,25,1370.7,0
2,0,39,1,518,12,15,7,5,1,1,55,30.45,0
0,0,35,0,6195,80,179,24,3,1,1,30,967.0,0
30,0,41,5,15560,237,93,38,3,1,1,30,1003.88,0
23,0,22,2,6878,155,103,49,2,2,1,25,779.985,0
16,1,43,0,2723,68,26,24,3,1,2,30,215.64,0
1,0,9,1,2547,33,16,16,3,1,1,30,167.2,0
2,0,36,0,13468,163,0,42,3,1,1,30,545.24,0
10,0,38,1,2568,66,391,28,3,1,1,30,1669.36,0
7,0,13,0,8628,165,66,38,4,1,1,45,384.825,0
6,0,38,1,11060,149,0,49,4,1,1,45,280.225,0
7,0,38,0,13773,169,0,44,3,1,1,30,557.68,0
28,0,35,3,15445,225,53,33,3,1,1,30,838.8,0
0,0,31,0,615,4,0,5,2,1,2,25,27.855,0
0,0,21,0,0,0,3,0,4,1,2,45,7.5,0
8,0,36,0,3715,79,27,26,3,1,1,30,259.76,0
13,0,27,0,945,28,12,7,3,1,2,30,86.92,0
7,0,23,0,1165,29,14,11,2,1,1,25,116.73,0
5,0,35,0,6658,72,103,35,2,1,1,25,766.35,0
9,0,23,1,2180,40,46,21,3,1,1,30,272.8,0
6,0,39,0,13368,164,0,46,3,1,1,30,541.28,0
0,0,22,0,1203,30,18,64,4,1,1,45,75.825,0
0,0,31,0,6480,91,7,20,4,1,1,45,181.775,0
7,0,38,2,833,11,20,7,5,1,1,55,42.66,0
12,0,38,2,8710,116,126,45,3,1,1,30,857.04,0
0,0,35,0,6440,83,181,24,3,1,1,30,984.92,0
0,0,35,0,6603,111,356,26,2,1,1,25,1904.13,0
12,0,44,2,6303,103,24,18,3,1,1,30,352.24,0
9,0,38,0,2048,55,341,26,3,1,1,30,1448.12,0
21,0,19,2,6697,147,92,44,2,2,1,25,721.98,0
18,0,29,2,15580,231,0,75,2,1,1,25,711.495,0
5,0,36,0,3893,60,0,33,1,1,1,15,217.415,0
10,0,40,2,4083,91,14,32,3,1,1,30,222.96,0
0,0,27,0,940,16,53,7,4,1,2,45,156.4,0
11,0,39,2,2030,53,50,24,4,1,1,45,177.075,0
10,0,28,2,2025,47,201,11,3,2,1,30,886.88,0
2,0,34,0,8100,104,112,41,3,1,1,30,776.16,0
6,0,32,0,1210,18,38,9,4,1,2,45,125.7,0
8,0,35,1,8810,115,137,41,3,1,1,30,905.0,0
3,0,34,0,3015,25,473,4,3,1,1,30,2013.6,0
22,0,41,3,14835,225,55,31,3,1,1,30,822.4,0
10,0,43,1,4370,77,13,18,3,1,1,30,229.88,0
8,0,40,0,4220,79,7,12,3,1,1,30,199.96,0
4,0,36,0,15295,182,175,32,2,1,1,25,1483.965,0
7,0,35,0,2338,55,361,25,2,1,1,25,1732.185,0
5,0,34,1,2405,35,277,14,3,1,1,30,1205.6,0
16,0,44,2,15790,194,165,33,3,1,1,30,1299.36,0
13,0,39,2,4733,99,17,30,3,1,1,30,261.28,0
11,0,35,0,4675,71,4,18,2,1,1,25,231.57,0
2,0,29,0,3180,65,16,27,3,1,1,30,193.8,0
26,0,42,9,10695,103,16,48,5,2,1,55,185.97,0
11,0,39,2,6778,78,113,39,2,1,1,25,817.02,0
28,0,30,4,16200,236,7,77,2,2,1,25,771.12,0
1,0,34,0,2475,47,168,21,2,1,1,25,869.49,0
4,0,21,0,1875,34,39,19,2,1,1,25,261.405,0
25,0,32,4,16190,244,32,84,2,2,1,25,883.53,0
7,0,36,0,4083,61,3,36,1,1,1,15,244.42,0
26,0,38,9,10740,99,8,44,5,1,1,55,174.585,0
6,0,38,1,1973,31,7,8,4,1,1,45,67.6,0
4,0,38,0,3770,61,0,2,2,1,1,25,172.395,0
5,0,22,0,3530,61,7,24,3,1,1,30,171.64,0
14,0,23,1,1450,36,16,11,2,1,1,25,138.87,0
6,0,30,1,7090,97,13,23,4,1,1,45,212.175,0
0,0,36,0,0,0,0,0,2,1,2,25,0.0,0
1,0,32,0,4130,75,0,19,3,1,1,30,168.2,0
14,0,45,2,14078,181,15,47,3,1,1,30,630.36,0
5,0,26,0,1070,13,23,3,4,1,2,45,84.575,0
10,0,34,0,3695,80,22,24,3,1,1,30,239.0,0
23,0,31,3,15885,237,0,77,2,1,1,25,725.49,0
7,0,37,2,3220,25,479,5,3,1,1,30,2045.8,0
1,0,36,0,1280,19,1,9,2,1,2,25,62.955,0
8,0,10,2,5100,51,223,10,3,1,1,30,1098.04,0
2,0,33,0,3245,27,1,12,3,1,1,30,134.88,0
6,0,39,1,7623,132,382,42,3,1,1,30,1838.2,0
4,0,37,0,2048,54,33,19,3,1,2,30,216.08,0
5,0,38,0,1845,52,49,25,3,1,2,30,271.88,0
3,0,13,2,4470,42,225,14,3,1,1,30,1080.48,0
3,0,36,0,4065,65,0,15,2,1,1,25,185.85,0
11,0,28,0,815,31,42,11,3,1,2,30,201.84,0
0,0,37,0,6908,117,363,28,2,1,1,25,1949.625,0
17,0,16,0,9123,171,48,38,4,1,1,45,352.35,0
0,0,33,0,1488,17,0,1,3,1,1,30,60.2,0
20,0,29,2,15770,232,0,78,2,1,1,25,720.09,0
12,0,33,1,9035,119,134,39,3,1,1,30,902.16,0
4,0,26,0,1425,20,42,18,4,1,2,45,141.125,0
15,0,40,1,4503,72,8,37,1,1,1,15,295.625,0
9,0,40,1,2665,45,292,20,3,1,1,30,1276.4,0
8,0,20,0,1225,26,11,12,2,1,1,25,105.795,0
0,0,31,0,1300,35,26,16,3,1,2,30,157.4,0
0,0,32,0,3353,73,0,24,2,1,1,25,154.17,0
0,0,34,0,14470,165,118,28,2,1,1,25,1189.575,0
0,0,30,0,6195,74,171,23,3,1,1,30,934.76,0
10,0,47,0,883,21,29,12,3,1,2,30,152.16,0
3,0,39,0,5793,97,11,15,2,1,1,25,314.55,0
28,0,33,4,16135,241,5,82,2,1,1,25,759.42,0
19,0,40,3,5103,82,29,52,1,1,1,15,444.675,0
20,0,15,1,6618,145,82,40,2,2,1,25,673.335,0
7,0,37,1,11465,154,11,47,4,1,1,45,317.975,0
3,0,25,2,1610,40,207,24,2,2,1,25,1005.75,0
1,0,36,0,2245,34,287,19,3,1,1,30,1239.16,0
0,0,16,0,1580,21,30,15,2,1,1,25,207.045,0
8,0,39,0,3650,84,36,31,2,1,1,25,330.03,0
3,0,34,0,1180,14,0,12,2,1,2,25,53.73,0
9,0,28,1,1873,45,37,70,5,1,1,55,84.27,0
3,0,33,1,643,4,3,3,5,1,1,55,14.205,0
21,1,36,8,10435,93,1,42,5,1,1,55,159.42,0
31,1,32,4,16785,249,8,80,2,1,1,25,802.53,0
0,0,7,0,4085,34,208,8,3,1,1,30,996.76,0
5,0,42,1,2440,41,295,22,3,1,1,30,1279.24,0
9,0,36,0,2375,55,46,20,3,1,2,30,281.2,0
7,0,11,2,4695,46,222,12,3,1,1,30,1077.64,0
14,0,39,1,8820,117,130,30,3,1,1,30,877.48,0
8,0,40,3,6920,98,225,32,4,1,1,45,737.95,0
10,0,40,0,2150,58,56,27,3,1,2,30,312.32,0
3,0,33,0,3713,52,0,28,1,1,1,15,207.075,0
9,0,38,1,4213,89,18,33,3,1,1,30,244.08,0
11,0,38,2,14373,179,21,59,3,1,1,30,666.08,0
7,0,17,3,2447,40,13,21,3,1,1,30,151.48,0
12,0,40,1,14078,175,7,46,3,1,1,30,598.12,0
0,0,36,0,2055,33,278,16,3,1,1,30,1195.52,0
0,0,37,0,1650,28,260,18,3,1,1,30,1107.12,0
29,0,29,3,16300,242,7,78,2,1,1,25,775.89,0
9,0,36,4,7080,121,269,32,3,2,1,30,1364.04,0
5,0,36,1,6965,105,25,27,5,1,1,55,143.55,0
2,0,15,2,2142,34,6,19,3,1,1,30,111.04,0
7,0,37,0,6323,100,8,10,2,1,1,25,325.035,0
7,0,40,0,1015,20,20,10,3,1,2,30,121.4,0
1,0,37,1,6310,85,177,23,3,1,1,30,963.8,0
18,0,39,3,9420,127,151,45,3,1,1,30,985.88,0
5,0,35,0,1855,45,47,23,3,1,2,30,264.0,0
13,0,19,5,3273,57,70,25,4,1,1,45,258.25,0
0,0,19,0,2840,53,0,17,3,1,1,30,115.72,0
6,0,32,0,3515,72,17,22,2,1,1,25,237.915,0
6,0,34,0,4435,81,0,21,3,1,1,30,180.64,0
2,0,35,0,4095,71,0,19,3,1,1,30,166.64,0
15,0,25,0,925,29,7,5,3,1,2,30,66.16,0
18,0,38,2,6123,104,33,26,2,1,1,25,428.715,0
4,0,35,0,11350,149,13,48,3,1,1,30,511.96,0
8,0,37,1,4428,93,10,28,3,1,1,30,220.84,0
10,0,39,0,15190,178,136,17,2,1,1,25,1303.56,0
0,0,37,0,0,0,0,0,2,1,2,25,0.0,0
3,0,41,0,5613,95,8,11,3,1,1,30,260.32,0
9,0,29,2,1620,42,200,13,3,2,1,30,866.48,0
1,0,30,0,905,12,31,7,4,1,2,45,100.425,0
3,0,8,1,4795,45,216,8,3,1,1,30,1057.6,0
13,0,18,4,3158,51,38,21,3,2,1,30,280.36,0
0,0,31,0,6115,78,169,20,3,1,1,30,923.72,0
29,0,31,5,16675,248,21,95,2,1,1,25,856.035,0
0,0,36,0,5790,75,161,26,3,1,1,30,878.6,0
5,0,37,1,305,6,7,2,5,1,1,55,15.165,0
0,0,35,0,1345,22,253,16,3,1,1,30,1066.68,0
12,0,19,1,6168,137,88,44,1,2,1,15,830.775,0
2,0,30,0,15180,170,135,27,2,1,1,25,1298.25,0
8,0,38,2,6833,81,140,41,2,1,1,25,941.13,0
0,0,37,0,3593,84,6,31,2,1,1,25,192.465,0
2,0,25,0,3225,61,8,23,3,1,1,30,163.44,0
0,0,35,0,0,0,0,0,2,1,2,25,0.0,0
16,0,36,0,14235,209,26,15,3,1,1,30,681.76,0
2,0,37,1,3833,88,34,32,3,1,1,30,292.84,0
8,0,37,0,1970,50,45,22,3,1,2,30,260.8,0
13,0,38,1,3275,60,191,28,2,1,1,25,1009.575,0
15,0,27,1,1530,38,26,15,2,1,1,25,187.56,0
13,0,37,2,9115,121,144,43,3,1,1,30,945.44,0
12,0,37,1,2698,63,361,24,3,1,1,30,1554.44,0
17,0,39,2,4485,93,40,28,3,1,1,30,343.12,0
6,0,13,3,2673,37,20,14,3,1,1,30,188.4,0
8,0,35,2,7090,103,21,24,5,1,1,55,139.395,0
6,0,41,0,1933,54,9,16,3,1,2,30,115.48,0
3,0,31,0,3893,54,0,32,1,1,1,15,217.085,0
28,0,40,4,15255,230,52,31,3,1,1,30,827.4,0
10,0,37,1,13898,167,7,41,3,1,1,30,590.6,0
10,0,36,0,15890,187,151,28,2,1,1,25,1402.965,0
10,0,40,1,13888,174,0,43,3,1,1,30,562.48,0
4,0,18,3,2628,41,34,21,3,1,1,30,242.76,0
7,0,24,1,1955,36,43,20,3,1,1,30,251.64,0
7,0,14,4,3148,49,45,32,3,1,1,30,307.88,0
4,0,28,2,1430,42,225,15,3,2,1,30,958.88,0
0,0,25,0,1903,20,165,8,2,2,1,25,829.035,0
1,0,32,2,6660,110,264,31,2,2,1,25,1492.65,0
7,0,21,2,2115,38,67,20,3,1,1,30,354.12,0
6,0,36,1,7633,125,380,40,3,1,1,30,1830.32,0
11,0,42,2,3405,38,22,22,4,1,1,45,141.075,0
0,0,39,0,585,16,17,11,2,1,2,25,103.545,0
0,0,31,0,2660,14,0,9,3,1,1,30,106.96,0
2,0,34,1,6365,106,250,18,2,2,1,25,1416.195,0
0,0,36,0,2088,52,0,31,1,1,1,15,117.7,0
9,0,39,0,1780,30,28,28,2,1,2,25,207.45,0
7,0,36,2,6670,112,257,20,3,2,1,30,1299.28,0
0,0,34,0,0,0,0,0,5,1,1,55,0.0,0
7,0,40,0,1015,20,20,10,3,1,2,30,121.4,0
33,0,35,5,16440,247,12,84,2,2,1,25,804.915,0
6,0,34,1,6538,67,97,32,2,1,1,25,733.725,0
23,0,19,2,6887,148,101,47,2,2,1,25,771.075,0
7,0,11,2,4695,46,222,12,3,1,1,30,1077.64,0
0,0,36,0,5423,88,0,7,2,1,1,25,247.995,0
4,0,39,1,2475,45,317,22,4,1,1,45,855.5,0
14,0,43,2,5000,97,20,32,3,1,1,30,283.88,0
1,0,35,0,5498,83,0,6,2,1,1,25,251.145,0
3,0,39,0,990,19,0,10,2,1,2,25,45.405,0
0,0,16,0,1390,20,21,12,2,1,1,25,157.95,0
7,0,38,2,11580,160,43,51,4,1,1,45,401.0,0
12,0,40,0,2633,68,370,29,3,1,1,30,1588.04,0
3,0,28,1,885,13,26,5,4,1,1,45,87.45,0
14,0,40,2,15905,194,189,36,3,1,1,30,1399.96,0
0,0,33,0,11100,145,0,43,3,1,1,30,449.8,0
19,0,14,1,6697,141,84,43,1,2,1,15,838.09,0
0,0,30,0,3333,74,0,22,2,1,1,25,153.315,0
7,0,20,1,2000,32,35,16,3,1,1,30,221.28,0
5,0,37,1,6745,89,188,26,3,1,1,30,1025.36,0
0,0,24,0,0,0,0,0,4,1,2,45,0.0,0
26,0,33,2,15780,234,7,67,2,1,1,25,752.13,0
10,0,16,3,3042,46,40,22,3,1,1,30,283.52,0
5,0,37,0,1370,40,24,7,3,1,2,30,152.4,0
0,0,3,0,4130,30,200,4,3,1,1,30,966.4,0
9,0,13,0,8817,166,75,41,4,1,1,45,412.075,0
10,0,42,1,7993,141,402,50,3,1,1,30,1933.36,0
16,0,34,2,9420,121,143,44,3,1,1,30,953.64,0
23,0,45,4,9680,137,166,51,3,1,1,30,1056.68,0
4,0,36,0,2535,50,173,23,2,1,1,25,894.825,0
0,0,36,0,2088,52,0,31,1,1,1,15,117.7,0
2,0,36,1,11275,154,36,49,4,1,1,45,375.725,0
36,0,41,5,16155,242,69,34,3,2,1,30,931.88,0
4,0,30,0,1523,43,38,72,4,1,1,45,134.15,0
5,0,39,0,7213,123,370,30,3,1,1,30,1773.44,0
14,0,38,2,4798,76,22,50,1,1,1,15,389.07,0
0,0,37,0,2385,16,458,8,3,1,1,30,1928.04,0
8,0,25,1,1540,40,190,9,3,2,1,30,823.2,0
2,0,36,0,4210,77,0,23,3,1,1,30,171.48,0
6,0,36,0,2780,53,175,23,2,1,1,25,914.985,0
16,0,45,0,2543,66,23,20,4,1,2,45,122.725,0
25,0,31,3,16075,238,0,80,2,1,1,25,734.085,0
0,0,36,0,2790,21,476,6,3,1,1,30,2016.44,0
8,0,39,1,7813,133,391,45,3,1,1,30,1881.84,0
0,0,28,1,6580,108,254,27,2,2,1,25,1443.96,0
17,0,42,2,2603,63,20,21,4,1,1,45,116.65,0
4,0,26,0,1568,39,30,68,4,1,1,45,115.175,0
0,0,30,0,1180,30,20,13,3,1,2,30,128.4,0
0,0,23,0,0,0,0,0,4,1,2,45,0.0,0
4,0,41,1,7588,129,394,47,3,1,1,30,1884.68,0
1,0,30,0,3210,66,10,20,2,1,1,25,192.42,0
4,0,36,0,2590,52,166,20,2,1,1,25,865.89,0
0,0,33,0,1550,39,40,21,3,1,2,30,223.56,0
7,0,29,2,1430,41,191,10,3,2,1,30,822.84,0
0,0,35,0,14580,166,122,13,2,1,1,25,1212.57,0
1,0,34,0,2475,47,168,21,2,1,1,25,869.49,0
6,0,33,2,6850,110,239,29,2,2,1,25,1388.7,0
13,0,36,4,7460,123,287,38,3,2,1,30,1451.32,0
0,0,24,0,1263,33,23,66,4,1,1,45,89.9,0
6,0,26,0,510,25,35,9,3,1,2,30,161.4,0
5,0,21,0,315,17,0,1,2,1,2,25,14.94,0
13,0,43,1,6403,109,25,19,3,1,1,30,360.48,0
0,0,25,0,6220,81,0,14,4,1,1,45,157.525,0
1,0,37,1,1783,31,32,10,4,1,1,45,125.35,0
0,0,29,0,0,0,0,0,4,1,1,45,0.0,0
16,0,26,1,1935,43,27,13,2,1,1,25,210.51,0
0,0,25,0,2980,58,6,23,3,1,1,30,145.52,0
1,0,28,0,6785,91,6,21,4,1,1,45,186.9,0
8,0,42,2,4595,85,12,29,3,1,1,30,235.2,0
0,0,31,0,6670,92,16,23,4,1,1,45,209.05,0
2,0,35,0,2073,30,1,4,3,1,1,30,88.12,0
8,0,12,3,2898,41,23,15,3,1,1,30,209.56,0
12,0,40,1,2298,57,13,19,3,1,1,30,146.2,0
18,0,17,1,6638,144,87,42,2,2,1,25,696.69,0
2,0,36,0,1260,39,20,22,3,1,2,30,131.96,0
24,1,32,3,15670,233,0,82,2,1,1,25,715.635,0
3,0,13,0,8028,155,45,23,4,1,1,45,317.075,0
2,0,25,0,3225,61,8,23,3,1,1,30,163.44,0
36,0,34,5,17090,255,15,82,2,2,1,25,848.025,0
1,0,16,1,1990,30,42,27,2,1,1,25,279.9,0
14,0,39,1,15790,188,157,32,2,1,1,25,1425.51,0
2,0,35,0,11160,148,4,45,3,1,1,30,468.32,0
13,0,40,1,4258,69,6,37,1,1,1,15,270.985,0
13,0,40,3,7138,87,147,43,3,1,1,30,877.0,0
12,0,44,1,14033,179,15,50,3,1,1,30,628.48,0
7,0,38,0,3175,72,11,13,3,1,1,30,173.88,0
8,0,32,0,2453,54,351,23,2,1,1,25,1692.315,0
5,0,35,0,305,6,7,2,2,1,2,25,45.495,0
1,0,34,0,630,12,3,4,2,1,2,25,42.39,0
15,0,41,2,5818,104,34,25,3,1,1,30,372.88,0
0,0,35,0,1223,37,0,15,3,1,2,30,50.4,0
13,0,18,4,3157,51,38,21,3,1,1,30,280.32,0
22,0,23,2,9498,187,95,48,5,1,1,55,287.775,0
0,0,18,0,1003,23,8,60,4,1,1,45,45.65,0
5,0,38,0,305,6,7,2,5,1,1,55,15.165,0
0,0,31,0,490,6,0,5,2,1,2,25,22.32,0
11,0,27,3,4130,77,36,40,3,1,1,30,312.28,0
8,0,37,1,4920,88,3,23,3,1,1,30,212.32,0
0,0,7,0,3485,24,187,21,3,1,1,30,888.36,0
15,0,42,3,4880,92,14,29,4,1,1,45,159.3,0
8,0,36,2,8925,121,169,45,3,1,1,30,1037.84,0
0,0,29,0,1363,13,0,3,3,1,1,30,55.04,0
6,0,32,0,6718,69,100,36,2,1,1,25,755.415,0
9,0,25,2,2000,38,43,17,3,1,1,30,253.52,0
0,0,35,0,4903,78,0,10,2,1,1,25,224.145,0
0,0,34,0,3413,76,0,26,2,1,1,25,157.005,0
16,0,13,1,9158,175,70,38,5,1,1,55,244.995,0
1,0,38,0,2795,26,8,18,3,1,1,30,144.84,0
8,0,34,3,7210,119,273,33,2,2,1,25,1558.305,0
0,0,24,0,710,5,23,4,4,1,2,45,75.375,0
26,1,37,3,15545,230,55,30,3,1,1,30,851.0,0
35,0,46,5,15705,241,76,40,3,1,1,30,941.84,0
7,0,39,0,4073,68,5,38,1,1,1,15,255.255,0
13,0,28,2,4240,78,23,25,3,1,1,30,264.72,0
13,0,45,3,7065,102,208,34,4,1,1,45,699.175,0
5,0,37,1,3500,32,484,6,3,1,1,30,2077.28,0
0,0,34,0,2730,18,471,4,3,1,1,30,1993.92,0
4,0,38,1,3095,27,483,8,3,1,1,30,2056.88,0
11,0,16,0,8527,166,55,42,5,1,1,55,212.895,0
13,0,40,4,4000,43,511,25,4,1,1,45,1378.575,0
4,0,12,1,4570,48,226,15,3,1,1,30,1088.72,0
6,0,35,4,7080,122,303,37,3,2,1,30,1500.08,0
0,0,8,0,3680,29,190,10,3,1,1,30,908.36,0
1,0,38,0,2203,57,0,30,1,1,1,15,124.3,0
0,0,24,0,895,24,154,5,2,2,1,25,734.355,0
15,0,31,1,1485,42,34,19,2,1,1,25,221.715,0
13,0,15,0,6333,138,80,40,1,2,1,15,795.905,0
16,0,30,7,10175,83,0,36,4,1,1,45,256.45,0
23,0,36,8,10680,96,7,42,5,1,1,55,172.14,0
0,0,33,0,6135,77,174,22,3,1,1,30,944.48,0
3,0,32,0,1968,46,341,17,2,1,1,25,1625.13,0
10,0,37,0,2453,60,359,24,3,1,1,30,1536.52,0
22,0,36,2,15025,220,56,33,3,1,1,30,833.8,0
21,0,32,8,10480,89,7,38,5,1,1,55,169.035,0
0,0,20,0,1308,29,15,62,4,1,1,45,70.925,0
17,0,44,2,2758,72,374,27,3,1,1,30,1609.2,0
0,0,33,0,2130,11,0,14,3,1,1,30,85.64,0
8,0,43,2,6760,96,201,32,3,1,1,30,1078.24,0
0,0,33,0,2610,13,465,1,3,1,1,30,1964.92,0
13,0,43,2,6978,85,123,43,2,1,1,25,871.335,0
14,0,15,0,9122,172,82,43,4,1,1,45,437.35,0
1,0,14,0,1615,24,18,10,2,1,1,25,154.755,0
22,0,41,3,4790,99,47,30,3,1,1,30,383.56,0
1,0,36,0,5613,89,0,10,2,1,1,25,256.59,0
9,0,36,1,7123,80,109,35,2,1,1,25,814.635,0
6,0,43,2,3095,33,491,9,4,1,1,45,1305.7,0
5,0,40,1,6413,75,109,36,2,1,1,25,782.46,0
8,0,41,2,3145,34,15,17,4,1,1,45,116.975,0
13,0,40,1,4675,77,12,19,3,1,1,30,238.08,0
1,0,33,0,15120,173,138,26,2,1,1,25,1309.185,0
10,0,33,3,1700,44,210,17,3,2,1,30,909.76,0
13,0,44,1,4630,81,20,23,3,1,1,30,268.44,0
2,0,35,1,2915,19,472,3,3,1,1,30,2005.36,0
12,0,17,0,5793,131,64,27,1,2,1,15,677.82,0
0,0,21,0,2860,52,0,19,3,1,1,30,116.48,0
2,0,27,1,1125,35,184,8,2,2,1,25,880.2,0
1,0,32,0,5658,85,0,6,2,1,1,25,258.435,0
8,0,26,1,3935,72,16,23,3,1,1,30,224.28,0
5,0,41,0,623,11,14,6,3,1,2,30,81.36,0
3,0,37,1,6500,86,186,26,3,1,1,30,1007.44,0
12,0,40,1,14078,175,7,46,3,1,1,30,598.12,0
6,0,37,1,6528,74,99,34,2,1,1,25,742.59,0
4,0,38,0,11340,156,15,50,3,1,1,30,519.84,0
10,0,39,1,8003,134,400,48,3,1,1,30,1925.48,0
3,0,24,1,1863,43,44,81,4,1,1,45,157.65,0
14,1,41,0,2658,66,47,23,4,1,2,45,185.6,0
0,0,36,0,3465,55,0,10,2,1,1,25,158.4,0
11,0,15,4,2978,43,27,16,3,1,1,30,228.84,0
6,0,41,1,3275,35,494,13,3,1,1,30,2108.4,0
0,0,36,1,338,4,4,2,5,1,1,55,11.13,0
1,0,40,2,418,6,14,6,5,1,1,55,27.36,0
2,0,36,0,3718,82,2,28,2,1,1,25,180.0,0
5,0,39,0,1180,20,7,13,2,1,2,25,85.5,0
0,0,14,0,1330,17,16,10,2,1,1,25,132.615,0
10,0,33,6,9420,76,0,40,4,1,1,45,237.4,0
0,0,40,0,7203,127,385,42,3,1,1,30,1833.2,0
6,0,37,1,6473,72,106,37,2,1,1,25,771.525,0
7,0,40,1,2860,55,185,27,2,1,1,25,963.675,0
3,0,36,0,7393,121,352,39,2,1,1,25,1922.13,0
5,0,6,1,4695,40,214,11,3,1,1,30,1045.4,0
0,0,30,0,2475,13,0,10,3,1,1,30,99.52,0
0,0,32,0,0,0,0,0,4,1,1,45,0.0,0
16,0,36,3,9240,119,140,40,3,1,1,30,934.36,0
7,0,35,1,7733,131,381,41,3,1,1,30,1838.56,0
9,0,36,0,15370,176,118,26,2,1,1,25,1230.57,0
3,0,36,2,3390,31,497,21,3,1,1,30,2124.84,0
0,0,32,0,0,0,0,0,2,1,2,25,0.0,0
0,0,36,0,0,0,0,0,2,1,2,25,0.0,0
2,0,18,0,1695,26,28,14,2,1,1,25,203.445,0
0,0,33,2,6255,105,246,33,2,2,1,25,1393.2,0
10,0,40,1,6898,83,119,42,2,1,1,25,849.645,0
6,0,25,0,395,19,3,5,2,1,2,25,32.13,0
31,0,37,5,16460,246,17,86,2,1,1,25,828.27,0
2,0,26,1,3340,67,40,27,3,1,1,30,296.28,0
8,0,36,0,2970,54,184,26,2,1,1,25,964.08,0
10,0,32,3,7190,120,268,31,3,2,1,30,1364.4,0
0,0,33,0,1605,41,33,18,3,1,2,30,197.84,0
1,0,28,2,6705,106,256,27,2,2,1,25,1458.495,0
4,0,31,0,3470,70,17,25,2,1,1,25,235.8,0
13,0,30,0,880,33,21,12,2,1,2,25,135.585,0
32,0,38,5,16380,250,15,83,2,2,1,25,815.85,0
5,0,38,1,4270,80,0,25,3,1,1,30,174.0,0
7,0,35,0,3185,58,176,21,2,1,1,25,937.935,0
0,0,31,0,405,2,0,5,2,1,2,25,18.315,0
9,0,38,1,2895,58,173,22,2,1,1,25,911.385,0
4,0,38,0,5728,94,0,9,3,1,1,30,232.88,0
4,0,26,0,1568,39,30,68,4,1,1,45,115.175,0
3,0,35,0,6413,69,101,35,2,1,1,25,746.19,0
24,0,33,8,10740,93,0,43,4,1,1,45,270.825,0
0,0,36,0,1333,38,0,4,3,1,2,30,54.84,0
11,0,13,3,3157,45,30,20,3,1,1,30,248.08,0
0,0,16,0,0,0,0,0,2,1,1,25,0.0,0
5,0,42,0,738,17,46,10,3,1,2,30,214.2,0
23,0,38,3,14895,222,52,32,3,1,1,30,812.68,0
7,0,37,3,7100,96,207,41,3,1,1,30,1115.84,0
0,0,36,0,5013,79,0,13,2,1,1,25,229.14,0
17,0,38,8,10210,89,4,44,4,2,1,45,267.475,0
11,0,40,1,6223,101,14,14,3,1,1,30,308.96,0
8,0,39,2,6805,92,193,28,3,1,1,30,1047.88,0
15,0,42,2,7203,89,126,44,2,1,1,25,895.14,0
6,0,36,1,14068,173,14,57,3,1,1,30,625.64,0
8,0,38,1,6690,86,161,24,3,1,1,30,915.04,0
1,0,38,0,2148,55,0,33,1,1,1,15,121.165,0
8,0,38,0,6108,96,16,15,3,1,1,30,312.16,0
7,0,27,1,3530,67,15,25,3,1,1,30,203.88,0
0,0,21,0,1055,26,178,5,2,2,1,25,849.645,0
2,0,33,0,6420,84,176,22,3,1,1,30,964.16,0
0,0,36,1,6310,86,211,28,3,1,1,30,1099.84,0
0,0,30,0,780,14,29,7,4,1,2,45,92.35,0
17,0,19,0,6098,137,71,29,2,2,1,25,600.075,0
20,0,40,2,16500,199,165,32,2,1,1,25,1493.955,0
19,0,22,2,9237,183,88,43,5,1,1,55,273.3,0
5,0,8,0,8627,159,58,37,4,1,1,45,364.65,0
0,0,23,0,0,0,0,0,2,1,1,25,0.0,0
7,0,13,0,8627,165,66,38,4,1,1,45,384.8,0
21,0,19,2,6697,147,92,44,2,2,1,25,721.98,0
15,0,41,2,4618,78,40,41,1,1,1,15,478.28,0
2,0,42,0,875,20,8,12,2,1,2,25,76.275,0
0,0,36,0,405,8,6,6,2,1,2,25,45.585,0
9,0,29,2,1620,42,200,13,3,2,1,30,866.48,0
18,0,42,2,6078,108,41,30,2,1,1,25,462.87,0
10,0,45,0,1440,30,22,19,3,1,2,30,146.8,0
9,0,38,2,7210,97,194,26,3,1,1,30,1068.28,0
0,0,37,0,258,2,2,2,2,1,2,25,20.7,0
0,0,37,0,613,9,21,17,2,1,2,25,122.49,0
13,0,43,2,3085,65,190,26,3,1,1,30,886.0,0
9,0,41,2,6798,77,118,41,2,1,1,25,840.375,0
10,0,35,1,9055,118,139,41,3,1,1,30,922.92,0
5,0,37,0,1120,17,7,11,2,1,2,25,82.665,0
7,0,35,2,7013,79,122,50,2,1,1,25,868.14,0
8,0,37,0,1970,50,45,22,3,1,2,30,260.8,0
12,0,35,1,6943,79,105,35,2,1,1,25,788.49,0
9,0,40,2,3400,33,490,10,3,1,1,30,2097.32,0
0,0,35,0,0,0,0,0,2,1,2,25,0.0,0
5,0,33,1,6545,82,178,22,3,1,1,30,977.08,0
12,0,39,2,11770,160,18,49,4,1,1,45,343.25,0
31,0,44,10,11000,109,23,50,5,1,1,55,201.135,0
11,0,43,2,3580,41,501,15,3,1,1,30,2148.84,0
18,0,38,2,9305,121,119,41,3,1,1,30,853.04,0
14,0,35,1,14125,208,22,30,2,1,1,25,743.985,0
21,0,23,2,6653,151,100,48,2,2,1,25,756.18,0
23,0,38,3,14950,224,45,29,3,1,1,30,786.96,0
12,0,34,2,6113,102,40,37,2,1,1,25,459.675,0
20,0,33,2,1790,48,41,21,2,1,1,25,267.21,0
12,0,39,2,2683,42,15,8,4,1,1,45,105.625,0
0,0,37,0,1263,20,0,8,4,1,1,45,32.075,0
10,0,34,1,3005,57,172,21,2,1,1,25,911.79,0
2,0,31,2,7080,101,28,35,4,1,1,45,249.525,0
7,0,39,2,4138,94,41,34,3,1,1,30,333.28,0
8,0,35,1,15780,186,164,43,2,1,1,25,1456.47,0
18,0,39,3,9420,127,151,45,3,1,1,30,985.88,0
18,0,36,2,14645,218,38,27,3,1,1,30,746.52,0
4,0,22,0,215,11,0,3,2,1,2,25,10.17,0
0,0,33,0,6353,66,96,33,2,1,1,25,720.855,0
10,0,38,3,2573,41,28,23,4,1,1,45,135.35,0
1,0,34,0,2475,47,168,21,2,1,1,25,869.49,0
14,0,38,5,7330,125,283,37,3,2,1,30,1430.2,0
6,0,34,1,3943,86,7,26,3,1,1,30,189.16,0
12,0,26,2,2260,42,50,22,3,1,1,30,292.08,0
9,0,35,1,3595,74,21,23,3,1,1,30,230.76,0
11,0,32,1,9115,115,136,42,3,1,1,30,913.2,0
14,0,39,1,15790,188,157,32,2,1,1,25,1425.51,0
14,0,35,1,2678,64,356,22,3,1,1,30,1533.68,0
15,0,40,1,4503,72,8,37,1,1,1,15,295.625,0
11,0,18,4,2913,48,36,21,3,1,1,30,262.44,0
25,0,35,3,16030,242,8,84,2,1,1,25,768.24,0
28,0,37,4,15265,223,50,29,3,2,1,30,819.52,0
0,0,25,0,3035,60,0,20,3,1,1,30,123.8,0
6,0,43,1,2360,45,293,19,4,1,1,45,792.625,0
13,0,45,2,6223,107,22,15,3,1,1,30,341.2,0
5,0,38,1,1373,21,7,2,4,1,1,45,52.35,0
1,0,34,1,4013,86,16,41,2,1,1,25,256.455,0
17,0,35,2,9340,125,141,41,3,1,1,30,942.6,0
6,0,43,0,1260,22,17,17,2,1,2,25,134.19,0
7,0,42,0,1360,28,18,18,2,1,2,25,143.46,0
0,0,7,0,4330,37,210,8,3,1,1,30,1014.68,0
33,0,42,5,15505,234,66,36,3,2,1,30,893.56,0
14,0,36,1,4423,70,7,33,2,1,1,25,233.685,0
3,0,41,1,6455,90,194,30,3,1,1,30,1037.8,0
12,0,25,0,1415,33,28,16,2,1,1,25,191.16,0
0,0,27,0,1100,28,16,12,3,1,2,30,109.12,0
9,0,10,0,6087,129,70,39,1,2,1,15,726.88,0
5,0,34,1,2438,54,7,29,1,1,1,15,175.56,0
5,0,32,1,305,6,7,2,3,1,1,30,40.44,0
13,0,39,4,7450,130,289,40,3,2,1,30,1459.2,0
15,0,36,6,7870,132,299,50,3,2,1,30,1516.08,0
0,0,39,0,128,4,0,1,2,1,2,25,5.94,0
9,0,27,1,3720,68,24,28,3,1,1,30,247.52,0
2,0,36,0,6008,64,83,37,2,1,1,25,646.74,0
4,0,36,0,13658,164,2,45,3,1,1,30,560.88,0
5,0,37,0,3065,71,7,28,3,1,1,30,153.44,0
7,0,38,2,2993,68,23,48,2,1,1,25,241.245,0
14,0,42,2,11950,168,29,54,4,1,1,45,375.45,0
9,0,38,1,14018,172,7,44,3,1,1,30,595.6,0
16,0,41,3,4195,94,71,34,3,1,1,30,455.56,0
8,0,15,3,4775,48,232,16,3,1,1,30,1120.92,0
3,0,42,0,790,16,23,12,3,1,2,30,124.24,0
1,0,33,1,6595,96,5,19,5,1,1,55,107.865,0
6,0,42,0,5873,99,15,16,3,1,1,30,298.88,0
8,0,33,1,6763,71,100,33,2,1,1,25,757.53,0
3,0,14,2,2547,39,24,17,3,1,1,30,199.44,0
5,0,19,3,2547,45,32,18,3,1,1,30,231.68,0
5,0,34,0,2033,48,320,18,2,1,1,25,1533.645,0
6,0,37,1,2895,59,207,27,2,1,1,25,1064.43,0
0,0,40,0,193,7,11,7,2,1,2,25,58.5,0
8,0,16,3,2852,45,31,19,3,1,1,30,239.88,0
5,0,36,0,4255,66,7,18,2,1,1,25,225.945,0
11,0,27,0,700,25,10,7,2,1,2,25,77.625,0
25,0,31,3,16075,238,0,80,2,2,1,25,734.085,0
7,0,34,1,4560,79,7,21,3,1,1,30,213.56,0
9,0,28,1,1505,36,168,9,2,2,1,25,825.345,0
0,0,28,0,0,0,0,0,3,1,1,30,0.0,0
11,0,42,0,1333,22,22,6,3,1,2,30,142.2,0
11,0,36,1,13998,173,7,42,3,1,1,30,594.84,0
16,0,28,0,890,25,7,5,2,1,2,25,72.675,0
7,0,42,2,2053,33,17,12,4,1,1,45,94.65,0
7,0,37,0,4400,77,0,21,3,1,1,30,179.08,0
0,0,36,1,93,1,2,2,5,1,1,55,4.41,0
0,0,23,0,0,0,10,0,4,1,2,45,25.0,0
5,0,37,1,6690,87,195,29,3,1,1,30,1051.08,0
21,0,28,2,2240,49,34,15,2,1,1,25,256.005,0
6,0,25,2,3825,71,29,38,3,1,1,30,271.84,0
1,0,32,0,13388,161,0,38,3,1,1,30,541.96,0
0,0,43,0,273,9,15,8,2,1,2,25,80.19,0
12,0,40,3,11885,166,50,53,4,1,1,45,426.275,0
11,0,32,2,1800,50,211,18,3,2,1,30,918.0,0
3,0,42,0,2348,62,10,37,1,1,1,15,187.55,0
2,0,31,0,1585,42,28,16,3,1,2,30,177.08,0
0,0,33,0,2703,65,0,26,2,1,1,25,124.56,0
0,0,40,0,433,11,39,8,3,1,2,30,173.76,0
3,0,37,0,10865,144,0,32,3,1,1,30,440.36,0
1,0,37,0,3313,77,0,30,3,1,1,30,135.6,0
0,0,38,1,0,0,7,0,5,1,1,55,10.5,0
2,1,27,1,1070,33,191,11,2,2,1,25,909.135,0
12,0,37,1,4180,87,33,26,3,1,1,30,302.68,0
5,0,37,1,11275,153,2,44,4,1,1,45,290.7,0
0,0,36,0,3528,81,0,25,2,1,1,25,162.405,0
1,0,36,0,3875,64,0,12,2,1,1,25,177.255,0
10,0,40,1,13833,172,5,46,3,1,1,30,580.2,0
10,0,26,1,1340,38,51,17,2,1,1,25,291.51,0
10,0,42,0,4153,70,9,39,1,1,1,15,281.765,0
0,0,28,0,2215,37,153,15,2,1,1,25,789.84,0
15,0,40,1,4865,78,21,22,3,1,1,30,281.72,0
7,0,39,0,1370,21,16,16,2,1,2,25,134.595,0
0,0,36,0,2088,52,0,31,1,1,1,15,117.7,0
6,0,7,1,4615,44,212,8,3,1,1,30,1034.36,0
0,0,25,0,858,28,5,68,4,1,1,45,34.65,0
10,0,40,3,7090,109,29,25,5,1,1,55,151.485,0
0,0,37,0,1683,47,0,33,1,1,1,15,95.15,0
15,0,41,3,4110,44,498,10,4,1,1,45,1348.85,0
0,0,30,0,1283,17,0,5,3,1,1,30,52.0,0
5,0,33,1,2965,20,7,11,3,1,1,30,147.4,0
12,0,25,1,1470,35,21,13,2,1,1,25,162.225,0
9,0,37,1,6043,93,7,9,3,1,1,30,273.44,0
19,0,27,3,2130,48,47,30,2,1,1,25,309.51,0
8,0,25,0,980,29,17,13,2,1,1,25,121.905,0
2,0,38,0,2170,38,276,15,3,1,1,30,1192.32,0
14,0,17,1,6202,140,76,39,2,2,1,25,627.39,0
11,0,13,1,9228,175,87,53,4,1,1,45,452.575,0
5,0,25,0,1973,44,31,66,4,1,1,45,127.925,0
10,0,38,2,7270,111,32,29,5,1,1,55,158.715,0
11,0,42,2,2758,67,14,37,2,1,1,25,190.125,0
24,0,38,9,10550,98,0,41,5,1,1,55,159.72,0
0,0,38,0,2495,17,462,7,3,1,1,30,1948.48,0
9,0,11,2,4885,47,231,15,3,1,1,30,1121.28,0
7,0,42,0,13728,173,8,48,3,1,1,30,588.04,0
3,0,36,0,14775,171,125,30,2,1,1,25,1235.07,0
0,0,39,0,2268,60,6,36,1,1,1,15,161.04,0
3,0,15,3,2663,45,56,21,3,1,1,30,332.32,0
15,0,45,2,4675,83,20,20,3,1,1,30,270.32,0
5,0,38,0,13528,166,0,44,3,1,1,30,547.76,0
9,0,42,1,4450,73,15,21,3,1,1,30,240.92,0
6,0,34,1,6805,86,185,27,3,1,1,30,1015.64,0
0,0,30,0,0,0,0,0,3,1,1,30,0.0,0
4,0,38,0,2360,39,285,18,3,1,1,30,1235.96,0
0,0,37,0,0,0,0,0,2,1,2,25,0.0,0
0,0,24,0,2515,50,0,23,3,1,1,30,102.6,0
1,0,37,0,3805,72,0,25,3,1,1,30,155.08,0
10,0,41,1,15565,184,160,34,2,1,1,25,1428.705,0
20,0,34,9,10730,97,15,55,4,1,1,45,308.175,0
4,0,39,0,918,15,28,19,3,1,2,30,149.32,0
9,1,42,0,2193,58,16,21,3,1,2,30,154.04,0
7,0,38,0,1993,51,6,17,3,1,1,30,105.76,0
0,0,30,0,2395,45,158,17,2,1,1,25,820.8,0
4,0,25,0,205,18,0,2,2,1,2,25,10.035,0
17,0,27,1,1720,39,35,18,2,1,1,25,236.655,0
8,0,35,1,8810,115,137,41,3,1,1,30,905.0,0
4,0,41,0,13468,169,1,43,3,1,1,30,549.48,0
20,0,32,2,14880,215,39,26,3,1,1,30,759.8,0
2,0,41,2,338,10,12,3,5,1,1,55,23.22,0
0,0,41,0,93,1,10,6,2,1,2,25,49.23,0
6,0,32,1,2825,49,167,19,2,1,1,25,880.83,0
16,0,34,7,10130,87,0,40,4,1,1,45,255.425,0
12,0,11,1,8978,167,65,36,4,1,1,45,391.125,0
6,0,40,1,2453,61,7,35,2,1,1,25,144.63,0
8,0,36,1,11870,159,12,45,3,1,1,30,529.16,0
0,0,37,0,0,0,9,0,2,1,2,25,40.5,0
9,0,16,3,4695,52,230,13,3,1,1,30,1109.88,0
6,0,36,0,2780,53,175,23,2,1,1,25,914.985,0
13,0,43,3,11850,162,28,53,4,1,1,45,370.3,0
0,0,10,0,1130,10,6,6,2,1,1,25,78.3,0
11,0,28,1,2063,46,46,73,5,1,1,55,100.635,0
7,0,42,1,3978,92,17,34,3,1,1,30,230.8,0
20,0,38,2,6313,105,42,29,2,1,1,25,477.81,0
0,0,34,0,1363,19,0,4,3,1,1,30,55.28,0
0,0,39,0,318,5,7,4,2,1,2,25,46.035,0
4,0,26,0,1568,39,30,68,4,1,1,45,115.175,0
13,0,41,5,7270,128,286,36,3,2,1,30,1439.92,0
9,0,28,1,1873,45,37,70,5,1,1,55,84.27,0
15,0,23,1,15510,222,0,72,2,1,1,25,707.94,0
0,0,33,0,1360,38,31,18,3,1,2,30,179.92,0
0,0,20,0,0,0,6,0,4,1,2,45,15.0,0
5,0,14,2,2793,42,26,17,3,1,1,30,217.4,0
32,0,43,4,15625,239,72,39,3,1,1,30,922.56,0
11,0,37,2,8870,118,142,43,3,1,1,30,927.52,0
4,0,14,2,4390,46,223,11,3,1,1,30,1069.44,0
0,0,37,0,875,14,0,11,2,1,2,25,40.005,0
9,0,28,0,1730,26,49,20,4,1,2,45,166.4,0
11,1,38,0,2428,55,17,20,3,1,2,30,167.32,0
10,0,37,0,2453,60,359,24,3,1,1,30,1536.52,0
16,0,42,1,15970,196,168,37,2,1,1,25,1483.47,0
9,0,18,2,2558,41,17,6,3,1,1,30,171.96,0
7,0,28,0,1320,17,37,8,4,1,2,45,125.925,0
0,0,39,0,1363,25,1,5,4,1,1,45,37.2,0
18,0,41,3,5530,100,17,27,4,1,1,45,183.25,0
6,0,40,0,3973,62,4,37,2,1,1,25,199.575,0
0,0,24,0,0,0,0,0,2,1,2,25,0.0,0
21,0,40,2,3468,77,374,26,3,1,1,30,1637.8,0
6,0,38,1,2605,42,287,18,3,1,1,30,1253.88,0
12,0,31,3,1680,45,205,15,3,2,1,30,889.0,0
7,0,35,1,3550,33,8,14,3,1,1,30,175.32,0
28,0,33,4,16190,243,0,79,2,2,1,25,739.485,0
0,0,26,0,605,25,168,11,2,2,1,25,784.35,0
7,0,38,0,2485,49,161,10,2,1,1,25,838.53,0
12,0,39,2,11770,160,18,49,4,1,1,45,343.25,0
4,0,39,0,3898,90,13,33,2,1,1,25,237.96,0
5,0,34,0,755,10,7,4,3,1,2,30,58.6,0
5,0,29,1,1020,32,179,2,3,2,1,30,758.08,0
7,0,35,1,6725,90,183,24,3,1,1,30,1004.6,0
6,0,35,0,2698,58,1,34,1,1,1,15,157.08,0
0,0,34,0,955,33,13,20,3,1,2,30,91.52,0
30,0,39,3,15330,225,29,30,3,1,1,30,738.2,0
8,0,39,1,7813,133,391,45,3,1,1,30,1881.84,0
0,0,40,1,293,8,12,6,5,1,1,55,22.515,0
7,0,33,3,7370,121,272,31,2,2,1,25,1561.095,0
0,0,35,0,3008,71,0,28,2,1,1,25,138.555,0
0,0,38,0,990,20,32,15,2,1,2,25,189.45,0
0,0,41,0,2088,58,3,32,2,1,1,25,110.07,0
19,0,39,3,3358,76,387,41,3,1,1,30,1685.36,0
11,0,16,1,6203,141,110,44,2,2,1,25,780.48,0
27,0,31,3,16320,241,7,80,2,1,1,25,776.745,0
3,0,23,0,730,25,3,8,2,1,1,25,47.475,0
0,0,34,0,6660,99,18,25,4,1,1,45,213.975,0
13,0,17,0,8638,167,59,27,5,1,1,55,220.575,0
4,0,38,1,3095,27,483,8,3,1,1,30,2056.88,0
17,0,45,3,12030,170,33,55,4,1,1,45,387.5,0
9,0,40,1,6033,100,5,11,3,1,1,30,265.32,0
8,0,20,3,2808,49,39,23,3,1,1,30,270.28,0
13,0,41,1,3955,90,43,33,3,1,1,30,333.8,0
0,0,25,0,1378,39,55,70,4,1,1,45,172.925,0
6,0,34,3,6965,116,271,33,2,2,1,25,1538.145,0
27,0,41,3,15320,233,65,37,3,1,1,30,882.12,0
11,0,11,0,6133,131,70,36,1,2,1,15,729.52,0
7,0,27,1,3530,67,15,25,3,1,1,30,203.88,0
26,0,39,10,10855,105,40,48,5,2,1,55,224.4,0
7,0,38,0,2048,53,0,14,3,1,2,30,84.04,0
6,0,38,0,5918,95,7,12,3,1,1,30,268.52,0
5,0,25,0,305,6,17,2,4,1,2,45,50.275,0
5,0,39,0,1180,20,7,13,2,1,2,25,85.5,0
0,0,27,1,6660,104,256,30,2,2,1,25,1456.38,0
0,0,20,0,3225,55,0,22,3,1,1,30,131.2,0
18,0,45,3,4080,94,47,31,3,1,1,30,354.96,0
5,0,20,1,1755,29,33,16,2,1,1,25,228.78,0
0,0,34,0,1608,22,0,4,3,1,1,30,65.2,0
16,0,46,2,6483,111,29,20,3,1,1,30,379.76,0
9,0,37,0,4775,76,23,15,2,1,1,25,321.795,0
11,0,40,1,2855,46,301,23,3,1,1,30,1320.04,0
1,0,35,1,743,9,5,1,5,1,1,55,18.78,0
10,0,44,3,3480,35,500,14,4,1,1,45,1337.875,0
0,0,40,1,6195,86,187,25,3,1,1,30,999.24,0
2,0,35,0,13353,157,0,38,3,1,1,30,540.4,0
0,0,37,0,275,4,0,1,2,1,2,25,12.555,0
10,0,40,2,8810,121,145,42,3,1,1,30,937.24,0
8,0,38,0,4370,71,5,17,3,1,1,30,197.64,0
5,0,37,1,11220,151,9,47,3,1,1,30,490.84,0
1,0,34,0,7328,119,373,38,2,1,1,25,2013.615,0
0,0,34,0,3413,76,0,26,2,1,1,25,157.005,0
22,0,23,3,6778,149,102,48,2,2,1,25,770.715,0
5,0,22,0,805,20,0,7,1,1,1,15,45.375,0
10,0,39,2,11580,159,9,46,4,1,1,45,315.975,0
1,0,32,0,6233,61,90,30,2,1,1,25,688.23,0
6,0,39,0,2228,56,362,26,2,1,1,25,1731.78,0
0,0,34,0,7088,115,345,37,2,1,1,25,1876.635,0
7,0,44,0,1180,26,15,14,3,1,2,30,108.24,0
0,0,34,0,10450,137,0,45,3,1,1,30,423.48,0
8,0,43,2,683,14,19,8,3,1,1,30,103.88,0
9,0,42,2,11465,160,19,48,4,1,1,45,338.125,0
0,0,13,1,1837,28,0,17,3,1,1,30,74.6,0
8,0,39,0,1833,49,0,19,3,1,2,30,75.28,0
0,0,11,1,4165,36,218,12,3,1,1,30,1040.04,0
13,0,35,1,15710,186,147,28,2,1,1,25,1376.82,0
6,0,35,2,6900,102,12,21,5,1,1,55,123.03,0
19,0,31,2,1065,34,22,11,3,1,1,30,131.96,0
7,0,10,1,4580,40,190,8,3,1,1,30,944.8,0
12,0,15,0,8932,171,73,40,4,1,1,45,410.075,0
1,0,30,1,1010,36,194,10,2,2,1,25,920.07,0
3,0,36,0,6385,80,154,22,3,1,1,30,874.6,0
8,0,37,0,1970,50,45,22,3,1,2,30,260.8,0
15,0,38,3,3685,69,203,40,2,1,1,25,1082.43,0
7,0,11,2,4695,46,222,12,3,1,1,30,1077.64,0
5,0,35,0,2148,54,352,22,2,1,1,25,1683.09,0
9,0,41,0,15440,186,158,34,2,1,1,25,1414.17,0
0,0,42,0,13,5,8,3,3,1,2,30,32.72,0
5,0,33,1,7553,123,376,39,2,1,1,25,2037.42,0
5,0,39,0,6205,82,172,13,3,1,1,30,939.48,0
8,0,41,1,3470,82,33,27,3,1,1,30,274.08,0
3,0,41,0,7463,131,392,47,2,1,1,25,2105.73,0
1,0,39,0,305,9,0,10,3,1,2,30,12.56,0
10,0,32,2,1953,47,47,74,5,1,1,55,100.5,0
3,0,37,0,3020,30,11,19,3,1,1,30,166.0,0
8,0,37,0,14178,174,1,42,3,1,1,30,578.08,0
20,0,25,2,15815,228,0,74,2,1,1,25,721.935,0
23,0,44,3,6383,114,48,32,3,1,1,30,451.88,0
0,0,37,0,2203,58,27,35,2,1,1,25,223.245,0
18,0,40,3,12480,171,26,49,4,1,1,45,381.275,0
3,0,24,0,3630,66,9,21,3,1,1,30,183.84,0
16,1,42,5,7530,132,293,41,3,2,1,30,1478.48,0
15,0,40,2,2873,72,398,30,3,1,1,30,1709.8,0
10,0,29,0,1180,36,27,17,2,1,1,25,176.22,0
2,0,31,0,11205,144,0,41,3,1,1,30,453.96,0
0,0,36,0,7318,127,409,45,3,1,1,30,1933.8,0
30,0,38,1,11340,109,29,59,5,1,1,55,215.235,0
1,0,36,0,5613,89,0,10,2,1,1,25,256.59,0
5,0,37,1,7753,130,386,43,3,1,1,30,1859.32,0
16,0,33,6,10015,81,0,36,4,1,1,45,252.4,0
11,0,24,0,1630,37,20,11,2,1,1,25,165.015,0
11,0,44,1,6178,105,22,18,3,1,1,30,339.32,0
0,0,24,0,1263,33,23,66,4,1,1,45,89.9,0
6,0,26,0,1758,40,39,71,4,1,1,45,142.45,0
0,0,38,0,0,0,0,0,2,1,2,25,0.0,0
1,0,25,0,1255,33,188,9,2,2,1,25,903.96,0
3,0,37,0,1115,19,14,6,2,1,2,25,114.03,0
12,0,34,5,9530,77,0,25,4,1,1,45,240.175,0
0,0,31,0,7248,117,369,37,2,1,1,25,1991.925,0
12,0,38,0,4388,67,10,38,1,1,1,15,300.025,0
11,0,38,1,3085,59,182,25,2,1,1,25,960.48,0
11,0,38,3,4623,98,30,45,3,1,1,30,308.84,0
7,0,39,1,13888,175,32,48,3,1,1,30,690.52,0
14,0,40,2,3145,62,187,27,2,1,1,25,985.815,0
22,0,36,2,15080,222,49,30,3,1,1,30,808.08,0
19,0,36,8,10245,92,0,39,5,2,1,55,155.055,0
12,0,40,3,3298,74,30,50,2,1,1,25,286.74,0
15,0,38,0,2643,60,334,22,2,1,1,25,1624.635,0
22,0,32,2,15950,240,4,83,2,1,1,25,746.55,0
17,0,42,1,2938,74,377,31,3,1,1,30,1628.48,0
14,0,24,0,1005,25,9,8,2,1,2,25,86.85,0
0,0,33,0,13288,155,0,37,3,1,1,30,537.72,0
14,0,29,0,815,30,8,6,3,1,2,30,65.8,0
14,0,20,1,8932,177,81,41,5,1,1,55,258.135,0
3,0,29,1,3305,63,18,27,3,1,1,30,206.72,0
2,0,32,0,15000,168,132,23,2,1,1,25,1276.56,0
6,0,14,0,8222,160,48,40,4,1,1,45,329.55,0
3,0,35,0,6413,69,101,35,2,1,1,25,746.19,0
0,0,35,0,1478,25,25,8,4,1,1,45,100.075,0
0,0,36,0,650,11,8,6,2,1,2,25,65.745,0
16,0,16,0,6278,135,53,38,1,2,1,15,644.215,0
4,0,40,1,11160,154,12,46,4,1,1,45,312.85,0
10,0,38,0,4198,66,1,35,1,1,1,15,240.02,0
16,0,38,2,5878,101,31,26,2,1,1,25,408.555,0
4,0,36,0,3280,75,16,23,2,1,1,25,222.975,0
6,0,38,0,1310,24,34,23,3,1,2,30,189.36,0
11,0,38,1,3775,82,32,28,3,1,1,30,282.28,0
8,0,17,0,8708,167,76,42,4,1,1,45,411.875,0
0,0,36,0,6798,116,359,43,2,1,1,25,1926.63,0
0,0,36,0,2790,21,476,6,3,1,1,30,2016.44,0
9,0,21,0,1145,30,9,9,2,1,1,25,93.375,0
10,0,33,1,2498,56,351,20,3,1,1,30,1506.16,0
0,0,34,0,5553,86,0,8,2,1,1,25,253.755,0
5,0,20,1,1400,22,14,2,2,1,1,25,126.99,0
6,0,37,1,3585,82,57,30,3,1,1,30,374.68,0
13,0,39,2,7023,81,115,39,2,1,1,25,837.18,0
0,0,23,0,553,22,0,66,4,1,1,45,14.375,0
8,0,39,1,3325,36,18,21,3,1,1,30,206.44,0
0,0,31,0,1825,5,0,12,3,1,1,30,73.2,0
2,0,36,0,1743,47,0,12,3,1,2,30,71.6,0
11,0,42,1,3730,86,40,32,3,1,1,30,312.64,0
0,0,24,0,1120,14,35,16,4,1,2,45,115.85,0
5,0,31,0,1710,40,30,16,3,1,2,30,190.0,0
0,0,20,0,2740,47,0,16,3,1,1,30,111.48,0
3,0,36,0,5858,92,2,10,2,1,1,25,276.75,0
7,0,40,2,3225,30,17,20,3,1,1,30,198.2,0
16,0,44,2,3345,69,197,31,2,1,1,25,1040.13,0
0,0,33,0,7143,118,372,39,2,1,1,25,2000.745,0
13,0,29,4,2220,52,221,28,3,2,1,30,974.88,0
0,0,32,0,0,0,0,0,5,1,1,55,0.0,0
3,0,39,1,935,17,5,13,2,1,1,25,65.34,0
15,0,17,1,9047,176,71,39,5,1,1,55,244.845,0
18,0,29,2,1590,41,31,17,2,1,1,25,212.895,0
0,0,35,0,1065,34,17,5,3,1,2,30,111.96,0
0,0,32,0,2780,19,0,12,3,1,1,30,111.96,0
30,0,33,4,16380,244,7,82,2,2,1,25,779.58,0
0,0,32,0,2008,50,0,27,1,1,1,15,113.19,0
10,0,37,0,2160,51,54,25,3,1,2,30,304.44,0
13,0,28,3,2473,55,58,85,5,1,1,55,124.92,0
6,0,38,1,1973,31,7,8,4,1,1,45,67.6,0
0,0,32,0,2535,16,0,12,3,1,1,30,102.04,0
10,0,34,5,7565,126,292,48,2,2,1,25,1660.095,0
0,0,35,0,1973,46,0,27,1,1,1,15,111.045,0
7,0,40,2,3210,32,481,7,3,1,1,30,2053.68,0
6,0,39,2,2088,37,39,12,4,1,1,45,150.625,0
7,0,14,0,8743,171,98,42,5,1,1,55,280.71,0
3,0,33,1,6785,97,14,22,5,1,1,55,124.23,0
6,0,37,2,1048,15,12,2,5,1,1,55,33.945,0
2,0,40,0,3673,86,10,32,2,1,1,25,214.155,0
5,0,24,0,305,6,18,2,4,1,2,45,52.775,0
11,0,40,0,15665,190,161,35,2,1,1,25,1437.975,0
6,0,36,1,3145,28,7,16,3,1,1,30,154.92,0
25,0,36,10,11035,103,22,57,5,2,1,55,200.07,0
0,0,34,0,2240,12,0,4,3,1,1,30,90.08,0
0,0,34,0,2650,21,0,11,3,1,1,30,106.84,0
14,0,40,2,3835,85,37,30,3,2,1,30,304.8,0
4,0,26,0,1200,30,161,7,2,2,1,25,779.85,0
5,0,31,0,2193,50,344,18,2,1,1,25,1648.935,0
15,0,26,0,1415,32,7,11,2,1,1,25,96.615,0
15,0,39,2,7213,82,124,42,2,1,1,25,886.275,0
6,0,36,0,3470,76,25,26,2,1,1,25,272.07,0
0,0,27,0,6400,89,0,16,4,1,1,45,162.225,0
0,0,29,0,1405,34,23,14,3,1,2,30,149.56,0
8,0,16,3,2853,45,31,19,3,2,1,30,239.92,0
1,0,36,0,2300,36,280,16,3,1,1,30,1213.44,0
0,0,34,0,1363,19,0,4,3,1,1,30,55.28,0
9,1,41,0,2050,52,55,26,4,1,2,45,190.05,0
15,1,44,0,2623,62,25,23,3,1,2,30,207.4,0
0,0,18,0,1450,23,26,14,2,1,1,25,183.285,0
10,0,37,2,4640,81,7,22,3,1,1,30,216.84,0
18,0,21,2,9318,179,90,46,5,1,1,55,277.455,0
0,0,28,0,1360,32,23,17,3,1,2,30,147.68,0
3,0,36,0,3703,59,0,30,2,1,1,25,169.29,0
0,0,39,0,73,2,5,4,2,1,1,25,25.875,0
17,0,36,6,9835,83,0,27,4,1,1,45,247.95,0
9,0,39,3,7170,105,31,28,5,1,1,55,155.625,0
5,0,27,0,1015,10,7,2,4,1,2,45,43.125,0
10,0,37,0,4083,60,0,31,1,1,1,15,227.865,0
0,0,21,0,1083,25,12,61,4,1,1,45,57.7,0
20,0,41,2,6303,112,44,31,2,1,1,25,486.675,0
9,0,40,1,5978,98,12,14,3,1,1,30,291.04,0
7,0,23,0,1873,39,29,69,4,1,1,45,120.3,0
10,0,37,1,6908,76,117,40,2,1,1,25,840.78,0
13,0,27,1,1285,35,24,15,2,1,1,25,167.4,0
2,0,37,0,1065,15,9,14,2,1,2,25,89.1,0
3,0,39,0,2475,53,176,22,2,1,1,25,905.76,0
8,0,39,2,7045,107,29,28,5,1,1,55,150.78,0
0,0,35,0,7393,122,386,44,2,1,1,25,2075.175,0
9,0,41,1,4695,91,13,30,3,1,1,30,243.44,0
3,0,35,0,4123,87,3,26,2,1,1,25,202.95,0
0,0,15,0,680,9,0,12,2,1,1,25,31.005,0
4,0,33,0,5918,89,0,11,2,1,1,25,270.315,0
15,0,42,2,14138,178,12,48,3,1,1,30,620.64,0
20,0,39,3,9610,128,160,48,3,1,1,30,1029.52,0
10,0,25,0,1225,32,19,13,2,1,1,25,142.065,0
29,1,40,10,10800,102,13,46,5,2,1,55,183.03,0
2,0,34,0,2313,56,0,29,1,1,1,15,130.295,0
14,0,31,7,9950,79,0,35,4,1,1,45,250.725,0
13,0,40,1,4675,77,12,19,3,1,1,30,238.08,0
0,0,37,0,2535,22,1,13,3,1,1,30,106.28,0
3,0,34,0,2720,50,170,21,2,1,1,25,889.65,0
10,0,10,0,8932,165,65,39,4,1,1,45,389.925,0
11,0,37,3,7150,106,26,26,5,1,1,55,147.84,0
5,0,33,0,13773,163,0,43,3,1,1,30,557.44,0
0,0,26,0,0,0,0,0,4,1,2,45,0.0,0
3,0,37,0,7508,127,384,43,2,1,1,25,2071.575,0
9,0,34,0,2283,50,7,13,3,1,2,30,121.32,0
4,0,41,2,6580,88,196,30,3,1,1,30,1050.72,0
1,0,5,0,4310,38,205,6,3,1,1,30,993.92,0
0,0,36,0,405,8,6,6,2,1,2,25,45.585,0
10,0,12,0,8753,163,62,35,4,1,1,45,377.9,0
0,0,30,0,13208,153,0,36,3,1,1,30,534.44,0
21,0,19,2,6698,147,92,44,2,2,1,25,722.025,0
1,0,40,0,1623,29,8,10,3,1,1,30,98.08,0
8,0,40,1,2698,64,9,35,2,1,1,25,164.79,0
16,0,42,2,4735,80,17,21,3,1,1,30,260.6,0
4,0,31,3,6785,108,260,28,2,2,1,25,1480.185,0
12,0,36,1,15610,180,146,27,2,1,1,25,1367.55,0
0,0,3,0,4085,28,200,7,2,1,1,25,1085.085,0
23,0,33,2,15140,219,46,31,3,1,1,30,798.36,0
1,0,32,0,3638,80,0,24,2,1,1,25,167.31,0
9,0,27,0,1758,39,7,66,4,1,1,45,62.425,0
0,0,31,1,5950,99,239,31,2,2,1,25,1347.705,0
7,0,44,0,970,24,28,14,3,1,2,30,151.76,0
5,0,32,0,11465,148,3,46,3,1,1,30,476.52,0
11,0,41,3,6865,95,198,30,3,1,1,30,1070.4,0
4,0,33,0,2600,45,164,18,2,1,1,25,857.025,0
23,0,36,8,10625,94,10,45,5,1,1,55,175.785,0
5,0,39,0,563,8,9,4,3,1,2,30,58.84,0
15,0,27,1,1530,38,26,15,2,1,1,25,187.56,0
17,0,39,1,2948,67,375,29,3,1,1,30,1620.6,0
13,0,39,0,4560,71,7,15,2,1,1,25,239.895,0
9,0,40,1,2665,45,292,20,3,1,1,30,1276.4,0
0,0,6,1,4210,32,204,5,3,1,1,30,985.68,0
0,0,32,0,7023,113,366,36,2,1,1,25,1968.12,0
0,0,37,0,685,13,0,8,2,1,2,25,31.41,0
0,0,7,0,4085,34,208,8,3,1,1,30,996.76,0
1,0,38,0,723,10,8,2,2,1,2,25,68.985,0
3,0,38,2,398,7,9,4,5,1,1,55,19.575,0
0,0,33,0,5433,81,0,5,2,1,1,25,248.13,0
0,0,28,0,2920,61,9,22,3,1,1,30,155.24,0
3,0,36,0,4065,65,0,15,2,1,1,25,185.85,0
5,0,34,2,3440,32,21,29,3,1,1,30,222.88,0
0,0,38,0,110,4,0,1,2,1,2,25,5.13,0
1,0,35,0,2213,50,0,28,1,1,1,15,124.465,0
8,0,37,3,7145,124,282,38,2,2,1,25,1596.105,0
16,0,40,0,2733,61,24,22,3,1,2,30,207.76,0
18,0,41,2,2818,69,371,28,3,1,1,30,1599.48,0
20,0,30,3,15885,238,25,82,2,1,1,25,838.035,0
0,0,40,0,0,0,0,0,3,1,2,30,0.0,0
7,0,29,0,475,21,13,9,2,1,2,25,80.82,0
28,0,40,4,15200,228,59,34,3,1,1,30,853.12,0
16,0,38,1,3163,71,367,24,3,1,1,30,1597.36,0
3,0,23,0,1130,10,20,4,4,1,2,45,78.5,0
12,0,40,0,3480,78,18,15,3,1,1,30,214.32,0
19,0,32,1,14755,217,37,26,3,1,1,30,746.88,0
20,0,32,7,10355,91,0,38,4,1,1,45,261.15,0
10,0,29,2,3590,70,20,27,3,1,1,30,226.4,0
23,0,39,8,10615,101,12,47,5,1,1,55,178.74,0
7,0,41,0,1130,26,52,14,3,1,2,30,254.24,0
24,0,39,3,14735,220,36,34,3,1,1,30,742.2,0
8,0,34,1,6975,97,7,20,4,1,1,45,194.3,0
11,0,39,2,6833,80,106,36,2,1,1,25,788.085,0
7,0,38,1,4515,83,2,25,3,1,1,30,191.92,0
3,0,17,0,2100,31,29,12,2,1,1,25,226.395,0
0,0,20,0,1010,24,178,8,2,2,1,25,847.53,0
5,0,38,0,13583,168,0,41,3,1,1,30,550.04,0
16,0,44,2,4035,92,47,34,3,1,1,30,353.08,0
0,0,37,0,520,14,38,10,3,1,2,30,173.36,0
6,0,29,0,1748,47,41,73,4,1,1,45,147.375,0
0,0,33,0,1360,38,31,18,3,1,2,30,179.92,0
13,0,14,0,9337,176,74,38,4,1,1,45,422.825,0
2,0,26,0,1378,38,21,65,4,1,1,45,87.9,0
11,0,27,0,700,25,10,7,2,1,2,25,77.625,0
0,0,26,0,968,29,9,53,4,1,1,45,47.425,0
3,0,27,0,1163,34,12,70,4,1,1,45,59.925,0
0,0,29,0,6153,59,86,29,2,1,1,25,666.54,0
14,1,17,1,6148,138,83,42,1,2,1,15,802.23,0
4,0,38,0,900,15,22,11,3,1,2,30,124.6,0
15,0,40,2,9295,129,155,48,3,1,1,30,996.96,0
2,0,38,0,710,14,13,8,3,1,2,30,80.96,0
0,0,30,0,3633,50,0,27,1,1,1,15,202.565,0
2,0,36,0,3718,82,2,28,2,1,1,25,180.0,0
11,0,37,3,12065,164,32,62,4,1,1,45,385.725,0
2,0,7,0,8368,155,51,32,4,1,1,45,340.575,0
18,0,40,2,4270,89,48,33,3,1,1,30,366.36,0
0,0,32,0,1975,31,268,12,3,1,1,30,1152.24,0
0,0,16,0,1390,20,21,12,2,1,1,25,157.95,0
2,0,36,0,2870,66,4,11,2,1,1,25,150.12,0
13,0,38,1,6908,75,83,35,2,1,1,25,687.735,0
2,0,32,0,3985,63,0,11,2,1,1,25,182.16,0
4,0,31,0,2068,52,342,18,2,1,1,25,1634.4,0
4,0,38,1,1728,28,5,8,4,1,1,45,56.4,0
11,0,42,1,15485,188,158,31,2,1,1,25,1416.285,0
7,0,40,0,2148,60,360,23,3,1,1,30,1528.32,0
9,0,37,1,11710,157,13,47,4,1,1,45,329.175,0
16,0,39,1,15980,189,166,35,2,1,1,25,1474.605,0
16,0,40,2,4080,88,39,30,3,1,1,30,322.72,0
22,0,29,2,16015,235,0,78,2,1,1,25,731.25,0
9,0,27,0,455,22,8,7,2,1,1,25,57.465,0
19,0,30,2,15365,227,0,80,2,1,1,25,701.64,0
23,0,41,9,10435,99,9,43,5,2,1,55,171.51,0
5,0,39,0,15260,178,153,32,2,1,1,25,1383.21,0
0,0,38,0,1793,48,0,18,1,1,1,15,101.255,0
9,0,40,2,3400,33,490,10,3,1,1,30,2097.32,0
26,0,25,3,6958,157,107,50,2,2,1,25,801.675,0
1,0,12,0,7917,154,41,38,4,1,1,45,304.275,0
6,0,30,3,7010,112,263,29,2,2,1,25,1503.99,0
0,0,35,0,12758,152,0,42,3,1,1,30,516.4,0
0,0,26,1,6400,100,249,25,2,2,1,25,1413.0,0
8,0,19,1,2405,37,36,14,2,1,1,25,271.89,0
14,0,39,1,15790,188,157,32,2,1,1,25,1425.51,0
24,0,35,9,10560,91,7,39,5,1,1,55,170.265,0
20,0,28,1,15655,226,0,74,2,1,1,25,714.645,0
9,0,39,0,2550,39,260,16,3,1,1,30,1143.56,0
3,0,39,1,2690,22,465,10,3,1,1,30,1968.48,0
11,0,27,1,930,28,7,2,2,1,1,25,74.61,0
12,0,37,0,2643,61,368,27,3,1,1,30,1580.16,0
4,0,27,1,1315,36,193,11,2,2,1,25,929.295,0
11,0,38,1,3085,59,182,25,2,1,1,25,960.48,0
2,0,38,1,2905,26,474,5,3,1,1,30,2013.24,0
14,0,29,1,760,28,15,9,3,1,1,30,91.52,0
5,0,41,0,623,11,14,6,3,1,2,30,81.36,0
7,0,40,1,3550,78,35,30,3,1,1,30,285.12,0
11,0,39,0,2158,56,345,11,3,1,1,30,1468.56,0
7,0,39,0,900,14,7,6,2,1,2,25,72.63,0
3,0,34,0,3410,73,20,24,2,1,1,25,246.735,0
13,0,40,1,5773,102,34,28,2,1,1,25,417.375,0
0,0,33,0,795,12,0,7,2,1,2,25,36.315,0
2,0,38,0,5318,85,0,15,2,1,1,25,243.135,0
0,0,30,0,6365,85,0,16,4,1,1,45,161.25,0
8,0,40,0,13478,165,7,31,3,1,1,30,573.72,0
1,0,41,0,2055,39,286,17,3,1,1,30,1227.76,0
0,0,19,0,750,20,171,3,2,2,1,25,804.15,0
2,0,35,1,7803,131,398,56,2,1,1,25,2148.03,0
13,0,43,0,2230,60,60,28,4,1,2,45,207.25,0
9,0,35,0,6223,95,6,13,2,1,1,25,311.31,0
10,0,25,0,995,29,24,20,2,1,2,25,154.08,0
0,0,40,0,485,10,16,10,2,1,2,25,94.275,0
0,0,38,0,750,16,4,14,2,1,2,25,52.47,0
5,0,38,0,955,17,15,8,3,1,2,30,98.88,0
0,0,12,1,2488,36,19,15,3,1,1,30,176.96,0
9,0,23,1,1520,36,33,26,2,1,1,25,218.52,0
7,0,25,1,1693,37,26,65,5,1,1,55,64.95,0
10,0,38,0,4198,66,1,35,1,1,1,15,240.02,0
6,0,33,0,4370,65,0,16,2,1,1,25,199.575,0
5,0,30,2,6885,114,261,29,2,2,1,25,1489.455,0
0,0,36,1,0,0,0,0,5,1,1,55,0.0,0
5,0,28,0,1130,16,28,5,4,1,2,45,98.65,0
0,0,34,0,1995,30,273,14,3,1,1,30,1173.0,0
16,0,39,1,3965,82,7,26,3,1,1,30,189.88,0
16,0,13,1,6438,137,77,38,2,2,1,25,642.375,0
3,0,40,1,4290,79,5,27,3,1,1,30,194.76,0
0,0,35,0,6195,80,179,24,3,1,1,30,967.0,0
12,0,42,2,2725,48,297,22,4,1,1,45,811.825,0
20,0,36,2,14835,219,47,30,3,1,1,30,790.16,0
0,0,34,0,345,5,1,4,2,1,2,25,20.25,0
3,0,20,0,740,18,1,6,2,1,1,25,38.61,0
11,0,40,0,3903,62,7,22,1,1,1,15,256.575,0
12,1,35,4,7675,127,279,33,3,2,1,30,1428.08,0
0,0,23,0,3165,58,3,21,3,1,1,30,140.92,0
9,0,29,2,1620,42,200,13,3,2,1,30,866.48,0
14,0,39,1,5080,82,30,17,3,1,1,30,326.48,0
0,0,38,0,520,13,4,5,3,1,2,30,37.32,0
17,0,37,5,7980,133,286,35,3,2,1,30,1468.52,0
13,0,36,1,2578,58,355,21,3,1,1,30,1525.44,0
14,0,43,1,15745,192,165,36,2,1,1,25,1459.665,0
4,0,36,1,2900,25,5,16,3,1,1,30,137.0,0
17,0,30,1,1710,46,37,20,2,1,1,25,245.52,0
18,0,20,1,6573,149,96,47,2,2,1,25,734.49,0
15,0,36,1,6063,101,28,24,2,1,1,25,403.38,0
7,0,33,0,1130,22,36,6,4,1,2,45,118.8,0
14,0,18,0,9113,179,84,45,4,1,1,45,442.3,0
0,0,29,0,5935,70,164,18,3,1,1,30,896.2,0
5,0,35,0,6490,93,7,9,5,1,1,55,109.245,0
11,0,37,0,4603,71,2,33,1,1,1,15,268.07,0
16,0,18,2,6508,147,117,46,2,2,1,25,825.975,0
12,0,40,2,4820,89,9,27,3,1,1,30,232.36,0
6,0,9,0,8548,163,56,34,4,1,1,45,357.775,0
1,0,30,0,6413,63,93,34,2,1,1,25,709.92,0
16,0,40,2,4080,88,39,30,3,1,1,30,322.72,0
1,0,7,2,4685,44,229,23,3,1,1,30,1105.16,0
3,0,35,0,1665,44,38,20,3,1,2,30,220.36,0
18,0,40,4,9535,133,183,49,3,1,1,30,1118.72,0
7,0,27,1,3530,67,15,25,3,1,1,30,203.88,0
9,0,30,3,1735,48,232,17,3,2,1,30,999.32,0
0,0,35,0,5813,59,80,20,2,1,1,25,624.24,0
6,0,26,1,1813,42,32,68,4,1,1,45,126.375,0
6,0,37,1,2518,56,7,30,2,1,1,25,147.33,0
7,0,28,0,920,32,20,12,2,1,1,25,132.84,0
3,0,34,0,3030,23,9,17,3,1,1,30,158.12,0
23,0,35,3,14960,217,43,27,3,1,1,30,779.08,0
0,0,35,0,1170,18,14,24,2,1,2,25,116.46,0
3,0,39,1,2840,28,8,15,3,1,1,30,146.72,0
0,0,36,0,760,8,0,7,2,1,2,25,34.56,0
6,0,35,0,15425,179,145,28,2,1,1,25,1354.68,0
0,0,35,0,530,6,2,3,3,1,2,30,29.44,0
0,0,33,0,2650,22,25,16,3,1,1,30,206.88,0
11,0,36,4,7270,122,278,35,3,2,1,30,1407.68,0
7,0,28,1,1628,42,35,70,4,1,1,45,129.25,0
0,0,34,0,0,0,0,0,5,1,1,55,0.0,0
8,0,33,0,4198,60,0,34,1,1,1,15,234.19,0
15,0,14,1,9058,169,69,37,5,1,1,55,241.905,0
0,0,32,1,6595,97,39,24,5,1,1,55,158.88,0
9,0,38,0,2238,54,8,17,3,1,2,30,123.68,0
5,0,14,1,1740,22,20,10,2,1,1,25,169.29,0
11,1,40,4,7225,126,286,39,3,2,1,30,1438.04,0
0,0,35,0,570,8,0,9,2,1,2,25,26.01,0
0,0,22,0,0,0,9,0,4,1,2,45,22.5,0
8,0,28,0,575,27,14,10,2,1,2,25,90.09,0
9,0,32,2,3530,73,23,26,4,1,1,45,147.575,0
17,0,32,2,1530,44,34,16,2,1,1,25,223.83,0
12,0,39,1,4705,83,7,23,3,1,1,30,219.52,0
1,0,33,0,2360,41,136,17,2,1,1,25,720.045,0
6,0,40,0,1028,16,15,4,3,1,2,30,101.76,0
15,0,37,2,9360,124,146,43,3,1,1,30,963.36,0
22,0,18,2,7102,152,93,42,2,2,1,25,744.93,0
16,0,15,2,9533,181,94,55,5,1,1,55,286.71,0
15,0,36,1,4000,86,29,26,3,1,1,30,279.44,0
0,0,34,0,0,0,0,0,5,1,1,55,0.0,0
0,0,30,0,3458,72,0,22,2,1,1,25,158.85,0
0,0,37,0,5900,76,165,11,3,1,1,30,899.04,0
2,0,13,1,4345,44,223,14,3,1,1,30,1067.56,0
3,0,37,1,6500,86,186,26,3,1,1,30,1007.44,0
19,0,41,2,5385,88,37,19,3,1,1,30,366.92,0
5,0,28,0,1130,16,28,5,4,1,2,45,98.65,0
12,0,39,3,8413,143,412,60,3,1,1,30,1990.24,0
0,0,34,0,3223,75,0,23,2,1,1,25,148.41,0
2,0,35,0,11160,148,4,45,3,1,1,30,468.32,0
6,0,41,0,2540,47,296,23,3,1,1,30,1287.48,0
13,0,21,2,2710,43,43,16,3,1,1,30,282.12,0
25,0,42,3,15095,229,62,36,3,1,1,30,860.96,0
0,0,35,0,3528,82,27,30,3,1,1,30,252.4,0
8,0,39,1,4485,77,37,21,3,1,1,30,330.48,0
14,0,35,3,1880,52,215,19,3,2,1,30,937.28,0
8,0,41,1,2153,39,18,13,4,1,1,45,99.8,0
11,0,36,2,6843,73,104,34,2,1,1,25,779.22,0
9,0,43,3,6885,94,203,32,3,1,1,30,1091.16,0
5,0,40,0,825,19,11,7,3,1,2,30,77.76,0
13,0,37,2,9115,121,144,43,3,1,1,30,945.44,0
14,0,34,7,9940,86,0,37,4,1,1,45,250.65,0
5,0,28,0,1130,16,28,5,4,1,2,45,98.65,0
7,0,38,0,13773,169,0,44,3,1,1,30,557.68,0
5,0,23,0,920,26,12,11,2,1,1,25,96.57,0
11,0,45,2,2665,51,300,21,4,1,1,45,817.9,0
12,0,15,0,8932,171,73,40,4,1,1,45,410.075,0
0,0,33,0,1248,13,0,3,3,1,1,30,50.44,0
11,0,42,1,4278,68,11,39,1,1,1,15,299.53,0
20,0,43,3,6123,110,41,27,3,1,1,30,413.32,0
3,0,34,2,6900,103,46,26,5,1,1,55,174.045,0
0,0,32,0,10980,140,0,40,3,1,1,30,444.8,0
8,0,38,0,4008,65,0,32,1,1,1,15,224.015,0
21,0,40,3,14915,221,57,34,3,1,1,30,833.44,0
18,0,16,1,9642,182,81,40,5,1,1,55,268.86,0
10,0,36,2,3380,63,196,38,2,1,1,25,1036.935,0
7,0,39,2,4630,89,34,29,3,1,1,30,324.76,0
0,0,26,0,580,7,19,3,4,1,1,45,62.175,0
1,0,37,0,7263,124,382,43,2,1,1,25,2051.415,0
21,0,38,1,14540,215,33,17,3,1,1,30,722.2,0
25,0,30,2,15960,232,0,76,2,1,1,25,728.64,0
5,0,38,0,1065,14,7,9,2,1,2,25,80.055,0
4,0,34,0,15065,170,111,24,2,1,1,25,1185.075,0
25,0,38,3,15140,225,54,32,3,1,1,30,830.6,0
0,0,34,0,4005,62,0,13,2,1,1,25,183.015,0
15,0,23,5,3157,57,46,22,4,1,1,45,195.35,0
0,0,35,0,815,11,0,9,2,1,2,25,37.17,0
9,0,27,0,510,24,1,4,2,1,2,25,28.53,0
17,0,45,2,4503,78,16,38,1,1,1,15,339.955,0
0,0,31,0,5613,83,0,9,2,1,1,25,256.32,0
5,0,38,2,6785,103,22,23,5,1,1,55,136.32,0
0,0,35,0,7448,124,379,41,2,1,1,25,2046.24,0
6,0,38,0,2550,40,294,21,3,1,1,30,1279.6,0
4,0,38,1,1783,30,0,5,4,1,1,45,45.325,0
2,0,35,0,3603,76,0,24,2,1,1,25,165.555,0
5,0,40,0,7688,135,395,48,2,1,1,25,2129.535,0
15,0,39,0,4388,66,7,33,1,1,1,15,283.47,0
12,0,15,0,8933,171,73,40,4,1,1,45,410.1,0
0,0,26,0,825,10,21,3,4,1,2,45,73.375,0
19,0,31,7,10435,87,0,41,4,1,1,45,263.05,0
0,0,39,0,7283,123,387,45,2,1,1,25,2074.77,0
3,0,38,0,2393,58,2,33,1,1,1,15,145.805,0
7,0,15,0,5488,125,57,25,1,2,1,15,622.215,0
13,0,36,0,2463,58,7,15,3,1,2,30,128.84,0
2,0,38,1,6095,81,168,28,3,1,1,30,919.04,0
7,0,31,0,1310,24,39,10,4,1,2,45,130.85,0
8,0,41,1,2780,59,183,24,2,1,1,25,951.255,0
0,0,35,0,6385,81,188,27,3,1,1,30,1010.64,0
20,0,45,2,3018,76,381,32,3,1,1,30,1647.76,0
5,0,40,0,415,10,7,2,3,1,2,30,45.0,0
19,0,46,0,2803,70,30,25,4,1,2,45,146.825,0
16,0,20,5,3218,54,43,23,3,2,1,30,302.88,0
0,0,9,1,4145,37,213,10,3,1,1,30,1019.28,0
13,0,37,2,5933,104,58,28,3,1,1,30,473.48,0
11,0,40,1,4430,74,10,19,3,1,1,30,220.16,0
16,0,39,1,4908,77,9,35,1,1,1,15,323.675,0
0,0,33,0,0,0,0,0,4,1,1,45,0.0,0
14,0,29,6,10130,81,0,39,4,1,1,45,255.275,0
27,0,36,4,16075,244,8,81,2,1,1,25,770.355,0
1,0,37,1,6255,83,184,26,3,1,1,30,989.52,0
0,0,33,0,510,5,0,7,2,1,2,25,23.175,0
5,0,37,0,2765,44,286,16,3,1,1,30,1256.36,0
8,0,37,1,6718,75,108,37,2,1,1,25,791.685,0
5,0,40,0,305,6,7,2,2,1,2,25,45.495,0
16,0,40,4,5420,99,30,42,3,1,1,30,340.76,0
3,0,37,0,7508,127,384,43,2,1,1,25,2071.575,0
8,0,34,3,7155,117,280,36,2,2,1,25,1587.24,0
2,0,36,0,3718,82,2,28,2,1,1,25,180.0,0
19,0,40,3,7733,92,123,39,2,1,1,25,905.625,0
18,0,43,2,4260,96,50,35,3,1,1,30,374.24,0
1,0,36,0,10755,143,0,47,3,1,1,30,435.92,0
0,0,19,0,520,4,6,2,4,1,2,45,28.1,0
8,0,30,0,395,25,11,6,3,1,2,30,60.8,0
2,0,36,0,2180,43,154,8,2,1,1,25,793.035,0
8,0,36,0,3660,77,34,29,2,1,1,25,321.165,0
6,0,36,1,3145,28,7,16,3,1,1,30,154.92,0
15,0,13,0,6313,139,75,38,1,2,1,15,767.36,0
4,0,29,2,6965,110,263,32,2,2,1,25,1501.875,0
4,0,39,0,4390,85,6,28,3,1,1,30,203.0,0
9,0,35,1,2905,51,171,20,2,1,1,25,902.52,0
4,0,42,1,2473,60,12,37,2,1,1,25,167.985,0
0,0,32,0,1245,32,0,14,3,1,2,30,51.08,0
1,0,33,0,2725,16,0,10,3,1,1,30,109.64,0
30,0,32,3,16265,238,7,78,2,1,1,25,774.135,0
2,0,38,0,7103,122,366,45,3,1,1,30,1753.0,0
12,0,19,0,8888,175,81,44,4,1,1,45,429.075,0
3,0,38,1,7623,133,416,47,3,1,1,30,1974.24,0
0,0,36,0,13278,162,0,39,3,1,1,30,537.6,0
0,0,30,0,570,2,0,8,2,1,2,25,25.74,0
0,0,35,0,6195,80,179,24,3,1,1,30,967.0,0
0,0,36,0,2055,33,278,16,3,1,1,30,1195.52,0
3,0,33,1,6785,97,14,22,5,1,1,55,124.23,0
26,0,38,9,10740,99,8,44,5,2,1,55,174.585,0
12,0,31,0,780,27,20,11,3,1,2,30,112.28,0
2,0,26,0,1323,36,28,68,4,1,1,45,103.975,0
10,0,25,0,1225,32,19,13,2,1,1,25,142.065,0
4,0,37,0,2245,33,253,14,3,1,1,30,1103.12,0
4,0,37,2,6865,99,24,26,5,1,1,55,140.46,0
0,0,33,0,0,0,0,0,2,1,2,25,0.0,0
5,0,17,1,1820,24,24,11,3,1,1,30,169.76,0
9,0,45,0,1015,26,28,11,3,1,2,30,153.64,0
1,0,36,0,5613,89,0,10,2,1,1,25,256.59,0
20,0,41,0,3253,71,23,19,4,1,2,45,140.6,0
7,0,38,1,6313,70,90,39,2,1,1,25,692.235,0
12,0,39,4,7405,102,214,43,3,1,1,30,1156.28,0
0,0,35,0,7203,121,377,41,2,1,1,25,2026.08,0
13,0,38,1,4020,85,34,28,3,1,1,30,300.2,0
0,0,27,0,3000,57,11,25,3,1,1,30,166.28,0
6,0,38,1,1973,31,7,8,4,1,1,45,67.6,0
8,0,15,0,8333,161,52,25,4,1,1,45,342.35,0
9,0,38,0,13963,170,9,47,3,1,1,30,601.32,0
5,0,27,1,3340,66,6,22,3,1,1,30,160.24,0
4,0,31,0,3145,22,0,15,3,1,1,30,126.68,0
2,0,36,1,2688,62,16,46,1,1,1,15,239.25,0
7,0,38,1,4515,83,2,25,3,1,1,30,191.92,0
6,0,11,2,2852,39,23,18,3,1,1,30,207.64,0
0,0,30,0,2760,20,0,10,3,1,1,30,111.2,0
9,0,41,1,4203,96,20,35,3,1,1,30,251.96,0
12,0,40,2,4820,89,9,27,3,1,1,30,232.36,0
0,0,34,0,3413,76,0,26,2,1,1,25,157.005,0
0,0,22,0,2805,49,0,17,3,1,1,30,114.16,0
15,0,18,4,3347,52,47,24,3,1,1,30,323.96,0
16,0,17,1,6392,141,85,42,2,2,1,25,676.485,0
7,0,37,2,8108,137,405,58,3,1,1,30,1949.8,0
3,0,38,0,2393,58,2,33,1,1,1,15,145.805,0
6,0,36,1,3145,28,7,16,3,1,1,30,154.92,0
7,0,37,0,3908,82,7,26,2,1,1,25,211.05,0
4,0,25,0,1453,33,0,64,4,1,1,45,37.15,0
14,0,44,3,11770,166,26,50,4,1,1,45,363.4,0
0,0,34,0,13408,160,0,40,3,1,1,30,542.72,0
0,0,38,0,6375,88,190,29,3,1,1,30,1018.52,0
13,0,34,0,2758,60,358,25,2,1,1,25,1737.81,0
8,0,39,2,6805,92,193,28,3,1,1,30,1047.88,0
8,0,42,0,4325,75,13,21,3,1,1,30,228.0,0
6,0,39,1,4110,78,0,27,3,1,1,30,167.52,0
5,0,37,0,4008,66,26,37,1,1,1,15,367.07,0
7,0,42,1,5998,97,17,16,3,1,1,30,311.8,0
0,0,36,0,2278,53,4,34,1,1,1,15,150.205,0
4,0,38,0,2360,39,285,18,3,1,1,30,1235.96,0
12,0,40,2,4820,89,9,27,3,1,1,30,232.36,0
4,0,36,0,7913,132,385,41,2,1,1,25,2094.525,0
3,0,37,3,6660,116,272,32,2,2,1,25,1528.92,0
10,0,38,1,4615,74,7,17,3,1,1,30,215.56,0
5,0,11,2,4450,43,220,12,3,1,1,30,1059.72,0
14,0,40,2,8523,144,399,45,3,1,1,30,1942.68,0
22,1,39,5,10020,137,172,60,3,1,1,30,1094.28,0
15,0,44,1,4458,76,16,41,1,1,1,15,337.37,0
7,0,36,0,4138,63,0,33,1,1,1,15,231.055,0
13,0,18,0,6268,143,89,45,1,2,1,15,842.105,0
0,0,26,0,3100,63,12,26,3,1,1,30,174.52,0
0,0,8,1,4200,40,240,12,3,1,1,30,1129.6,0
3,0,36,0,1780,50,70,24,4,1,2,45,220.75,0
7,0,12,0,8513,159,34,34,4,1,1,45,301.8,0
5,0,41,0,623,11,14,6,3,1,2,30,81.36,0
8,0,35,0,4018,58,0,30,1,1,1,15,224.18,0
0,0,34,0,2028,49,0,29,1,1,1,15,114.235,0
17,0,44,3,4160,90,49,34,3,1,1,30,366.0,0
7,0,35,1,3400,27,482,9,3,1,1,30,2065.08,0
0,0,33,0,0,0,0,0,4,1,1,45,0.0,0
0,0,36,0,2055,33,278,16,3,1,1,30,1195.52,0
14,0,38,0,2680,61,53,22,4,1,2,45,201.025,0
14,0,37,2,3053,70,380,39,3,1,1,30,1644.92,0
5,0,37,0,305,6,7,2,3,1,2,30,40.44,0
9,0,34,2,7495,108,22,22,5,1,1,55,147.045,0
30,0,40,4,15445,231,61,34,3,1,1,30,871.04,0
21,0,35,7,10320,87,0,38,4,2,1,45,260.175,0
12,0,33,2,3790,77,30,31,4,1,1,45,171.675,0
11,0,45,3,3400,39,498,11,4,1,1,45,1330.975,0
0,0,34,0,2285,46,159,18,2,1,1,25,820.395,0
30,0,44,4,15400,235,69,38,3,1,1,30,901.4,0
1,0,33,3,6775,116,296,35,2,2,1,25,1642.095,0
1,0,28,0,1190,38,197,14,2,2,1,25,941.76,0
10,0,13,3,4755,49,227,14,3,1,1,30,1100.16,0
0,0,34,0,6493,110,352,41,2,1,1,25,1881.135,0
10,0,36,2,11590,152,7,44,4,1,1,45,311.05,0
3,0,30,0,2148,48,344,21,2,1,1,25,1646.82,0
11,0,26,0,585,19,0,3,2,1,2,25,27.18,0
12,0,44,2,4283,98,24,36,3,1,1,30,271.24,0
11,0,11,4,5295,56,243,27,3,2,1,30,1186.04,0
0,0,35,0,3500,66,0,23,3,1,1,30,142.64,0
8,0,27,3,1915,46,214,26,2,2,1,25,1051.245,0
0,0,18,0,2920,49,0,20,3,1,1,30,118.76,0
3,0,32,2,6850,111,273,34,2,2,1,25,1541.745,0
9,0,13,0,8873,168,68,38,4,1,1,45,396.025,0
5,0,32,4,7260,120,285,46,2,2,1,25,1614.6,0
0,0,32,0,650,27,6,18,3,1,2,30,51.08,0
0,0,29,0,6943,111,362,35,2,1,1,25,1946.43,0
15,0,43,1,4855,85,23,24,3,1,1,30,289.6,0
12,1,40,0,2353,59,6,16,3,1,2,30,120.48,0
9,0,38,1,4705,84,11,28,3,1,1,30,235.56,0
0,0,16,0,1200,19,12,9,2,1,1,25,108.855,0
12,0,37,0,2363,52,7,14,3,1,2,30,124.6,0
4,0,39,0,1745,46,48,24,3,1,2,30,263.64,0
6,0,16,3,2608,42,29,19,3,1,1,30,222.0,0
7,0,37,0,13658,163,0,40,3,1,1,30,552.84,0
8,0,30,2,1190,19,33,7,4,1,1,45,112.725,0
4,0,32,1,7190,102,15,20,4,1,1,45,219.8,0
9,0,20,4,2933,47,41,23,3,1,1,30,283.2,0
7,0,31,1,3485,71,23,29,3,1,1,30,234.24,0
0,0,32,0,875,8,0,10,2,1,2,25,39.735,0
6,0,35,0,4190,63,0,12,3,1,1,30,170.12,0
9,0,33,0,2373,58,349,20,2,1,1,25,1679.895,0
4,0,41,1,3718,88,10,29,3,1,1,30,192.24,0
8,0,24,2,2080,34,45,20,3,1,1,30,264.56,0
1,0,27,0,1443,41,34,71,4,1,1,45,122.1,0
22,0,29,2,15960,233,2,81,2,1,1,25,737.685,0
11,0,14,0,5973,129,46,36,1,2,1,15,588.61,0
10,0,35,1,9000,116,146,44,3,1,1,30,948.64,0
18,0,39,3,9420,127,151,45,3,1,1,30,985.88,0
2,0,34,0,3833,57,0,31,2,1,1,25,175.05,0
4,0,35,0,1818,42,0,11,3,1,2,30,74.4,0
0,0,36,0,4020,76,0,20,3,1,1,30,163.84,0
9,0,39,1,3103,69,10,33,2,1,1,25,187.74,0
0,0,24,0,663,23,2,51,4,1,1,45,22.15,0
8,0,44,0,1095,22,30,14,3,1,2,30,164.68,0
0,0,25,0,710,4,0,1,4,1,2,45,17.85,0
0,0,39,0,318,5,7,4,2,1,2,25,46.035,0
14,0,42,2,6283,104,19,16,3,1,1,30,331.48,0
4,0,9,1,4580,41,224,13,3,1,1,30,1080.84,0
0,0,34,0,1475,44,63,22,3,1,2,30,312.76,0
0,0,20,0,0,0,4,0,4,1,2,45,10.0,0
13,0,12,3,5405,57,230,12,3,1,1,30,1138.48,0
11,0,31,1,2053,53,48,75,5,1,1,55,103.59,0
6,0,35,2,11760,158,25,60,3,1,1,30,576.72,0
7,0,41,0,3893,66,2,34,1,1,1,15,228.745,0
1,0,35,0,1420,41,36,20,3,1,1,30,202.44,0
9,0,26,0,820,27,1,15,2,1,1,25,42.615,0
0,0,6,0,3375,23,183,8,3,1,1,30,867.92,0
6,0,38,1,3285,28,492,11,3,1,1,30,2100.52,0
27,0,31,3,16265,239,9,83,2,1,1,25,783.18,0
7,0,31,0,8730,113,127,37,3,1,1,30,861.72,0
0,0,32,0,450,4,0,2,2,1,2,25,20.43,0
2,0,8,0,4275,34,183,6,3,1,1,30,904.36,0
3,0,35,2,6840,118,275,36,2,2,1,25,1550.61,0
0,0,31,0,0,0,0,0,3,1,1,30,0.0,0
5,0,38,1,4325,82,0,22,3,1,1,30,176.28,0
0,0,30,0,0,0,0,0,4,1,1,45,0.0,0
6,0,37,2,3260,34,39,20,4,1,1,45,179.85,0
8,0,36,3,7205,109,53,28,5,1,1,55,189.21,0
4,0,42,0,2315,43,293,22,3,1,1,30,1266.32,0
5,0,39,0,4245,73,9,20,2,1,1,25,234.81,0
4,0,39,0,13648,171,4,47,3,1,1,30,568.76,0
8,0,36,1,3025,56,177,23,2,1,1,25,935.145,0
5,0,10,0,8448,157,55,33,4,1,1,45,352.625,0
0,0,25,0,1010,30,186,9,2,2,1,25,883.8,0
0,0,34,1,1963,29,14,19,3,1,1,30,135.68,0
0,0,35,0,2675,15,444,2,3,1,1,30,1883.6,0
0,0,30,0,1828,42,0,25,1,1,1,15,102.85,0
16,0,29,0,1005,31,17,9,3,1,2,30,109.44,0
0,0,24,0,3035,61,33,25,3,1,1,30,255.84,0
0,0,37,0,0,0,0,0,2,1,2,25,0.0,0
14,0,12,0,6392,135,77,41,1,2,1,15,782.485,0
7,0,28,2,3645,73,47,29,4,1,1,45,210.45,0
0,0,14,0,1948,29,3,2,3,1,1,30,91.08,0
5,0,40,0,2098,54,7,20,2,1,1,25,128.34,0
6,0,37,0,1858,25,7,4,3,1,1,30,103.32,0
5,0,36,1,2545,18,7,6,3,1,1,30,130.52,0
0,0,30,0,7203,115,369,40,2,1,1,25,1989.81,0
17,0,27,1,15710,229,0,76,2,1,1,25,717.255,0
2,0,36,0,4210,77,0,23,3,1,1,30,171.48,0
7,0,27,0,100,15,0,3,2,1,2,25,5.175,0
19,0,17,1,9427,178,89,45,5,1,1,55,277.575,0
0,0,37,1,0,0,0,0,5,1,1,55,0.0,0
5,0,35,1,305,6,7,2,5,1,1,55,15.165,0
6,0,35,1,8620,114,128,38,3,1,1,30,861.36,0
22,0,35,8,10840,98,2,40,4,1,1,45,278.45,0
19,0,19,2,6453,144,90,44,2,2,1,25,701.865,0
7,0,37,1,11465,154,11,47,4,1,1,45,317.975,0
4,0,39,2,3210,33,515,12,4,1,1,45,1368.575,0
18,0,29,0,1195,32,26,12,3,1,2,30,153.08,0
10,0,39,2,3805,38,491,8,3,1,1,30,2117.72,0
0,0,29,2,6480,102,253,26,2,2,1,25,1434.69,0
11,0,33,2,1873,51,45,71,5,1,1,55,96.36,0
4,0,27,1,1315,36,193,11,2,2,1,25,929.295,0
3,0,34,0,2280,37,275,14,3,1,1,30,1192.68,0
12,0,28,0,1405,40,30,18,2,1,1,25,200.025,0
13,0,27,1,1340,37,17,12,2,1,1,25,138.465,0
13,0,38,2,12175,165,19,47,4,1,1,45,356.0,0
10,0,19,3,3033,53,42,24,3,1,1,30,291.44,0
12,0,39,1,15600,187,148,29,2,1,1,25,1376.415,0
0,0,35,0,2435,17,0,16,3,1,1,30,98.08,0
16,0,30,0,1120,37,49,13,3,1,2,30,242.28,0
0,0,31,0,3233,68,0,21,2,1,1,25,148.545,0
11,0,41,2,6338,107,46,18,3,1,1,30,441.8,0
6,0,38,0,5918,95,7,12,3,1,1,30,268.52,0
0,0,35,0,10560,138,0,30,3,1,1,30,427.92,0
28,0,38,9,10930,100,17,47,5,1,1,55,190.95,0
13,0,20,1,6087,141,86,41,2,2,1,25,667.26,0
17,0,17,1,9238,177,80,42,5,1,1,55,261.225,0
5,0,43,1,2393,64,10,34,2,1,1,25,155.565,0
0,0,37,0,0,0,0,0,2,1,2,25,0.0,0
10,0,43,1,2878,72,20,40,2,1,1,25,222.75,0
6,0,37,0,1853,50,338,9,2,1,1,25,1606.635,0
0,0,31,0,1668,19,0,5,3,1,1,30,67.48,0
1,0,41,1,2790,27,484,7,3,1,1,30,2048.68,0
7,0,34,0,4290,69,0,13,2,1,1,25,196.155,0
8,0,40,3,703,13,16,6,5,1,1,55,34.74,0
0,0,25,0,1010,30,186,9,2,2,1,25,883.8,0
5,0,13,0,8437,164,57,35,4,1,1,45,357.525,0
7,0,33,0,1890,48,35,18,3,1,2,30,217.52,0
0,0,6,0,3970,28,176,4,2,1,1,25,971.91,0
2,0,29,0,1005,18,32,8,4,1,2,45,105.575,0
12,0,29,0,405,21,7,2,3,1,2,30,45.04,0
17,0,34,1,14775,216,42,28,2,1,1,25,863.595,0
9,0,12,0,5908,127,67,35,1,2,1,15,700.425,0
21,0,20,3,6813,153,124,48,2,2,1,25,871.47,0
2,0,33,0,2088,51,347,20,2,1,1,25,1657.755,0
0,0,30,0,0,0,0,0,2,1,2,25,0.0,0
12,0,39,1,15545,185,155,32,2,1,1,25,1405.35,0
20,0,36,2,14835,219,47,30,3,1,1,30,790.16,0
0,0,29,0,6420,88,2,18,4,1,1,45,167.7,0
14,0,25,2,1825,42,40,28,2,1,1,25,264.015,0
3,0,39,0,1848,33,11,11,3,1,1,30,119.24,0
5,0,36,1,3963,85,7,28,3,1,1,30,189.92,0
2,0,33,0,3095,21,475,7,3,1,1,30,2024.64,0
15,0,43,2,15870,190,167,36,2,1,1,25,1474.2,0
0,0,21,0,825,4,13,2,4,1,2,45,53.225,0
1,0,30,0,2520,43,160,17,2,1,1,25,835.335,0
9,0,40,0,1205,21,29,13,3,1,2,30,165.04,0
6,0,23,1,3450,65,7,21,3,1,1,30,168.6,0
0,0,37,0,875,14,0,11,2,1,2,25,40.005,0
0,0,28,0,2455,14,0,8,3,1,1,30,98.76,0
15,0,38,3,4375,92,53,43,3,1,1,30,390.68,0
5,0,42,2,6500,92,194,27,3,1,1,30,1039.68,0
6,0,36,0,935,18,10,6,3,1,2,30,78.12,0
16,0,17,1,6392,141,85,42,2,2,1,25,676.485,0
0,0,35,0,0,0,0,0,2,1,2,25,0.0,0
10,0,42,0,2318,56,18,21,3,1,2,30,166.96,0
0,0,34,0,0,0,0,0,3,1,1,30,0.0,0
8,0,37,0,2263,59,350,21,3,1,1,30,1492.88,0
7,0,36,1,4665,75,19,30,2,1,1,25,298.8,0
0,0,36,0,1423,22,0,6,3,1,1,30,57.8,0
5,0,40,1,2800,23,469,9,3,1,1,30,1988.92,0
8,0,37,1,6718,75,108,37,2,1,1,25,791.685,0
26,0,38,9,10740,99,8,44,5,1,1,55,174.585,0
0,0,34,0,2813,66,0,11,2,1,1,25,129.555,0
0,0,35,0,2760,65,0,26,2,1,1,25,127.125,0
16,0,44,2,4583,74,18,41,1,1,1,15,355.135,0
6,0,34,3,6965,116,271,33,2,2,1,25,1538.145,0
0,0,29,0,2840,16,0,13,3,1,1,30,114.24,0
13,0,40,3,3265,55,313,35,4,1,1,45,865.5,0
9,0,39,0,3793,61,0,37,1,1,1,15,211.97,0
0,0,19,0,0,0,0,0,2,1,2,25,0.0,0
9,0,28,1,1873,45,37,70,5,1,1,55,84.27,0
0,0,30,0,2530,11,461,7,3,1,1,30,1945.64,0
23,0,24,3,6697,153,100,45,2,2,1,25,758.25,0
26,0,40,2,14845,221,40,19,3,1,1,30,762.64,0
16,0,38,2,5933,103,24,23,2,1,1,25,379.62,0
0,0,24,0,520,4,14,1,4,1,2,45,48.1,0
0,0,22,0,0,0,11,0,4,1,2,45,27.5,0
4,0,36,0,1933,48,1,15,3,1,2,30,83.24,0
14,0,46,3,3660,43,505,16,4,1,1,45,1355.075,0
8,0,37,0,4255,65,0,13,2,1,1,25,194.4,0
5,0,32,1,3763,78,7,24,2,1,1,25,204.345,0
2,0,10,1,2468,37,14,13,3,1,1,30,156.2,0
11,0,37,1,15730,185,152,30,2,1,1,25,1400.175,0
7,0,24,1,1620,36,192,12,2,2,1,25,938.52,0
12,0,14,0,8818,165,41,36,4,1,1,45,327.075,0
4,0,33,0,1973,25,0,7,3,1,1,30,79.92,0
0,0,32,0,325,6,0,2,2,1,2,25,14.895,0
25,0,39,4,15255,231,86,36,3,1,1,30,963.44,0
30,0,40,4,15445,231,61,34,3,2,1,30,871.04,0
11,0,35,3,7155,116,246,31,2,2,1,25,1434.195,0
10,0,39,1,3370,77,14,30,3,1,1,30,193.88,0
5,0,30,1,1648,41,40,72,4,1,1,45,142.225,0
0,0,31,0,2055,27,270,15,3,1,1,30,1163.28,0
1,0,34,0,2840,22,0,14,3,1,1,30,114.48,0
13,0,17,3,3043,45,7,17,3,1,1,30,151.52,0
3,0,14,2,2547,39,24,17,3,1,1,30,199.44,0
16,0,40,3,14678,185,28,61,3,1,1,30,706.52,0
0,0,34,0,0,0,0,0,5,1,1,55,0.0,0
17,0,36,3,6418,108,47,39,2,1,1,25,505.17,0
10,0,45,2,2698,70,17,36,2,1,1,25,201.06,0
6,0,16,3,2662,44,22,16,3,1,1,30,196.24,0
12,0,36,1,4595,75,7,15,3,1,1,30,214.8,0
8,0,37,1,6718,75,108,37,2,1,1,25,791.685,0
11,0,38,3,5115,93,23,40,3,1,1,30,300.32,0
0,0,30,1,6600,107,259,29,2,2,1,25,1467.315,0
17,0,34,1,6043,102,23,22,2,1,1,25,380.025,0
11,0,38,1,3775,82,32,28,3,1,1,30,282.28,0
0,0,39,1,6275,82,189,28,3,1,1,30,1010.28,0
25,0,27,3,16120,234,7,76,2,1,1,25,767.43,0
13,0,35,0,4503,66,0,36,1,1,1,15,251.295,0
2,0,35,2,6795,90,200,39,3,1,1,30,1075.4,0
10,0,34,0,1390,26,43,11,4,1,2,45,142.9,0
1,0,32,0,7508,121,376,42,2,1,1,25,2035.305,0
0,0,33,0,3298,70,0,22,2,1,1,25,151.56,0
0,0,31,0,6725,94,9,20,4,1,1,45,192.975,0
10,0,44,2,7813,139,399,46,3,1,1,30,1914.08,0
7,0,38,1,4023,88,9,30,3,1,1,30,200.44,0
0,0,31,0,0,0,0,0,5,1,1,55,0.0,0
0,0,27,0,6525,87,0,16,4,1,1,45,165.3,0
0,0,29,1,1090,32,196,13,2,2,1,25,932.49,0
4,0,37,0,1475,24,21,26,2,1,2,25,161.955,0
11,0,41,2,7873,136,396,47,3,1,1,30,1904.36,0
0,0,26,1,1125,36,218,13,2,2,1,25,1033.245,0
15,0,27,1,1530,38,26,15,2,1,1,25,187.56,0
11,0,15,0,6088,135,78,40,1,2,1,15,771.265,0
1,0,33,1,6540,94,12,22,4,1,1,45,195.85,0
0,0,12,0,1310,18,11,8,2,1,1,25,109.26,0
12,0,39,1,6628,106,15,12,3,1,1,30,329.36,0
6,1,36,0,2865,43,13,19,2,1,2,25,189.36,1
0,0,36,0,0,0,25,0,2,1,2,25,112.5,1
0,1,36,0,628,7,9,4,4,1,2,45,38.375,1
5,0,39,0,553,14,39,8,3,1,2,30,178.68,1
5,0,36,0,1668,34,13,16,3,1,2,30,120.08,1
7,0,44,0,305,12,15,3,3,1,2,30,72.68,1
10,0,34,0,5758,95,21,22,2,1,1,25,357.885,1
23,1,34,0,1070,53,48,21,3,1,2,30,236.92,1
17,0,27,0,570,39,0,11,2,1,2,25,27.405,1
10,0,39,0,3070,43,19,20,3,1,2,30,200.52,1
4,0,35,0,2078,44,59,33,3,1,2,30,320.88,1
10,0,34,0,3395,46,10,14,3,1,2,30,177.64,1
7,0,31,0,50,2,0,1,2,1,2,25,2.34,1
6,1,32,2,1315,42,201,12,3,2,1,30,858.28,1
0,1,24,0,765,7,16,1,4,1,2,45,59.3,1
6,1,34,0,2153,39,36,32,3,1,2,30,231.68,1
10,1,40,0,2348,46,44,35,3,1,2,30,271.76,1
3,0,35,0,1558,33,9,31,3,1,2,30,99.64,1
3,0,9,1,1487,19,0,7,3,1,1,30,60.24,1
16,0,33,1,6123,98,25,25,2,1,1,25,392.445,1
7,1,35,0,2265,54,59,35,3,1,2,30,328.76,1
0,0,34,0,0,0,0,0,2,1,2,25,0.0,1
0,0,34,0,0,0,0,0,3,1,2,30,0.0,1
19,0,35,0,730,43,19,19,2,1,2,25,120.285,1
0,1,34,0,323,1,2,2,4,1,2,45,13.1,1
12,0,33,0,2573,44,33,32,3,1,2,30,236.68,1
0,1,34,0,1363,28,6,14,3,1,2,30,79.64,1
10,0,39,1,5513,98,27,23,2,1,1,25,373.995,1
8,1,30,0,5558,88,11,18,2,1,1,25,303.57,1
0,1,30,0,0,0,0,0,2,1,2,25,0.0,1
0,0,36,0,0,0,0,0,3,1,1,30,0.0,1
12,0,38,0,2383,49,32,30,4,1,2,45,140.8,1
0,0,38,0,0,0,3,0,3,1,2,30,12.0,1
16,0,28,0,470,33,0,10,2,1,2,25,22.635,1
2,0,31,0,1783,30,16,24,3,1,2,30,136.52,1
12,0,37,1,5413,93,8,26,2,1,1,25,283.77,1
7,0,39,0,495,7,16,5,2,1,2,25,94.59,1
4,0,8,1,1892,24,1,5,3,1,1,30,80.64,1
3,0,10,2,1603,25,32,11,3,1,1,30,193.12,1
6,1,31,0,5333,84,8,17,2,1,1,25,279.765,1
0,0,31,0,0,0,0,0,2,1,2,25,0.0,1
18,0,37,1,6008,98,7,22,2,1,1,25,306.27,1
0,0,38,0,115,6,32,4,2,1,2,25,149.445,1
0,0,32,0,0,0,0,0,2,1,2,25,0.0,1
4,0,37,0,600,10,21,15,2,1,2,25,121.95,1
6,1,37,0,2143,46,38,34,3,1,2,30,239.56,1
0,1,28,0,1703,28,12,23,3,1,2,30,117.24,1
27,1,33,0,1555,57,37,32,3,1,2,30,212.48,1
0,1,27,0,2425,25,0,8,2,1,2,25,110.25,1
1,0,32,0,1903,35,22,27,3,1,2,30,165.52,1
0,0,3,0,1103,11,0,1,2,1,1,25,50.13,1
5,0,38,0,305,6,7,2,4,1,2,45,25.275,1
23,1,33,0,955,47,16,17,2,1,2,25,117.09,1
11,1,36,1,5573,95,24,24,2,1,1,25,363.06,1
0,1,32,0,0,0,0,0,2,1,2,25,0.0,1
7,0,41,0,1113,21,27,11,4,1,2,45,95.85,1
11,1,36,0,2513,47,36,31,3,1,2,30,246.4,1
7,0,38,0,1123,14,25,9,4,1,2,45,90.925,1
0,0,36,0,133,2,0,2,3,1,2,30,5.4,1
28,1,39,0,1215,57,31,23,3,1,2,30,174.88,1
19,0,33,0,355,37,0,2,2,1,2,25,17.64,1
0,0,35,0,0,0,0,0,2,1,2,25,0.0,1
0,0,3,0,1182,7,0,4,2,1,1,25,53.505,1
12,0,35,0,2393,42,30,28,4,1,2,45,135.875,1
0,1,34,0,0,0,0,0,3,1,2,30,0.0,1
1,0,41,0,80,2,10,4,2,1,2,25,48.69,1
8,1,36,0,2585,36,0,18,3,1,2,30,104.84,1
0,0,8,0,777,8,0,7,3,1,1,30,31.4,1
12,0,37,0,3105,46,7,15,3,1,2,30,154.04,1
8,0,32,0,2188,42,24,27,3,1,2,30,185.2,1
25,1,33,0,1200,50,18,17,3,1,2,30,122.0,1
14,1,41,0,3250,51,24,22,3,1,2,30,228.04,1
0,0,37,0,223,2,0,6,4,1,2,45,5.625,1
4,0,13,2,1568,21,10,11,3,1,1,30,103.56,1
0,0,32,0,0,0,0,0,4,1,2,45,0.0,1
12,1,37,0,2570,60,66,37,4,1,2,45,230.75,1
7,1,7,1,1713,23,7,5,3,1,1,30,97.44,1
10,1,35,0,2673,49,35,29,3,1,2,30,248.88,1
9,0,38,0,1533,23,37,21,4,1,2,45,131.4,1
8,1,31,0,2910,39,0,12,3,1,2,30,117.96,1
8,1,11,2,1792,25,7,9,3,1,1,30,100.68,1
2,1,33,0,2495,34,0,11,2,1,2,25,113.805,1
6,1,37,0,1338,18,17,4,4,1,2,45,76.4,1
20,1,34,0,830,49,20,20,2,1,2,25,129.555,1
21,1,28,0,955,41,8,16,2,1,2,25,80.82,1
21,1,30,0,775,39,5,12,2,1,2,25,59.13,1
8,1,12,3,1908,31,39,13,3,1,1,30,233.56,1
5,0,34,0,305,6,7,2,3,1,2,30,40.44,1
0,1,37,0,503,9,13,7,4,1,2,45,45.3,1
9,0,31,0,3035,37,7,12,3,1,2,30,150.88,1
0,0,37,0,0,0,0,0,2,1,2,25,0.0,1
16,1,37,0,3485,48,25,21,3,1,2,30,241.32,1
5,0,35,0,305,6,7,2,4,1,2,45,25.275,1
6,0,39,0,1963,44,35,30,3,1,2,30,220.28,1
2,0,39,0,808,15,20,9,4,1,2,45,70.575,1
30,0,38,0,1440,61,34,24,3,1,2,30,196.04,1
2,0,34,0,1773,37,18,26,3,1,2,30,144.4,1
9,0,36,0,2268,44,34,31,3,1,2,30,228.48,1
11,0,35,0,3235,44,11,16,3,1,2,30,175.16,1
9,0,38,0,1038,18,28,19,3,1,2,30,154.24,1
10,0,44,0,698,18,22,10,3,1,2,30,116.64,1
14,0,37,0,2458,44,9,29,3,1,2,30,136.08,1
0,0,31,0,628,1,1,3,4,1,2,45,18.225,1
14,1,37,0,3295,47,16,18,3,1,2,30,197.68,1
3,1,34,0,2280,30,0,16,2,1,2,25,103.95,1
26,1,32,0,1080,45,12,14,3,1,2,30,93.0,1
11,1,36,0,2458,45,43,34,3,1,2,30,272.12,1
33,1,41,0,1520,63,38,25,3,1,2,30,215.32,1
10,0,16,3,1792,31,15,10,3,1,1,30,132.92,1
0,1,9,0,888,9,0,3,3,1,1,30,35.88,1
18,0,38,0,3173,60,62,48,4,1,2,45,235.825,1
5,0,38,0,438,8,7,4,3,1,2,30,45.84,1
7,1,36,0,2023,41,32,31,3,1,1,30,210.56,1
9,1,34,0,2875,35,0,12,2,1,2,25,130.95,1
5,0,42,0,393,12,15,8,3,1,2,30,76.2,1
0,1,33,0,0,0,0,0,2,1,2,25,0.0,1
8,0,40,2,498,11,12,6,3,1,1,30,68.36,1
16,1,40,0,3475,55,27,23,3,1,2,30,249.2,1
5,0,36,0,305,6,7,2,3,1,2,30,40.44,1
11,1,33,1,5638,90,15,19,2,1,1,25,325.26,1
3,1,8,0,1373,13,0,3,2,1,1,25,62.37,1
3,0,9,1,1488,19,0,7,3,1,1,30,60.28,1
18,0,31,0,650,41,9,15,2,1,2,25,71.595,1
9,1,39,0,2945,45,17,20,3,1,2,30,187.6,1
0,1,3,0,1228,9,0,1,2,1,1,25,55.665,1
4,1,34,0,2800,41,34,18,3,1,2,30,249.64,1
0,1,36,0,0,0,0,0,2,1,2,25,0.0,1
0,1,35,0,295,4,14,13,2,1,2,25,76.455,1
0,0,31,0,0,0,0,0,2,1,2,25,0.0,1
3,0,33,0,438,2,0,3,3,1,2,30,17.6,1
0,0,35,0,0,0,25,0,3,1,2,30,100.0,1
8,1,11,2,1793,25,7,9,3,1,1,30,100.72,1
16,0,26,0,650,35,1,14,2,1,2,25,35.325,1
0,1,7,0,1183,13,0,5,2,1,2,25,53.82,1
0,1,25,0,1010,30,186,9,2,2,1,25,883.8,1
0,0,37,0,0,0,0,0,2,1,2,25,0.0,1
0,0,35,0,0,0,2,0,2,1,2,25,9.0,1
14,1,38,0,2573,50,41,33,4,1,2,45,168.075,1
0,0,38,0,0,0,0,0,2,1,2,25,0.0,1
0,1,38,0,403,3,12,6,4,1,2,45,40.15,1
18,0,31,0,650,41,9,15,2,1,2,25,71.595,1
2,0,37,0,190,1,9,3,2,1,2,25,49.095,1
0,1,34,0,0,0,0,0,3,1,2,30,0.0,1
7,0,32,0,2810,33,0,11,3,1,2,30,113.72,1
5,0,39,0,305,6,7,2,2,1,2,25,45.495,1
0,0,3,0,0,0,0,0,2,1,1,25,0.0,1
14,1,38,0,2573,50,41,33,4,1,2,45,168.075,1
0,0,35,0,0,0,0,0,2,1,2,25,0.0,1
13,1,36,1,5818,98,26,24,2,1,1,25,383.22,1
5,0,42,0,888,17,24,10,4,1,2,45,82.625,1
0,0,37,0,0,0,0,0,2,1,2,25,0.0,1
0,0,36,0,0,0,1,0,2,1,2,25,4.5,1
0,0,39,0,0,0,1,0,3,1,2,30,4.0,1
3,0,28,0,5253,82,4,16,2,1,1,25,258.075,1
6,1,11,2,1548,22,5,9,3,1,1,30,82.8,1
24,0,32,0,1360,52,17,15,2,1,2,25,140.04,1
2,1,30,0,2505,27,0,9,2,1,2,25,113.94,1
0,0,29,0,0,0,0,0,3,1,2,30,0.0,1
0,0,28,0,0,0,0,0,3,1,2,30,0.0,1
0,0,35,0,0,0,0,0,4,1,2,45,0.0,1
12,1,32,0,3295,41,8,17,3,1,2,30,165.44,1
5,0,33,0,305,6,7,2,2,1,2,25,45.495,1
1,1,43,0,398,7,17,8,3,1,2,30,84.2,1
0,0,36,0,438,6,0,1,4,1,2,45,11.1,1
0,0,34,0,0,0,0,0,2,1,2,25,0.0,1
10,0,37,0,2695,37,7,3,3,1,2,30,137.28,1
19,1,43,0,3555,57,31,24,3,1,2,30,268.48,1
8,1,35,1,5628,98,51,26,2,1,1,25,487.17,1
1,0,9,1,1297,18,0,4,3,1,1,30,52.6,1
0,0,33,0,2085,25,0,9,2,1,2,25,94.95,1
7,0,38,0,628,9,16,7,3,1,2,30,89.48,1
5,1,38,0,305,6,7,2,3,1,2,30,40.44,1
22,0,29,0,875,45,6,13,2,1,2,25,68.4,1
0,0,40,0,88,6,8,6,3,1,2,30,35.76,1
7,1,33,0,2088,36,23,26,3,1,2,30,176.96,1
6,0,43,0,385,8,17,6,2,1,2,25,94.185,1
25,1,33,0,1145,48,25,20,2,1,2,25,166.185,1
6,0,33,0,2875,36,11,17,2,1,2,25,180.495,1
0,0,30,0,0,0,0,0,2,1,2,25,0.0,1
0,1,31,0,0,0,0,0,2,1,2,25,0.0,1
5,0,38,0,438,8,7,4,3,1,2,30,45.84,1
5,0,35,0,2390,31,0,1,3,1,2,30,96.84,1
11,1,39,0,2448,52,45,36,3,1,2,30,280.0,1
5,0,38,0,933,13,16,6,4,1,2,45,63.65,1
24,0,35,0,660,43,7,4,3,1,2,30,56.12,1
3,0,38,0,743,12,7,3,4,1,2,45,36.375,1
7,0,43,0,933,19,24,7,4,1,2,45,83.8,1
13,0,17,3,2053,35,22,15,3,1,1,30,171.52,1
0,0,34,0,0,0,0,0,3,1,2,30,0.0,1
18,0,30,0,535,35,0,11,2,1,2,25,25.65,1
20,1,38,0,4005,58,24,18,3,1,2,30,258.52,1
3,0,38,1,193,5,5,4,3,1,1,30,27.92,1
0,1,7,0,1372,14,2,8,2,1,1,25,71.37,1
14,1,42,0,2528,54,49,37,4,1,2,45,187.05,1
4,1,27,1,1315,36,193,11,2,2,1,25,929.295,1
3,0,13,1,1443,23,8,11,3,1,1,30,90.64,1
15,0,36,1,6008,99,35,27,2,1,1,25,432.315,1
10,1,44,0,1193,23,31,12,4,1,2,45,107.9,1
5,0,39,0,305,6,7,2,2,1,2,25,45.495,1
0,1,30,0,0,0,0,0,4,1,2,45,0.0,1
16,1,43,0,2573,56,49,34,4,1,2,45,188.225,1
0,0,29,0,0,0,0,0,2,1,2,25,0.0,1
11,0,40,0,1015,17,15,2,3,1,2,30,101.28,1
8,0,41,2,365,9,12,4,3,1,1,30,62.96,1
11,0,39,0,1148,19,15,4,3,1,2,30,106.68,1
0,1,5,0,1123,10,0,3,2,1,2,25,50.985,1
7,0,30,0,5433,90,9,18,2,1,1,25,289.035,1
13,0,36,1,5818,98,26,24,2,1,1,25,383.22,1
0,0,38,0,0,0,4,0,2,1,2,25,18.0,1
0,0,30,0,0,0,0,0,3,1,2,30,0.0,1
5,1,14,2,1487,25,8,8,3,1,1,30,92.48,1
0,0,7,0,1182,13,0,5,2,1,1,25,53.775,1
26,1,35,0,1070,52,14,16,3,1,2,30,100.88,1
5,1,9,1,1733,22,7,7,3,1,1,30,98.2,1
0,0,33,0,0,0,0,0,4,1,2,45,0.0,1
28,1,34,0,1145,47,7,15,2,1,2,25,85.14,1
9,1,36,0,3105,47,41,20,3,1,2,30,290.08,1
7,1,41,0,618,16,18,9,3,1,2,30,97.36,1
11,1,38,0,3170,49,20,21,3,1,2,30,208.76,1
7,0,42,0,485,14,18,7,2,1,2,25,103.455,1
28,1,35,0,1260,53,23,19,3,1,2,30,144.52,1
13,1,35,0,3590,51,30,31,3,1,2,30,265.64,1
5,0,40,0,420,12,39,6,3,1,2,30,173.28,1
5,1,38,0,933,13,16,6,4,1,2,45,63.65,1
0,0,36,0,383,4,7,4,4,1,1,45,27.175,1
0,1,10,0,1363,21,4,10,2,1,1,25,80.28,1
0,0,36,0,628,7,9,4,4,1,2,45,38.375,1
5,0,37,0,305,6,7,2,2,1,2,25,45.495,1
3,0,38,0,248,7,0,1,3,1,2,30,10.2,1
7,1,35,0,2800,40,0,13,3,1,2,30,113.6,1
11,0,40,0,2990,47,17,17,3,1,2,30,189.48,1
0,0,40,0,0,0,1,0,2,1,2,25,4.5,1
18,1,37,0,3895,57,37,33,3,1,2,30,306.08,1
0,0,35,0,0,0,0,0,2,1,2,25,0.0,1
5,1,37,0,305,6,7,2,3,1,2,30,40.44,1
22,1,30,0,1715,42,25,9,3,1,2,30,170.28,1
2,0,28,0,2685,29,0,13,2,1,2,25,122.13,1
26,1,35,1,1015,50,21,19,3,1,1,30,126.6,1
4,0,36,0,1228,17,30,19,4,1,2,45,106.125,1
20,0,36,0,650,47,17,16,3,1,2,30,95.88,1
28,1,36,0,1375,59,55,23,3,1,2,30,277.36,1
0,1,34,0,0,0,0,0,3,1,2,30,0.0,1
0,0,33,0,1253,27,2,29,3,1,2,30,59.2,1
0,0,42,0,0,0,8,0,2,1,2,25,36.0,1
0,0,34,0,0,0,2,0,3,1,2,30,8.0,1
0,0,7,0,0,0,0,0,2,1,1,25,0.0,1
0,0,4,0,1003,5,0,4,2,1,1,25,45.36,1
10,0,37,0,5693,100,30,27,2,1,1,25,395.685,1
15,1,41,0,3375,49,26,22,3,1,2,30,240.96,1
9,0,35,0,2990,41,9,16,3,1,2,30,157.24,1
18,0,32,0,765,47,41,19,3,1,2,30,196.48,1
1,1,31,0,2625,32,0,12,2,1,2,25,119.565,1
0,0,26,0,825,10,21,3,4,1,2,45,73.375,1
6,1,38,0,2685,41,10,15,3,1,2,30,149.04,1
0,1,35,0,0,0,0,0,2,1,2,25,0.0,1
0,0,6,0,472,2,0,5,2,1,1,25,21.33,1
0,0,36,0,133,2,0,2,3,1,2,30,5.4,1
0,1,28,0,0,0,0,0,4,1,1,45,0.0,1
14,1,12,3,2502,36,15,9,3,1,1,30,161.52,1
0,0,35,0,513,1,0,3,4,1,2,45,12.85,1
0,0,32,0,263,1,0,1,3,1,2,30,10.56,1
27,1,31,0,1180,51,13,15,3,1,2,30,101.24,1
0,1,11,1,1263,15,3,9,3,1,1,30,63.12,1
22,0,34,0,550,42,0,19,3,1,2,30,23.68,1
10,0,38,0,1973,40,20,18,3,1,2,30,160.52,1
7,0,43,0,438,14,15,5,3,1,2,30,78.08,1
23,1,33,0,955,47,16,17,2,1,2,25,117.09,1
3,0,38,1,688,10,14,6,4,1,1,45,52.45,1
14,0,38,0,5523,94,12,11,2,1,1,25,306.765,1
11,0,31,0,5818,92,18,23,2,1,1,25,346.95,1
25,1,38,0,955,53,24,18,3,1,2,30,136.32,1
1,1,40,0,708,9,19,8,4,1,2,45,65.425,1
4,1,30,0,2008,34,19,25,3,1,2,30,157.68,1
0,0,31,0,0,0,0,0,4,1,2,45,0.0,1
7,1,31,0,2268,38,26,30,3,1,2,30,196.24,1
1,0,4,0,1487,13,0,6,2,1,1,25,67.5,1
5,0,38,0,305,6,7,2,2,1,2,25,45.495,1
29,1,39,0,1340,55,33,23,3,1,2,30,187.8,1
0,0,32,0,0,0,0,0,2,1,2,25,0.0,1
0,0,33,0,0,0,0,0,3,1,2,30,0.0,1
21,0,33,0,765,46,7,14,2,1,2,25,67.995,1
4,0,29,0,2730,31,0,10,2,1,2,25,124.245,1
10,0,34,0,5703,93,28,25,2,1,1,25,386.82,1
13,1,36,1,5818,98,26,24,2,1,1,25,383.22,1
23,0,29,0,1000,43,8,13,2,1,2,25,82.935,1
1,0,35,0,538,7,1,1,3,1,2,30,25.8,1
6,0,33,0,2930,38,4,14,2,1,2,25,151.56,1
11,1,41,0,2268,50,42,32,4,1,2,45,162.95,1
31,1,37,2,1320,56,28,21,3,1,1,30,167.04,1
2,1,10,1,1082,14,0,9,3,1,1,30,43.84,1
3,0,30,0,1883,36,17,25,3,1,2,30,144.76,1
17,0,32,0,245,36,0,17,2,1,2,25,12.645,1
5,0,35,0,305,6,7,2,2,1,2,25,45.495,1
13,1,36,0,2868,54,55,46,3,1,2,30,336.88,1
0,0,41,0,0,0,8,0,2,1,2,25,36.0,1
0,0,37,0,0,0,0,0,3,1,2,30,0.0,1
16,1,31,0,460,40,0,12,2,1,2,25,22.5,1
0,0,34,0,568,4,4,2,4,1,2,45,24.3,1
12,1,38,1,2328,47,39,33,3,1,1,30,251.0,1
11,0,36,1,5628,97,17,21,2,1,1,25,334.125,1
13,1,25,0,390,31,0,9,2,1,2,25,18.945,1
13,0,32,1,5863,94,18,20,2,1,1,25,349.065,1
0,0,37,0,0,0,0,0,2,1,1,25,0.0,1
16,1,41,0,2753,58,52,38,4,1,2,45,200.275,1
4,0,33,0,2685,35,2,14,2,1,2,25,131.4,1
0,0,29,0,0,0,0,0,2,1,2,25,0.0,1
0,0,36,0,0,0,0,0,4,1,2,45,0.0,1
12,1,32,0,5738,96,16,20,2,1,1,25,334.53,1
0,1,32,0,0,0,0,0,3,1,2,30,0.0,1
8,0,33,0,3285,45,23,29,2,1,2,25,253.35,1
16,1,42,0,3295,53,24,19,3,1,2,30,229.92,1
14,0,38,0,3410,53,48,22,3,1,2,30,330.52,1
23,0,32,0,840,41,0,13,2,1,2,25,39.645,1
18,1,31,0,650,41,9,15,2,1,2,25,71.595,1
0,0,32,0,1975,24,0,14,2,1,2,25,89.955,1
5,1,35,0,305,6,7,2,3,1,2,30,40.44,1
6,0,34,0,5323,91,10,19,2,1,1,25,288.63,1
0,0,36,0,0,0,0,0,2,1,2,25,0.0,1
9,0,35,0,2990,41,9,16,3,1,2,30,157.24,1
9,1,36,0,2268,44,34,31,3,1,2,30,228.48,1
3,1,29,0,2605,33,0,10,2,1,2,25,118.71,1
13,1,35,0,5703,92,0,20,2,1,1,25,260.775,1
3,1,9,1,1487,19,0,7,3,1,1,30,60.24,1
0,0,34,0,0,0,0,0,2,1,2,25,0.0,1
0,0,37,0,8,4,4,5,3,1,2,30,16.48,1
9,0,10,2,2197,30,8,7,3,1,1,30,121.08,1
8,1,11,2,1792,25,7,9,3,1,1,30,100.68,1
3,1,39,1,60,3,5,2,2,1,1,25,25.335,1
12,1,11,4,2393,35,28,24,3,1,1,30,209.12,1
5,0,36,0,873,10,11,4,4,1,2,45,49.575,1
5,0,38,0,438,8,7,4,3,1,2,30,45.84,1
0,1,40,0,583,11,17,8,4,1,2,45,57.35,1
28,0,35,0,1260,53,23,19,3,1,2,30,144.52,1
9,0,37,0,2383,50,66,35,4,1,2,45,225.825,1
3,0,33,0,933,7,8,5,4,1,2,45,43.5,1
6,1,30,1,1495,44,204,16,2,2,1,25,987.255,1
2,0,5,0,1408,17,0,3,3,1,1,30,57.0,1
4,0,34,0,4913,82,0,7,2,1,1,25,224.775,1
0,0,34,0,323,1,2,2,4,1,2,45,13.1,1
5,0,39,0,1048,19,48,10,4,1,2,45,146.675,1
8,0,10,1,1678,19,7,5,3,1,1,30,95.88,1
0,0,33,0,0,0,0,0,2,1,2,25,0.0,1
6,1,8,2,1613,17,7,4,3,1,1,30,93.2,1
0,0,34,0,0,0,0,0,2,1,2,25,0.0,1
6,1,27,1,1505,37,202,14,2,2,1,25,978.39,1
6,0,29,0,5513,86,11,21,2,1,1,25,301.455,1
0,1,34,0,0,0,0,0,4,1,2,45,0.0,1
7,0,35,0,5108,87,1,24,2,1,1,25,238.275,1
12,1,34,0,3115,39,7,13,3,1,2,30,154.16,1
9,0,38,1,5593,94,29,26,2,1,1,25,386.415,1
6,0,38,0,710,11,8,2,2,1,2,25,68.445,1
0,0,36,0,628,7,9,4,4,1,2,45,38.375,1
25,1,36,0,1135,55,27,22,2,1,2,25,175.05,1
2,1,7,2,1783,23,14,20,3,1,1,30,128.24,1
0,1,6,0,1068,7,0,1,2,1,1,25,48.375,1
30,1,40,0,1260,59,31,20,3,1,2,30,176.76,1
15,0,29,0,590,38,4,13,2,1,2,25,46.26,1
0,0,35,0,0,0,0,0,3,1,2,30,0.0,1
0,0,34,0,923,11,23,17,4,1,2,45,80.85,1
2,0,41,0,133,8,8,3,3,1,2,30,37.64,1
24,1,37,0,1035,49,26,21,3,1,2,30,147.36,1
2,0,29,0,1963,32,19,28,3,1,2,30,155.8,1
7,1,9,3,2088,29,21,22,3,1,1,30,168.68,1
4,1,33,0,2685,35,2,14,2,1,2,25,131.4,1
5,1,11,1,1193,15,7,2,3,1,1,30,76.32,1
4,1,32,0,2570,29,0,10,2,1,2,25,116.955,1
14,1,39,0,2688,56,73,37,4,1,2,45,251.1,1
29,1,34,0,1665,58,24,17,3,1,2,30,164.92,1
13,1,33,0,3215,45,7,14,3,1,2,30,158.4,1
9,0,36,0,2268,44,34,31,3,1,2,30,228.48,1
21,1,33,0,710,44,14,17,2,1,1,25,96.93,1
0,0,36,0,0,0,0,0,3,1,2,30,0.0,1
0,1,8,1,1298,19,25,9,3,1,1,30,152.68,1
6,1,11,2,1602,24,0,6,3,1,1,30,65.04,1
0,0,35,0,0,0,0,0,2,1,2,25,0.0,1
9,1,32,0,2313,40,26,27,3,1,2,30,198.12,1
0,0,34,0,0,0,0,0,4,1,2,45,0.0,1
5,0,38,0,2043,40,37,33,3,1,2,30,231.32,1
1,0,35,0,1033,12,10,2,4,1,2,45,51.125,1
2,1,33,0,4803,81,0,22,2,1,1,25,219.78,1
0,0,34,0,323,1,2,2,4,1,2,45,13.1,1
26,1,30,0,1260,47,15,18,2,1,2,25,126.315,1
14,1,37,0,3295,47,16,18,3,1,2,30,197.68,1
5,0,43,0,260,10,15,6,2,1,2,25,79.65,1
15,1,36,0,3700,52,17,16,3,1,2,30,218.08,1
7,0,35,0,2745,38,7,16,3,1,1,30,139.32,1
4,0,34,0,1963,38,27,29,3,1,2,30,188.04,1
2,0,36,0,818,8,18,7,4,1,2,45,65.65,1
5,0,36,0,305,6,7,2,2,1,2,25,45.495,1
5,0,12,1,1668,27,11,12,3,1,1,30,111.8,1
10,0,45,0,565,16,22,8,3,1,2,30,111.24,1
9,1,36,0,5218,88,5,9,2,1,1,25,261.27,1
14,0,38,0,2573,50,41,33,4,1,2,45,168.075,1
6,1,34,0,2208,41,29,29,3,1,2,30,205.96,1
14,1,37,0,3295,47,16,18,3,1,2,30,197.68,1
5,0,9,1,1677,20,9,10,3,1,1,30,103.88,1
16,0,35,2,5943,96,22,21,2,1,1,25,370.755,1
0,0,37,0,875,14,0,11,2,1,2,25,40.005,1
5,0,34,0,305,6,7,2,4,1,2,45,25.275,1
8,0,34,0,5513,92,19,22,2,1,1,25,337.725,1
0,0,7,0,992,12,0,2,2,1,1,25,45.18,1
15,1,42,0,2653,52,51,37,4,1,2,45,195.125,1
0,0,39,0,0,0,3,0,2,1,2,25,13.5,1
8,1,34,0,2563,48,48,44,3,1,2,30,296.44,1
15,1,37,0,2978,55,42,31,3,1,2,30,289.32,1
9,0,35,0,2153,38,2,27,3,1,2,30,95.64,1
11,1,13,3,1853,28,12,11,3,1,1,30,123.24,1
9,0,40,0,2223,48,42,35,3,1,2,30,258.84,1
0,0,7,0,1182,13,0,5,2,1,1,25,53.775,1
34,1,36,0,1970,64,31,19,3,2,2,30,205.36,1
5,0,38,0,933,13,16,6,4,1,2,45,63.65,1
10,1,11,2,1982,26,16,12,3,1,1,30,144.32,1
13,1,34,0,2493,48,31,29,3,1,2,30,225.64,1
20,0,31,0,895,44,11,15,2,1,2,25,91.755,1
28,1,35,0,1260,53,23,19,3,1,2,30,144.52,1
5,0,32,1,305,6,7,2,5,1,1,55,15.165,1
0,0,35,0,438,7,34,6,4,1,2,45,96.125,1
0,0,35,0,0,0,0,0,2,1,2,25,0.0,1
23,0,33,0,955,47,16,17,2,1,2,25,117.09,1
5,0,39,0,305,6,7,2,2,1,2,25,45.495,1
20,0,31,0,840,42,18,18,2,1,2,25,120.69,1
32,1,35,0,1860,63,44,34,3,1,2,30,252.92,1
0,0,33,0,0,0,0,0,2,1,2,25,0.0,1
0,0,39,0,323,7,10,3,4,1,2,45,33.25,1
0,0,36,0,133,2,0,2,3,1,2,30,5.4,1
5,0,37,0,818,7,7,2,4,1,2,45,38.125,1
20,1,39,0,3283,61,49,33,4,1,2,45,206.1,1
6,0,42,0,518,10,17,8,3,1,2,30,89.12,1
2,1,39,0,313,10,11,7,3,1,2,30,56.92,1
0,1,34,0,0,0,0,0,2,1,2,25,0.0,1
22,0,31,0,1250,51,30,30,2,1,2,25,193.545,1
4,1,34,0,1963,38,27,29,3,1,2,30,188.04,1
9,1,39,0,905,16,28,17,2,1,2,25,167.445,1
4,0,33,0,2685,35,2,14,2,1,2,25,131.4,1
6,0,37,0,843,13,8,2,3,1,2,30,66.24,1
0,0,33,0,0,0,0,0,3,1,2,30,0.0,1
16,1,38,0,2763,51,50,36,4,1,2,45,195.35,1
5,1,5,0,1533,15,7,3,3,1,1,30,89.92,1
0,0,31,0,0,0,0,0,3,1,2,30,0.0,1
0,0,35,0,0,0,0,0,2,1,2,25,0.0,1
0,0,34,0,428,6,14,15,3,1,2,30,73.36,1
0,0,12,1,1182,19,1,6,3,1,1,30,52.04,1
18,1,22,0,951,62,43,36,3,1,1,25,426.042,1
10,0,9,0,6123,29,11,0,2,1,2,25,213.929,1
2,0,36,0,133,38,67,6,2,1,2,25,227.572,1
0,1,36,1,3887,72,2,21,2,1,2,45,58.913,1
27,0,35,0,135,38,39,17,4,1,1,25,104.878,1
17,0,32,2,1244,80,4,21,3,1,1,30,286.643,1
8,1,26,0,1769,0,32,8,3,1,1,25,40.232,1
6,1,34,0,3143,48,12,6,3,1,2,30,351.473,1
14,0,45,0,4522,100,9,31,3,2,2,45,0.0,1
1,1,28,1,3183,56,15,13,4,1,2,30,303.706,1
10,1,29,0,0,55,6,7,4,1,1,25,442.289,1
5,1,3,0,6123,98,13,35,3,1,2,30,0.0,1
1,1,30,0,1190,71,5,45,4,1,2,30,67.861,1
34,0,34,2,292,29,5,43,3,1,2,25,760.524,1
0,1,31,0,5343,44,8,3,2,1,2,30,327.983,1
6,0,28,0,6123,61,31,21,3,1,2,30,417.437,1
5,0,30,0,964,23,19,48,3,1,2,45,493.421,1
3,0,25,0,3251,5,4,10,3,1,2,30,518.476,1
7,0,36,0,4740,66,27,0,4,1,2,25,161.16,1
3,1,28,2,1780,60,16,6,2,1,2,25,275.082,1
2,0,34,0,2793,22,54,8,4,1,1,25,0.0,1
1,1,29,0,1064,38,5,26,2,1,1,25,124.674,1
17,0,24,1,2947,100,8,5,2,1,2,30,0.0,1
0,0,33,0,429,100,19,7,4,1,2,30,256.588,1
23,1,32,0,2464,21,30,28,2,1,2,30,10.218,1
0,1,33,0,6123,71,7,10,3,1,2,30,134.946,1
15,0,29,0,3765,56,0,5,2,2,2,30,418.129,1
10,0,30,0,1216,47,1,2,3,1,2,45,22.781,1
7,0,22,0,0,60,4,0,3,1,2,45,47.818,1
19,0,29,1,3451,37,22,38,4,1,2,25,12.886,1
31,0,38,0,4650,16,27,2,2,1,1,45,39.938,1
7,1,39,0,783,22,6,6,2,2,2,45,0.134,1
6,0,32,0,0,24,0,26,4,1,2,30,221.678,1
0,0,27,0,1775,47,11,20,3,1,1,30,69.499,1
5,0,36,0,356,100,28,2,2,1,1,25,285.252,1
2,0,33,0,2329,0,11,3,4,1,1,45,141.368,1
0,0,33,1,401,54,0,48,4,1,2,30,40.625,1
6,1,30,0,2964,13,8,26,4,1,2,30,10.431,1
5,0,28,0,273,66,19,8,3,1,2,30,200.765,1
4,0,37,0,3428,48,10,0,3,1,2,30,28.865,1
10,1,35,0,6123,100,3,27,4,1,2,30,224.382,1
25,0,26,0,1201,27,10,9,2,1,2,25,171.808,1
2,1,12,2,1666,34,0,15,3,1,2,30,190.166,1
9,1,27,0,1757,43,2,9,3,1,2,25,194.087,1
6,1,37,0,620,41,1,11,4,1,2,25,324.546,1
5,0,34,2,98,67,6,37,3,1,1,30,0.0,1
11,0,41,0,1451,40,4,6,2,1,2,30,366.94,1
1,0,41,0,154,0,9,13,2,1,1,45,25.621,1
1,1,31,3,2615,27,13,27,3,1,2,25,83.568,1
0,1,37,3,3474,41,11,19,4,1,2,45,212.937,1
2,1,39,0,4169,56,8,21,5,1,2,30,94.871,1
1,0,36,0,6123,48,13,21,4,1,2,30,987.255,1
1,0,24,0,2606,100,0,0,3,1,2,25,129.364,1
4,0,31,0,47,28,2,12,3,1,1,25,493.56,1
0,0,25,0,333,76,13,45,2,1,2,30,440.312,1
2,0,24,1,1908,68,15,7,3,1,2,30,26.52,1
14,0,37,0,0,58,0,3,4,1,2,30,250.37,1
8,1,25,0,1029,68,36,8,2,1,2,30,19.272,1
1,0,31,0,613,42,3,4,4,1,1,25,463.783,1
1,0,39,1,845,14,3,7,3,1,2,25,54.43,1
2,1,3,0,6123,85,7,29,3,1,2,30,67.63,1
6,0,33,2,0,66,9,48,2,1,2,30,83.152,1
2,0,25,0,361,44,0,9,3,1,2,30,108.967,1
11,1,44,0,1956,57,13,8,3,1,1,30,377.979,1
0,1,40,0,115,100,52,8,4,2,2,25,292.128,1
9,0,43,0,396,23,14,31,2,1,2,25,251.947,1
6,1,42,0,0,53,5,13,3,1,1,25,237.034,1
0,1,33,0,2075,0,4,16,3,1,2,25,194.629,1
7,1,28,0,2334,20,13,1,2,1,1,30,0.0,1
4,0,28,0,2431,41,0,5,3,1,2,30,406.706,1
0,0,31,0,6123,5,6,21,2,1,2,25,74.974,1
11,0,9,0,1752,28,16,16,2,2,2,45,53.404,1
2,0,33,0,1925,43,0,29,3,1,2,25,151.42,1
11,0,38,0,776,68,12,23,2,1,1,30,89.445,1
3,1,35,1,1624,0,3,16,2,1,1,30,0.0,1
22,0,35,0,1295,14,11,37,4,1,2,25,71.922,1
7,1,20,0,2194,66,0,7,3,1,1,30,274.95,1
17,0,32,0,3402,71,9,45,3,1,1,25,30.274,1
3,1,26,0,2457,0,10,41,2,1,2,30,144.17,1
3,0,31,0,25,46,3,44,2,1,2,30,251.641,1
4,0,38,0,162,11,0,40,3,1,2,25,52.669,1
1,1,26,0,4596,64,21,20,3,1,2,25,148.179,1
2,0,35,0,1383,65,15,27,3,1,2,30,126.356,1
4,1,37,0,0,40,0,23,2,1,2,30,209.716,1
0,0,24,0,5993,49,6,9,3,1,2,25,100.977,1
8,1,23,1,3230,44,14,15,2,1,2,30,87.807,1
0,1,9,2,363,71,62,48,3,1,1,25,66.666,1
0,0,34,0,1589,18,26,6,2,1,2,30,521.253,1
9,0,42,0,4,34,22,10,2,1,2,25,196.797,1
2,0,26,0,2522,13,1,6,3,1,2,45,124.388,1
4,0,25,4,431,59,11,39,3,1,2,25,16.332,1
10,0,31,0,0,39,1,21,4,1,1,30,161.22,1
7,1,36,2,3776,64,9,23,3,1,2,30,0.0,1
8,0,26,1,1401,41,36,30,3,1,2,45,138.755,1
0,0,22,1,1628,19,12,0,3,1,2,25,11.4,1
0,1,30,1,1268,48,10,8,3,1,1,45,0.0,1
3,1,41,0,710,13,20,16,4,1,2,30,384.785,1
6,0,31,0,324,73,18,31,2,1,1,30,135.562,1
1,1,26,0,6123,50,11,8,2,1,2,45,92.836,1
1,1,25,0,1520,39,11,9,2,1,1,25,38.767,1
8,0,28,0,2536,3,1,48,3,1,1,25,329.581,1
1,0,37,0,59,66,14,4,2,1,1,25,133.801,1
2,1,27,2,1788,46,0,11,3,1,2,30,86.466,1
8,0,42,0,4414,60,46,22,2,1,2,45,101.617,1
4,1,36,0,0,27,1,18,2,1,2,30,111.233,1
0,0,13,0,977,34,9,23,3,1,2,25,144.968,1
29,1,29,0,995,19,10,21,3,1,2,45,200.314,1
8,0,31,0,548,0,31,30,3,1,2,25,492.887,1
2,0,29,0,2104,63,7,6,3,1,2,30,89.173,1
4,1,45,0,0,15,5,0,3,1,1,30,79.77,1
0,1,33,0,2898,42,8,18,2,1,1,45,250.869,1
11,1,37,0,629,39,53,3,3,1,1,45,103.284,1
13,0,39,1,6123,33,0,48,3,1,2,45,0.0,1
0,1,30,0,2818,56,28,45,4,1,2,30,19.954,1
9,0,28,2,3107,38,0,24,3,1,2,30,82.739,1
2,0,27,1,0,27,0,7,3,1,2,55,86.053,1
10,0,29,0,2845,17,12,22,3,1,2,25,269.318,1
2,0,27,0,1395,60,10,39,5,2,1,30,987.255,1
14,1,3,0,5258,85,12,33,4,1,2,25,52.437,1
2,1,39,0,2119,52,11,28,2,1,1,30,74.519,1
34,0,35,0,367,69,19,45,2,1,2,30,501.7,1
34,1,31,2,0,45,0,38,3,2,2,30,114.44,1
3,0,33,0,1526,72,14,23,3,1,2,30,91.829,1
10,1,33,4,456,17,12,22,2,1,1,25,240.394,1
3,0,28,0,1002,74,0,8,2,1,2,30,0.0,1
2,0,24,0,2364,15,12,9,2,1,1,30,0.0,1
3,0,37,0,1808,60,2,28,3,1,2,45,337.533,1
3,1,31,0,456,58,8,8,3,1,2,25,114.782,1
3,1,39,0,1720,43,27,2,2,1,2,45,523.249,1
3,0,20,2,385,7,32,13,3,1,2,25,27.661,1
7,0,31,1,586,63,0,25,2,1,2,25,366.767,1
8,0,12,3,0,48,12,23,2,1,1,25,231.545,1
7,1,18,0,1339,49,56,24,3,1,2,25,40.044,1
2,1,36,0,6123,36,8,43,3,1,2,30,0.0,1
9,1,35,0,6123,0,0,7,3,1,1,30,129.031,1
1,0,34,0,1865,2,18,23,5,1,2,25,10.319,1
9,1,44,3,3102,0,4,15,3,1,2,25,89.234,1
3,0,29,0,0,62,1,26,2,1,2,25,110.63,1
6,1,9,0,730,15,10,1,3,2,2,45,111.062,1
5,0,34,0,253,66,11,40,4,1,2,25,87.313,1
2,0,29,1,6123,54,14,40,4,1,1,25,0.0,1
3,0,33,0,113,67,42,35,2,1,2,30,59.359,1
0,1,28,0,701,25,50,9,2,1,2,30,103.102,1
29,0,33,0,0,16,2,9,3,1,2,30,74.468,1
12,0,34,2,5589,30,42,27,2,1,2,25,87.393,1
11,1,31,0,1404,44,49,43,3,1,1,25,92.703,1
0,0,29,0,989,0,1,12,3,1,2,30,76.538,1
3,1,31,0,4541,45,0,3,3,1,1,25,59.485,1
3,1,37,0,0,61,1,0,2,1,2,30,111.205,1
3,1,35,0,1482,29,10,18,2,1,2,30,25.532,1
9,1,33,2,993,45,4,38,4,1,2,30,24.411,1
3,1,30,0,4343,100,4,10,3,1,2,25,0.0,1
10,0,31,0,1092,20,0,10,3,1,1,25,0.0,1
0,1,40,0,3728,0,11,24,3,1,2,30,110.571,1
11,1,30,1,5651,76,0,7,2,1,2,30,87.414,1
6,0,36,0,6123,65,22,11,3,1,2,30,111.314,1
9,0,41,0,5451,100,7,21,4,1,1,45,41.491,1
19,0,23,0,4359,22,0,31,2,1,1,25,829.951,1
8,1,22,0,3493,56,7,0,4,1,2,25,13.879,1
4,1,24,0,313,58,5,45,3,1,1,45,291.864,1
2,0,34,0,3177,51,71,33,3,1,1,25,91.881,1
5,0,35,0,730,51,14,0,3,1,1,30,5.2,1
2,1,29,0,1473,0,10,10,4,1,1,45,478.013,1
8,0,31,0,4130,45,13,48,4,1,2,30,243.477,1
7,0,33,0,1934,100,1,26,3,1,1,25,109.12,1
12,1,30,0,1952,24,3,4,3,1,2,30,199.348,1
13,0,38,2,3382,28,2,15,2,1,1,25,105.961,1
9,0,27,2,1486,27,2,38,3,1,2,30,83.933,1
1,1,43,0,791,19,6,5,3,1,2,30,90.741,1
16,0,37,0,39,53,9,0,2,1,1,25,75.711,1
2,1,33,2,3393,39,13,32,3,1,2,30,138.776,1
4,1,26,1,2920,52,9,6,3,1,1,45,321.655,1
10,0,33,0,0,91,1,2,4,1,1,25,0.0,1
8,0,38,0,1612,63,8,26,3,1,2,30,227.465,1
9,1,38,1,2820,22,0,9,2,1,2,30,24.897,1
3,0,42,3,3033,21,0,10,2,1,2,30,236.006,1
6,0,31,1,718,38,12,6,2,1,2,25,99.443,1
6,0,32,0,116,7,0,36,3,1,2,25,416.687,1
11,1,31,4,641,38,0,44,3,1,2,25,441.965,1
0,0,42,0,61,29,0,20,3,1,1,25,303.603,1
9,0,3,0,426,62,16,12,3,1,1,30,94.95,1
0,1,24,0,4558,21,3,0,3,1,2,30,85.373,1
21,0,42,0,0,0,0,29,2,2,2,25,0.0,1
7,1,44,0,968,45,0,7,3,1,2,45,14.716,1
0,1,29,0,595,58,0,15,3,1,2,25,105.851,1
1,0,36,0,2563,40,14,21,2,2,2,30,39.922,1
6,0,39,0,1033,63,2,10,3,1,2,45,147.564,1
0,1,34,1,223,64,15,2,4,1,2,30,86.627,1
7,1,34,1,1790,38,22,24,3,1,2,25,0.0,1
8,1,23,4,3030,14,5,18,2,1,2,30,76.889,1
33,0,38,1,1600,24,0,9,2,1,1,45,73.589,1
1,0,34,0,3388,51,23,17,4,1,1,30,328.734,1
22,0,29,0,4001,60,8,12,4,1,2,25,244.665,1
1,0,36,0,195,44,16,22,2,1,1,55,0.0,1
2,0,45,0,3530,46,4,23,3,1,1,30,383.841,1
8,0,29,1,2359,10,2,33,3,1,2,25,34.319,1
0,1,29,0,0,100,4,5,3,1,1,25,60.536,1
7,0,17,2,3505,57,0,22,3,1,2,45,0.0,1
12,1,25,1,2016,57,8,10,3,1,1,25,353.38,1
7,0,28,0,0,55,8,0,3,1,1,25,0.0,1
34,1,3,1,2523,55,3,9,2,1,2,30,58.516,1
4,0,24,0,5045,72,12,14,2,1,2,25,115.58,1
0,1,28,0,0,38,17,10,2,1,2,30,51.174,1
2,0,25,0,828,47,8,48,3,1,2,25,145.556,1
19,1,30,0,5287,78,41,28,3,1,2,25,296.387,1
8,0,31,0,4611,100,10,8,2,1,2,30,133.239,1
5,0,33,0,1936,49,204,20,2,1,2,45,70.048,1
7,0,28,0,4809,51,18,15,3,1,2,30,76.343,1
3,1,23,0,1057,100,6,6,2,1,2,30,64.211,1
6,0,32,0,1123,16,0,2,4,1,2,25,7.837,1
9,0,24,0,1572,60,3,33,2,1,2,30,92.184,1
19,0,26,0,0,31,23,29,2,1,2,25,118.435,1
2,1,29,0,3154,69,0,0,3,1,2,30,32.656,1
5,0,27,0,486,63,3,46,2,1,2,45,68.182,1
0,1,11,0,3762,67,1,20,2,1,2,30,7.135,1
6,0,35,0,387,38,13,11,4,1,2,25,38.218,1
0,1,24,0,3182,47,32,15,3,1,1,30,64.988,1
10,0,12,0,3609,33,9,15,3,1,2,30,117.978,1
15,1,3,0,1618,33,0,37,3,1,2,25,137.78,1
0,0,27,0,3189,37,7,48,3,1,2,30,467.388,1
0,0,40,1,0,42,152,37,3,1,2,25,119.769,1
11,0,32,0,424,24,8,16,3,1,1,45,4.112,1
6,0,26,0,3592,31,1,27,2,1,1,25,331.242,1
6,1,44,1,6123,40,62,44,2,1,1,30,131.282,1
1,0,33,0,1757,96,10,0,3,1,2,30,139.643,1
3,0,37,0,4213,54,18,43,4,1,2,45,188.378,1
8,0,32,0,1649,56,5,27,4,1,2,25,73.38,1
1,0,28,1,614,62,0,7,2,1,2,30,71.841,1
10,1,27,0,779,34,71,12,2,1,2,45,55.002,1
5,0,38,1,1555,17,7,5,3,1,1,45,265.481,1
2,1,31,0,4455,46,0,23,3,1,2,30,76.336,1
11,1,28,0,205,33,11,31,3,1,2,45,117.969,1
12,1,8,0,5,64,6,24,3,1,1,30,311.864,1
12,1,39,0,5676,38,8,40,2,1,2,30,109.418,1
0,0,23,0,1324,44,0,0,4,1,2,25,99.964,1
0,1,45,0,0,70,29,30,2,1,2,30,71.496,1
1,1,34,0,2178,79,81,8,2,1,2,30,97.864,1
28,0,6,0,0,38,10,22,3,1,2,30,158.233,1
0,1,33,0,389,66,8,2,4,1,1,30,79.739,1
0,0,35,2,5142,46,1,8,4,1,2,25,61.561,1
7,0,43,0,1183,100,73,13,2,1,2,45,890.316,1
4,1,4,0,1347,13,31,48,2,1,2,25,418.708,1
6,0,32,0,289,20,4,7,2,1,1,30,122.521,1
13,1,5,0,1322,55,2,32,3,1,2,45,33.948,1
4,0,38,2,1357,21,13,18,4,1,2,30,483.102,1
0,0,42,0,0,46,0,12,5,1,1,45,41.349,1
12,1,7,0,0,75,51,10,2,1,2,30,9.346,1
7,1,5,0,1407,55,56,21,2,1,2,30,214.121,1
8,1,26,0,0,15,0,22,3,1,1,45,162.905,1
12,1,44,1,0,1,0,32,3,1,2,25,90.602,1
8,1,36,1,233,59,11,10,3,1,1,45,223.457,1
9,1,41,2,4601,9,61,15,4,1,2,30,117.632,1
8,1,33,0,1980,54,0,48,3,1,2,45,354.784,1
17,0,26,0,1424,69,7,28,2,1,2,30,0.0,1
2,0,39,1,6123,17,7,0,5,1,2,25,424.611,1
10,1,37,0,0,62,35,19,2,1,1,25,10.558,1
1,0,29,0,207,10,14,5,2,1,2,30,131.9,1
17,1,38,0,0,49,8,44,3,1,1,45,299.402,1
7,0,3,0,0,0,34,0,4,1,1,30,91.904,1
5,1,39,0,3757,77,8,25,2,1,2,25,81.929,1
27,1,30,0,969,13,0,34,4,1,2,30,0.0,1
3,0,19,1,1366,84,6,23,3,1,2,30,16.955,1
0,1,25,1,1023,21,53,9,3,1,2,30,429.619,1
0,1,35,0,1014,72,41,11,2,1,2,25,311.012,1
0,0,26,0,5432,43,2,28,3,1,1,25,302.645,1
6,1,30,0,1943,35,15,48,4,1,1,25,65.391,1
7,1,40,0,1756,56,34,12,3,1,2,30,176.157,1
5,0,35,0,4692,13,5,15,4,1,2,30,168.176,1
6,0,3,0,6123,56,13,28,2,1,1,25,44.035,1
5,0,30,0,5093,41,0,11,4,1,2,25,263.725,1
13,1,33,1,2625,3,0,7,3,1,1,25,70.77,1
10,0,28,1,5218,68,7,24,4,1,2,25,217.985,1
0,0,16,0,3735,100,6,48,3,1,2,25,97.337,1
0,0,29,0,1302,44,7,5,3,1,2,25,525.323,1
5,1,35,0,669,47,13,16,2,1,2,45,36.029,1
3,1,28,0,0,67,0,7,3,1,2,25,33.072,1
25,0,26,0,1016,18,0,10,3,1,2,45,52.727,1
34,0,30,3,0,28,4,42,2,1,2,30,90.163,1
9,1,34,0,1671,50,27,32,3,1,2,45,131.037,1
10,0,6,0,1428,50,14,22,3,1,2,30,62.318,1
4,1,35,0,3322,53,72,11,4,1,1,25,296.183,1
9,0,22,0,2821,41,15,21,2,1,2,25,150.79,1
31,1,35,0,448,39,0,45,4,1,2,25,547.428,1
8,0,30,0,607,55,13,0,2,1,2,30,85.921,1
18,0,22,1,681,5,0,5,4,1,2,30,26.619,1
13,1,37,0,2550,39,1,10,2,1,2,25,286.774,1
7,0,32,0,2720,57,14,21,2,1,2,25,84.132,1
1,1,5,0,0,23,11,11,3,1,2,45,364.712,1
13,1,22,0,2173,58,2,0,3,1,2,25,0.0,1
10,0,3,0,668,0,5,2,5,1,2,30,213.246,1
5,0,38,0,0,31,8,24,4,1,1,30,168.204,1
7,0,24,0,5742,46,0,0,4,1,2,30,179.003,1
34,1,44,0,4662,23,0,33,4,1,2,30,322.735,1
9,0,42,0,0,33,14,30,3,1,1,30,99.072,1
3,0,3,0,2940,11,1,5,3,1,1,30,233.229,1
9,0,34,1,1670,43,7,0,3,1,1,25,987.255,1
6,0,32,0,1816,37,2,0,2,1,2,30,207.0,1
9,1,26,1,342,54,17,27,3,1,1,45,118.665,1
2,0,42,0,0,18,5,6,2,1,1,25,62.007,1
2,0,35,0,2333,46,43,20,4,1,2,25,120.809,1
7,0,30,0,0,62,39,15,3,1,1,25,987.255,1
9,0,44,0,0,27,17,5,3,1,2,25,312.259,1
18,0,32,0,0,14,5,17,3,1,1,45,95.231,1
12,0,38,0,951,69,0,0,3,1,2,30,100.136,1
13,1,28,0,6123,63,0,9,2,1,2,25,22.068,1
6,0,31,0,2413,12,8,18,3,1,2,25,1.1,1
12,1,21,2,613,100,15,6,3,1,1,30,487.921,1
9,1,33,0,630,56,12,27,2,1,2,30,0.0,1
5,1,39,0,2714,57,0,38,3,1,2,30,440.731,1
0,1,35,0,1768,8,7,48,3,1,2,30,89.086,1
9,0,29,0,266,18,63,42,3,1,1,30,0.0,1
4,1,28,0,5710,7,56,2,3,1,2,30,114.749,1
7,1,43,0,4567,0,24,16,3,1,1,25,141.808,1
0,0,34,0,109,72,54,48,4,1,1,25,64.792,1
5,1,40,0,838,27,32,4,2,1,2,45,987.255,1
10,1,33,0,1610,14,0,21,3,1,2,45,111.79,1
0,0,34,0,1243,51,12,26,3,1,2,30,156.874,1
3,0,35,1,3254,59,0,42,3,1,2,45,106.09,1
1,0,38,0,6123,46,22,0,4,1,2,30,20.353,1
11,1,29,0,2995,20,22,19,2,1,2,30,233.211,1
9,1,26,0,1681,29,0,23,3,1,2,30,167.643,1
18,0,27,0,5774,45,9,1,3,1,1,30,54.75,1
8,1,3,0,306,22,0,45,2,1,1,30,138.422,1
9,1,25,0,6123,8,61,0,3,1,1,30,148.894,1
3,1,27,1,1856,8,30,3,2,1,1,25,72.867,1
0,1,32,0,0,6,10,27,2,1,1,25,105.424,1
14,0,5,0,668,33,0,24,4,1,2,25,987.255,1
15,1,28,0,780,95,27,16,3,1,2,25,479.838,1
7,1,30,0,1571,58,12,22,3,1,2,30,96.873,1
0,0,29,0,1968,16,55,48,4,1,2,30,123.778,1
0,1,31,3,2148,14,0,22,2,1,2,30,23.68,1
11,0,29,0,6123,53,32,9,3,1,2,45,112.373,1
11,1,39,3,0,24,0,48,3,1,2,25,111.315,1
2,0,33,0,4680,61,10,17,2,1,2,30,251.597,1
8,0,31,0,0,20,9,12,3,1,1,30,356.666,1
11,1,27,0,21,26,1,3,2,1,2,30,149.558,1
28,1,33,2,1301,51,1,5,2,1,1,30,347.349,1
4,0,28,1,0,53,6,33,3,1,1,25,270.101,1
7,0,25,2,2548,29,15,19,2,1,2,30,58.634,1
3,0,33,0,1047,12,11,31,4,1,1,30,117.556,1
7,1,42,1,1667,47,0,7,3,1,2,25,113.881,1
5,1,32,0,6123,26,0,29,3,1,2,25,213.975,1
8,0,33,0,0,0,34,27,3,1,1,30,139.666,1
0,0,31,0,3156,1,29,39,2,1,2,30,82.743,1
10,0,39,0,0,22,14,28,3,1,1,25,56.03,1
25,0,36,0,3728,34,7,25,3,1,2,25,35.796,1
8,1,28,1,1443,87,0,7,3,1,2,30,240.518,1
11,1,45,1,0,33,0,8,2,1,2,25,105.492,1
4,1,36,0,1685,5,12,48,3,1,1,30,54.227,1
27,1,33,0,3271,11,44,9,3,1,2,25,168.074,1
12,0,27,0,489,100,2,16,2,2,1,30,723.099,1
4,1,32,1,1595,0,15,15,3,1,2,30,85.803,1
17,0,38,0,0,7,6,25,2,1,1,30,45.38,1
2,1,32,1,172,0,17,22,3,1,1,30,371.072,1
0,1,3,1,486,34,0,8,4,1,2,30,11.382,1
11,1,37,0,2527,53,0,48,2,1,1,25,63.003,1
14,0,34,0,2633,55,0,20,5,1,2,55,98.301,1
12,0,34,3,3611,54,6,28,3,2,2,30,244.351,1
2,1,34,1,6079,62,26,11,2,1,2,30,66.631,1
5,0,30,0,0,100,13,9,2,1,2,30,55.814,1
6,1,38,0,317,3,4,42,3,1,2,25,251.784,1
2,0,32,3,1129,69,2,18,2,1,1,25,147.906,1
0,0,35,0,3672,34,26,3,3,1,2,25,47.602,1
5,0,27,0,3440,33,12,47,5,1,1,30,273.943,1
10,0,37,1,3086,10,0,48,3,1,1,25,240.708,1
20,0,28,0,1873,26,27,26,4,1,1,30,221.868,1
0,0,28,2,3665,25,21,7,3,1,2,25,454.253,1
5,1,45,0,0,71,16,0,2,1,1,45,82.421,1
5,0,37,0,1038,52,9,17,2,1,1,30,400.22,1
4,0,29,0,3674,51,0,0,4,1,2,30,113.638,1
12,1,39,0,5334,72,16,15,3,1,2,45,277.298,1
10,1,17,0,418,8,10,3,3,1,2,45,0.0,1
6,1,31,0,191,17,0,0,2,1,2,30,51.357,1
13,1,23,0,0,38,22,16,2,1,2,45,0.0,1
7,0,27,0,3107,99,0,5,2,1,2,45,0.0,1
1,1,23,0,68,61,0,5,3,1,1,25,94.02,1
0,1,45,1,934,0,1,48,3,1,2,25,11.711,1
6,0,27,3,329,56,12,28,4,1,2,25,493.496,1
9,1,25,0,0,24,0,2,4,1,2,25,131.881,1
12,1,29,0,858,50,45,16,4,1,1,25,18.617,1
0,1,33,0,4724,69,4,8,4,1,2,25,77.113,1
1,0,3,0,2456,36,37,0,4,1,1,25,375.721,1
6,0,34,0,2595,58,14,1,2,1,1,45,204.289,1
6,0,27,0,2270,23,6,19,2,1,2,30,415.112,1
2,1,39,1,2610,38,17,28,3,1,2,25,185.737,1
1,1,37,0,775,24,5,16,2,1,1,25,315.427,1
2,0,36,2,4537,55,8,2,2,1,2,45,469.599,1
12,1,44,0,0,3,3,48,2,1,2,25,336.308,1
1,1,37,0,0,18,7,4,4,1,2,30,40.416,1
1,1,28,2,0,63,14,35,4,1,2,30,114.345,1
34,1,33,0,2591,23,11,13,4,1,2,25,26.517,1
6,1,37,0,1450,49,12,32,3,1,2,25,408.798,1
6,0,33,0,238,14,16,35,2,1,2,45,563.545,1
1,0,37,0,6123,15,0,24,3,1,2,30,521.041,1
0,0,27,2,1716,63,0,3,3,2,2,25,48.677,1
0,1,37,0,2769,2,16,4,4,1,2,30,120.69,1
29,1,28,0,425,68,40,48,3,1,2,55,442.131,1
1,0,39,0,149,35,0,13,3,1,1,30,89.867,1
3,1,40,0,6123,13,3,5,4,1,2,30,53.868,1
3,1,39,0,2408,27,0,48,4,1,2,55,243.565,1
11,0,41,1,733,2,9,9,2,1,2,25,87.831,1
11,0,33,1,112,61,0,13,4,1,2,25,47.761,1
0,0,39,2,3011,14,17,5,2,1,2,30,0.0,1
2,0,37,2,596,47,1,6,2,1,1,30,145.361,1
2,0,32,1,3748,0,9,3,3,1,2,45,64.066,1
1,0,29,0,4940,66,1,29,3,1,1,25,31.834,1
7,0,36,0,2654,48,0,24,2,1,2,45,68.311,1
2,1,40,0,0,0,56,44,2,1,2,25,96.084,1
19,0,33,0,360,9,10,24,3,1,1,30,63.863,1
5,0,41,0,89,28,10,11,3,2,1,45,78.229,1
5,1,27,0,2441,7,39,4,2,1,2,30,127.521,1
12,1,34,0,0,52,0,7,3,1,2,30,52.022,1
1,1,25,0,178,65,0,26,2,1,1,30,73.74,1
7,1,36,0,2213,9,1,2,3,1,1,25,82.379,1
23,1,29,0,5827,51,0,15,3,1,2,30,0.0,1
0,0,38,0,2380,0,0,30,3,1,2,30,180.349,1
0,0,33,0,4369,10,77,35,3,1,2,25,17.097,1
1,1,30,0,0,64,77,0,2,1,2,25,51.627,1
4,0,38,0,3481,0,25,18,2,1,2,25,271.048,1
6,1,3,0,3613,100,0,3,2,1,2,25,83.872,1
5,0,26,0,6123,61,17,16,2,1,2,25,132.009,1
6,0,28,4,5129,67,15,32,2,1,2,30,36.848,1
4,1,40,0,1493,100,22,7,2,1,2,45,0.0,1
2,0,36,0,3711,71,28,33,2,1,2,30,340.718,1
32,1,30,0,4101,79,26,1,4,1,1,45,223.222,1
4,0,4,1,1267,10,0,6,3,1,2,30,397.042,1
2,1,31,3,186,14,0,0,2,1,2,25,47.33,1
2,1,8,1,124,18,12,25,3,1,2,45,160.089,1
16,0,36,0,2851,51,4,15,3,1,2,30,44.27,1
0,0,41,0,0,54,0,41,3,1,2,30,188.457,1
4,0,37,0,1472,66,12,38,3,1,2,30,115.619,1
0,1,26,0,2945,47,44,12,3,1,2,25,80.698,1
10,1,35,2,3069,100,10,25,3,1,1,30,62.275,1
17,0,35,0,1500,38,35,28,3,1,2,30,87.625,1
0,1,32,0,1080,47,10,28,3,2,1,45,561.389,1
16,1,37,0,1040,45,9,16,2,1,1,25,160.37,1
4,1,33,0,1690,72,27,37,3,1,2,25,242.706,1
4,1,45,0,455,38,11,26,4,1,1,30,30.795,1
17,1,32,0,3558,19,14,13,4,1,2,30,152.522,1
1,0,26,0,5804,67,12,25,2,1,2,30,56.497,1
0,0,11,0,2512,21,6,28,3,1,1,30,204.315,1
14,1,22,0,6123,100,12,30,2,1,2,30,78.422,1
12,1,5,0,0,63,3,27,2,1,1,55,143.748,1
11,0,37,0,2904,15,0,27,3,1,2,25,72.722,1
9,1,31,1,2160,68,5,3,3,1,1,30,108.836,1
8,1,41,0,673,21,18,30,2,1,2,25,0.0,1
4,0,42,0,6123,46,0,25,3,1,2,45,96.392,1
6,0,41,0,208,22,3,12,2,1,1,30,0.0,1
0,0,28,0,566,14,1,0,3,1,1,45,72.676,1
2,0,42,0,273,15,30,2,2,1,1,30,442.655,1
5,1,33,0,0,23,39,23,3,1,2,30,404.306,1
4,0,26,0,202,38,7,9,3,1,2,25,154.097,1
9,1,25,0,476,49,0,37,3,1,2,30,145.229,1
4,1,23,0,2181,25,0,4,2,1,2,25,509.818,1
10,1,29,0,3779,0,36,18,2,1,1,30,23.447,1
3,1,29,0,698,4,7,27,4,1,2,25,131.315,1
4,1,28,1,6123,64,204,35,2,1,1,30,122.575,1
1,0,29,0,2993,0,0,26,4,1,2,45,67.51,1
6,0,38,1,3393,34,12,27,2,1,2,45,134.805,1
6,1,36,0,6123,31,10,3,2,1,1,25,182.256,1
1,1,28,0,2158,61,7,18,2,1,1,30,57.004,1
2,0,38,0,1054,41,0,18,2,1,1,30,334.097,1
8,0,24,1,612,66,9,2,4,1,1,55,432.564,1
4,1,29,0,157,7,0,0,3,1,2,30,68.009,1
21,1,3,0,6013,47,0,24,3,1,2,25,176.811,1
2,0,24,0,0,10,8,0,2,1,2,25,77.227,1
5,0,35,1,1143,49,15,12,2,2,1,30,95.282,1
6,1,30,0,0,57,69,41,2,1,2,30,280.363,1
6,1,33,0,2182,61,2,20,3,1,2,30,295.933,1
11,0,32,0,669,53,39,38,2,1,2,25,92.716,1
9,0,39,0,5420,8,13,1,2,1,2,45,135.863,1
11,0,26,0,202,44,24,30,3,1,2,45,68.077,1
4,1,34,0,2690,43,50,0,2,1,2,25,144.867,1
4,0,32,0,2866,55,2,6,3,1,1,25,319.468,1
0,0,28,0,3506,56,6,0,2,1,2,25,121.029,1
7,1,40,0,0,60,7,26,3,1,1,30,39.644,1
4,1,10,0,0,62,3,18,2,1,2,45,460.964,1
3,1,34,0,0,32,1,38,4,1,1,45,281.384,1
6,1,31,0,0,0,33,18,3,2,1,25,4.588,1
6,0,33,1,0,41,10,27,2,2,1,30,66.265,1
9,0,25,0,6123,17,46,41,2,1,2,30,238.494,1
10,1,26,0,6123,19,41,23,3,1,2,25,0.0,1
11,0,34,0,4611,49,4,19,2,1,2,30,291.145,1
0,1,43,1,4958,0,11,34,3,1,1,30,96.87,1
8,0,36,0,1248,63,12,23,2,1,1,30,16.171,1
1,0,43,0,1639,44,85,16,3,1,2,25,32.73,1
3,0,24,0,2049,51,4,41,2,1,2,25,486.833,1
3,1,37,0,1838,39,6,48,2,1,2,30,98.338,1
10,1,29,2,1759,42,4,43,2,1,2,25,36.366,1
6,0,3,0,1331,73,9,22,4,1,2,45,316.672,1
6,0,31,0,1375,43,6,8,4,1,1,30,332.81,1
1,1,27,0,344,98,69,1,3,1,2,30,77.599,1
2,0,30,1,885,24,1,4,3,1,2,30,61.259,1
4,0,25,1,3810,45,21,16,4,1,2,45,7.714,1
5,0,19,0,224,2,0,31,4,1,2,45,118.404,1
31,1,28,0,1753,2,46,48,3,1,2,30,204.224,1
9,0,3,0,0,41,2,1,2,1,1,25,85.641,1
2,1,27,0,1887,53,0,6,2,1,2,25,74.92,1
7,1,28,0,366,74,16,7,2,1,2,25,3.64,1
4,1,34,0,0,51,0,25,3,1,1,25,232.099,1
8,1,26,0,155,50,9,27,3,1,2,45,111.087,1
0,0,36,0,1859,74,33,11,3,1,1,30,159.587,1
2,1,36,1,4322,41,0,15,3,1,2,25,94.582,1
12,1,13,1,196,67,63,33,2,1,1,25,433.16,1
4,1,35,0,3885,63,10,26,3,1,2,25,150.145,1
0,0,30,0,749,12,8,36,5,1,2,25,457.567,1
26,0,26,0,6123,47,5,35,2,1,1,45,31.813,1
6,1,30,0,2952,27,83,10,3,1,1,30,132.248,1
0,0,32,3,0,48,9,15,2,1,1,30,118.065,1
7,0,28,0,5415,68,6,20,2,1,2,30,8.427,1
11,1,32,0,514,48,70,5,2,1,2,30,66.949,1
5,1,40,0,2559,41,0,21,2,1,1,25,0.0,1
0,1,36,1,994,28,21,4,2,1,2,25,84.596,1
4,0,31,2,1096,68,10,22,4,1,1,30,33.612,1
1,1,38,1,0,5,8,24,2,1,2,30,123.744,1
9,1,34,0,473,24,3,30,2,1,1,30,2.453,1
12,0,29,0,210,2,1,11,3,1,2,25,75.505,1
13,1,3,0,1425,46,80,30,2,2,2,45,253.636,1
17,0,33,0,3099,58,13,31,3,1,2,45,127.134,1
2,1,37,0,2406,19,3,10,3,1,2,25,102.486,1
9,0,30,0,893,65,34,2,3,1,2,25,185.093,1
2,1,37,0,2490,69,14,30,3,1,2,45,222.634,1
30,0,30,0,1337,50,9,25,3,1,2,30,133.976,1
9,0,34,0,6123,100,9,37,3,1,1,30,126.222,1
10,0,4,1,3106,1,10,14,2,1,2,25,94.814,1
10,1,37,0,4286,6,33,28,3,1,2,25,49.457,1
17,1,41,0,0,36,3,26,3,1,2,45,987.255,1
18,0,30,0,2541,26,8,35,2,2,2,30,0.0,1
12,1,42,0,596,55,7,10,2,1,2,45,987.255,1
12,0,32,0,4174,10,12,36,2,1,2,25,0.0,1
14,0,28,0,2331,10,5,0,2,1,2,25,219.81,1
5,0,33,1,3536,94,0,31,3,1,2,30,470.647,1
14,1,33,0,4665,57,9,26,3,1,2,30,116.703,1
8,0,33,2,226,8,3,21,3,1,2,30,154.691,1
9,1,37,2,4997,71,1,8,2,1,2,30,47.051,1
19,0,31,0,2096,12,14,18,2,1,2,25,70.992,1
13,1,41,0,196,16,12,6,3,2,2,25,42.514,1
0,1,29,0,0,51,10,3,4,1,1,30,100.777,1
10,0,37,0,2963,25,6,4,2,1,2,25,66.516,1
0,1,45,2,3341,98,8,6,3,1,1,25,320.201,1
3,0,34,0,0,74,32,21,2,1,2,25,115.128,1
2,1,27,0,5622,5,7,20,3,1,2,25,69.431,1
7,0,35,0,1135,72,0,23,2,1,2,25,116.257,1
12,1,29,1,2115,64,0,10,3,1,2,30,59.44,1
5,0,33,0,358,7,15,19,2,1,1,30,133.395,1
3,1,33,2,272,46,5,22,4,1,1,30,987.255,1
1,1,24,0,177,56,41,48,2,1,2,25,187.98,1
2,0,29,0,4776,10,9,12,2,1,2,30,252.157,1
7,0,3,0,1710,7,10,39,2,1,2,25,130.555,1
14,1,29,3,2532,56,4,44,2,1,2,25,32.607,1
4,1,31,0,2001,7,14,23,2,1,2,25,64.167,1
8,0,26,0,0,45,0,0,3,1,2,45,32.666,1
24,1,32,0,3132,53,1,31,2,1,1,25,242.226,1
6,0,43,0,2443,60,0,25,2,1,1,25,58.883,1
8,0,38,0,788,16,0,22,3,1,1,45,357.371,1
5,1,30,0,5133,50,0,48,4,1,1,25,120.307,1
2,0,23,0,4420,43,6,0,3,1,2,30,0.0,1
22,0,41,0,1719,48,22,20,3,1,2,25,118.455,1
1,1,33,0,1603,100,0,20,2,1,2,45,101.24,1
0,1,34,0,2438,53,9,0,3,1,1,25,22.254,1
34,1,43,0,2307,70,0,29,3,2,2,30,40.971,1
30,0,23,0,5421,5,0,3,2,1,2,30,74.359,1
10,1,32,1,362,39,1,2,3,2,2,30,5.468,1
11,0,43,0,954,14,15,20,3,1,1,30,0.0,1
6,0,33,1,645,17,11,25,3,1,1,25,45.34,1
6,1,32,0,2553,55,1,18,3,1,2,45,987.255,1
9,0,39,0,394,75,5,7,2,1,2,25,0.0,1
0,1,23,0,2230,52,7,19,3,1,2,30,74.311,1
5,0,38,0,3541,44,8,20,4,1,2,30,256.472,1
28,0,28,2,0,16,204,6,4,1,2,25,121.164,1
0,1,40,0,6123,38,28,22,3,2,2,30,201.566,1
12,0,24,1,614,62,0,36,3,1,2,30,140.09,1
5,1,32,0,32,83,0,40,3,1,2,30,39.391,1
2,0,30,0,450,51,5,0,2,1,1,30,3.207,1
2,1,36,0,0,10,0,23,3,1,2,55,73.99,1
13,0,27,0,869,69,2,1,2,1,1,30,48.04,1
13,1,39,0,369,24,20,13,4,1,2,45,372.78,1
0,1,32,0,4877,6,0,24,4,1,2,30,149.048,1
0,0,26,0,4434,3,9,0,2,1,2,25,114.762,1
6,1,27,0,0,15,0,10,4,1,2,30,134.901,1
5,0,34,0,1019,56,8,47,3,1,1,45,346.795,1
3,0,3,0,0,91,33,8,3,1,1,30,39.131,1
14,1,3,0,1432,72,9,24,2,1,1,30,15.004,1
3,1,3,0,3618,50,34,13,4,1,2,30,250.529,1
0,0,34,0,1502,23,31,44,2,1,2,30,135.489,1
13,1,5,0,4419,0,16,13,4,1,2,30,14.816,1
1,0,23,0,0,55,0,48,2,1,2,30,281.46,1
3,0,41,0,24,4,15,36,3,1,2,30,0.0,1
3,0,32,0,1180,49,1,20,2,2,2,25,28.871,1
2,0,3,0,1521,34,77,4,2,1,2,30,50.125,1
24,0,3,0,3366,65,9,19,4,1,1,55,91.999,1
4,1,23,0,610,41,42,12,3,1,2,30,0.0,1
1,1,44,0,2716,10,14,22,2,1,2,45,0.0,1
34,1,28,0,163,68,2,37,3,1,2,45,205.492,1
3,1,40,0,161,100,0,24,4,1,1,30,0.0,1
20,0,3,0,2307,64,12,34,2,1,2,30,120.085,1
9,1,42,0,4117,13,43,21,3,1,1,25,47.77,1
0,0,33,0,0,70,1,26,2,1,2,30,136.142,1
0,0,31,0,1418,22,204,20,2,1,2,45,56.541,1
20,1,27,0,1059,60,0,16,4,1,1,25,241.745,1
0,0,32,0,2331,0,15,35,3,1,2,25,55.838,1
6,0,29,0,0,0,11,21,3,1,1,25,81.568,1
0,1,28,0,1513,50,0,48,3,1,2,30,6.269,1
22,0,33,0,5972,44,29,6,2,1,2,45,264.95,1
22,1,36,0,1104,57,15,5,4,1,1,30,143.395,1
0,1,36,1,1848,74,14,48,3,1,1,25,127.277,1
5,0,44,0,1571,12,12,23,2,1,1,30,159.578,1
10,1,45,0,286,56,3,8,3,1,2,45,41.124,1
4,1,29,1,2210,53,24,7,3,1,2,25,43.941,1
7,1,40,0,5390,5,4,39,3,1,2,30,96.847,1
0,0,32,0,805,69,13,24,3,1,1,45,259.541,1
1,0,39,1,6123,30,50,18,2,1,2,30,320.107,1
5,0,40,0,2664,31,43,28,2,1,2,25,0.0,1
6,0,5,1,0,44,0,1,2,2,2,30,96.199,1
11,0,33,0,0,13,14,23,3,1,1,30,275.968,1
2,0,36,0,1898,62,30,0,2,1,2,30,0.0,1
5,1,29,0,4235,99,0,18,3,1,2,45,384.967,1
5,0,36,0,1142,35,34,24,3,1,1,30,23.047,1
5,0,27,0,4408,7,14,11,3,1,2,30,218.268,1
7,1,28,0,2761,51,51,21,4,1,2,25,190.077,1
9,1,24,0,45,72,9,5,3,1,1,30,0.0,1
10,1,39,0,0,53,10,5,4,1,2,25,138.028,1
8,0,36,0,3152,66,0,27,3,1,2,45,16.289,1
2,0,28,0,2317,60,8,6,3,1,2,30,327.483,1
1,0,30,0,0,7,1,46,4,1,1,25,14.597,1
5,1,31,0,199,55,3,23,2,1,2,30,158.899,1
5,1,31,0,3400,49,10,3,3,1,1,25,0.0,1
2,1,43,0,165,67,50,31,3,1,2,45,115.924,1
6,0,33,0,0,36,22,19,3,1,2,25,98.775,1
7,0,34,1,2014,61,6,7,3,1,2,25,0.0,1
4,0,30,0,2415,49,25,14,3,1,2,30,319.644,1
0,0,31,0,5230,57,13,6,2,1,2,30,117.635,1
10,1,28,0,776,53,0,8,2,1,2,25,495.464,1
2,0,30,0,3572,61,31,5,3,1,1,45,13.557,1
2,0,24,1,838,11,7,24,2,1,2,25,133.155,1
2,1,34,1,2975,6,27,23,4,1,2,30,152.581,1
0,0,29,0,2791,39,3,24,4,1,2,45,292.21,1
6,0,39,1,3660,16,13,27,2,1,2,30,97.649,1
3,1,33,0,6123,47,3,3,2,1,2,30,77.033,1
3,0,27,0,4188,5,10,20,2,1,2,25,0.0,1
7,1,35,0,671,28,37,6,4,2,1,30,484.978,1
2,0,42,4,3990,38,0,39,2,1,1,25,172.007,1
0,0,27,0,3754,25,11,47,3,1,2,25,48.525,1
9,1,3,0,4291,5,10,6,3,1,2,30,125.373,1
0,1,39,0,481,71,13,10,3,1,2,25,0.0,1
12,1,35,2,1119,1,7,1,4,1,2,30,120.831,1
3,0,29,0,972,57,11,48,2,1,1,45,127.39,1
5,1,3,0,1515,75,35,7,3,1,2,30,331.092,1
8,0,25,1,210,59,6,29,3,1,2,30,38.265,1
1,0,35,0,2299,18,8,25,4,1,2,45,80.655,1
3,0,45,1,1490,70,14,25,3,1,2,25,0.0,1
32,0,37,0,0,60,27,48,2,1,2,30,52.421,1
13,1,35,0,0,65,13,15,2,1,2,30,89.53,1
0,1,3,3,4319,10,12,6,3,1,2,30,69.566,1
12,1,35,0,1669,27,7,10,4,1,1,30,321.853,1
7,1,32,4,2728,53,39,14,3,1,2,30,84.579,1
8,0,32,2,5170,64,6,48,5,1,1,45,321.703,1
2,0,40,1,6071,53,0,6,3,1,1,45,18.81,1
1,1,27,0,0,59,5,34,3,1,2,30,0.0,1
17,0,40,0,471,51,39,26,3,1,2,30,127.963,1
9,0,31,0,5466,13,7,17,3,1,2,30,61.601,1
20,1,33,0,588,46,42,9,3,1,2,30,0.0,1
10,0,38,0,2802,58,43,18,2,1,2,25,334.828,1
3,1,35,2,3897,7,14,14,2,1,2,25,108.646,1
14,1,24,1,727,37,13,26,2,1,1,25,30.649,1
0,1,35,0,4275,0,35,2,2,1,2,30,117.222,1
3,0,26,1,1024,19,4,3,2,1,2,30,554.671,1
8,0,32,0,6123,46,12,39,2,2,2,30,987.255,1
3,1,35,2,334,59,46,43,3,1,2,30,15.705,1
10,1,32,2,2049,76,5,6,2,1,2,45,0.0,1
0,1,38,0,1392,100,4,3,2,1,1,25,163.075,1
11,1,39,0,6123,53,3,48,2,1,1,45,174.54,1
3,0,37,3,3449,50,8,33,3,1,2,30,152.42,1
21,0,30,0,256,50,61,48,4,1,1,25,422.301,1
7,1,39,3,198,60,4,47,4,1,2,30,271.464,1
26,0,30,1,3540,60,3,15,2,1,2,30,58.375,1
9,0,29,2,2605,53,0,11,2,1,2,30,188.529,1
22,0,36,0,0,71,0,48,3,1,2,25,137.041,1
5,1,26,0,2306,9,55,31,3,1,1,25,49.928,1
5,1,31,0,170,67,35,5,2,1,1,25,136.491,1
7,1,8,0,481,9,4,38,4,1,2,30,42.193,1
1,0,28,0,31,81,0,7,4,1,1,30,287.301,1
6,0,31,0,4233,12,5,4,2,1,2,25,74.886,1
8,0,32,2,5964,6,0,43,3,1,2,30,114.179,1
8,0,29,1,1099,23,9,9,2,1,2,45,69.14,1
6,0,37,0,1624,67,4,14,4,1,1,30,146.128,1
0,1,30,0,672,29,11,28,3,1,2,25,286.362,1
21,1,24,0,1919,47,6,13,2,1,1,25,213.845,1
3,1,3,0,2702,22,0,26,4,1,2,30,64.573,1
2,0,45,0,3569,54,9,25,2,1,2,25,254.024,1
4,1,26,0,0,39,33,12,3,1,1,30,709.422,1
2,1,43,0,1402,4,5,0,2,1,1,30,86.647,1
8,1,3,0,919,75,25,28,4,1,2,45,42.661,1
5,1,32,0,1570,48,45,2,4,1,2,30,0.0,1
3,1,25,1,3107,45,0,43,5,1,2,30,22.71,1
1,0,33,0,2798,20,21,17,2,1,1,30,112.058,1
2,0,25,0,4520,20,53,4,2,1,1,45,54.667,1
2,0,35,0,0,39,2,29,3,1,2,30,397.643,1
5,1,6,0,1640,51,8,9,4,1,2,45,131.56,1
0,0,45,2,881,63,33,10,4,1,1,30,5.286,1
0,1,37,0,445,48,8,6,2,1,2,25,0.0,1
1,0,35,0,1171,68,0,12,3,1,2,30,92.36,1
10,1,34,0,543,50,24,0,4,1,2,30,88.054,1
14,0,39,2,1560,48,0,21,3,1,2,30,120.567,1
8,0,31,0,352,68,45,0,4,1,2,30,138.861,1
3,1,37,3,5271,45,0,26,3,1,2,45,0.0,1
10,1,35,0,1287,46,0,40,3,1,1,25,72.235,1
4,0,29,0,608,59,31,48,4,1,2,45,419.097,1
0,1,24,4,1549,55,0,35,3,2,2,45,25.279,1
12,1,9,1,0,60,7,12,3,1,1,45,94.884,1
11,1,40,0,0,52,10,28,2,1,1,30,121.339,1
25,0,30,0,3243,66,10,29,3,1,2,30,46.213,1
3,1,28,0,2302,0,5,15,2,1,2,30,143.125,1
2,0,25,0,1118,0,0,0,3,1,1,25,81.935,1
33,1,42,0,0,71,0,23,3,1,2,30,236.147,1
0,1,41,0,5473,64,2,25,3,1,1,25,288.767,1
13,0,23,3,0,61,2,8,3,1,2,30,192.3,1
4,0,29,0,2271,52,10,28,3,1,2,25,114.728,1
7,1,28,1,1584,43,8,48,3,2,1,25,117.228,1
0,1,24,0,929,0,0,15,3,1,2,30,154.223,1
2,1,31,0,1516,4,0,16,3,1,2,25,236.106,1
12,0,34,0,3063,13,0,20,3,1,2,30,0.0,1
6,0,22,0,1967,46,9,3,3,1,2,30,25.304,1
5,0,26,1,534,49,15,24,2,1,1,30,344.034,1
5,0,44,1,1734,49,2,7,2,1,1,25,987.255,1
2,1,30,0,308,16,34,46,3,1,1,25,81.236,1
2,0,32,1,166,41,12,9,3,1,2,25,105.641,1
6,0,25,0,6123,21,14,37,2,1,2,30,214.999,1
6,1,36,1,0,12,11,20,3,1,2,25,112.285,1
21,0,31,0,4613,59,2,48,3,1,2,30,245.192,1
7,1,31,0,369,51,106,8,3,1,1,30,77.353,1
2,0,27,0,2791,12,45,5,4,1,1,30,229.104,1
10,1,36,0,1068,100,1,28,3,1,2,25,338.238,1
2,0,27,0,3419,53,18,15,2,1,2,25,333.422,1
0,1,33,0,285,59,3,44,3,1,2,45,55.178,1
27,0,33,0,2498,14,9,0,3,1,2,25,36.091,1
22,0,35,0,1399,76,7,9,3,1,2,30,102.057,1
6,0,33,0,0,55,4,25,2,1,1,25,14.844,1
0,1,32,2,966,100,0,21,3,1,2,30,143.525,1
5,0,29,0,631,58,16,24,2,1,1,45,42.338,1
0,0,33,0,3672,64,14,24,2,1,1,30,124.747,1
12,0,29,0,5771,41,20,7,4,2,2,30,112.204,1
2,0,40,0,5160,100,10,7,2,1,1,30,261.909,1
1,1,28,1,2408,6,12,8,3,1,1,30,108.673,1
8,1,26,0,1794,0,16,0,2,1,2,45,143.564,1
12,1,34,0,1554,25,26,7,3,1,2,25,63.768,1
11,1,3,2,1976,26,31,5,3,1,2,30,11.101,1
4,0,39,0,2492,58,6,6,3,1,2,45,113.921,1
2,1,28,0,1216,0,26,6,2,1,2,30,38.354,1
34,1,38,0,3335,43,69,45,5,1,2,25,88.959,1
12,1,42,0,1841,100,35,27,3,1,1,25,60.168,1
11,0,31,3,2860,22,0,10,3,1,2,30,3.858,1
10,1,27,1,143,34,11,28,3,1,2,30,481.419,1
20,1,28,0,0,53,8,15,3,1,1,45,53.922,1
10,1,29,2,0,100,0,7,2,1,1,30,38.893,1
7,0,33,1,370,33,5,28,5,1,2,30,48.265,1
4,0,36,0,4589,40,14,22,2,1,2,30,31.119,1
6,0,23,0,2964,65,0,3,4,1,2,30,987.255,1
12,0,15,1,0,66,15,16,2,1,2,30,73.609,1
6,1,31,0,3216,41,0,14,2,1,2,45,32.038,1
8,0,39,1,890,57,18,2,2,1,1,30,157.608,1
0,0,37,0,2904,40,3,19,4,1,2,25,0.0,1
4,1,30,0,592,33,36,15,3,1,2,30,321.257,1
0,0,40,0,536,65,0,48,3,1,2,30,507.71,1
4,1,24,0,2540,67,1,22,2,1,2,30,248.143,1
7,1,36,0,294,11,0,1,2,1,1,25,217.165,1
0,0,44,1,6123,32,35,3,4,1,2,30,120.924,1
24,1,3,0,228,68,0,0,3,1,2,30,21.746,1
5,1,27,0,512,37,0,0,4,1,2,30,5.276,1
34,0,41,0,662,4,0,38,3,1,2,30,576.373,1
0,1,36,0,2529,70,15,16,3,2,1,30,121.734,1
0,0,27,0,5116,49,35,0,3,1,2,30,73.318,1
11,0,24,0,508,46,58,20,4,1,2,25,251.758,1
0,1,9,3,4504,73,4,44,2,1,1,25,67.201,1
11,0,36,2,3183,48,0,16,2,1,2,30,216.157,1
7,0,30,3,571,63,0,23,2,1,2,25,335.678,1
13,1,37,1,2064,92,29,11,4,1,1,25,85.576,1
9,0,36,0,3819,55,40,3,3,1,2,25,216.59,1
1,0,34,0,656,43,4,8,3,1,2,30,27.757,1
11,1,28,0,111,100,38,12,2,1,2,30,14.155,1
0,0,30,0,5400,10,38,4,4,1,2,45,219.761,1
0,0,36,3,1288,15,1,10,3,1,2,30,101.515,1
6,1,28,0,2281,49,38,24,2,1,2,30,99.167,1
0,0,28,3,1795,6,27,2,3,1,1,30,42.598,1
6,0,29,0,0,58,14,7,2,1,2,30,40.625,1
11,0,35,0,3088,62,10,25,3,1,2,55,263.105,1
2,0,35,0,6123,58,15,40,3,1,2,30,5.987,1
3,0,34,0,1852,67,0,10,3,1,2,30,647.428,1
2,0,3,0,3210,50,2,34,2,1,2,30,42.771,1
7,1,33,0,2196,0,9,1,2,1,2,25,80.744,1
3,1,28,0,2025,53,0,17,2,1,2,30,126.473,1
7,0,38,0,865,6,40,48,4,1,2,25,43.083,1
8,1,34,3,2198,16,6,27,4,2,2,30,122.156,1
4,0,40,0,28,59,5,4,2,1,2,25,299.687,1
7,0,33,0,0,64,8,16,4,1,2,25,89.01,1
8,1,36,0,3754,19,21,11,2,1,2,45,217.366,1
2,0,30,1,2315,100,52,17,4,1,1,30,87.014,1
0,1,37,2,790,92,6,12,2,1,2,25,69.315,1
0,0,26,0,318,44,8,17,2,1,1,25,49.45,1
0,1,32,0,0,52,10,0,5,1,2,55,119.24,1
2,1,27,0,2983,63,204,19,2,1,1,25,0.0,1
2,1,23,0,2358,45,0,45,3,1,1,30,95.007,1
0,1,37,0,1695,49,37,6,2,1,2,25,104.012,1
13,0,27,0,1349,21,46,10,2,1,1,25,62.819,1
3,1,33,0,3792,17,0,0,3,1,2,30,311.151,1
4,1,29,0,5998,26,1,0,3,1,2,30,50.096,1
11,1,38,0,1392,8,12,41,3,1,2,45,64.633,1
30,1,31,0,84,69,0,8,2,1,2,45,33.791,1
1,0,39,0,383,77,0,48,3,1,2,30,489.062,1
7,0,31,0,424,55,0,23,3,1,1,55,210.128,1
10,0,36,1,2570,71,11,10,2,1,2,25,8.58,1
9,0,40,0,2349,66,0,46,2,1,2,30,119.472,1
7,0,41,0,3849,17,6,20,2,1,1,30,0.0,1
6,0,39,0,6123,35,0,8,2,1,2,25,67.881,1
6,1,38,0,2356,13,3,43,2,1,2,30,140.756,1
1,0,39,2,2995,40,15,17,3,1,2,25,130.982,1
16,0,25,1,6123,47,10,20,3,1,1,45,150.331,1
2,1,28,0,1013,46,41,22,3,1,2,25,253.268,1
19,1,34,0,229,5,21,8,3,1,2,25,149.596,1
8,1,3,2,2779,42,11,32,3,1,2,30,36.716,1
2,0,4,0,836,26,15,7,2,1,1,45,37.205,1
5,1,36,1,2456,2,2,21,3,1,2,25,52.533,1
8,1,28,0,0,14,0,2,3,1,2,30,174.392,1
8,0,27,0,1794,22,22,4,2,1,2,30,242.161,1
0,0,35,0,2716,51,183,19,2,1,2,30,742.845,1
8,0,24,1,647,5,14,25,4,1,2,25,191.36,1
4,1,37,0,1360,43,15,20,2,1,2,30,29.747,1
6,1,30,0,869,100,0,21,2,1,1,45,0.0,1
0,1,42,0,772,12,16,14,4,1,1,30,0.0,1
1,1,37,0,694,26,5,23,2,1,2,30,101.626,1
7,1,37,0,1079,8,15,23,2,1,1,45,145.439,1
6,1,27,0,0,53,9,2,4,1,2,25,64.97,1
6,0,27,0,116,27,38,25,3,1,2,30,104.262,1
7,1,30,0,4942,52,12,0,2,1,2,25,49.401,1
2,1,42,1,0,57,9,48,4,1,2,25,45.693,1
2,1,8,0,6123,0,17,23,5,1,2,45,166.986,1
6,1,31,0,6059,47,41,32,3,1,2,30,83.257,1
13,0,28,0,1439,34,9,14,3,1,1,45,67.338,1
32,1,32,0,1810,63,37,8,3,1,1,30,4.247,1
0,0,26,0,6123,70,9,24,4,1,1,45,406.843,1
9,0,36,0,1562,100,3,17,4,1,1,25,406.099,1
9,0,27,0,6065,11,1,48,3,1,1,30,550.802,1
14,0,34,0,1540,39,3,28,2,1,2,30,433.496,1
5,1,29,1,909,42,0,20,2,1,1,30,42.765,1
0,1,30,0,4119,70,0,42,3,1,2,45,362.683,1
0,0,3,1,0,77,0,31,2,1,2,25,157.624,1
3,0,40,2,0,43,26,6,2,1,2,25,41.176,1
3,1,36,0,2315,0,0,48,2,1,2,25,63.44,1
2,0,31,0,5118,51,7,10,3,1,1,25,220.41,1
12,0,36,0,1151,1,10,11,2,1,2,30,261.525,1
11,1,18,0,4358,100,1,11,2,1,1,30,19.119,1
0,0,35,0,4371,58,1,22,3,1,2,30,22.088,1
1,1,38,0,0,44,21,21,3,1,2,25,0.0,1
0,1,3,1,0,71,10,22,2,1,2,45,0.0,1
2,1,42,0,901,0,39,6,3,1,1,45,70.63,1
10,0,38,0,96,33,17,35,2,1,2,45,215.954,1
4,0,32,0,0,12,34,33,3,1,2,45,0.0,1
0,0,26,1,2650,100,29,40,3,1,2,25,213.588,1
3,0,23,0,2493,32,26,0,4,1,2,30,47.279,1
17,1,27,1,3064,19,6,0,4,1,2,45,93.31,1
1,0,30,0,0,10,8,13,3,1,1,30,66.643,1
0,1,26,0,6123,54,63,26,4,1,2,45,116.333,1
1,0,28,0,80,25,3,45,3,1,1,45,124.99,1
6,0,39,0,5014,45,0,43,2,1,1,25,34.642,1
1,0,39,0,0,0,2,13,4,1,2,30,0.0,1
8,1,31,1,0,32,12,39,3,1,2,30,92.922,1
4,1,29,1,3030,61,0,9,3,1,2,25,0.0,1
11,1,3,0,4404,48,14,21,3,1,2,25,0.0,1
6,1,3,0,877,6,5,23,3,1,1,30,55.768,1
11,0,33,0,398,11,1,40,3,1,2,45,88.026,1
0,1,32,0,2164,43,2,46,2,1,2,25,987.255,1
13,0,40,0,5268,23,15,14,3,1,1,25,0.0,1
0,1,32,0,2500,7,9,32,2,1,2,30,59.652,1
0,1,28,0,3414,31,43,7,3,1,1,25,101.239,1
27,1,41,0,490,67,0,8,3,1,2,30,987.255,1
2,0,28,0,5016,42,16,17,3,1,2,25,161.451,1
18,0,25,0,2139,47,12,20,2,1,2,30,39.102,1
5,1,41,1,224,94,56,18,4,1,2,25,21.977,1
10,0,44,0,0,55,1,11,3,1,2,30,0.0,1
16,0,3,0,223,67,0,8,4,1,2,25,21.865,1
4,1,36,0,295,63,0,28,4,1,2,30,19.628,1
5,1,34,0,963,7,13,3,3,1,2,30,65.607,1
2,1,4,0,2288,12,9,17,3,1,2,30,299.969,1
19,0,3,0,2599,40,0,15,4,1,2,30,112.703,1
10,1,36,1,1468,33,16,7,4,1,1,30,101.661,1
1,0,31,0,299,54,45,0,3,1,2,25,10.906,1
2,0,33,0,1188,26,1,29,3,1,2,30,56.922,1
3,1,34,0,729,7,8,6,4,2,1,30,23.513,1
2,0,33,0,525,45,10,44,2,1,2,30,349.96,1
0,1,36,0,1956,58,18,24,2,1,2,45,94.502,1
34,0,29,0,0,50,4,17,2,1,2,30,67.879,1
0,1,26,0,6123,71,12,41,2,1,2,45,86.134,1
20,0,38,0,418,33,10,9,3,1,2,30,113.511,1
2,1,34,0,4237,18,8,10,4,1,2,45,153.126,1
13,0,24,0,1487,75,5,15,2,1,2,30,72.035,1
0,1,29,0,1050,21,0,39,4,1,2,30,124.207,1
16,0,4,0,587,37,1,5,3,1,1,30,389.003,1
2,0,42,0,0,56,33,0,2,2,1,25,34.44,1
16,0,10,0,2965,62,0,6,3,1,2,30,0.0,1
10,1,17,0,3170,3,6,43,3,1,1,25,130.047,1
0,1,30,0,731,15,3,11,3,1,2,30,417.228,1
8,1,28,0,239,42,3,25,3,1,1,45,97.888,1
8,1,26,0,0,36,0,30,3,1,2,30,317.096,1
3,0,37,0,940,68,13,2,2,1,2,30,242.839,1
8,1,27,0,2740,0,10,29,2,1,1,25,23.555,1
8,0,27,3,1553,7,0,2,3,1,2,30,35.716,1
9,1,37,0,0,67,1,0,2,1,2,30,26.553,1
5,1,34,0,0,70,10,48,2,1,1,45,99.684,1
0,0,26,0,643,62,5,27,3,1,2,25,19.047,1
9,1,33,0,0,8,31,28,4,1,2,30,159.207,1
10,1,38,0,0,19,14,7,3,1,2,25,431.02,1
8,0,35,1,493,50,0,24,2,2,2,30,258.218,1
7,0,33,0,2858,56,8,27,4,2,1,30,0.0,1
21,0,29,0,0,42,0,34,4,2,2,25,77.073,1
0,1,38,0,2341,42,0,33,3,1,2,25,197.314,1
3,0,38,0,2807,65,16,2,2,1,1,45,278.562,1
2,1,23,0,1965,53,10,19,4,1,1,30,0.0,1
9,0,31,0,3920,67,53,32,3,1,2,30,472.695,1
17,0,38,0,4774,34,5,48,3,2,1,30,140.935,1
0,1,27,2,3559,8,5,21,3,1,1,25,125.095,1
2,0,44,0,2533,45,0,9,5,1,1,45,336.283,1
2,0,39,2,175,100,10,20,2,1,2,45,300.128,1
11,0,32,0,1901,43,6,3,3,1,2,30,15.661,1
10,1,37,0,82,72,31,48,3,1,2,25,158.538,1
28,0,39,0,1153,67,2,21,3,1,2,45,28.455,1
6,1,3,0,670,59,11,6,4,1,1,30,214.544,1
3,1,27,0,489,41,24,4,4,1,2,25,0.0,1
2,0,8,1,6123,44,11,11,4,1,2,30,0.0,1
11,0,40,0,3076,42,0,31,4,1,2,30,131.717,1
0,0,3,0,1310,41,13,25,4,1,2,25,91.359,1
3,1,28,0,2184,100,6,19,4,1,2,30,70.014,1
6,1,30,0,2992,47,0,22,3,1,1,25,179.059,1
7,1,29,0,368,73,86,2,3,1,2,45,96.714,1
7,1,26,0,2296,43,14,22,2,1,2,45,297.802,1
8,0,36,0,265,71,42,23,2,1,1,30,63.492,1
1,1,26,0,0,48,0,9,4,1,1,25,132.33,1
5,1,29,0,159,100,29,5,3,1,2,25,229.577,1
0,1,30,0,1193,76,0,43,3,1,1,25,186.777,1
12,0,38,1,3834,38,9,29,3,1,1,25,144.89,1
7,1,38,2,229,42,8,26,2,1,2,45,0.0,1
6,1,27,0,1733,42,14,29,3,1,2,25,298.702,1
0,1,39,0,201,8,20,8,3,1,2,30,473.907,1
1,0,27,0,1892,67,25,48,3,1,2,30,68.202,1
34,0,25,0,150,23,7,32,3,1,2,30,44.744,1
7,1,32,0,5184,56,6,4,5,1,2,25,126.453,1
4,1,26,0,1877,12,0,33,2,1,2,30,76.186,1
0,0,32,0,1477,35,0,14,3,1,1,25,95.712,1
6,1,37,0,6123,13,7,27,3,2,2,25,289.866,1
14,1,37,2,2692,33,24,7,2,1,2,45,344.288,1
4,1,26,0,2717,49,14,12,4,1,2,30,474.348,1
8,1,41,0,2381,66,0,28,4,1,2,30,88.839,1
11,0,22,0,53,100,0,20,3,1,2,45,54.696,1
15,1,38,1,2432,11,0,20,2,1,2,30,64.224,1
34,0,26,0,0,44,39,26,2,1,2,30,69.574,1
34,1,31,2,0,51,11,8,2,1,2,30,404.452,1
8,1,29,0,0,100,8,0,3,1,1,25,13.909,1
7,0,26,0,2045,55,6,21,3,1,1,25,25.265,1
3,1,34,0,6123,55,25,23,3,1,2,30,120.05,1
10,0,4,0,2439,50,1,32,3,1,2,30,335.612,1
4,1,28,2,1139,20,0,45,3,2,2,30,130.605,1
3,1,32,0,1963,16,41,26,2,1,2,25,327.012,1
20,0,32,4,6123,80,0,24,3,1,2,30,247.47,1
0,1,39,1,211,20,22,20,3,1,2,25,460.319,1
2,0,41,0,6123,55,5,29,2,1,1,30,90.19,1
0,0,33,0,535,56,4,13,3,1,1,30,31.571,1
6,0,32,0,284,63,37,4,4,1,2,25,301.205,1
16,0,7,0,0,30,0,27,3,1,2,30,813.913,1
0,1,33,0,203,79,25,19,2,1,2,30,95.069,1
7,0,11,0,606,67,0,17,4,1,2,25,75.501,1
13,1,32,0,276,69,5,8,2,1,2,25,147.019,1
0,0,22,0,3189,19,43,18,3,1,1,30,244.614,1
5,0,23,2,1940,9,0,10,3,1,2,25,987.255,1
3,0,36,2,634,54,15,6,3,1,1,30,284.59,1
32,0,12,0,2190,83,7,26,3,1,2,25,331.906,1
10,0,30,0,0,30,44,7,3,1,2,30,110.501,1
0,1,28,0,0,56,10,36,3,1,2,25,91.719,1
26,1,26,0,1258,52,0,16,4,1,2,30,361.317,1
2,0,34,1,983,41,27,26,3,1,2,25,28.769,1
7,1,38,0,1485,22,39,24,2,1,1,25,0.0,1
12,0,35,1,4114,7,2,26,2,1,1,30,133.115,1
3,1,31,0,1977,100,16,30,3,1,1,30,0.0,1
2,0,23,0,619,42,37,3,2,1,2,30,20.018,1
14,1,43,0,6123,21,1,26,3,1,2,30,136.02,1
0,0,28,0,0,66,3,26,4,1,2,25,106.328,1
24,0,30,0,2899,27,0,6,3,1,1,45,4.916,1
11,1,34,0,1324,58,0,47,2,1,1,25,152.83,1
2,1,34,0,553,12,11,16,3,1,2,25,159.646,1
4,1,39,0,5658,70,29,19,3,1,1,30,17.466,1
2,0,28,0,5216,69,10,6,2,1,1,45,50.05,1
1,1,32,1,1603,53,13,32,3,1,2,30,103.75,1
12,0,36,1,1296,13,39,43,3,1,2,25,435.275,1
4,0,31,0,0,50,0,6,2,1,2,45,286.425,1
3,0,30,0,0,11,2,8,2,1,2,30,101.055,1
10,0,40,0,944,70,65,42,3,1,2,25,140.136,1
0,1,26,1,0,64,13,1,3,1,2,30,41.385,1
3,1,38,0,0,73,14,3,2,1,2,45,197.408,1
8,0,39,0,1568,24,3,26,4,1,1,25,53.243,1
3,1,24,1,6123,63,13,23,3,1,2,25,24.101,1
27,1,20,0,225,69,45,14,4,1,1,45,193.455,1
21,0,32,0,2106,59,7,24,3,1,2,30,95.918,1
6,0,32,1,1375,73,25,5,3,1,1,45,114.784,1
0,1,28,0,3664,48,20,24,3,1,2,25,115.439,1
1,1,9,0,416,10,0,1,4,1,1,45,62.883,1
0,0,30,2,1414,55,42,27,3,1,1,30,91.634,1
2,0,26,3,1624,52,12,18,4,1,2,25,140.435,1
8,1,21,0,6123,22,3,25,2,1,2,25,86.017,1
7,0,30,0,5299,8,30,42,2,1,1,30,0.0,1
8,1,41,0,343,24,0,32,2,1,2,30,524.415,1
0,0,27,0,3481,22,9,48,3,1,2,25,143.168,1
27,1,45,0,524,0,38,30,2,2,2,45,45.979,1
1,1,8,2,69,50,9,12,2,1,1,45,28.722,1
3,0,42,2,2949,16,9,48,3,2,2,30,215.699,1
5,1,33,0,3502,48,2,7,4,1,1,45,122.976,1
8,0,28,0,1754,8,2,23,2,1,1,30,509.406,1
19,0,37,0,2644,24,3,30,4,1,2,30,0.0,1
9,0,33,0,2524,0,41,35,3,1,2,25,98.867,1
15,0,42,1,0,68,14,8,2,1,2,25,66.965,1
1,0,29,0,2651,54,24,17,4,1,1,45,40.874,1
11,0,32,0,4971,100,7,5,3,2,2,30,79.269,1
9,0,27,1,6123,83,43,1,5,1,2,25,54.366,1
0,0,27,0,3149,14,12,5,4,1,2,25,68.186,1
6,0,29,0,2216,0,13,8,2,1,2,45,70.436,1
4,0,29,1,1291,25,25,0,3,1,2,30,44.14,1
4,0,37,0,2832,100,13,25,2,1,1,30,77.269,1
8,1,8,0,962,56,0,8,2,1,2,30,127.535,1
20,0,3,0,2616,11,35,6,3,1,2,30,57.084,1
1,1,26,3,1011,7,0,20,3,1,2,30,95.566,1
7,0,37,4,0,53,2,1,2,1,2,45,157.598,1
5,1,8,2,268,41,75,19,3,1,2,25,31.556,1
1,0,43,1,0,28,11,32,3,1,2,30,73.374,1
9,0,37,0,2573,33,4,9,2,1,2,30,61.259,1
22,1,36,0,0,60,12,16,2,1,1,30,0.0,1
8,0,25,0,29,25,0,28,4,1,2,45,146.698,1
1,1,39,2,739,33,3,28,2,1,2,45,304.775,1
3,1,3,0,5955,13,8,20,2,1,2,25,97.022,1
7,0,3,1,3191,42,0,24,3,1,2,30,65.558,1
10,1,28,2,2663,58,0,31,3,1,2,30,21.247,1
11,0,37,0,3971,62,1,6,2,1,2,30,55.086,1
1,0,36,0,64,55,9,25,2,1,2,25,143.885,1
17,0,32,1,472,59,0,3,2,1,2,25,111.293,1
0,0,39,0,611,7,4,1,3,1,2,25,33.182,1
2,0,29,0,680,17,8,0,4,1,2,30,17.787,1
7,0,38,0,0,18,3,2,2,1,2,30,109.656,1
0,0,3,0,0,91,0,5,3,1,1,30,67.676,1
9,1,30,1,1136,65,31,18,3,1,2,30,404.518,1
12,0,3,0,124,61,12,27,3,1,2,25,390.352,1
8,0,37,0,2351,25,0,38,2,1,2,30,48.269,1
7,0,30,0,0,3,25,2,3,1,2,30,447.32,1
6,0,34,0,1226,17,5,13,3,2,1,30,0.0,1
22,1,27,2,6123,56,15,28,3,1,2,45,296.562,1
18,0,26,0,4845,8,12,23,2,1,1,30,194.675,1
0,0,32,0,1609,5,14,0,3,1,2,25,18.004,1
11,0,40,2,0,42,7,8,2,1,2,25,56.28,1
0,1,29,0,31,59,12,15,2,1,2,45,80.486,1
8,0,35,0,1007,13,3,23,2,1,2,30,0.0,1
0,0,33,0,4130,55,0,18,3,1,2,25,120.585,1
0,0,41,0,2168,100,86,6,3,1,1,45,0.0,1
8,0,29,0,2852,0,37,27,4,1,1,25,188.554,1
7,0,34,3,3210,15,47,48,2,1,1,30,331.196,1
11,1,40,0,707,8,15,9,2,1,2,25,71.256,1
10,0,29,0,0,1,10,31,3,1,2,30,88.437,1
3,0,28,0,1011,71,11,26,3,1,2,30,157.046,1
7,0,43,0,766,100,5,1,2,1,2,45,80.878,1
20,1,41,0,2127,59,76,5,3,1,2,25,20.429,1
0,1,28,1,905,45,28,33,3,1,2,25,21.757,1
7,1,30,0,241,61,4,6,2,1,2,25,138.966,1
2,1,3,1,1762,53,8,20,2,1,2,30,19.444,1
4,0,4,0,3414,46,11,8,4,1,2,30,304.479,1
5,0,38,0,6019,2,0,27,3,1,2,45,316.129,1
1,0,41,0,0,0,6,45,3,1,2,30,40.399,1
24,0,29,1,2331,9,12,19,3,1,2,30,105.571,1
4,0,43,2,2120,6,0,45,2,1,2,45,109.449,1
12,1,24,0,167,59,16,0,3,1,1,25,0.0,1
6,0,25,0,2470,42,49,6,4,1,2,45,0.0,1
10,1,31,2,2932,5,12,18,4,1,1,25,222.264,1
24,0,28,2,3117,54,46,48,2,1,2,25,150.751,1
1,1,43,0,2769,55,8,28,3,1,2,30,111.016,1
1,1,15,0,2070,49,14,43,3,1,2,25,62.641,1
5,1,27,0,1140,19,19,19,2,1,2,25,36.027,1
4,1,35,0,232,30,3,4,4,1,2,45,316.912,1
14,1,33,0,357,54,4,7,3,1,1,25,28.179,1
4,1,31,0,0,3,7,30,3,1,2,25,940.617,1
0,1,29,1,4044,8,11,6,3,1,1,30,248.294,1
7,1,29,0,220,71,3,31,2,1,2,25,52.448,1
0,1,30,0,922,45,0,0,4,1,2,30,394.419,1
4,1,25,0,5556,42,0,0,3,1,1,25,15.054,1
3,1,25,0,1022,73,6,19,2,1,1,45,0.0,1
15,1,30,0,2913,100,33,36,3,1,2,45,86.221,1
7,0,39,0,38,53,12,38,2,1,1,30,23.626,1
3,0,30,0,6105,5,6,4,3,1,2,25,68.707,1
0,0,38,0,0,0,6,6,3,1,2,30,159.074,1
16,0,36,0,3571,50,10,3,2,1,2,30,80.019,1
28,1,29,0,3321,70,28,34,2,2,2,30,303.534,1
34,0,40,0,1709,17,6,6,2,1,1,30,483.385,1
16,0,37,0,6123,11,191,3,2,1,2,45,395.928,1
3,0,38,0,2745,20,2,48,3,1,2,45,443.324,1
12,1,36,0,1079,44,2,7,2,1,1,25,45.882,1
0,0,32,0,324,70,11,0,3,1,2,25,169.235,1
0,0,29,0,2190,9,18,8,4,1,2,30,92.595,1
7,1,29,0,291,42,57,44,3,1,2,30,284.038,1
0,1,36,0,2512,70,58,31,2,1,1,30,263.019,1
0,0,42,0,910,100,4,9,3,1,1,30,87.096,1
7,0,26,0,2416,49,0,19,4,1,2,30,80.233,1
0,1,26,0,2987,51,0,3,2,1,2,30,63.204,1
9,1,38,0,2984,41,24,26,3,1,2,45,64.892,1
9,1,28,0,2589,14,7,21,2,1,1,30,0.0,1
4,1,25,0,2896,43,0,2,3,1,2,25,17.373,1
8,0,13,0,0,27,1,7,4,1,2,30,324.534,1
0,0,39,0,197,59,45,10,3,1,2,45,45.87,1
29,1,37,2,2185,46,17,21,5,2,1,45,0.0,1
5,0,39,0,3777,67,23,2,2,1,2,45,840.162,1
24,0,36,0,2203,58,0,17,2,1,2,30,26.74,1
2,1,32,0,1250,100,5,15,2,1,2,25,154.119,1
9,1,36,0,113,98,11,6,4,1,2,25,284.273,1
6,0,40,0,3096,81,11,0,2,1,2,30,87.578,1
3,1,30,0,3899,63,10,24,3,1,2,30,9.44,1
0,1,36,0,3715,0,15,40,2,1,1,25,112.51,1
8,0,39,0,2783,50,1,41,3,1,2,30,19.443,1
7,1,31,0,549,8,70,37,4,1,1,30,52.594,1
0,0,31,1,905,61,5,25,3,1,2,25,0.363,1
3,0,36,1,609,31,26,21,3,2,2,30,310.341,1
20,1,44,0,3040,54,66,19,4,1,1,25,85.387,1
1,1,35,0,1258,60,44,8,3,1,2,30,0.0,1
7,0,19,1,0,3,3,38,3,1,1,45,61.015,1
8,1,35,1,855,1,44,25,5,1,2,45,128.114,1
6,1,26,0,3664,53,0,9,5,1,2,25,88.155,1
8,1,32,1,433,69,13,21,2,1,1,45,318.665,1
4,1,26,0,5734,56,18,48,3,1,1,25,36.805,1
13,1,38,0,6123,47,2,31,2,1,2,25,126.369,1
1,1,45,0,936,14,14,7,3,1,1,25,126.373,1
6,0,24,0,1283,66,8,8,3,1,1,25,181.169,1
11,0,26,0,308,42,0,33,5,1,2,30,461.85,1
6,0,35,0,5348,0,2,8,2,1,1,45,51.978,1
5,1,27,0,6123,74,2,7,4,1,2,25,11.179,1
17,0,30,0,934,43,48,42,3,1,1,30,224.279,1
6,0,29,0,2431,34,204,26,2,1,1,30,925.063,1
24,1,29,0,0,82,6,29,2,1,2,25,216.52,1
6,1,31,1,1071,21,0,45,3,1,2,45,14.767,1
6,0,15,1,3903,19,0,8,4,1,2,25,147.308,1
23,1,23,0,686,34,10,0,3,1,2,25,108.951,1
8,0,31,0,6123,56,7,3,2,1,2,30,130.916,1
7,1,15,0,996,67,33,12,3,1,1,45,138.767,1
0,0,27,0,773,48,13,15,3,1,2,25,220.21,1
3,0,34,0,2877,57,3,15,3,1,1,30,96.412,1
4,1,37,0,1616,43,0,48,2,2,2,25,219.596,1
0,0,11,0,1807,68,14,6,3,1,2,45,0.0,1
0,1,38,0,1523,71,0,26,3,1,2,25,234.901,1
3,1,25,0,1888,30,29,0,2,1,1,25,214.576,1
12,0,24,0,865,55,1,14,3,1,2,30,40.566,1
0,0,9,0,0,100,25,21,4,1,2,25,139.582,1
18,1,24,0,2602,55,0,0,2,1,2,45,377.942,1
2,1,36,1,1784,21,0,9,4,1,2,25,75.458,1
1,1,26,0,3326,58,7,8,2,1,1,45,0.0,1
8,1,37,0,659,100,7,0,3,1,2,25,98.742,1
6,0,31,0,2272,33,3,5,3,1,2,30,97.418,1
0,1,32,0,0,33,32,24,3,1,1,25,181.875,1
8,1,24,0,192,55,36,4,3,1,1,30,76.767,1
12,1,37,0,5197,38,46,28,2,1,2,30,124.151,1
0,0,29,0,0,69,17,36,2,1,2,25,33.938,1
0,0,25,0,2073,19,0,48,3,1,2,30,117.915,1
7,1,28,0,2100,54,20,28,2,1,1,25,178.194,1
8,1,7,0,598,31,31,25,2,2,1,30,67.048,1
21,0,28,0,4916,71,5,37,3,1,1,45,69.751,1
9,0,26,0,1717,22,54,13,3,1,1,25,66.986,1
6,0,35,0,1090,6,33,0,4,1,2,30,41.861,1
0,0,16,0,0,54,7,39,2,1,2,30,105.271,1
8,1,43,0,875,8,18,46,2,1,2,25,357.392,1
6,1,38,0,623,44,47,33,3,1,2,30,12.404,1
21,1,3,0,891,60,10,25,3,1,1,30,49.671,1
10,0,29,0,920,42,35,24,2,1,2,45,9.491,1
10,1,24,0,6123,2,6,47,3,1,2,30,297.722,1
10,0,3,0,1472,87,0,38,3,1,2,30,0.0,1
0,1,31,0,882,59,12,16,4,1,1,30,239.18,1
20,0,30,1,5717,74,15,30,3,1,1,30,68.697,1
8,1,31,0,788,63,0,23,3,1,1,30,41.815,1
6,1,26,0,0,35,0,7,2,1,2,30,30.926,1
11,0,25,0,2329,32,73,25,4,1,1,30,0.0,1
9,0,34,1,3094,14,5,32,2,1,2,30,116.841,1
9,0,31,0,1687,58,0,4,4,1,2,30,172.858,1
11,1,23,0,328,8,5,21,2,1,2,45,131.888,1
11,1,33,0,0,60,4,13,3,1,2,30,0.0,1
2,0,34,0,2536,74,54,31,4,1,2,30,131.09,1
1,1,34,0,4974,19,13,33,3,1,2,45,311.146,1
3,1,42,1,5928,77,70,15,4,1,1,30,20.047,1
28,0,37,0,269,8,0,11,4,1,1,30,0.0,1
3,0,44,0,1185,71,3,7,2,1,2,30,29.625,1
0,0,3,0,953,12,17,39,4,1,2,30,229.708,1
1,1,29,0,2447,3,6,21,3,1,2,25,89.771,1
7,0,25,0,717,39,47,8,2,1,2,30,245.882,1
0,1,32,0,1111,4,8,35,4,1,2,25,289.101,1
34,1,28,1,2247,57,78,25,2,1,2,45,0.0,1
6,1,29,0,3046,53,13,6,3,1,2,45,987.255,1
3,1,34,0,424,47,3,9,2,1,2,30,160.406,1
7,0,25,0,648,100,40,30,4,1,2,30,93.072,1
1,1,30,3,2228,62,0,30,2,1,2,45,91.701,1
3,1,39,1,1837,10,31,8,3,1,1,30,43.647,1
21,0,29,0,1719,67,6,14,4,1,2,45,93.67,1
1,0,26,0,116,31,2,15,5,1,1,25,203.21,1
3,1,35,0,2026,54,10,4,4,1,2,45,86.941,1
2,1,29,1,1727,64,7,29,3,1,2,30,97.947,1
11,0,41,0,3871,45,2,46,3,1,2,30,142.281,1
10,0,45,1,2715,38,0,5,3,1,2,30,188.977,1
0,1,42,0,6123,42,10,30,3,2,2,30,29.879,1
6,1,30,0,199,2,8,0,3,1,2,30,48.323,1
6,0,33,1,4954,100,24,48,4,1,2,30,98.698,1
2,1,31,0,0,51,7,3,2,1,2,45,70.71,1
1,1,33,0,1179,84,13,11,2,1,2,25,261.043,1
0,0,40,2,795,9,56,9,2,1,1,25,249.973,1
8,0,29,0,0,32,5,0,3,1,1,55,27.356,1
4,0,26,0,1003,94,42,13,2,1,2,25,0.0,1
1,1,29,0,1979,56,3,48,4,1,2,30,0.0,1
2,0,11,0,0,69,5,43,4,1,2,30,128.843,1
1,1,36,0,689,66,13,25,4,1,1,25,49.174,1
0,1,31,0,4337,67,11,24,3,1,1,30,159.44,1
6,0,25,0,5979,27,15,10,3,1,2,30,531.506,1
13,0,25,0,6123,6,0,6,3,1,2,25,75.041,1
15,0,12,0,5138,49,0,0,3,1,1,25,95.948,1
1,1,41,0,429,91,8,30,3,1,2,25,36.932,1
4,1,35,0,82,100,9,15,4,1,1,55,0.0,1
4,0,39,1,767,42,0,9,2,1,2,45,270.846,1
8,0,26,0,0,44,0,18,2,1,2,25,4.467,1
2,1,45,0,432,68,10,6,4,1,1,30,42.729,1
23,1,31,0,0,35,3,5,3,1,2,45,284.343,1
0,0,3,0,3589,51,40,25,5,1,1,30,0.0,1
12,0,25,0,2155,12,30,0,2,1,2,45,135.091,1
15,1,11,0,0,60,46,45,4,1,1,25,137.561,1
4,0,24,0,337,46,0,48,3,1,2,25,314.949,1
11,1,27,0,97,23,7,16,2,1,2,25,49.264,1
7,1,36,0,0,19,10,17,2,1,2,45,87.558,1
10,0,39,0,85,48,6,7,3,1,2,30,0.0,1
10,1,36,0,709,65,9,7,3,1,2,25,109.201,1
2,0,37,1,574,56,9,0,3,1,1,25,0.0,1
15,1,39,0,0,100,14,4,5,1,1,45,112.581,1
21,0,36,1,2869,43,10,20,3,1,1,25,115.833,1
19,1,33,0,726,47,0,30,4,1,1,30,39.127,1
18,0,27,1,2493,49,67,27,3,1,2,25,42.743,1
34,0,30,0,6123,39,1,6,3,1,2,45,95.737,1
15,1,38,0,0,48,61,42,3,1,2,30,34.107,1
2,0,37,0,658,62,5,13,5,1,2,25,88.643,1
2,1,35,0,5931,94,19,25,2,1,2,25,83.753,1
0,0,40,0,419,56,0,24,3,1,2,30,55.896,1
12,1,31,0,0,0,0,48,3,1,1,25,220.685,1
20,0,36,0,1238,49,6,4,3,1,2,30,0.0,1
4,0,3,0,2293,22,3,8,3,1,2,30,51.64,1
6,0,30,3,206,39,9,6,3,1,1,30,71.446,1
5,1,29,2,2922,23,10,9,3,1,2,25,59.863,1
9,0,37,1,5058,24,12,19,2,1,2,45,107.349,1
10,1,14,0,0,47,34,17,3,1,1,25,0.0,1
3,1,31,0,1842,76,0,27,2,1,2,45,192.767,1
8,0,32,0,3764,10,12,17,2,1,2,30,56.441,1
7,1,28,0,0,41,62,0,4,1,2,25,136.121,1
0,1,33,0,0,46,0,20,3,1,2,25,35.247,1
13,1,29,3,393,12,9,24,2,1,2,30,87.917,1
3,0,9,2,1817,58,30,40,4,1,2,30,14.821,1
11,1,36,0,2009,64,11,19,4,1,1,30,139.262,1
0,0,3,0,2214,100,4,8,2,1,2,30,987.255,1
3,1,42,0,594,73,2,29,3,1,2,25,153.28,1
6,1,31,0,2345,42,12,3,2,1,2,25,45.269,1
8,0,32,0,165,7,0,44,3,1,2,30,296.563,1
0,0,27,1,1580,55,15,28,3,1,2,30,32.104,1
5,1,34,1,40,8,6,21,2,1,2,30,477.247,1
9,0,35,0,605,28,4,42,4,1,2,25,61.493,1
9,1,19,0,289,41,10,4,2,1,1,25,63.11,1
12,0,38,0,6123,29,204,35,3,1,2,25,0.0,1
16,1,5,0,1147,40,14,9,3,1,2,30,271.658,1
13,1,32,3,3009,0,12,6,2,1,2,30,79.006,1
4,1,38,0,6123,60,3,4,3,1,2,30,141.781,1
2,1,25,0,3459,6,5,7,2,1,1,30,237.77,1
3,0,27,0,10,92,24,17,4,1,1,25,307.593,1
21,0,25,0,286,37,0,28,3,1,2,45,153.606,1
2,1,38,0,3782,41,3,29,2,2,2,25,100.662,1
1,0,35,0,307,72,7,26,4,1,2,25,211.169,1
11,1,44,0,437,0,0,32,3,1,2,45,277.92,1
2,0,12,1,732,34,12,27,3,1,2,30,130.931,1
0,1,27,0,1790,54,8,18,2,1,2,25,107.728,1
0,1,19,0,171,45,0,2,2,1,2,30,79.261,1
10,0,35,0,0,100,6,10,2,1,2,30,61.664,1
4,0,38,0,2846,53,42,5,3,1,2,30,218.111,1
0,1,36,0,0,58,11,6,4,1,1,30,73.322,1
4,0,30,0,693,73,5,9,3,1,1,30,268.097,1
5,1,27,0,1710,17,65,4,2,1,2,25,130.356,1
9,0,24,0,0,9,8,23,3,1,2,25,0.0,1
2,0,33,0,175,64,7,31,3,1,2,25,124.704,1
2,0,34,1,1366,23,4,7,3,1,2,25,0.0,1
5,0,24,0,2339,53,32,22,3,1,2,30,92.11,1
11,0,44,0,0,74,5,29,3,1,2,45,281.681,1
12,1,38,0,2201,47,19,48,2,1,2,45,168.117,1
10,0,30,2,6121,28,31,6,2,1,2,25,69.766,1
9,0,38,1,974,64,0,4,4,1,2,45,121.408,1
2,1,36,0,4488,60,3,9,2,1,2,30,340.736,1
3,1,31,0,2510,37,5,2,2,1,2,30,81.39,1
12,1,38,0,2116,47,0,41,3,1,2,30,0.226,1
11,1,35,0,5719,75,9,0,3,1,1,30,95.517,1
3,1,20,0,0,17,0,48,3,1,2,30,139.398,1
0,0,24,0,0,36,0,9,3,1,2,30,491.556,1
11,0,39,0,2571,72,5,48,2,1,2,45,0.0,1
21,1,39,0,2092,77,0,21,4,2,1,30,45.763,1
0,1,32,1,0,21,3,39,2,1,2,30,200.705,1
5,1,30,0,640,59,68,9,4,1,1,30,520.303,1
5,0,31,1,3041,72,20,28,3,1,1,30,397.607,1
14,1,28,0,4535,0,0,9,3,1,2,30,301.568,1
7,1,33,0,827,65,58,29,3,1,2,30,495.071,1
12,0,34,0,0,79,16,43,3,1,1,30,987.255,1
0,1,31,1,6067,29,46,3,2,1,2,25,109.169,1
1,0,32,0,2561,10,9,10,3,1,2,25,323.674,1
4,0,17,0,2598,63,10,6,3,2,2,25,50.454,1
11,0,31,0,5389,65,0,26,3,1,2,25,113.454,1
8,0,5,0,5004,35,0,6,3,1,1,25,514.991,1
2,0,31,0,3598,79,13,29,4,1,2,30,168.465,1
16,0,25,0,2792,95,25,24,2,1,2,25,0.0,1
10,1,34,0,0,56,56,28,3,1,2,25,134.328,1
5,0,35,0,516,65,8,9,3,1,2,25,87.871,1
5,1,25,1,0,33,0,5,3,1,1,30,66.673,1
12,0,24,0,303,43,15,19,3,1,2,25,112.365,1
18,0,40,0,1533,57,0,20,3,2,2,30,391.572,1
9,1,41,0,4533,53,9,14,2,1,1,30,109.023,1
6,1,31,4,1617,72,1,22,2,1,1,25,69.634,1
0,0,27,0,810,48,1,44,3,1,2,30,10.842,1
3,0,45,0,4245,14,16,25,4,1,2,25,278.808,1
26,1,32,1,5561,69,7,17,2,1,2,30,89.087,1
5,1,27,0,3101,32,0,8,2,1,1,30,43.634,1
1,0,40,0,1463,56,8,22,4,1,2,25,133.257,1
1,1,32,0,0,41,0,2,4,1,2,30,52.838,1
20,1,27,0,3130,12,10,10,2,1,2,55,264.973,1
21,0,33,1,0,100,1,45,2,1,2,25,113.477,1
4,0,32,0,6123,40,3,15,2,1,2,45,68.454,1
2,0,29,1,330,0,0,13,2,1,2,30,987.255,1
0,0,24,0,0,32,2,29,3,1,2,30,47.981,1
6,1,11,0,0,36,0,17,3,1,2,45,150.815,1
10,1,26,0,5476,23,0,25,4,1,1,25,123.502,1
17,1,30,0,5134,14,17,8,2,1,2,45,170.371,1
1,0,37,0,3238,44,13,7,2,1,2,45,82.691,1
3,1,27,1,2776,55,2,12,2,1,2,30,76.015,1
11,0,30,0,1615,63,21,3,2,1,2,30,239.174,1
20,1,24,1,972,97,10,6,4,1,2,25,0.0,1
6,0,38,0,0,65,0,3,3,1,2,25,987.255,1
19,0,29,0,3306,16,0,23,3,1,2,25,68.039,1
0,1,30,0,6123,81,9,9,3,1,2,25,39.753,1
0,0,34,0,1933,41,73,14,3,1,1,45,142.893,1
6,0,10,0,2189,22,0,36,3,1,1,25,306.846,1
9,1,32,0,0,100,0,28,2,1,2,25,80.164,1
0,0,37,0,2719,71,5,10,3,1,2,25,558.67,1
12,0,3,0,0,58,4,9,3,1,2,30,141.474,1
2,1,8,0,338,51,0,12,4,1,2,30,140.814,1
3,1,40,0,0,51,8,23,4,1,1,30,26.651,1
32,1,42,2,5721,22,0,25,3,1,2,30,104.979,1
0,0,10,0,2002,1,33,5,2,1,1,25,39.97,1
5,1,5,0,1690,100,8,11,4,1,2,30,106.503,1
3,1,38,0,0,33,13,35,3,2,2,30,0.0,1
21,0,33,0,4723,100,5,34,2,1,1,30,313.551,1
6,0,36,0,2898,23,47,6,4,1,1,30,169.993,1
3,0,36,3,470,71,0,23,4,1,1,25,28.586,1
5,0,27,0,497,70,1,24,5,1,2,25,88.45,1
12,0,29,0,0,66,2,8,3,2,2,30,82.113,1
7,1,25,0,2951,26,14,37,2,1,2,30,55.039,1
14,1,34,0,0,68,0,7,3,1,2,30,17.975,1
16,1,32,0,3491,53,41,14,3,1,2,30,134.152,1
3,0,34,0,1070,4,25,35,3,1,2,25,203.734,1
3,0,36,0,1666,39,40,17,5,1,2,45,0.0,1
8,1,36,0,0,57,0,48,3,2,2,30,316.996,1
6,0,33,0,4580,74,7,23,3,1,1,30,47.032,1
27,0,30,0,4785,87,0,46,3,1,1,30,336.141,1
7,1,26,0,666,46,0,8,3,1,2,25,283.555,1
9,0,40,2,3237,10,18,29,2,1,2,25,426.113,1
0,0,34,3,6123,51,59,24,2,1,2,25,447.018,1
1,0,26,0,1868,24,8,22,4,1,2,30,27.521,1
0,1,24,0,773,27,55,5,3,1,2,30,107.657,1
16,0,40,1,2033,2,2,30,3,1,2,30,135.739,1
1,0,23,0,4950,9,7,4,3,1,2,30,42.036,1
6,1,32,0,2969,11,24,16,3,1,2,25,23.935,1
0,0,26,0,561,41,12,44,3,1,1,25,308.295,1
4,0,32,0,220,35,9,24,4,1,2,25,7.733,1
12,0,31,1,3990,48,0,9,3,1,2,30,975.528,1
28,0,39,0,0,45,16,10,3,1,2,30,147.744,1
0,1,3,0,556,100,197,23,3,1,2,25,94.296,1
17,0,3,0,483,23,6,40,2,1,2,30,132.015,1
10,0,25,1,3218,14,29,48,2,1,2,25,282.634,1
0,1,30,0,3813,49,7,22,4,1,2,30,138.891,1
2,0,28,0,1401,61,46,28,3,2,2,25,159.979,1
11,1,29,1,959,52,10,5,3,1,2,30,286.492,1
10,1,37,0,6123,34,2,46,2,1,2,30,171.479,1
20,1,25,3,1896,6,10,13,2,1,1,25,259.982,1
15,0,33,0,0,78,9,17,2,1,2,45,121.196,1
15,0,31,1,857,66,17,1,2,1,1,25,3.55,1
9,1,39,0,2459,30,0,26,3,1,1,30,126.98,1
10,0,36,0,3587,3,12,14,3,1,2,30,142.016,1
33,0,25,0,5500,71,0,17,3,1,2,30,96.084,1
14,0,24,2,2152,57,2,5,2,1,1,25,101.953,1
5,0,25,0,3447,61,15,10,3,1,1,30,137.898,1
6,1,25,0,1829,45,2,13,3,1,2,30,107.28,1
5,0,15,0,0,12,43,6,3,1,2,30,0.0,1
13,0,34,0,732,21,1,19,3,1,2,30,78.255,1
2,1,36,0,1073,43,0,21,2,1,2,25,119.565,1
3,0,26,0,5262,72,0,2,4,1,1,30,352.601,1
0,0,28,0,3670,49,0,5,3,1,2,25,258.156,1
7,1,34,0,456,65,25,1,2,1,2,30,281.711,1
5,0,32,0,111,46,0,16,3,1,2,25,121.372,1
9,1,29,0,1462,0,0,26,2,1,2,25,275.962,1
10,0,39,0,0,45,55,42,3,1,2,30,407.589,1
11,1,31,0,6123,100,6,12,3,1,2,45,40.746,1
10,0,39,0,1920,16,8,17,2,1,2,30,330.475,1
0,1,36,0,0,0,12,4,3,1,1,30,987.255,1
3,0,36,1,4935,41,7,21,3,1,1,45,0.0,1
16,1,26,3,6115,9,0,5,3,1,1,45,355.949,1
2,0,33,2,0,6,204,8,3,1,2,30,57.141,1
2,0,29,1,888,72,66,5,2,1,2,30,0.0,1
13,1,40,3,395,3,69,0,4,2,2,30,198.611,1
21,0,23,0,3035,47,0,10,3,1,2,25,137.211,1
13,0,3,0,3980,67,4,31,2,1,1,25,242.742,1
8,0,31,0,297,16,7,20,3,1,1,45,125.9,1
2,0,37,0,593,20,10,16,2,1,2,30,495.632,1
1,0,41,0,621,54,0,28,4,1,1,45,251.018,1
12,0,3,0,2491,39,7,37,2,1,2,25,168.307,1
5,0,27,0,6123,34,8,26,4,1,2,30,199.911,1
4,1,35,2,1234,11,12,6,3,1,2,30,353.183,1
5,1,34,0,5139,64,11,18,4,1,1,25,287.272,1
20,1,32,0,1330,0,2,10,2,1,2,25,104.354,1
32,1,34,0,1229,14,7,42,2,1,2,25,544.463,1
8,0,31,0,2163,58,5,23,2,1,2,25,107.116,1
5,0,10,0,216,49,16,18,4,1,2,30,274.807,1
6,0,32,0,0,18,3,21,2,1,1,25,0.0,1
13,0,40,0,1194,23,10,26,3,1,2,30,749.248,1
3,1,39,0,0,44,21,40,3,1,2,25,15.158,1
10,0,34,0,1090,8,48,32,4,1,2,25,6.973,1
34,0,26,0,0,8,19,36,2,1,2,30,45.132,1
14,1,33,0,1778,29,0,28,3,1,2,55,20.627,1
2,0,34,0,697,87,21,27,4,1,2,30,89.283,1
26,0,27,0,54,91,0,27,4,1,2,45,38.649,1
5,1,30,0,443,83,6,11,3,1,2,30,196.422,1
3,0,41,0,0,18,44,29,3,1,2,30,119.453,1
8,0,38,1,243,44,7,26,3,1,1,25,174.987,1
17,0,24,0,860,6,2,23,2,1,2,30,0.0,1
6,1,31,0,695,4,0,24,4,1,1,25,6.935,1
8,0,32,0,4841,46,62,11,3,1,2,25,0.0,1
11,0,44,0,5481,63,9,30,4,1,1,25,223.74,1
2,0,28,4,2343,14,3,22,3,1,2,30,230.919,1
13,0,39,1,201,59,3,4,3,1,2,30,100.013,1
34,0,26,0,2067,6,0,33,2,1,2,30,329.341,1
1,0,39,0,311,52,0,0,3,1,2,45,308.497,1
1,1,26,3,3266,59,11,21,2,1,1,30,10.73,1
1,1,32,0,532,68,26,15,3,1,2,30,114.356,1
31,1,32,0,0,43,6,6,3,1,2,45,119.346,1
20,1,31,0,5185,65,1,27,2,1,1,30,148.463,1
9,0,34,0,0,10,7,2,2,1,2,30,130.49,1
7,1,15,0,0,21,14,22,3,1,2,25,228.203,1
5,0,40,0,3042,45,0,32,3,1,2,30,17.74,1
1,1,36,0,400,88,2,9,2,1,1,25,99.201,1
3,1,42,0,144,74,11,14,3,1,2,25,129.72,1
4,1,37,0,5509,41,16,16,4,1,2,30,506.239,1
12,1,41,2,1299,41,0,20,2,1,2,25,68.896,1
0,0,33,0,2214,41,8,24,3,1,2,25,113.493,1
0,0,35,3,4009,64,39,11,2,1,2,25,345.816,1
0,0,4,0,5140,60,36,19,4,1,2,30,25.932,1
9,1,13,0,319,0,16,16,2,1,1,25,0.0,1
18,0,26,0,0,4,42,43,3,1,1,25,262.671,1
3,0,26,0,2915,100,0,4,3,1,2,30,6.671,1
0,1,3,0,6123,10,0,25,2,1,2,30,373.925,1
6,0,44,0,1330,76,17,0,4,1,2,30,170.86,1
6,1,33,0,4773,65,8,3,2,1,1,30,130.519,1
9,1,24,3,5529,45,29,36,2,1,1,45,258.049,1
16,0,5,0,2123,84,0,19,3,1,2,25,145.807,1
1,0,3,0,0,10,6,8,2,1,1,30,127.609,1
12,0,29,1,6123,100,23,9,2,1,2,25,136.28,1
13,1,36,1,1651,20,20,7,3,1,2,30,153.799,1
10,0,28,2,1342,99,15,40,3,1,2,45,387.322,1
6,0,41,0,1071,34,60,47,3,1,2,30,451.326,1
1,0,30,0,0,76,25,29,2,1,2,30,356.493,1
3,0,34,1,1476,38,16,27,2,1,2,30,129.527,1
4,0,33,0,1895,100,10,10,3,1,2,30,504.825,1
3,0,29,1,0,56,0,31,3,1,2,55,105.981,1
0,0,42,0,2461,100,26,8,4,1,2,30,3.994,1
3,0,29,3,2374,42,31,19,2,1,2,25,0.0,1
7,0,31,0,2537,16,0,4,3,1,2,25,0.0,1
0,1,24,0,1009,15,0,16,4,1,1,25,55.094,1
11,0,34,0,1127,72,12,25,2,1,2,45,128.578,1
7,1,26,0,0,0,45,3,3,1,2,25,215.485,1
11,1,32,0,0,33,36,3,5,1,1,45,39.587,1
14,0,33,0,457,22,1,21,3,2,1,25,62.557,1
0,1,26,0,4071,11,2,16,3,1,2,25,97.5,1
12,1,39,0,231,19,18,42,3,1,1,30,195.298,1
1,1,41,2,3585,39,131,18,3,2,2,30,366.999,1
2,0,27,0,6123,54,4,19,4,1,2,25,34.554,1
0,0,41,0,5080,0,0,48,3,1,1,30,279.607,1
8,0,35,0,5035,10,4,0,3,1,2,30,277.904,1
4,1,27,0,220,51,0,15,5,1,2,30,6.155,1
23,0,28,0,0,42,12,18,3,1,2,45,0.0,1
6,0,6,0,0,57,0,7,4,1,2,25,220.316,1
34,0,28,0,1460,65,5,10,3,1,2,30,139.897,1
11,1,32,1,5886,16,0,43,2,1,1,30,199.751,1
1,0,26,1,3120,11,43,8,3,1,2,25,132.578,1
11,0,27,0,684,57,6,0,2,1,2,30,0.0,1
5,1,40,0,5070,49,9,34,4,1,2,30,88.275,1
12,0,43,1,395,56,4,21,3,1,2,30,335.968,1
3,1,34,0,1541,53,0,6,2,1,2,25,65.351,1
0,0,38,0,2616,44,14,0,3,2,2,25,0.0,1
2,0,45,0,5414,38,11,31,2,1,2,30,132.959,1
6,0,28,0,2040,53,7,19,3,2,1,30,9.309,1
14,1,39,1,0,33,0,32,3,1,2,25,141.229,1
10,1,38,0,4720,100,2,5,3,2,2,25,2.393,1
3,1,27,0,6123,2,19,30,2,1,2,25,410.679,1
12,0,31,0,5869,56,41,2,3,1,1,25,110.377,1
0,0,26,0,743,46,0,7,2,1,2,45,111.724,1
3,0,43,0,1307,11,8,29,2,1,1,30,71.224,1
3,1,34,0,416,51,84,30,2,1,2,25,86.221,1
21,0,35,0,0,88,56,25,4,1,1,45,83.689,1
0,1,3,0,6123,40,4,8,3,1,2,30,71.701,1
0,0,37,0,108,36,17,29,3,1,1,25,19.272,1
0,1,3,0,1696,15,18,27,3,1,2,25,79.938,1
6,0,35,0,594,16,37,24,2,1,2,25,283.73,1
11,0,27,1,829,22,30,14,2,1,2,30,440.352,1
12,0,38,0,3418,38,17,33,3,1,2,30,48.891,1
6,1,25,0,1252,47,11,12,3,1,2,30,452.828,1
15,1,38,1,2120,46,2,7,3,1,2,30,300.871,1
4,1,34,1,4970,69,0,38,2,1,1,30,80.827,1
3,1,25,0,2394,18,13,45,3,1,2,25,342.152,1
8,1,29,0,5177,0,31,5,2,2,2,25,270.796,1
9,1,43,1,903,8,7,2,3,1,2,30,466.955,1
4,0,37,0,4649,31,4,16,2,1,1,25,96.438,1
12,1,29,0,0,30,6,3,2,1,2,45,0.0,1
6,0,41,0,280,6,0,26,2,1,2,30,317.617,1
11,1,36,2,4878,38,0,3,2,1,1,45,114.651,1
2,1,31,2,796,17,8,11,3,1,2,30,81.44,1
1,0,40,0,659,100,7,19,2,1,1,25,70.73,1
13,0,44,0,3737,12,10,39,3,2,2,30,22.897,1
11,0,35,1,3072,36,0,43,4,1,2,45,296.178,1
8,1,28,0,49,100,12,11,4,1,2,30,0.0,1
6,0,28,1,1683,90,23,48,3,1,1,30,100.646,1
5,1,26,0,67,48,0,2,4,1,2,30,33.144,1
2,0,23,0,882,17,5,1,2,1,2,25,329.058,1
4,1,25,1,6123,47,4,2,2,2,2,30,53.19,1
34,0,38,2,1328,38,0,29,5,1,2,25,244.035,1
11,0,45,0,714,4,43,27,3,1,1,30,76.729,1
30,0,38,0,659,9,0,29,2,1,1,30,130.438,1
5,0,40,0,808,74,0,25,3,1,1,45,84.449,1
2,1,43,0,2065,59,34,28,4,1,2,30,67.088,1
10,0,38,0,2023,13,8,6,2,1,1,45,34.323,1
3,0,32,0,591,42,12,10,3,1,1,30,72.888,1
12,1,27,0,0,38,7,26,2,1,2,45,8.634,1
2,0,39,0,1827,64,46,30,4,1,1,25,136.276,1
22,1,38,0,1222,10,2,10,4,1,2,30,0.0,1
2,0,43,0,377,52,1,19,4,1,2,25,987.255,1
2,0,12,0,1201,0,0,5,4,1,2,25,100.733,1
2,1,27,0,3194,68,12,9,4,1,2,30,131.323,1
5,0,3,0,1875,74,29,48,3,1,1,30,40.474,1
2,1,37,2,512,50,22,0,4,1,1,55,0.0,1
11,1,29,0,876,10,38,38,2,1,1,45,41.569,1
2,1,23,1,762,45,2,24,2,1,2,45,159.286,1
4,1,28,2,5322,48,0,4,2,1,2,45,102.618,1
10,0,35,0,1613,68,42,28,2,1,2,25,242.59,1
21,0,32,0,0,37,9,10,4,1,2,30,68.034,1
12,1,34,1,632,11,6,21,2,1,2,45,0.0,1
5,0,25,0,1540,37,34,19,3,1,2,25,233.902,1
4,0,29,0,3274,39,14,17,3,1,2,45,138.119,1
7,0,23,0,2273,68,0,8,3,1,2,30,134.278,1
5,0,28,0,3296,20,9,0,2,1,2,30,0.0,1
34,1,27,0,2344,37,2,41,3,1,1,45,128.819,1
0,1,35,0,2582,47,0,24,3,1,1,30,89.557,1
1,0,8,0,3251,23,10,25,4,1,1,30,49.942,1
12,0,26,0,1688,100,14,5,3,1,1,30,75.594,1
4,0,44,0,1211,67,77,14,3,1,2,25,49.828,1
8,0,26,0,940,38,0,25,4,1,2,25,63.814,1
8,0,40,0,94,42,0,21,3,1,2,30,74.421,1
8,0,30,0,2026,65,8,20,2,1,2,30,233.055,1
10,1,34,0,5096,35,3,8,2,1,2,30,0.0,1
2,1,37,0,163,49,5,16,3,1,2,30,987.255,1
30,1,32,0,0,89,15,13,3,1,2,30,167.908,1
12,1,10,0,2953,80,10,22,4,1,2,30,226.78,1
23,0,26,0,0,44,5,2,2,1,1,30,96.721,1
5,1,32,0,368,20,15,48,3,1,2,30,250.245,1
4,1,28,3,465,93,8,22,5,1,2,30,24.142,1
6,0,25,1,5054,9,16,6,4,1,2,30,52.533,1
0,0,29,0,5708,56,8,3,2,1,2,45,0.0,1
0,0,31,0,0,75,6,6,3,1,1,45,145.482,1
5,1,30,2,1936,57,16,16,4,2,2,30,144.076,1
11,0,39,0,1493,40,11,7,3,1,2,30,138.7,1
9,0,37,1,125,21,0,48,2,1,2,25,135.866,1
2,1,37,2,6066,56,0,31,3,1,2,30,64.425,1
8,1,38,0,1690,22,5,33,4,1,2,45,342.719,1
5,1,26,0,2450,41,29,8,3,1,2,30,71.562,1
3,0,28,0,3548,19,11,45,4,1,1,25,99.009,1
0,1,37,1,3488,28,13,8,2,1,1,25,340.879,1
3,0,35,0,2485,6,3,0,3,1,2,30,0.0,1
9,0,18,0,1407,17,0,9,3,1,2,25,0.0,1
0,1,37,0,559,100,126,23,3,1,1,30,112.694,1
0,1,28,0,2120,31,0,22,3,1,2,30,243.552,1
29,0,8,0,1821,50,5,3,4,1,2,25,0.0,1
14,1,40,0,2854,38,6,24,2,1,2,25,0.0,1
1,0,31,0,6123,71,40,32,3,1,2,25,89.539,1
2,1,40,0,1769,38,0,16,3,1,1,25,380.944,1
10,1,36,0,498,100,5,48,3,1,1,45,34.201,1
7,0,35,0,738,44,17,16,3,1,1,45,153.506,1
5,0,43,0,2348,50,9,0,2,1,2,25,97.87,1
17,1,36,0,176,27,13,35,2,1,2,45,25.604,1
0,0,39,2,0,64,0,8,3,1,2,45,33.2,1
9,0,38,0,3128,20,3,14,3,1,2,25,219.64,1
7,1,25,0,4271,57,8,9,2,1,2,45,44.951,1
0,0,3,0,5107,100,3,1,3,1,2,45,142.5,1
8,0,40,0,1489,53,10,44,3,1,2,30,67.581,1
4,0,43,0,1052,75,27,8,2,1,1,30,573.898,1
10,1,35,0,1256,32,12,5,3,1,2,25,182.028,1
12,1,33,0,3207,13,30,10,2,1,1,30,64.582,1
3,0,31,0,0,59,0,26,3,1,2,25,116.612,1
7,1,27,0,3170,52,9,20,4,1,2,25,36.687,1
1,0,29,0,3028,56,0,34,4,1,2,25,463.7,1
8,0,32,0,3256,60,10,12,3,1,1,30,72.956,1
11,0,32,0,0,69,10,2,2,1,1,30,0.0,1
6,0,32,0,829,17,3,27,3,1,2,25,109.438,1
8,1,31,0,3402,32,7,6,4,1,2,45,260.229,1
6,1,28,1,0,57,3,7,2,1,2,45,29.814,1
5,1,24,1,797,62,5,5,3,1,2,30,116.731,1
4,1,31,0,286,57,0,26,2,1,2,25,111.835,1
13,0,3,0,0,16,132,0,3,1,2,45,0.0,1
3,0,28,0,318,36,0,12,3,1,2,30,149.233,1
20,1,30,0,5124,17,0,16,2,1,1,30,137.247,1
0,0,30,0,846,74,13,6,3,1,2,25,39.822,1
1,1,33,0,2011,0,29,33,2,1,2,25,32.353,1
0,0,38,3,3536,86,0,9,4,1,2,25,0.0,1
1,0,28,0,0,0,5,31,4,1,2,45,30.713,1
13,0,39,0,0,7,22,38,2,1,1,45,169.016,1
2,0,28,1,237,48,0,15,4,1,1,45,116.706,1
0,1,35,0,3209,63,6,0,3,1,2,30,276.1,1
9,1,29,0,519,54,15,20,4,1,1,25,7.925,1
5,1,27,2,3197,52,59,5,5,1,1,45,0.0,1
4,0,35,0,5485,8,20,48,2,1,1,30,89.572,1
3,0,29,1,650,66,12,8,3,1,2,25,987.255,1
11,0,41,1,1449,48,21,7,3,1,2,30,108.666,1
8,1,37,0,5115,33,11,29,3,1,2,25,417.413,1
5,0,22,0,1063,32,8,14,2,1,1,25,66.555,1
9,0,31,0,6123,17,11,5,3,1,2,30,73.643,1
10,0,33,0,2131,46,5,27,3,1,2,45,0.0,1
10,0,27,1,2276,61,12,7,3,1,2,30,173.111,1
1,1,31,0,1870,44,19,6,4,1,2,25,281.814,1
0,1,39,0,3690,68,5,38,2,1,2,25,469.659,1
0,0,29,2,4401,0,1,24,3,1,1,25,133.867,1
21,1,37,0,0,61,9,20,3,1,1,30,84.549,1
26,1,29,0,38,19,24,9,2,1,2,25,0.0,1
0,1,27,0,2476,59,38,23,3,1,1,30,100.712,1
34,1,26,0,366,76,11,17,3,1,2,30,935.533,1
7,1,25,0,2524,100,4,15,3,1,1,25,36.474,1
8,1,45,1,235,57,1,20,3,1,2,25,108.46,1
2,1,5,0,1211,13,3,6,3,1,1,25,120.728,1
3,1,31,0,4852,3,4,1,3,1,1,30,109.981,1
9,1,5,2,6123,46,0,10,4,1,2,30,89.67,1
0,0,33,0,564,59,9,6,3,1,2,25,25.731,1
7,1,42,0,386,59,8,27,4,1,2,30,70.972,1
11,1,31,0,3807,64,14,23,2,1,2,25,8.381,1
1,1,31,0,1003,59,11,17,3,1,2,45,493.922,1
5,0,30,0,729,60,9,4,3,1,2,30,114.634,1
11,1,26,1,613,71,4,6,2,1,2,45,0.0,1
1,0,31,0,2419,95,0,19,2,1,1,25,144.097,1
7,0,26,0,2424,37,0,3,3,1,1,45,151.871,1
10,0,42,0,2220,100,8,28,3,1,2,25,206.407,1
10,1,45,1,1109,10,10,17,4,1,2,30,42.706,1
17,0,28,0,0,52,0,5,3,1,2,25,120.212,1
5,0,36,3,2888,48,30,23,4,2,1,25,430.099,1
14,0,25,0,6007,0,16,21,4,1,2,25,86.248,1
16,1,30,0,3221,6,0,9,2,1,2,45,49.094,1
6,1,38,1,3733,65,0,9,2,2,2,30,139.627,1
2,1,25,0,714,16,6,46,3,1,2,25,987.255,1
6,1,32,0,573,34,12,22,3,1,2,30,0.0,1
11,0,37,1,0,69,8,22,2,1,2,25,24.666,1
3,0,40,0,2761,69,6,48,3,1,2,30,123.417,1
12,0,34,1,2491,64,4,26,3,1,2,25,108.56,1
7,1,31,2,2442,57,0,16,4,1,2,25,35.109,1
2,1,27,0,244,63,10,16,2,1,2,45,208.519,1
7,1,27,0,107,43,5,9,4,1,1,30,43.916,1
7,0,34,0,2128,69,9,6,4,1,1,25,169.813,1
1,0,36,0,1820,60,15,20,3,1,2,45,172.234,1
9,0,42,0,911,21,5,16,4,1,2,30,56.427,1
16,1,30,0,2701,67,40,9,3,1,2,30,138.565,1
1,0,5,1,326,16,13,23,3,1,2,25,96.012,1
19,0,37,3,191,0,2,28,2,1,2,30,152.728,1
3,0,13,0,152,0,56,18,3,1,1,30,99.407,1
9,0,34,2,3323,0,80,38,2,1,2,25,0.0,1
1,0,39,0,6123,67,71,48,2,1,1,30,987.255,1
6,1,3,0,638,39,4,15,2,1,2,45,200.368,1
13,1,27,0,291,52,0,10,2,1,2,30,97.672,1
15,1,37,0,1463,68,9,18,3,1,2,30,153.453,1
20,1,32,1,155,49,4,1,2,1,2,45,61.214,1
2,1,26,0,728,36,0,9,3,1,2,30,54.497,1
3,1,26,0,603,6,0,7,2,1,2,25,108.754,1
7,1,30,0,113,18,2,27,4,1,2,30,248.272,1
12,1,27,0,3747,50,12,31,2,1,2,30,128.886,1
1,0,23,0,2556,100,4,33,4,1,2,30,225.078,1
1,0,32,0,133,67,16,22,2,1,1,25,399.403,1
1,0,32,0,2980,16,3,27,5,1,2,30,112.069,1
10,1,36,1,229,51,16,5,3,1,2,30,0.0,1
4,1,32,0,2035,98,0,25,3,1,2,25,268.485,1
6,0,10,2,2167,0,3,0,4,1,1,25,113.096,1
2,1,32,0,1690,53,0,10,2,1,2,25,58.31,1
0,1,30,0,3409,64,12,9,2,2,2,30,30.541,1
8,1,5,0,3740,22,10,22,3,1,2,30,299.699,1
2,1,30,0,3855,16,0,15,3,1,1,30,0.0,1
8,0,40,0,2820,100,16,19,3,1,2,30,85.15,1
7,1,33,0,1274,48,31,30,4,1,2,30,47.077,1
3,0,42,0,108,100,0,21,4,1,2,30,0.0,1
0,1,32,0,741,16,8,12,3,1,2,30,342.771,1
23,0,3,0,0,3,8,9,3,1,1,25,21.391,1
2,1,30,0,1937,10,8,5,2,1,1,30,58.92,1
5,1,29,0,1076,48,45,16,3,1,2,25,112.084,1
3,1,24,0,2814,31,25,39,2,1,2,30,321.765,1
0,0,28,2,6038,63,0,44,3,1,2,30,15.525,1
6,1,27,0,6123,54,40,16,4,1,1,30,83.096,1
0,1,32,0,6123,36,9,5,2,1,2,25,189.823,1
10,0,30,0,0,64,3,24,3,1,1,30,288.477,1
0,0,34,2,6123,29,30,8,2,1,2,45,21.791,1
31,0,25,0,6104,58,33,19,3,2,2,25,186.126,1
7,1,41,0,0,69,3,25,3,1,2,25,376.998,1
0,1,29,0,1956,65,0,11,3,1,2,30,551.357,1
31,1,27,0,685,26,0,3,3,1,2,30,260.618,1
10,1,33,0,423,24,1,18,2,1,1,25,304.648,1
16,0,26,0,535,1,59,25,3,1,2,30,0.0,1
9,1,3,0,2506,2,10,10,3,1,2,30,302.153,1
11,0,31,0,412,4,0,19,2,1,1,25,383.629,1
12,1,38,0,1929,65,12,23,3,1,2,25,119.867,1
8,1,29,0,621,35,41,18,3,1,2,30,91.704,1
4,0,27,0,2191,70,45,1,2,1,2,30,325.67,1
0,1,44,2,1710,24,7,1,2,1,1,45,851.712,1
9,0,26,0,24,57,5,32,3,1,2,25,267.172,1
1,0,34,0,466,31,0,16,3,1,2,45,396.589,1
14,0,39,0,397,0,31,6,2,1,2,30,49.669,1
12,0,40,0,330,9,16,10,3,1,2,30,129.006,1
34,1,28,0,896,48,65,25,2,2,2,25,214.006,1
6,1,33,0,4575,70,0,0,2,1,2,30,155.247,1
9,0,38,0,399,8,0,43,2,1,2,30,91.583,1
8,1,40,4,839,7,63,15,4,1,1,25,138.414,1
9,0,39,0,206,0,4,27,2,1,2,25,118.715,1
5,0,25,2,0,69,0,9,3,1,2,30,41.753,1
2,1,29,0,3513,15,10,48,3,1,2,45,403.181,1
7,0,35,0,0,7,0,34,3,1,2,30,143.469,1
2,0,30,0,1500,58,70,19,3,1,2,30,304.47,1
6,1,3,0,355,32,0,29,4,1,2,25,229.463,1
13,1,29,0,0,100,53,22,3,1,2,25,37.428,1
5,0,29,0,308,52,26,7,3,1,1,30,175.334,1
6,1,43,0,0,0,9,25,2,1,1,45,111.698,1
7,1,37,0,2249,2,2,31,2,1,1,30,73.919,1
23,1,29,1,725,49,38,10,4,1,1,30,119.674,1
6,1,33,0,952,49,10,45,2,1,2,25,100.243,1
8,0,25,0,301,59,51,2,2,1,2,25,93.485,1
6,0,40,2,2174,61,8,40,2,1,2,30,86.818,1
2,0,39,0,3071,63,67,32,3,1,2,30,148.945,1
5,0,31,0,2288,65,1,6,3,1,1,45,81.668,1
4,1,31,0,3751,32,5,16,3,1,1,30,987.255,1
0,0,30,2,2378,100,16,2,4,1,2,25,322.578,1
0,0,37,0,2549,17,0,17,3,1,1,30,449.706,1
0,0,43,0,2765,13,13,28,4,1,2,45,229.871,1
2,0,34,1,1409,75,6,3,3,1,2,30,135.297,1
4,0,43,0,0,36,7,15,3,1,2,30,237.897,1
0,1,26,0,12,45,14,0,2,1,2,25,118.363,1
3,0,30,0,3389,100,34,19,3,1,2,30,114.671,1
5,1,24,0,192,62,13,10,2,1,1,45,116.923,1
4,0,42,1,2586,42,0,10,3,1,2,30,13.035,1
7,0,22,0,2193,46,5,0,3,1,2,30,154.963,1
17,1,35,1,2036,52,23,31,3,1,2,25,193.853,1
9,0,32,0,4231,24,38,18,3,1,2,25,147.979,1
7,0,39,0,4572,81,7,9,4,1,1,30,105.668,1
34,0,39,0,625,64,0,23,3,1,2,45,233.699,1
0,0,35,0,4926,17,0,22,2,1,2,30,96.191,1
25,1,27,0,0,10,80,31,4,1,2,30,134.927,1
5,1,35,0,2826,21,60,31,3,1,2,25,272.002,1
11,0,27,0,1710,78,5,29,4,1,1,25,0.0,1
0,1,3,1,97,100,75,48,2,1,2,30,77.889,1
0,0,26,0,2606,17,27,2,3,1,2,25,29.999,1
13,1,40,0,0,59,9,23,2,1,2,45,561.427,1
7,0,43,0,1530,2,36,19,2,1,2,30,323.76,1
6,0,27,0,908,52,6,4,2,1,1,30,113.459,1
2,1,25,1,851,46,0,32,2,1,2,30,90.977,1
0,0,40,1,817,55,0,26,3,1,2,25,72.827,1
1,1,42,0,5423,68,2,27,3,1,2,30,987.255,1
12,1,28,0,2294,46,7,25,2,1,2,25,94.946,1
1,1,31,0,864,52,28,48,4,1,2,25,457.97,1
1,1,27,0,2550,49,1,10,3,1,2,30,502.772,1
1,0,32,1,0,27,40,24,2,1,1,25,27.386,1
13,0,35,0,1673,60,0,11,2,1,2,30,28.014,1
13,0,40,0,36,42,7,25,2,1,1,30,254.852,1
17,0,28,0,3297,42,8,4,3,1,1,30,45.819,1
3,1,38,0,3963,58,6,24,3,1,2,25,114.202,1
12,0,36,4,2113,62,2,13,2,1,2,25,10.275,1
13,0,29,1,525,31,0,3,2,1,1,25,126.05,1
6,0,32,0,1659,51,10,2,3,1,2,30,49.296,1
19,1,31,0,1578,4,2,22,3,1,1,30,117.591,1
0,1,35,0,6123,52,0,6,2,2,2,25,101.139,1
9,0,28,0,4053,47,5,2,2,1,1,45,508.958,1
0,1,31,0,2361,37,10,25,3,1,2,25,137.64,1
0,0,30,0,45,16,14,24,2,1,2,25,449.055,1
7,1,3,0,248,56,9,15,3,1,2,30,4.559,1
17,0,27,0,498,67,0,0,3,1,2,25,0.0,1
10,0,26,3,851,64,39,47,3,1,2,25,124.541,1
0,0,22,0,3579,59,0,2,4,1,1,25,44.084,1
22,0,3,2,157,32,0,25,3,1,2,30,497.181,1
34,0,12,0,189,100,17,22,3,1,1,30,29.56,1
13,1,3,0,2070,54,7,6,3,1,2,25,26.205,1
2,0,25,0,2024,73,0,16,3,1,2,30,95.72,1
20,1,13,0,2916,30,3,6,3,1,2,30,147.98,1
8,0,44,0,349,35,11,33,4,2,2,30,276.322,1
5,0,37,2,6123,47,7,38,3,1,2,30,64.561,1
19,0,3,0,2665,35,20,11,2,1,2,30,278.369,1
6,1,43,3,5181,54,15,24,3,1,1,25,24.349,1
34,0,33,0,661,100,16,12,3,1,1,45,147.453,1
2,1,36,0,0,67,13,42,3,1,1,30,261.79,1
6,1,42,2,1306,41,12,40,2,1,1,25,142.556,1
0,1,38,0,122,57,0,6,2,1,1,30,668.371,1
7,0,32,0,791,67,5,9,3,1,2,30,298.584,1
10,1,11,0,737,18,2,24,2,1,2,30,163.827,1
0,0,35,0,6123,28,31,24,3,1,1,25,69.556,1
4,0,45,0,49,57,6,45,2,1,2,30,51.352,1
4,1,27,0,3418,43,39,23,3,1,1,30,290.512,1
16,1,33,0,103,71,35,24,4,1,2,30,0.0,1
2,0,26,0,1781,19,10,40,3,1,2,30,154.049,1
1,0,27,0,6123,57,3,2,3,1,2,30,453.634,1
5,0,36,0,380,53,0,9,2,1,1,25,691.784,1
7,0,34,0,40,0,8,11,3,1,2,25,31.251,1
0,0,7,0,1121,57,4,6,4,1,2,30,0.0,1
5,1,42,1,6123,45,10,21,2,1,1,30,483.75,1
0,0,28,0,2234,26,3,6,3,1,2,30,0.0,1
4,0,9,0,0,55,22,13,3,1,2,30,132.494,1
0,0,3,4,0,0,4,16,5,1,2,25,9.465,1
8,0,27,0,1830,71,14,24,3,1,1,45,133.622,1
8,0,34,0,16,59,0,16,4,1,2,30,294.167,1
3,0,33,0,5995,0,47,24,4,1,2,25,0.0,1
34,0,37,0,5067,50,13,48,3,1,2,30,158.956,1
10,1,40,0,0,24,10,22,3,2,2,30,57.305,1
12,1,10,0,2197,17,48,42,3,1,1,25,231.949,1
8,0,28,0,121,2,6,32,2,1,2,25,51.843,1
1,0,31,0,3085,65,11,11,2,1,1,30,99.594,1
0,1,37,0,0,100,39,48,2,1,1,30,280.032,1
1,1,40,0,1763,66,3,22,4,1,1,45,88.821,1
15,1,29,0,1613,37,47,20,2,1,2,25,296.384,1
2,0,29,0,2834,44,4,45,2,1,2,25,245.737,1
1,0,3,2,2217,45,13,48,3,1,1,30,455.546,1
13,1,30,0,1651,60,12,9,3,1,2,25,536.951,1
32,1,33,2,271,64,0,5,2,1,2,30,246.482,1
6,1,24,2,3360,36,8,18,3,1,1,45,11.825,1
34,0,37,0,1158,44,0,21,3,1,1,30,67.987,1
3,0,32,0,4307,55,6,8,3,1,2,45,158.412,1
4,0,28,0,2918,13,8,46,3,1,1,25,188.04,1
3,0,27,2,0,0,4,3,2,1,2,25,205.834,1
0,1,39,1,2492,39,0,8,3,1,1,25,107.23,1
9,0,33,0,2037,72,47,6,3,1,2,30,241.994,1
1,1,38,0,797,17,6,9,3,1,2,25,362.462,1
1,0,37,0,2883,19,4,21,2,1,2,45,32.49,1
3,1,31,0,1568,38,3,16,3,1,2,30,0.0,1
0,0,32,0,172,65,1,30,3,1,2,30,473.667,1
2,0,32,2,2954,41,65,11,3,1,1,30,127.757,1
2,1,35,0,0,63,33,20,4,1,2,30,18.427,1
11,1,38,0,1756,100,21,0,2,1,2,30,19.642,1
33,0,27,1,2056,31,4,11,2,1,2,25,43.065,1
21,0,29,0,2153,0,7,3,3,1,2,25,22.067,1
13,1,42,0,1184,66,0,1,3,1,2,25,110.466,1
7,1,25,0,2099,46,8,48,3,2,2,45,93.773,1
9,0,35,0,0,20,10,8,3,1,2,30,987.255,1
5,1,31,0,3868,5,61,48,3,1,2,30,89.103,1
4,1,25,0,4026,54,4,17,2,1,2,30,22.126,1
1,1,32,0,2266,96,6,10,4,1,2,30,504.788,1
10,0,39,0,107,20,8,6,3,1,2,30,125.119,1
11,1,21,0,684,24,52,11,4,1,1,45,156.52,1
0,0,28,0,681,66,34,11,3,1,2,30,54.022,1
2,1,34,0,4033,32,10,16,4,1,1,30,85.219,1
0,0,32,0,429,39,10,41,4,1,2,30,38.531,1
3,0,28,0,4667,64,13,3,3,1,1,30,303.481,1
19,1,28,0,6123,58,0,12,4,1,1,30,245.25,1
8,0,33,1,1707,66,0,26,4,1,1,30,44.213,1
12,0,43,0,887,47,8,27,3,1,1,45,121.075,1
34,1,25,0,2911,94,2,21,2,1,2,25,45.984,1
12,1,30,2,0,14,53,20,3,1,2,30,182.74,1
31,0,34,1,1225,100,2,42,3,1,2,30,31.824,1
4,0,30,0,2775,61,6,40,3,1,1,30,78.122,1
7,1,42,0,183,64,6,4,2,1,1,30,121.599,1
10,0,29,0,2340,45,1,29,2,1,2,30,0.0,1
1,0,28,0,2661,84,0,19,3,1,1,45,341.803,1
1,0,4,2,1513,35,33,13,4,1,1,25,155.26,1
9,0,24,0,0,38,0,36,2,1,2,30,131.129,1
4,0,39,0,1743,14,0,14,3,1,2,25,0.0,1
10,0,41,1,6123,81,0,39,3,1,1,25,145.086,1
10,1,39,0,2086,46,6,23,2,1,2,30,28.441,1
19,0,32,0,1231,5,0,11,4,1,2,25,0.0,1
24,1,22,1,2792,43,3,22,3,1,2,25,476.785,1
34,0,32,1,4386,76,0,5,3,1,1,30,22.001,1
2,0,30,0,583,50,12,0,3,1,2,25,46.153,1
8,0,3,2,1190,0,4,22,3,1,2,30,105.023,1
2,1,42,1,759,71,15,28,4,1,1,30,181.43,1
5,1,28,2,58,69,42,19,4,1,1,45,217.26,1
1,1,32,0,4028,66,6,21,3,1,1,25,0.0,1
3,0,15,2,3485,46,0,23,3,1,2,45,0.0,1
2,0,34,0,289,70,0,10,3,1,1,25,50.046,1
4,1,33,0,1931,13,10,6,4,1,2,30,385.431,1
10,1,32,0,6123,48,3,29,3,1,2,30,459.314,1
3,0,24,1,353,61,29,26,4,1,1,25,361.408,1
1,0,28,0,1286,32,4,0,2,1,1,45,208.065,1
21,1,41,0,420,58,0,26,4,1,1,25,331.157,1
14,1,33,0,1942,56,1,9,3,1,2,25,87.358,1
5,0,33,0,172,48,10,7,4,1,1,30,112.288,1
1,0,37,1,1466,66,8,48,4,1,2,30,82.493,1
1,0,33,0,1913,100,13,4,3,1,1,25,3.222,1
1,0,34,1,1079,24,5,5,2,1,2,25,0.0,1
10,0,36,4,2426,60,7,0,4,1,2,25,0.0,1
8,0,31,0,226,3,9,11,3,1,1,30,2.159,1
0,1,23,3,6090,19,2,35,4,1,2,45,101.934,1
31,1,3,0,1988,19,8,28,2,1,2,30,570.231,1
13,1,27,0,643,7,2,0,3,2,1,30,0.0,1
34,0,31,0,5968,36,28,17,2,1,1,30,31.686,1
29,0,35,0,806,5,38,28,2,1,2,30,83.47,1
5,0,41,3,6123,21,4,8,3,1,1,30,321.694,1
14,1,24,0,0,70,4,26,2,1,2,30,0.0,1
7,0,31,0,603,32,7,27,2,1,2,30,99.908,1
7,1,4,0,1958,0,13,16,2,1,2,30,77.392,1
13,1,34,0,23,68,40,13,3,1,2,25,63.395,1
0,1,28,0,5755,17,1,0,2,1,1,30,5.282,1
2,1,32,3,1390,3,30,4,3,1,2,25,56.25,1
0,0,27,2,1995,63,20,5,2,1,1,25,190.582,1
31,0,32,0,3575,54,5,37,3,1,1,45,305.043,1
9,1,38,0,3190,10,32,0,3,1,1,30,76.371,1
6,0,29,0,3346,53,46,24,3,1,2,25,76.824,1
8,1,39,0,963,39,0,27,3,1,1,25,66.374,1
30,0,25,0,58,52,3,34,3,1,2,30,188.712,1
5,0,25,0,414,10,5,17,3,1,1,30,32.021,1
9,0,31,0,749,15,11,16,2,1,2,25,501.57,1
9,1,34,2,0,65,41,8,4,1,1,25,0.0,1
7,0,41,0,555,0,107,8,4,1,2,30,83.833,1
30,0,36,0,459,71,0,21,3,1,2,30,0.0,1
5,0,29,0,3562,15,12,8,2,1,2,25,56.479,1
7,1,28,0,3350,60,7,19,4,1,2,25,133.771,1
19,1,30,0,4880,62,42,1,4,1,1,30,172.073,1
15,0,3,0,0,12,12,0,3,1,2,30,56.254,1
4,0,28,1,6123,51,3,10,3,1,2,30,167.276,1
5,1,23,1,0,51,11,48,3,1,2,45,309.977,1
2,1,30,0,928,49,11,40,2,1,1,30,305.65,1
14,1,39,3,0,61,3,23,2,1,1,55,91.26,1
11,0,35,0,114,71,0,32,3,1,2,25,8.707,1
7,1,35,0,6123,10,15,25,3,1,2,25,133.669,1
0,1,28,0,2244,37,2,16,2,1,2,30,76.735,1
21,1,37,0,819,59,4,42,3,1,2,30,124.045,1
0,1,35,0,637,58,13,4,3,1,1,45,371.479,1
2,0,39,0,235,38,23,0,3,1,1,30,230.842,1
1,0,8,0,3380,33,4,29,2,1,2,30,217.219,1
11,1,29,0,373,65,5,9,3,1,2,25,24.13,1
8,0,20,0,1088,34,4,21,3,1,2,25,0.0,1
8,1,25,0,5649,41,2,24,2,1,2,45,987.255,1
4,1,4,0,1015,15,5,4,2,2,2,45,36.391,1
5,1,35,0,558,18,0,17,3,1,2,30,83.403,1
9,0,33,0,0,41,3,11,4,1,1,25,311.905,1
5,0,27,1,1648,100,0,38,2,1,2,25,80.927,1
4,0,34,0,367,44,6,26,2,1,2,25,488.985,1
6,0,30,1,1780,59,7,12,4,1,1,25,4.037,1
34,0,28,0,0,42,5,45,2,1,2,25,136.615,1
8,1,34,0,269,0,7,20,3,1,2,30,251.218,1
11,1,33,0,137,58,33,28,3,1,1,45,15.06,1
5,1,42,0,4820,57,12,3,2,1,1,25,241.269,1
34,1,29,0,0,70,1,26,2,1,2,45,0.0,1
1,1,35,0,1151,53,12,26,4,1,2,25,296.422,1
7,0,32,0,2329,61,50,15,2,1,1,30,7.754,1
