14,0,40,3,7515,103,201,28,3,1,1,30,1108.72,0
3,0,37,0,7508,127,384,43,2,1,1,25,2071.575,0
0,0,28,0,3153,66,0,20,2,1,1,25,144.855,0
21,0,33,3,15850,234,3,82,2,1,1,25,737.28,0
23,0,18,2,9947,188,88,42,5,1,1,55,284.025,0
13,0,33,2,9160,117,136,39,3,1,1,30,915.08,0
5,0,11,2,4505,45,213,9,3,1,1,30,1034.0,0
0,0,28,0,1343,35,33,70,4,1,1,45,116.95,0
5,0,11,1,4095,36,201,25,3,1,1,30,969.24,0
0,0,34,0,455,2,0,5,2,1,2,25,20.565,0
18,0,24,5,3418,61,53,27,4,2,1,45,219.475,0
1,0,33,0,3885,57,0,10,2,1,1,25,177.39,0
25,0,37,2,15025,219,22,28,3,1,1,30,697.76,0
0,0,23,0,950,27,181,7,2,2,1,25,858.465,0
11,0,37,1,4495,69,7,14,3,1,1,30,210.56,0
7,0,38,1,4023,88,9,30,3,1,1,30,200.44,0
5,0,36,1,305,6,7,2,5,1,1,55,15.165,0
2,0,34,0,11045,142,0,41,3,1,1,30,447.48,0
0,0,32,0,2345,15,0,9,3,1,1,30,94.4,0
0,0,34,0,0,0,6,0,5,1,1,55,9.0,0
12,0,38,1,4443,69,7,35,1,1,1,15,286.66,0
9,0,41,0,1223,21,35,21,3,1,2,30,189.76,0
5,0,32,0,1085,20,36,9,4,1,2,45,117.625,0
4,0,43,0,710,20,21,9,3,1,2,30,113.2,0
0,0,38,0,0,0,0,0,2,1,2,25,0.0,0
2,0,38,0,710,14,13,8,3,1,2,30,80.96,0
8,0,41,2,11545,156,21,51,4,1,1,45,345.025,0
3,0,34,0,2665,48,177,24,2,1,1,25,918.585,0
6,0,42,3,723,12,21,8,5,1,1,55,42.525,0
13,0,39,1,2568,65,357,23,3,1,1,30,1533.32,0
10,0,38,1,8990,123,148,46,3,1,1,30,956.52,0
3,0,39,0,1620,48,46,24,3,1,2,30,250.72,0
5,0,38,2,643,10,11,4,5,1,1,55,26.295,0
5,0,38,1,2638,61,7,33,2,1,1,25,152.955,0
6,0,39,0,2113,56,12,20,3,1,2,30,134.76,0
21,0,18,1,6583,141,60,40,1,2,1,15,699.82,0
20,0,35,1,14720,213,15,26,2,1,1,25,739.485,0
14,0,39,2,11960,161,27,52,4,1,1,45,370.525,0
7,0,13,0,8627,165,66,38,4,1,1,45,384.8,0
3,0,32,2,6905,113,266,31,2,2,1,25,1512.81,0
19,0,19,2,6507,146,83,41,2,2,1,25,672.885,0
11,0,40,1,6223,101,14,14,3,1,1,30,308.96,0
7,0,35,0,2393,57,354,22,2,1,1,25,1703.25,0
7,0,34,0,15305,174,139,25,2,1,1,25,1322.055,0
17,0,18,2,9353,183,112,46,5,1,1,55,311.04,0
18,0,26,2,15590,224,0,73,2,1,1,25,711.63,0
0,0,32,0,2415,44,163,19,2,1,1,25,844.155,0
0,0,34,0,1553,20,2,7,3,1,1,30,70.92,0
6,0,36,0,3470,76,25,26,2,1,1,25,272.07,0
18,0,42,2,4563,75,13,39,1,1,1,15,326.59,0
17,0,39,4,7623,91,136,54,2,2,1,25,959.13,0
10,0,15,0,8688,168,71,40,4,1,1,45,398.9,0
2,0,32,0,4255,73,0,19,3,1,1,30,173.12,0
27,0,42,10,10820,101,18,48,5,1,1,55,190.815,0
5,0,22,1,1613,35,22,64,4,1,1,45,96.2,0
11,0,29,1,1305,34,29,17,2,1,1,25,190.755,0
3,0,22,1,1775,28,38,18,2,1,1,25,252.135,0
0,0,38,0,3493,78,5,30,2,1,1,25,183.195,0
0,0,17,0,2660,45,0,15,3,1,1,30,108.2,0
2,0,18,0,1695,26,28,14,2,1,1,25,203.445,0
2,0,35,0,14990,175,134,25,2,1,1,25,1285.425,0
10,0,16,0,5682,130,60,42,1,2,1,15,649.66,0
0,0,37,0,0,0,0,0,2,1,2,25,0.0,0
3,0,41,1,1668,31,8,7,4,1,1,45,62.475,0
11,0,40,0,1890,31,15,13,2,1,2,25,153.945,0
15,0,44,3,7023,87,123,40,3,1,1,30,776.4,0
16,0,39,3,9230,126,142,42,3,1,1,30,942.24,0
7,0,39,0,3965,66,0,19,3,1,1,30,161.24,0
6,0,36,2,4318,92,23,43,3,1,1,30,268.4,0
18,0,45,3,7283,91,130,45,2,1,1,25,916.83,0
8,0,22,0,1045,24,8,8,2,1,1,25,84.105,0
0,0,25,0,635,10,46,5,4,1,2,45,131.125,0
17,0,18,6,3758,61,59,36,3,2,1,30,388.76,0
1,0,36,0,2980,22,485,9,3,1,1,30,2060.08,0
2,0,33,0,2360,33,277,17,3,1,1,30,1203.72,0
0,0,36,1,6480,97,15,21,5,1,1,55,121.155,0
10,0,23,0,620,23,0,3,2,1,2,25,28.935,0
13,0,46,2,2958,74,24,41,2,1,1,25,244.44,0
0,0,34,0,6080,74,147,20,3,1,1,30,834.16,0
5,0,29,1,6830,93,7,18,5,1,1,55,114.345,0
0,0,23,0,3110,56,10,24,3,1,1,30,166.64,0
1,0,24,0,1508,36,25,66,4,1,1,45,101.1,0
10,0,28,0,295,20,0,9,3,1,2,30,12.6,0
7,0,9,0,8673,161,58,34,4,1,1,45,365.85,0
4,0,31,0,15225,172,135,24,2,1,1,25,1300.365,0
7,0,23,0,1110,27,21,14,2,1,1,25,145.665,0
0,0,33,0,4030,69,0,18,3,1,1,30,163.96,0
20,0,29,2,15770,232,0,78,2,1,1,25,720.09,0
9,0,44,1,2620,49,300,24,3,1,1,30,1306.76,0
9,0,40,0,4075,67,7,4,3,1,1,30,193.68,0
9,0,34,0,4118,64,0,31,1,1,1,15,230.01,0
0,0,32,2,6470,109,255,28,2,2,1,25,1443.555,0
7,0,15,2,4650,50,230,16,3,1,1,30,1108.0,0
3,0,41,1,378,8,12,6,3,1,1,30,63.44,0
8,0,33,0,15405,180,140,26,2,1,1,25,1331.325,0
7,0,40,2,3155,30,488,10,3,1,1,30,2079.4,0
19,0,20,1,9418,185,91,47,5,1,1,55,280.545,0
11,0,40,1,4485,76,3,16,3,1,1,30,194.44,0
3,0,29,0,8550,105,122,35,3,1,1,30,834.2,0
0,0,33,0,0,0,0,0,5,1,1,55,0.0,0
6,0,38,0,4125,68,3,17,2,1,1,25,202.185,0
13,0,39,1,2513,63,364,26,3,1,1,30,1559.04,0
0,0,13,0,1695,20,20,13,2,1,1,25,167.175,0
0,0,33,0,0,0,0,0,2,1,2,25,0.0,0
0,0,34,0,1875,37,147,6,2,1,1,25,747.54,0
0,0,21,0,930,28,176,5,2,2,1,25,835.11,0
5,0,38,2,643,10,11,4,5,1,1,55,26.295,0
5,0,17,2,2728,47,35,22,3,1,1,30,251.0,0
15,0,12,0,9237,171,72,41,4,1,1,45,415.2,0
10,0,39,2,11525,157,16,49,4,2,1,45,332.05,0
10,0,24,0,1110,26,0,9,2,1,1,25,51.12,0
13,0,24,1,1350,30,15,10,2,1,1,25,129.6,0
0,0,17,0,985,15,3,14,2,1,1,25,58.5,0
3,0,36,0,623,5,6,5,2,1,2,25,55.26,0
7,0,26,2,1440,34,189,8,3,2,1,30,814.96,0
9,0,38,1,3530,79,30,28,3,1,1,30,264.36,0
8,0,40,2,7928,139,423,49,3,1,1,30,2014.68,0
0,0,36,0,1865,32,269,13,3,1,1,30,1151.88,0
0,0,36,0,1478,24,0,3,3,1,1,30,60.08,0
7,0,20,1,2000,32,35,16,3,1,1,30,221.28,0
9,0,32,1,1828,49,45,74,5,1,1,55,95.655,0
0,0,24,0,520,4,14,1,4,1,2,45,48.1,0
0,0,38,0,7383,129,388,46,2,1,1,25,2084.04,0
12,0,38,2,4970,81,26,32,3,1,1,30,306.04,0
10,0,21,1,1270,28,11,9,2,1,1,25,107.91,0
15,0,42,3,9115,127,152,44,3,1,1,30,977.68,0
8,0,38,3,3695,37,504,23,3,1,1,30,2165.28,0
16,0,29,0,1005,31,17,9,3,1,2,30,109.44,0
7,0,12,3,4810,52,254,16,3,1,1,30,1210.48,0
2,0,39,0,825,20,45,12,3,1,2,30,213.8,0
1,0,37,0,5728,95,32,14,3,1,1,30,360.92,0
9,0,37,0,2123,48,0,13,3,1,2,30,86.84,0
0,0,38,0,470,9,0,13,2,1,2,25,21.555,0
0,0,16,0,1635,23,23,12,2,1,1,25,178.11,0
0,0,31,0,3718,76,0,27,2,1,1,25,170.73,0
16,0,17,1,6393,141,85,42,2,2,1,25,676.53,0
20,0,44,4,9420,133,159,46,3,1,1,30,1018.12,0
0,0,19,0,2965,51,0,17,3,1,1,30,120.64,0
15,0,41,3,11830,163,23,51,4,1,1,45,357.325,0
0,0,36,0,3610,67,0,8,3,1,1,30,147.08,0
0,0,18,0,1095,16,7,6,2,1,1,25,81.495,0
21,0,36,8,10435,93,1,42,5,1,1,55,159.42,0
11,0,41,1,2533,62,369,28,3,1,1,30,1579.8,0
0,0,30,0,5770,80,0,20,4,1,1,45,146.25,0
8,0,38,0,4370,71,5,17,3,1,1,30,197.64,0
18,0,33,2,14655,211,36,25,3,1,1,30,738.64,0
8,0,36,0,6603,69,76,33,2,1,1,25,642.24,0
5,0,35,0,13593,161,0,39,3,1,1,30,550.16,0
6,0,37,0,1780,49,36,19,3,1,2,30,217.16,0
0,0,34,0,0,0,0,0,2,1,2,25,0.0,0
5,0,20,1,1810,31,26,13,3,1,1,30,177.64,0
3,0,36,1,6528,75,133,39,2,1,1,25,895.635,0
0,0,29,0,0,0,0,0,2,1,2,25,0.0,0
12,0,37,1,3490,64,183,23,2,1,1,25,983.43,0
0,0,11,0,1390,14,13,11,2,1,1,25,121.68,0
0,0,36,1,338,4,4,2,5,1,1,55,11.13,0
8,0,34,0,2158,52,0,13,3,1,2,30,88.4,0
17,0,40,3,5275,87,33,34,3,1,1,30,346.48,0
9,0,37,0,15485,182,150,30,2,1,1,25,1380.015,0
5,0,27,1,3285,64,13,25,3,1,1,30,185.96,0
5,0,32,0,3390,74,15,22,2,1,1,25,223.38,0
0,0,8,1,2288,29,9,11,3,1,1,30,128.68,0
5,0,41,0,2573,66,13,38,1,1,1,15,216.645,0
8,0,44,1,2653,68,17,39,2,1,1,25,198.945,0
0,0,34,0,1363,19,0,4,3,1,1,30,55.28,0
2,0,10,2,4505,46,247,14,3,1,1,30,1170.04,0
7,1,38,4,7045,118,281,37,2,2,1,25,1586.835,0
13,0,40,1,4675,77,12,19,3,1,1,30,238.08,0
13,0,32,6,10070,84,0,38,4,1,1,45,253.85,0
6,0,45,0,703,13,24,10,3,1,2,30,124.64,0
12,0,37,3,7318,85,129,52,2,1,1,25,913.635,0
0,0,34,0,5485,69,154,24,3,1,1,30,838.16,0
0,0,35,0,2080,10,451,6,3,1,1,30,1887.6,0
10,0,41,0,2408,64,367,28,3,1,1,30,1566.88,0
19,0,19,5,3867,62,46,21,3,1,1,30,341.16,0
18,0,43,3,9375,131,159,49,3,1,1,30,1016.24,0
0,0,32,0,0,0,0,0,2,1,2,25,0.0,0
0,0,35,0,0,0,0,0,5,1,1,55,0.0,0
1,0,31,1,6545,104,232,27,2,2,1,25,1343.205,0
12,0,16,1,9048,177,105,44,5,1,1,55,295.875,0
6,0,37,0,5803,89,0,8,2,1,1,25,265.14,0
9,0,33,0,3775,76,24,27,2,1,1,25,281.295,0
5,0,32,1,3065,26,7,12,3,1,1,30,151.64,0
3,0,36,1,2655,43,299,31,3,1,1,30,1303.92,0
13,0,41,1,3265,67,193,30,2,1,1,25,1018.44,0
0,0,38,0,1360,44,39,19,3,1,2,30,212.16,0
4,0,31,1,1270,40,201,15,2,2,1,25,963.45,0
10,0,40,0,1943,50,7,4,3,1,2,30,107.72,0
0,0,18,0,0,0,0,0,4,1,2,45,0.0,0
5,0,9,1,4635,43,217,10,3,1,1,30,1055.12,0
4,0,35,0,11405,151,6,45,3,1,1,30,486.24,0
13,0,22,0,1530,32,18,14,2,1,1,25,151.29,0
11,0,40,0,1615,30,41,25,3,1,2,30,229.8,0
4,0,37,0,3488,55,0,35,1,1,1,15,194.865,0
6,0,25,0,395,19,3,5,2,1,2,25,32.13,0
10,0,44,3,6805,98,201,29,4,1,1,45,675.075,0
2,0,23,0,1388,31,19,63,4,1,1,45,82.975,0
7,0,20,1,2000,32,35,16,3,1,1,30,221.28,0
5,0,31,2,1395,38,203,15,2,2,1,25,977.985,0
0,0,35,0,3355,54,0,15,2,1,1,25,153.405,0
3,0,31,0,15100,174,133,24,2,1,1,25,1285.83,0
18,0,46,2,4935,87,27,25,3,1,1,30,308.88,0
7,0,37,0,15240,179,148,30,2,1,1,25,1359.855,0
12,0,43,2,11725,164,26,53,4,1,1,45,362.225,0
5,0,39,0,1180,20,7,13,2,1,2,25,85.5,0
5,0,45,0,578,15,22,10,3,1,2,30,111.72,0
8,0,39,0,2960,61,186,28,2,1,1,25,972.945,0
5,0,35,3,6560,111,253,35,2,2,1,25,1438.695,0
5,0,38,0,6593,77,112,40,2,1,1,25,804.15,0
9,0,43,2,4515,89,10,26,3,1,1,30,224.16,0
0,0,34,0,1438,43,327,22,2,1,1,25,1538.145,0
7,0,41,2,823,18,22,9,5,1,1,55,45.615,0
11,0,11,0,8853,169,63,36,4,1,1,45,383.05,0
2,0,38,0,2555,49,178,25,2,1,1,25,918.18,0
10,0,42,2,1075,23,25,12,3,1,1,30,143.92,0
11,0,40,1,6223,101,14,14,3,1,1,30,308.96,0
17,0,17,1,9237,177,80,42,5,1,1,55,261.21,0
0,0,22,0,3045,53,0,18,3,1,1,30,123.92,0
14,0,40,2,3890,87,30,27,3,1,1,30,279.08,0
9,0,38,1,15600,188,182,34,2,1,1,25,1529.46,0
5,0,23,0,920,26,12,11,2,1,1,25,96.57,0
7,0,37,1,2378,36,8,6,4,1,1,45,80.35,0
12,0,41,3,4935,95,41,31,4,1,1,45,228.25,0
4,0,41,1,4210,83,3,24,3,1,1,30,183.72,0
9,0,20,1,2190,33,44,19,3,1,1,30,264.92,0
2,0,38,1,2920,24,10,18,3,1,1,30,157.76,0
11,0,39,2,3890,88,64,32,3,1,1,30,415.12,0
10,0,37,1,6963,78,110,37,2,1,1,25,811.845,0
0,0,36,0,1455,23,257,1,3,1,1,30,1087.12,0
18,0,41,2,14788,186,15,46,3,1,1,30,658.96,0
16,0,31,2,1610,40,36,19,2,1,1,25,236.25,0
0,0,31,0,13468,157,0,41,3,1,1,30,545.0,0
8,0,39,0,1420,25,21,8,3,1,2,30,141.8,0
4,0,34,3,6720,113,269,33,2,2,1,25,1517.985,0
5,0,41,0,4065,71,6,16,3,1,1,30,189.44,0
18,0,32,0,1185,39,28,14,3,1,2,30,160.96,0
3,0,36,0,4065,65,0,15,2,1,1,25,185.85,0
9,0,41,3,3515,39,522,14,4,1,1,45,1393.85,0
0,0,35,0,2715,24,4,17,3,1,1,30,125.56,0
16,0,41,3,7083,84,120,41,2,1,1,25,862.515,0
7,0,32,0,15485,176,142,29,2,1,1,25,1343.745,0
5,0,8,2,4515,38,211,7,3,1,1,30,1026.12,0
9,0,37,0,8515,111,123,28,3,1,1,30,837.04,0
17,0,16,1,6797,146,86,40,1,2,1,15,854.865,0
5,0,43,0,1135,24,15,17,2,1,2,25,119.655,0
13,0,19,1,9013,173,83,44,5,1,1,55,262.29,0
18,0,34,0,1005,37,25,10,3,1,2,30,141.68,0
7,0,29,2,1375,39,198,13,3,2,1,30,848.56,0
28,0,28,3,16380,238,0,81,2,1,1,25,747.81,0
2,0,42,0,665,18,21,12,3,1,2,30,111.32,0
4,0,36,1,2955,27,0,13,3,1,1,30,119.28,0
19,0,37,2,14430,214,29,32,3,1,1,30,701.76,0
4,0,35,0,5738,87,0,7,3,1,1,30,233.0,0
11,0,27,0,700,25,10,7,2,1,2,25,77.625,0
0,0,37,2,453,10,36,6,5,1,1,55,60.945,0
26,0,37,8,10625,93,7,40,4,1,1,45,285.45,0
1,0,34,0,2840,22,0,14,3,1,1,30,114.48,0
17,0,46,2,14338,185,22,52,3,1,1,30,668.92,0
12,0,39,0,13963,169,7,42,3,1,1,30,593.28,0
9,0,15,3,3257,50,32,17,3,1,1,30,260.28,0
4,0,35,0,15180,176,143,28,2,1,1,25,1334.52,0
12,0,42,3,3460,36,495,12,4,1,1,45,1324.9,0
0,0,19,0,1263,27,15,65,4,1,1,45,69.75,0
3,0,31,0,6458,65,93,31,2,1,1,25,712.035,0
5,0,30,1,2885,18,7,10,3,1,1,30,144.12,0
2,0,37,1,4325,83,27,27,3,1,1,30,284.32,0
19,0,33,8,10255,85,0,37,5,1,1,55,155.1,0
22,0,39,2,15015,227,58,35,3,1,1,30,841.68,0
5,0,40,1,770,17,18,10,3,1,1,30,103.48,0
8,0,31,2,3610,69,25,29,3,1,1,30,247.16,0
5,0,40,0,2065,35,271,5,3,1,1,30,1168.0,0
12,0,42,2,3165,61,192,29,2,1,1,25,1009.17,0
17,0,37,4,9715,131,165,58,3,2,1,30,1053.84,0
12,0,41,2,14193,181,39,50,3,1,1,30,730.96,0
7,0,46,0,623,17,22,7,3,1,2,30,113.6,0
17,0,43,1,4683,80,19,42,1,1,1,15,366.465,0
16,0,40,2,4080,88,39,30,3,1,1,30,322.72,0
18,0,39,3,6238,110,65,30,3,1,1,30,513.92,0
1,0,41,0,955,16,10,15,2,1,2,25,88.695,0
11,0,20,3,2600,42,56,31,3,1,1,30,329.68,0
2,0,36,1,528,5,13,5,5,1,1,55,27.495,0
5,0,34,1,1893,29,7,4,4,1,1,45,65.55,0
0,0,5,0,4025,31,203,6,3,1,1,30,974.24,0
0,0,24,0,1263,33,23,66,4,1,1,45,89.9,0
0,0,30,0,3950,67,0,17,3,1,1,30,160.68,0
19,0,45,2,16050,198,172,38,2,1,1,25,1505.16,0
14,0,40,0,2543,60,15,19,3,1,2,30,164.12,0
14,1,39,0,2428,54,7,15,3,1,2,30,127.28,0
11,0,15,0,6087,135,78,40,1,2,1,15,771.21,0
3,0,36,0,5803,90,9,13,2,1,1,25,305.685,0
10,0,34,1,11770,154,10,48,3,1,1,30,516.96,0
9,0,43,0,1195,28,31,15,3,1,2,30,172.92,0
0,0,32,0,6075,86,0,22,4,1,1,45,154.025,0
2,0,19,1,1810,32,60,18,3,1,1,30,313.68,0
0,0,36,0,2190,11,455,5,3,1,1,30,1908.04,0
0,0,31,0,6480,91,7,20,4,1,1,45,181.775,0
7,0,44,0,803,19,25,11,3,1,2,30,132.88,0
0,0,39,0,318,5,7,4,2,1,2,25,46.035,0
8,0,40,1,2698,64,9,35,2,1,1,25,164.79,0
2,0,44,0,318,11,15,5,3,1,2,30,73.16,0
23,0,28,3,15895,230,0,75,2,1,1,25,725.625,0
6,0,35,2,6845,100,19,24,5,1,1,55,132.675,0
31,0,44,5,15525,233,71,38,3,1,1,30,914.32,0
4,0,11,0,8568,162,61,36,4,1,1,45,370.75,0
0,0,23,0,2920,55,1,21,3,1,1,30,123.0,0
0,0,34,0,695,6,0,6,2,1,2,25,31.545,0
15,0,41,2,3375,56,300,20,4,1,1,45,835.775,0
20,0,17,3,6993,151,106,57,2,2,1,25,798.48,0
0,0,35,0,2070,42,150,23,2,1,1,25,770.04,0
9,0,31,3,7270,116,270,34,2,2,1,25,1547.37,0
9,0,40,1,11645,162,22,52,4,1,1,45,350.175,0
15,0,18,1,5987,136,67,44,2,2,1,25,577.035,0
0,0,15,0,1275,14,0,8,2,1,1,25,58.005,0
12,0,26,0,1105,30,11,5,2,1,2,25,100.575,0
0,0,33,0,1170,37,22,15,3,1,2,30,136.28,0
24,0,21,3,6758,150,97,46,2,2,1,25,747.36,0
6,0,27,0,1000,28,22,15,2,1,1,25,145.26,0
6,0,40,0,15180,182,151,29,2,1,1,25,1370.79,0
0,0,40,0,2135,35,288,20,3,1,1,30,1238.8,0
0,0,28,0,6300,83,0,15,4,1,1,45,159.575,0
4,0,34,0,2070,49,39,18,3,1,2,30,240.76,0
5,0,26,1,1720,41,194,9,2,2,1,25,952.245,0
0,0,36,0,0,0,0,0,5,1,1,55,0.0,0
5,0,15,0,2000,26,27,15,2,1,1,25,212.67,0
5,0,18,1,1940,29,30,14,2,1,1,25,223.605,0
5,0,38,0,2583,59,11,36,1,1,1,15,205.81,0
25,0,34,3,15185,221,46,28,3,1,1,30,800.24,0
7,0,35,0,2058,46,0,12,3,1,2,30,84.16,0
2,0,37,0,3660,60,0,17,2,1,1,25,167.4,0
6,0,32,0,1970,44,37,21,3,1,2,30,228.56,0
9,0,33,4,7090,114,267,30,3,2,1,30,1356.16,0
0,0,30,0,11160,142,0,44,3,1,1,30,452.08,0
6,0,16,1,1920,30,25,12,2,1,1,25,200.25,0
5,0,36,2,2268,35,21,21,4,1,1,45,110.075,0
26,0,35,4,16155,240,10,84,2,1,1,25,782.775,0
18,0,17,1,6582,142,94,45,2,2,1,25,725.58,0
5,0,33,0,8750,112,132,39,3,1,1,30,882.48,0
9,0,37,1,11655,155,20,50,4,1,1,45,345.25,0
11,0,37,0,3660,76,0,24,2,1,1,25,168.12,0
14,0,43,3,7103,83,125,43,2,1,1,25,885.87,0
30,0,33,4,16380,244,7,82,2,2,1,25,779.58,0
5,0,33,0,4515,77,0,24,3,1,1,30,183.68,0
4,0,36,0,3908,83,11,31,2,1,1,25,229.095,0
4,0,28,0,3405,69,19,28,3,1,1,30,214.96,0
0,0,35,0,0,0,0,0,2,1,2,25,0.0,0
12,0,35,0,2543,54,7,18,3,1,2,30,131.88,0
26,0,42,4,15220,227,64,36,3,2,1,30,873.88,0
4,0,36,1,6905,91,187,24,3,1,1,30,1027.84,0
2,0,9,1,4390,40,215,10,3,1,1,30,1037.2,0
1,0,30,1,6605,89,3,17,5,1,1,55,104.91,0
8,0,38,0,3953,63,0,35,1,1,1,15,220.88,0
2,0,24,1,1135,28,182,6,2,2,1,25,871.335,0
22,0,34,3,15770,238,1,79,2,1,1,25,724.86,0
0,0,36,0,2615,18,3,16,3,1,1,30,117.32,0
3,0,35,0,1665,44,38,20,3,1,2,30,220.36,0
0,0,32,0,2535,16,0,12,3,1,1,30,102.04,0
0,0,7,0,4275,35,217,11,3,1,1,30,1040.4,0
3,0,33,1,6785,97,14,22,5,1,1,55,124.23,0
2,0,35,0,11160,148,4,45,3,1,1,30,468.32,0
15,0,39,1,2758,66,366,26,3,1,1,30,1576.96,0
25,0,38,3,15140,225,54,32,3,1,1,30,830.6,0
12,0,40,5,7350,124,288,39,3,2,1,30,1450.96,0
22,1,40,9,10515,95,11,46,5,1,1,55,175.65,0
27,0,38,3,15385,228,56,32,3,1,1,30,848.52,0
17,0,21,1,9193,181,88,46,5,1,1,55,272.61,0
0,0,28,0,2580,12,0,8,3,1,1,30,103.68,0
0,0,20,0,1183,31,13,62,4,1,1,45,62.85,0
0,0,38,0,1760,29,264,3,3,1,1,30,1127.56,0
6,0,42,1,1928,35,15,12,4,1,1,45,86.575,0
8,0,41,2,2813,70,41,39,2,1,1,25,314.235,0
5,0,34,1,3140,23,475,4,3,1,1,30,2026.52,0
14,0,28,1,15060,221,0,78,2,1,1,25,687.645,0
27,0,43,4,15140,231,62,33,3,1,1,30,862.84,0
0,0,39,0,650,10,3,13,2,1,2,25,43.2,0
5,0,39,0,580,10,7,2,2,1,2,25,58.05,0
6,0,38,0,4180,70,0,14,3,1,1,30,170.0,0
13,0,38,3,9230,127,176,47,3,1,1,30,1078.28,0
0,0,12,1,4085,40,216,9,3,1,1,30,1029.0,0
5,0,37,0,835,12,9,5,3,1,2,30,69.88,0
8,0,36,0,2533,58,22,30,3,1,2,30,191.64,0
24,1,38,9,10495,96,6,44,5,2,1,55,167.865,0
5,0,39,0,5513,90,0,14,3,1,1,30,224.12,0
2,0,9,1,4390,40,215,10,3,1,1,30,1037.2,0
10,0,36,0,2338,54,327,20,2,1,1,25,1579.14,0
5,0,33,1,6975,98,23,25,5,1,1,55,140.595,0
0,0,34,0,0,0,0,0,2,1,2,25,0.0,0
11,0,36,0,2858,65,360,22,2,1,1,25,1751.535,0
11,0,34,1,3820,78,24,24,3,1,1,30,251.92,0
0,0,19,0,1570,28,32,17,2,1,1,25,215.91,0
8,0,34,0,2273,52,348,19,3,1,1,30,1485.0,0
13,0,15,0,6277,136,87,43,1,2,1,15,831.215,0
10,0,40,1,2888,65,18,38,2,1,1,25,213.885,0
0,0,36,0,1488,42,0,16,1,1,1,15,84.15,0
11,0,37,0,2970,53,150,21,2,1,1,25,811.035,0
5,0,40,0,2013,50,11,19,3,1,2,30,126.52,0
15,0,40,3,6823,111,35,29,3,1,1,30,417.36,0
9,0,43,2,7893,135,401,49,3,1,1,30,1925.12,0
5,0,35,0,1910,47,40,20,3,1,2,30,238.28,0
24,0,36,4,15435,229,68,45,3,2,1,30,898.56,0
21,0,46,3,4340,98,54,36,3,1,1,30,393.52,0
9,1,38,0,2238,54,8,17,3,1,2,30,123.68,0
3,0,35,0,6413,69,101,35,2,1,1,25,746.19,0
3,0,36,0,1858,26,9,9,3,1,1,30,111.36,0
6,1,36,0,2123,49,10,18,3,1,2,30,126.88,0
5,0,42,1,7508,133,392,44,3,1,1,30,1873.64,0
0,0,22,0,830,22,175,4,2,2,1,25,825.84,0
2,0,31,0,1933,42,0,14,3,1,2,30,79.0,0
8,0,43,1,5918,101,15,13,3,1,1,30,300.76,0
7,0,28,1,1683,44,28,67,5,1,1,55,67.905,0
11,0,38,0,2483,57,10,17,3,1,2,30,141.6,0
0,0,39,0,0,0,0,0,2,1,2,25,0.0,0
5,0,28,0,305,6,7,2,4,1,2,45,25.275,0
18,0,38,2,6123,104,33,26,2,1,1,25,428.715,0
3,0,22,0,1488,37,20,64,4,1,1,45,88.125,0
7,1,33,0,2238,48,0,16,3,1,2,30,91.44,0
0,0,35,0,760,9,2,12,2,1,2,25,43.605,0
10,0,37,0,2453,60,359,24,3,1,1,30,1536.52,0
3,0,32,0,1853,46,0,11,3,1,2,30,75.96,0
8,0,36,1,2585,43,282,16,3,1,1,30,1233.12,0
5,0,35,0,3778,54,0,29,1,1,1,15,210.76,0
2,0,18,0,1695,26,28,14,2,1,1,25,203.445,0
5,0,38,0,1638,44,0,2,3,1,2,30,67.28,0
16,0,29,0,1005,31,17,9,3,1,2,30,109.44,0
13,0,32,0,700,31,18,8,3,1,2,30,101.24,0
9,0,38,2,3205,31,12,18,3,1,1,30,177.44,0
0,0,26,0,6480,85,0,19,4,1,1,45,164.125,0
6,0,35,0,2665,47,143,19,2,1,1,25,765.54,0
21,0,41,2,5213,83,16,37,1,1,1,15,379.28,0
5,0,35,0,6603,70,110,38,2,1,1,25,795.285,0
11,0,36,4,7270,122,278,35,3,2,1,30,1407.68,0
5,0,41,0,305,6,7,2,3,1,2,30,40.44,0
4,0,36,0,13713,166,0,42,3,1,1,30,555.16,0
8,0,34,1,4415,67,7,13,3,1,1,30,207.28,0
0,0,34,0,0,0,0,0,4,1,1,45,0.0,0
11,0,39,3,1353,21,19,4,5,1,1,55,49.11,0
0,0,16,0,1390,20,21,12,2,1,1,25,157.95,0
12,0,39,2,11770,160,18,49,4,1,1,45,343.25,0
8,0,38,0,2085,56,77,26,4,1,2,45,246.025,0
14,0,22,5,3238,53,48,25,3,2,1,30,323.64,0
11,0,34,1,7023,75,107,38,2,1,1,25,800.91,0
15,0,15,2,6688,145,99,55,1,2,1,15,920.315,0
32,0,39,10,11450,110,16,44,5,1,1,55,197.4,0
14,0,35,1,6223,103,27,22,2,1,1,25,406.17,0
5,0,29,0,1245,22,60,9,4,1,2,45,181.675,0
6,0,40,1,2508,63,0,32,2,1,1,25,115.695,0
7,0,40,1,2420,42,290,20,3,1,1,30,1258.48,0
0,0,25,0,820,29,177,6,2,2,1,25,834.705,0
19,0,42,3,6203,106,43,30,3,1,1,30,424.36,0
8,0,35,2,7090,103,21,24,5,1,1,55,139.395,0
20,0,19,2,9298,180,85,44,5,1,1,55,269.67,0
0,0,39,0,3413,82,3,27,3,1,1,30,151.8,0
0,0,26,0,0,0,0,0,2,1,2,25,0.0,0
0,0,36,0,3118,72,0,13,2,1,1,25,143.55,0
3,0,39,1,2508,64,34,37,2,1,1,25,268.74,0
8,0,39,0,11170,150,7,34,4,1,1,45,300.5,0
8,0,38,1,6163,98,9,12,3,1,1,30,286.44,0
5,0,35,1,3843,80,7,25,3,1,1,30,184.92,0
2,0,26,0,1015,11,30,6,4,1,2,45,100.65,0
6,0,39,1,7568,130,389,45,3,1,1,30,1863.92,0
11,0,40,2,3590,34,499,13,3,1,1,30,2140.96,0
1,0,24,0,1453,34,32,69,4,1,1,45,117.175,0
1,0,32,0,1485,36,27,15,3,1,2,30,168.84,0
13,0,39,2,7023,81,115,39,2,1,1,25,837.18,0
9,0,40,2,3400,33,490,10,3,1,1,30,2097.32,0
10,0,38,0,4198,66,1,35,1,1,1,15,240.02,0
4,0,32,0,3813,58,0,29,1,1,1,15,212.905,0
3,0,38,2,6615,92,218,30,3,1,1,30,1140.28,0
0,0,32,0,2835,17,468,2,3,1,1,30,1986.08,0
24,0,27,2,15995,236,0,76,2,1,1,25,730.395,0
13,0,41,3,7350,113,36,30,5,1,1,55,165.945,0
4,0,34,3,6775,115,262,30,2,2,1,25,1489.05,0
6,1,36,0,2178,51,3,15,3,1,2,30,101.16,0
2,0,22,0,1650,30,36,18,2,1,1,25,237.6,0
10,0,36,2,4070,86,46,41,3,1,1,30,350.24,0
5,0,35,0,2148,54,352,22,2,1,1,25,1683.09,0
11,0,35,1,11690,158,8,45,4,1,1,45,316.2,0
5,0,23,0,920,26,12,11,2,1,1,25,96.57,0
0,0,37,1,2905,27,508,10,3,1,1,30,2149.28,0
3,0,35,0,1958,53,343,19,2,1,1,25,1633.995,0
11,0,28,6,9870,77,0,34,4,2,1,45,248.675,0
9,0,38,1,4760,86,7,25,3,1,1,30,221.84,0
11,0,31,0,655,29,18,11,2,1,2,25,111.78,0
10,0,15,0,8742,170,64,37,4,1,1,45,382.8,0
5,0,35,0,2148,54,352,22,2,1,1,25,1683.09,0
11,0,41,0,2418,62,19,22,3,1,2,30,175.2,0
0,0,34,0,3658,79,0,26,2,1,1,25,168.165,0
0,0,25,0,0,0,0,0,2,1,2,25,0.0,0
8,0,42,2,4103,90,19,34,3,1,1,30,243.72,0
13,0,39,2,5225,94,10,25,3,1,1,30,252.76,0
11,0,44,2,2233,41,22,14,4,1,1,45,111.85,0
2,0,40,0,1055,22,11,16,2,1,2,25,97.965,0
0,0,40,0,570,14,1,10,2,1,2,25,30.78,0
1,0,36,0,1668,25,0,6,3,1,1,30,67.72,0
7,0,37,1,2485,37,281,15,3,1,1,30,1224.88,0
23,0,31,3,15830,235,0,80,2,1,1,25,722.925,0
6,0,34,3,6965,116,271,33,2,2,1,25,1538.145,0
5,0,34,1,11285,146,0,42,4,1,1,45,285.775,0
5,0,34,1,3075,57,189,36,2,1,1,25,991.44,0
10,0,38,2,6518,105,28,27,3,1,1,30,376.92,0
2,0,25,0,3225,61,8,23,3,1,1,30,163.44,0
9,0,38,1,2840,56,180,25,2,1,1,25,940.32,0
0,0,35,0,958,14,0,6,3,1,1,30,38.88,0
1,0,35,0,6223,68,92,32,2,1,1,25,697.095,0
2,0,38,0,710,14,13,8,3,1,2,30,80.96,0
5,0,42,2,598,14,19,8,5,1,1,55,37.68,0
4,0,25,0,3415,62,17,26,3,1,1,30,207.08,0
1,0,25,0,1230,15,22,1,4,1,2,45,86.125,0
14,0,45,3,4820,95,17,28,4,1,1,45,165.375,0
15,0,29,2,2583,56,45,70,5,1,1,55,107.085,0
14,1,40,0,2543,60,15,19,3,1,2,30,164.12,0
21,0,31,1,15475,228,0,65,2,1,1,25,706.635,0
12,0,35,4,7690,113,42,39,5,1,1,55,180.045,0
2,0,21,0,1568,33,22,67,4,1,1,45,95.025,0
6,0,36,2,6625,84,182,23,3,1,1,30,996.36,0
19,0,37,2,6528,109,34,24,2,1,1,25,451.665,0
1,0,32,0,6500,80,178,25,3,1,1,30,975.2,0
0,0,26,0,825,10,21,3,4,1,2,45,73.375,0
9,0,22,0,700,19,2,6,2,1,2,25,41.355,0
6,0,39,2,6615,91,184,25,3,1,1,30,1004.24,0
0,0,35,0,5595,70,158,9,3,1,1,30,858.6,0
10,0,36,1,6143,99,7,10,3,1,1,30,277.68,0
12,0,30,2,1933,48,42,72,5,1,1,55,92.715,0
7,0,36,1,2618,62,7,31,2,1,1,25,152.1,0
15,0,30,3,2330,53,208,13,3,2,1,30,927.32,0
7,0,33,0,6638,73,98,33,2,1,1,25,742.995,0
0,0,25,0,2625,51,0,8,3,1,1,30,107.04,0
18,0,37,7,10310,95,5,45,4,2,1,45,272.625,0
13,0,44,2,14158,177,17,50,3,1,1,30,641.4,0
9,0,38,1,3585,81,23,25,3,1,1,30,238.64,0
10,0,42,2,6985,100,204,33,3,1,1,30,1099.4,0
4,0,38,0,2360,39,285,18,3,1,1,30,1235.96,0
0,0,23,0,2730,54,0,18,3,1,1,30,111.36,0
8,0,43,2,1973,37,15,9,4,1,1,45,87.75,0
4,0,37,0,2798,63,3,31,1,1,1,15,173.855,0
0,0,7,0,3895,33,199,5,3,1,1,30,953.12,0
4,0,37,0,6118,65,87,22,2,1,1,25,669.735,0
7,0,38,1,4023,88,9,30,3,1,1,30,200.44,0
0,0,36,0,405,8,6,6,2,1,2,25,45.585,0
10,0,41,0,4550,79,16,22,3,1,1,30,249.16,0
10,0,16,3,3098,48,33,19,3,1,1,30,257.84,0
5,0,23,1,1360,32,185,7,2,2,1,25,895.14,0
2,0,39,0,508,6,16,7,2,1,2,25,95.13,0
6,0,30,0,8810,109,129,40,3,1,1,30,872.76,0
6,0,35,0,3030,22,7,12,3,1,1,30,150.08,0
16,0,21,1,6348,145,93,46,2,2,1,25,710.685,0
7,0,19,0,1885,26,7,12,2,1,1,25,117.495,0
5,0,38,0,3423,78,7,15,3,1,1,30,168.04,0
28,0,43,10,10740,105,16,45,5,2,1,55,186.675,0
0,0,35,0,7203,121,377,41,2,1,1,25,2026.08,0
25,0,34,8,10660,97,7,40,5,1,1,55,171.855,0
26,0,30,3,16480,243,1,78,2,1,1,25,757.035,0
1,0,35,0,2590,53,200,25,2,1,1,25,1018.935,0
0,0,29,0,2475,41,160,20,2,1,1,25,833.22,0
0,0,26,0,2275,6,0,6,3,1,1,30,91.24,0
20,0,46,2,4763,82,23,43,1,1,1,15,392.975,0
2,0,33,0,7428,125,374,39,2,1,1,25,2022.885,0
4,0,41,0,890,22,24,13,3,1,2,30,132.48,0
13,0,40,1,4313,71,0,34,1,1,1,15,241.12,0
12,0,17,3,4955,56,237,18,3,1,1,30,1148.44,0
16,0,43,2,2838,68,376,30,3,1,1,30,1620.24,0
0,0,33,0,1875,25,267,11,3,1,1,30,1144.0,0
2,0,42,0,498,13,18,9,2,1,2,25,103.995,0
3,0,14,2,2548,39,24,17,3,1,1,30,199.48,0
0,0,32,0,2710,19,466,2,3,1,1,30,1973.16,0
6,0,27,1,1560,39,195,11,2,2,1,25,949.455,0
15,0,27,0,1300,35,31,22,3,1,2,30,177.4,0
9,0,30,1,3710,75,26,30,3,1,1,30,255.4,0
6,0,9,3,4990,50,236,25,3,1,1,30,1145.6,0
11,0,29,2,1810,43,209,16,3,2,1,30,910.12,0
5,0,34,0,5838,93,0,8,2,1,1,25,266.895,0
14,0,17,4,3562,56,39,19,3,2,1,30,300.72,0
0,0,40,0,2168,54,5,35,1,1,1,15,149.71,0
10,0,38,0,4560,72,14,20,3,1,1,30,241.28,0
5,0,40,1,6680,94,197,31,3,1,1,30,1058.96,0
0,0,7,0,4085,34,208,8,3,1,1,30,996.76,0
2,0,38,1,2850,24,481,8,3,1,1,30,2038.96,0
1,0,35,0,1475,43,29,17,3,1,2,30,176.72,0
22,0,38,4,6723,114,54,41,3,1,1,30,489.48,0
0,0,22,0,2210,44,0,21,3,1,1,30,90.16,0
11,0,34,2,8935,113,133,38,3,1,1,30,893.92,0
5,0,33,0,920,10,7,7,2,1,2,25,73.35,0
2,0,39,0,1988,53,0,35,2,1,1,25,91.845,0
20,0,42,3,9600,135,162,50,3,1,1,30,1037.4,0
14,0,15,1,9178,174,75,40,5,1,1,55,252.78,0
6,0,32,2,6910,95,10,19,5,1,1,55,120.075,0
0,0,35,0,10970,147,0,42,3,1,1,30,444.68,0
13,0,37,2,9115,121,144,43,3,1,1,30,945.44,0
7,0,40,0,1015,20,20,10,3,1,2,30,121.4,0
0,0,34,2,633,8,18,15,5,1,1,55,36.615,0
1,0,31,0,4065,59,0,14,2,1,1,25,185.58,0
1,0,34,1,6320,78,175,21,3,1,1,30,955.92,0
0,0,37,0,2170,39,310,20,3,1,1,30,1328.36,0
6,0,31,1,1568,45,38,69,5,1,1,55,81.195,0
11,0,38,1,3085,59,182,25,2,1,1,25,960.48,0
15,0,38,1,16195,193,158,30,2,1,1,25,1448.46,0
0,0,37,0,630,11,0,11,2,1,1,25,28.845,0
30,1,37,4,16335,248,15,86,2,1,1,25,813.735,0
11,0,29,0,1840,27,36,5,4,1,2,45,136.675,0
0,0,31,0,6480,91,7,20,4,1,1,45,181.775,0
15,0,17,1,8993,174,78,42,5,1,1,55,254.505,0
12,0,35,3,9410,125,158,56,3,1,1,30,1013.4,0
14,0,40,2,5010,90,18,30,3,1,1,30,276.0,0
18,0,31,1,14835,213,39,29,2,1,1,25,852.66,0
9,0,43,2,4023,94,17,31,3,1,1,30,232.68,0
4,0,40,0,4145,67,8,19,2,1,1,25,225.54,0
3,0,39,0,1955,34,267,20,3,1,1,30,1147.56,0
8,0,38,0,7698,127,359,41,2,1,1,25,1967.625,0
20,0,40,4,4680,98,60,45,3,1,1,30,431.12,0
1,0,29,0,1263,39,31,67,4,1,1,45,110.05,0
0,0,36,0,2333,55,0,31,1,1,1,15,131.34,0
14,0,38,0,15675,182,125,28,2,1,1,25,1276.065,0
19,0,36,8,10190,90,0,42,4,1,1,45,257.0,0
2,0,36,0,13468,163,0,42,3,1,1,30,545.24,0
13,0,43,2,3775,88,40,29,3,1,1,30,314.52,0
7,0,34,1,13818,165,7,40,3,1,1,30,587.32,0
0,0,18,0,1505,25,19,11,2,1,1,25,154.35,0
4,0,39,1,6493,71,111,39,2,1,1,25,794.88,0
4,0,19,0,840,24,2,7,2,1,1,25,47.88,0
7,0,33,1,11510,150,7,43,4,1,1,45,309.0,0
5,0,37,0,2375,48,157,25,2,1,1,25,815.535,0
0,0,24,0,520,4,14,1,4,1,2,45,48.1,0
1,0,36,0,1668,25,0,6,3,1,1,30,67.72,0
10,0,27,1,2278,50,38,68,4,1,1,45,153.2,0
0,0,36,0,685,14,25,13,2,1,2,25,143.955,0
4,0,38,0,5673,92,5,12,2,1,1,25,281.925,0
8,0,39,2,6805,92,193,28,3,1,1,30,1047.88,0
32,1,40,4,15635,232,70,37,3,1,1,30,914.68,0
10,0,25,0,1225,32,19,13,2,1,1,25,142.065,0
13,0,37,2,16085,192,171,45,2,1,1,25,1501.965,0
19,0,42,3,4140,91,44,32,3,1,1,30,345.24,0
31,1,39,4,15850,236,62,32,3,1,1,30,891.44,0
9,0,44,2,2778,66,19,39,2,1,1,25,213.48,0
0,0,36,0,215,7,0,3,2,1,2,25,9.99,0
4,0,35,0,15180,176,143,28,2,1,1,25,1334.52,0
24,0,34,2,15060,223,44,28,3,1,1,30,787.32,0
25,0,38,3,15140,225,54,32,3,1,1,30,830.6,0
1,0,10,1,3985,35,197,12,3,1,1,30,948.8,0
12,0,46,0,1275,30,35,16,3,1,2,30,192.2,0
5,0,36,0,3893,60,0,33,1,1,1,15,217.415,0
0,0,38,0,1443,21,3,8,3,1,1,30,70.56,0
4,0,33,0,3290,68,14,21,2,1,1,25,214.11,0
0,0,26,0,635,9,12,1,4,1,2,45,46.1,0
8,0,36,1,3335,29,16,19,3,1,1,30,198.56,0
0,0,4,0,4390,34,207,9,3,1,1,30,1004.96,0
3,0,38,0,3915,73,0,10,3,1,1,30,159.52,0
2,0,17,0,1580,20,0,10,2,1,1,25,72.0,0
8,0,17,4,2968,51,63,23,3,2,1,30,372.76,0
9,0,39,1,3285,27,458,6,3,1,1,30,1964.48,0
1,0,34,0,1873,45,0,13,3,1,2,30,76.72,0
0,0,30,0,1673,38,0,9,3,1,2,30,68.44,0
19,0,38,3,9825,132,152,43,3,1,1,30,1006.28,0
8,0,38,1,2163,32,16,11,4,1,1,45,94.875,0
9,0,37,0,15485,182,150,30,2,1,1,25,1380.015,0
13,0,41,0,1725,31,28,10,3,1,2,30,182.24,0
21,0,37,9,10550,99,33,46,5,1,1,55,209.235,0
18,0,38,2,6123,104,33,26,2,1,1,25,428.715,0
12,0,34,0,15790,182,149,31,2,1,1,25,1389.24,0
5,0,24,1,3350,59,7,20,3,1,1,30,164.36,0
9,0,40,1,2665,45,292,20,3,1,1,30,1276.4,0
17,0,40,1,4693,73,17,40,1,1,1,15,355.63,0
13,0,41,2,9070,125,152,47,3,1,1,30,975.8,0
0,0,33,0,760,28,10,3,3,1,2,30,71.52,0
18,0,34,7,10375,90,0,40,4,1,1,45,261.625,0
1,0,11,2,2368,31,13,12,3,1,1,30,147.96,0
6,0,33,0,11385,152,1,43,3,1,1,30,465.48,0
15,0,39,1,2758,66,366,26,3,1,1,30,1576.96,0
9,0,41,0,13953,177,11,49,3,1,1,30,609.2,0
5,0,35,1,1793,23,7,3,4,1,1,45,62.9,0
30,0,40,4,15445,231,61,34,3,2,1,30,871.04,0
9,0,15,0,5897,134,69,37,1,2,1,15,711.205,0
3,0,13,1,2433,33,0,13,3,1,1,30,98.64,0
12,0,44,2,4775,93,17,31,3,1,1,30,262.72,0
32,0,45,5,15445,237,69,35,3,2,1,30,903.28,0
9,0,33,1,15530,178,142,26,2,1,1,25,1345.86,0
0,0,30,0,3805,55,0,9,2,1,1,25,173.7,0
5,0,36,0,1000,12,7,8,2,1,2,25,77.04,0
8,0,35,2,7090,103,21,24,5,1,1,55,139.395,0
2,0,38,0,2115,36,283,18,3,1,1,30,1218.04,0
0,0,35,0,1940,27,246,12,3,1,1,30,1062.68,0
0,0,23,0,2920,55,1,21,3,1,1,30,123.0,0
14,0,35,1,4080,82,31,29,3,1,1,30,290.48,0
5,0,5,1,4435,36,207,6,3,1,1,30,1006.84,0
8,0,38,2,2960,49,306,33,3,1,1,30,1344.36,0
29,0,38,5,15740,235,75,47,3,1,1,30,939.0,0
14,0,40,0,2543,60,15,19,3,1,2,30,164.12,0
0,0,23,0,0,0,0,0,4,1,2,45,0.0,0
0,0,35,0,290,2,0,2,2,1,2,25,13.14,0
1,0,39,0,2970,29,487,11,3,1,1,30,2067.96,0
11,0,34,3,1620,48,208,14,3,2,1,30,898.72,0
24,0,29,4,16370,242,14,93,2,1,1,25,810.54,0
5,0,22,0,305,6,13,2,4,1,2,45,40.275,0
3,0,37,1,6500,86,186,26,3,1,1,30,1007.44,0
3,0,28,0,940,15,19,2,4,1,2,45,71.375,0
4,0,24,0,515,21,0,13,2,1,1,25,24.12,0
10,0,40,2,4575,86,7,27,3,1,1,30,214.44,0
21,0,35,0,1265,41,32,15,3,1,2,30,180.24,0
10,0,35,0,14078,169,0,45,3,1,1,30,569.88,0
0,0,35,0,6005,79,170,21,3,1,1,30,923.36,0
0,0,32,0,1935,6,0,2,3,1,1,30,77.64,0
32,1,36,4,16560,252,18,87,2,2,1,25,837.54,0
6,0,34,1,5963,91,7,8,3,1,1,30,270.16,0
15,0,37,2,9305,122,153,46,3,1,1,30,989.08,0
4,0,42,1,3050,31,491,12,3,1,1,30,2087.24,0
18,0,22,2,6392,147,93,43,2,2,1,25,712.755,0
6,0,25,0,625,22,0,2,2,1,1,25,29.115,0
9,0,38,1,8218,138,392,43,3,1,1,30,1902.24,0
4,0,36,0,4400,78,4,26,3,1,1,30,195.12,0
7,0,42,1,4470,87,10,29,3,1,1,30,222.28,0
9,0,16,0,8808,173,77,43,4,1,1,45,417.025,0
5,0,27,0,2930,57,7,10,3,1,1,30,147.48,0
6,0,35,0,3355,70,0,22,2,1,1,25,154.125,0
9,0,36,1,4493,70,15,48,1,1,1,15,333.465,0
1,0,32,2,6660,110,264,31,2,2,1,25,1492.65,0
3,0,28,1,910,31,175,13,2,2,1,25,829.845,0
0,0,37,0,213,6,8,5,5,1,1,55,15.285,0
19,0,16,2,6518,139,81,39,2,2,1,25,664.065,0
0,0,29,0,520,10,22,2,4,1,2,45,68.25,0
4,0,36,0,1933,48,1,15,3,1,2,30,83.24,0
0,0,33,0,3538,74,0,23,2,1,1,25,162.54,0
28,0,41,9,10920,107,19,49,5,2,1,55,193.905,0
5,0,32,0,2700,51,165,19,2,1,1,25,866.295,0
0,0,31,0,2295,39,157,16,2,1,1,25,811.53,0
4,0,36,0,4455,80,0,23,3,1,1,30,181.4,0
20,0,29,2,15770,232,0,78,2,1,1,25,720.09,0
17,0,41,2,15850,191,162,34,2,1,1,25,1450.845,0
5,0,42,2,3175,29,493,12,3,1,1,30,2100.16,0
9,0,33,2,1575,46,208,17,3,2,1,30,896.84,0
0,0,27,0,420,5,3,5,4,1,2,45,18.125,0
15,0,43,1,2713,70,374,30,3,1,1,30,1607.32,0
0,0,38,0,465,11,11,8,2,1,1,25,70.92,0
1,0,25,0,1200,31,195,12,2,2,1,25,932.895,0
0,0,33,0,710,8,5,7,2,1,2,25,54.81,0
4,0,31,0,2780,47,167,22,2,1,1,25,878.715,0
7,0,26,0,1100,34,23,16,2,1,1,25,154.53,0
0,0,29,0,3413,70,0,25,2,1,1,25,156.735,0
16,0,34,7,10130,87,0,40,4,1,1,45,255.425,0
0,0,29,0,1280,36,21,14,3,1,2,30,136.64,0
1,0,36,0,3293,50,0,18,1,1,1,15,183.865,0
11,0,43,1,2845,53,303,25,3,1,1,30,1327.92,0
5,0,36,1,1913,28,7,6,4,1,1,45,66.025,0
7,0,41,0,813,12,23,9,3,1,2,30,125.0,0
29,0,36,3,15365,229,51,30,3,1,1,30,827.76,0
34,1,40,6,16045,241,82,49,3,2,1,30,979.44,0
10,0,21,4,2852,51,39,20,3,1,1,30,272.12,0
3,0,37,0,2655,55,179,26,2,1,1,25,927.45,0
14,0,26,0,825,23,7,4,3,1,2,30,61.92,0
13,0,38,0,2838,64,29,32,3,1,2,30,232.08,0
14,0,46,2,2925,55,307,26,4,1,1,45,842.0,0
5,0,36,0,2263,60,384,26,3,1,1,30,1628.92,0
14,0,41,3,9195,123,154,47,3,1,1,30,988.72,0
0,0,33,0,1360,38,31,18,3,1,2,30,179.92,0
0,0,31,0,2088,46,0,30,1,1,1,15,117.37,0
18,0,39,8,10130,93,2,41,5,1,1,55,156.345,0
3,0,23,0,1235,34,183,7,2,2,1,25,880.605,0
1,0,36,0,1668,25,0,6,3,1,1,30,67.72,0
3,0,39,1,11240,150,14,49,3,1,1,30,511.6,0
1,0,21,0,3145,59,0,19,3,1,1,30,128.16,0
5,0,36,0,4310,68,0,15,2,1,1,25,197.01,0
0,0,31,0,6240,76,171,20,3,1,1,30,936.64,0
6,0,38,0,5918,95,7,12,3,1,1,30,268.52,0
34,0,33,6,16980,254,28,97,2,2,1,25,901.53,0
9,0,38,4,1243,20,32,19,5,1,1,55,66.945,0
6,0,36,0,3470,76,25,26,2,1,1,25,272.07,0
14,1,44,0,2498,64,23,23,3,1,2,30,194.48,0
13,0,39,2,7023,81,115,39,2,1,1,25,837.18,0
18,0,24,1,15770,226,0,77,2,1,1,25,719.82,0
17,0,21,2,6473,143,95,46,2,2,1,25,725.22,0
0,0,33,0,653,8,0,4,3,1,1,30,26.44,0
35,0,39,5,16640,254,22,88,2,2,1,25,859.23,0
2,0,40,1,1748,27,10,10,4,1,1,45,69.375,0
8,0,39,4,6965,122,279,34,3,2,1,30,1399.48,0
12,0,30,1,1225,38,27,14,2,1,1,25,178.335,0
11,0,23,0,745,21,7,3,2,1,2,25,65.97,0
0,0,31,0,5880,81,0,5,4,1,1,45,149.025,0
6,0,36,0,2780,53,175,23,2,1,1,25,914.985,0
6,0,21,0,440,15,0,1,2,1,2,25,20.475,0
0,0,32,0,1303,16,0,2,3,1,1,30,52.76,0
0,0,33,0,1765,36,143,21,2,1,1,25,724.545,0
0,0,9,1,4200,39,206,7,3,1,1,30,993.56,0
2,0,21,0,860,23,7,9,2,1,1,25,71.235,0
27,0,38,3,15330,226,63,35,3,1,1,30,874.24,0
7,0,33,3,7385,107,35,37,5,1,1,55,164.88,0
12,0,43,1,4198,72,9,36,1,1,1,15,284.35,0
5,0,38,2,643,10,11,4,5,1,1,55,26.295,0
0,0,33,0,1908,44,0,26,1,1,1,15,107.36,0
0,0,4,0,3905,26,197,3,3,1,1,30,945.24,0
18,0,40,0,3143,70,36,34,3,1,2,30,272.52,0
8,0,25,0,585,20,12,8,2,1,2,25,81.225,0
23,0,26,2,16075,232,0,79,2,1,1,25,733.815,0
11,0,18,4,2967,50,29,18,3,1,1,30,236.68,0
8,0,36,1,3320,31,480,6,3,1,1,30,2054.04,0
8,0,25,0,1035,31,10,10,2,1,1,25,92.97,0
7,0,40,1,5623,91,7,17,3,1,1,30,256.56,0
0,0,36,0,2600,20,467,3,3,1,1,30,1972.8,0
1,0,32,2,6660,110,264,31,2,2,1,25,1492.65,0
0,0,31,0,6290,90,0,17,4,1,1,45,159.5,0
15,0,40,1,4503,72,8,37,1,1,1,15,295.625,0
7,0,12,2,2773,43,21,15,3,1,1,30,196.64,0
14,0,38,2,7428,86,116,37,2,1,1,25,860.13,0
1,0,34,0,2840,22,0,14,3,1,1,30,114.48,0
14,0,41,2,3408,75,17,35,2,1,1,25,233.235,0
10,0,35,1,4820,83,1,26,3,1,1,30,200.12,0
3,0,10,2,2593,35,16,13,3,1,1,30,169.12,0
0,0,24,0,300,19,161,9,2,2,1,25,738.855,0
10,0,34,1,4243,62,7,31,2,1,1,25,225.225,0
13,0,38,1,3965,83,41,31,3,1,1,30,325.92,0
0,0,30,0,1795,23,263,10,3,1,1,30,1124.72,0
0,0,36,1,338,4,4,2,5,1,1,55,11.13,0
7,0,36,1,8405,110,119,43,3,1,1,30,816.6,0
13,0,40,1,6413,102,23,17,3,1,1,30,352.6,0
12,0,38,1,11655,154,7,45,3,1,1,30,500.36,0
0,0,36,0,3473,79,0,28,2,1,1,25,159.84,0
3,0,37,0,1528,43,0,17,3,1,2,30,62.84,0
14,0,36,2,9520,126,145,41,3,1,1,30,965.84,0
0,0,35,0,0,0,0,0,4,1,1,45,0.0,0
8,0,37,0,2208,57,357,24,2,1,1,25,1708.425,0
14,0,14,1,6213,133,74,37,2,2,1,25,618.57,0
2,0,37,0,595,8,0,4,2,1,2,25,27.135,0
15,0,30,1,14575,209,32,24,2,1,1,25,809.28,0
8,0,13,0,6028,132,73,38,1,2,1,15,740.3,0
3,0,23,0,335,16,0,3,2,1,2,25,15.795,0
13,0,18,4,3157,51,38,21,3,1,1,30,280.32,0
5,0,14,2,2737,40,33,20,3,1,1,30,243.08,0
4,0,23,1,1695,32,36,15,3,1,1,30,213.08,0
11,0,37,5,7385,128,310,39,3,2,1,30,1540.52,0
4,0,16,1,2253,35,10,4,3,1,1,30,131.52,0
8,0,35,1,8810,115,137,41,3,1,1,30,905.0,0
9,0,44,2,3355,37,498,14,3,1,1,30,2127.68,0
27,0,20,3,7407,158,100,44,2,2,1,25,790.425,0
16,0,34,7,10130,87,0,40,4,1,1,45,255.425,0
12,0,41,0,4378,74,12,40,1,1,1,15,310.86,0
12,0,42,1,2453,66,367,25,3,1,1,30,1568.76,0
6,0,34,0,13693,167,0,40,3,1,1,30,554.4,0
4,0,37,0,2980,21,451,4,3,1,1,30,1924.04,0
8,0,16,3,2852,45,31,19,3,1,1,30,239.88,0
21,0,41,4,9480,130,156,47,3,1,1,30,1008.4,0
0,0,31,0,2420,10,0,8,3,1,1,30,97.2,0
2,0,31,0,6333,67,91,31,2,1,1,25,697.5,0
1,0,31,0,11080,146,0,41,3,1,1,30,449.04,0
0,0,35,0,3183,49,0,33,1,1,1,15,177.76,0
15,0,28,2,1645,44,58,19,2,1,1,25,337.005,0
16,0,39,3,9175,124,149,45,3,1,1,30,967.96,0
12,0,14,3,3078,49,28,17,3,1,1,30,237.08,0
11,1,43,0,2238,60,16,18,3,1,2,30,155.92,0
0,0,37,0,0,0,0,0,2,1,2,25,0.0,0
8,0,36,0,1855,44,13,18,3,1,2,30,127.96,0
9,1,39,0,2353,60,40,21,3,1,2,30,256.52,0
11,0,36,1,4740,87,7,23,3,1,1,30,221.08,0
0,0,32,0,1588,23,0,2,3,1,1,30,64.44,0
5,0,28,0,1273,35,16,55,4,1,1,45,72.7,0
0,0,34,0,0,0,0,0,5,1,1,55,0.0,0
7,0,43,3,643,16,19,5,5,1,1,55,38.385,0
0,0,27,0,715,26,172,1,2,2,1,25,807.345,0
0,0,34,0,3603,77,4,29,2,1,1,25,183.6,0
10,0,36,3,3745,38,28,31,3,1,1,30,263.32,0
6,0,34,0,7813,127,383,44,2,1,1,25,2080.8,0
6,0,39,1,6033,101,39,16,3,1,1,30,401.36,0
11,0,37,2,8925,120,135,40,3,1,1,30,901.8,0
2,0,36,3,6740,112,274,35,2,2,1,25,1541.34,0
8,0,15,2,2738,39,0,15,3,1,1,30,111.08,0
0,0,39,1,33,4,5,1,5,1,1,55,8.055,0
21,1,40,8,10390,97,9,46,5,2,1,55,170.805,0
25,0,19,4,7298,157,113,59,2,2,1,25,843.975,0
0,0,34,0,4150,74,0,21,3,1,1,30,168.96,0
11,0,38,1,3775,82,32,28,3,1,1,30,282.28,0
7,0,36,0,11350,148,0,43,3,1,1,30,459.92,0
0,0,30,0,5353,79,0,4,2,1,1,25,244.44,0
10,0,39,1,4313,72,33,39,1,1,1,15,422.675,0
3,0,41,0,433,10,5,3,3,1,2,30,37.72,0
4,0,35,0,8210,105,116,26,3,1,1,30,796.6,0
2,0,9,1,4390,40,215,10,3,1,1,30,1037.2,0
0,0,29,0,14920,166,128,22,2,1,1,25,1254.87,0
0,0,36,0,1898,51,0,28,1,1,1,15,107.195,0
5,0,33,0,4023,82,1,29,2,1,1,25,189.225,0
11,0,36,4,7270,122,278,35,3,2,1,30,1407.68,0
0,0,17,0,1505,26,53,16,2,1,1,25,307.395,0
9,0,24,0,520,17,0,2,2,1,2,25,24.165,0
3,0,38,0,13173,159,0,29,3,1,1,30,533.28,0
4,0,27,1,1683,45,62,72,5,1,1,55,118.92,0
0,0,37,0,1440,40,41,22,3,1,2,30,223.2,0
6,0,25,0,395,19,3,5,2,1,2,25,32.13,0
5,0,39,3,758,16,43,8,5,1,1,55,76.11,0
0,0,41,0,830,18,8,15,2,1,2,25,74.16,0
6,0,38,3,6920,120,279,37,2,2,1,25,1572.3,0
3,0,18,0,920,20,4,10,1,1,1,15,73.7,0
3,0,32,0,6670,91,0,18,4,1,1,45,169.025,0
7,0,38,0,2328,62,363,27,2,1,1,25,1741.05,0
4,0,36,3,938,14,25,17,5,1,1,55,51.78,0
0,0,20,0,1470,22,31,16,2,1,1,25,206.64,0
1,0,26,0,2820,56,0,25,3,1,1,30,115.04,0
16,0,39,4,12370,170,39,64,4,1,1,45,411.0,0
15,0,39,1,2758,66,366,26,3,1,1,30,1576.96,0
5,0,33,1,7030,100,16,22,5,1,1,55,130.95,0
11,0,15,0,6087,135,78,40,1,2,1,15,771.21,0
10,0,39,1,3070,50,293,18,3,1,1,30,1296.8,0
0,0,33,0,6185,87,0,7,4,1,1,45,156.8,0
5,0,14,0,5377,124,53,40,1,2,1,15,594.055,0
13,0,39,1,14483,180,8,44,3,1,1,30,618.52,0
1,0,37,0,7318,126,375,40,2,1,1,25,2022.48,0
0,0,27,0,2535,10,0,11,3,1,1,30,101.8,0
0,0,37,0,1543,27,4,9,3,1,1,30,78.8,0
13,0,45,2,8073,143,406,51,3,1,1,30,1952.64,0
0,0,10,0,4265,42,219,13,3,1,1,30,1048.28,0
0,0,35,1,148,4,29,4,5,1,1,55,45.78,0
5,0,25,1,3470,64,10,23,3,1,1,30,181.36,0
9,0,33,0,3085,53,174,24,2,1,1,25,924.21,0
7,0,26,0,3415,61,7,21,3,1,1,30,167.04,0
1,0,23,1,3520,65,22,36,3,1,1,30,231.4,0
8,0,41,2,1240,23,12,15,2,1,1,25,110.835,0
0,0,24,0,0,0,5,0,4,1,2,45,12.5,0
0,0,17,0,660,16,0,5,2,1,1,25,30.42,0
10,0,44,2,2745,47,302,24,4,1,1,45,824.8,0
10,0,39,2,6995,93,202,31,3,1,1,30,1091.52,0
3,0,35,0,3950,59,0,11,2,1,1,25,180.405,0
13,0,22,4,3113,55,46,25,3,1,1,30,310.72,0
6,0,32,1,8630,107,126,36,3,1,1,30,853.48,0
7,0,38,0,13773,169,0,44,3,1,1,30,557.68,0
7,0,41,1,11420,158,19,51,4,1,1,45,336.95,0
2,0,37,0,13583,169,25,46,3,1,1,30,650.08,0
0,0,40,1,2870,23,486,10,3,1,1,30,2059.72,0
18,0,39,3,16390,198,178,47,2,1,1,25,1547.46,0
2,0,24,0,3110,55,0,19,3,1,1,30,126.6,0
9,0,18,0,8627,171,74,39,5,1,1,55,242.97,0
19,0,25,1,15690,230,0,74,2,1,1,25,716.4,0
5,0,37,0,7698,128,393,46,2,1,1,25,2120.67,0
6,0,34,0,1790,42,34,17,3,1,2,30,209.28,0
5,0,24,0,1035,32,44,15,2,1,1,25,246.015,0
0,0,35,0,1378,41,0,31,1,1,1,15,78.045,0
20,0,29,0,1605,41,38,24,3,1,2,30,217.84,0
9,0,14,2,4875,54,233,17,3,1,1,30,1129.16,0
1,0,35,0,1548,44,331,7,2,1,1,25,1561.14,0
6,0,35,0,15370,177,152,31,2,1,1,25,1383.615,0
1,0,30,0,1665,38,30,19,3,1,2,30,188.12,0
3,0,38,2,453,9,2,1,5,1,1,55,9.93,0
8,0,25,0,640,22,5,5,2,1,2,25,52.29,0
2,0,22,0,1315,30,185,10,2,2,1,25,893.025,0
0,0,32,0,2725,17,2,15,3,1,1,30,117.68,0
11,0,39,2,3200,65,214,29,3,1,1,30,986.6,0
7,0,37,0,15295,181,141,27,2,1,1,25,1330.92,0
0,0,32,0,6015,72,168,19,3,1,1,30,915.48,0
0,0,36,0,595,9,15,9,2,1,2,25,94.68,0
3,0,37,0,4180,71,30,19,3,1,1,30,290.04,0
2,0,35,0,2180,31,274,13,3,1,1,30,1184.44,0
0,0,35,0,570,8,0,9,2,1,2,25,26.01,0
10,0,42,0,1970,56,53,23,4,1,2,45,183.15,0
0,0,34,0,1173,18,0,1,3,1,1,30,47.64,0
12,0,16,5,3453,55,52,34,3,1,1,30,348.32,0
5,0,19,0,965,22,4,7,2,1,1,25,62.415,0
14,0,34,2,2133,55,52,76,5,1,1,55,110.82,0
0,0,31,0,338,5,0,1,4,1,1,45,8.575,0
17,0,33,0,1085,33,27,13,3,1,2,30,152.72,0
5,0,32,0,3938,56,0,29,1,1,1,15,219.67,0
0,0,36,0,0,0,0,0,2,1,2,25,0.0,0
11,0,37,0,15675,183,159,33,2,1,1,25,1429.11,0
0,0,31,0,2790,15,468,5,3,1,1,30,1984.2,0
16,0,35,8,10245,93,26,44,5,2,1,55,194.07,0
5,0,38,1,3833,87,0,27,3,1,1,30,156.8,0
9,1,36,4,7025,119,276,35,3,2,1,30,1389.76,0
5,0,34,1,305,6,7,2,5,1,1,55,15.165,0
0,0,25,0,0,0,0,0,4,1,2,45,0.0,0
9,1,38,0,2238,54,8,17,3,1,2,30,123.68,0
2,0,31,0,825,16,29,4,4,1,2,45,93.525,0
8,0,38,0,15080,177,132,32,2,1,1,25,1280.565,0
5,0,38,0,305,6,7,2,3,1,2,30,40.44,0
13,0,41,2,4790,83,44,23,3,1,1,30,370.92,0
6,0,38,0,15360,184,154,33,2,1,1,25,1392.48,0
16,0,33,0,960,35,25,13,3,1,2,30,139.8,0
10,0,22,2,2060,35,40,18,3,1,1,30,243.8,0
0,0,28,0,600,6,24,5,4,1,2,45,75.15,0
3,0,37,0,2278,52,0,29,1,1,1,15,128.15,0
0,0,36,0,165,3,0,11,2,1,2,25,7.56,0
9,0,39,0,6423,71,94,24,2,1,1,25,715.23,0
6,0,38,1,3340,30,485,8,3,1,1,30,2074.8,0
0,0,27,0,700,12,25,6,4,1,2,45,80.3,0
10,0,42,2,6718,81,116,38,2,1,1,25,827.955,0
21,0,17,3,9838,187,101,57,5,1,1,55,301.875,0
8,0,38,0,4370,71,5,17,3,1,1,30,197.64,0
0,0,13,0,1210,12,10,7,2,1,1,25,99.99,0
24,0,39,3,6833,115,41,26,3,1,1,30,441.92,0
0,0,34,0,2595,19,0,14,3,1,1,30,104.56,0
0,0,31,0,0,0,0,0,2,1,2,25,0.0,0
14,0,44,2,4755,79,22,23,3,1,1,30,281.36,0
6,0,9,0,5828,125,63,34,1,2,1,15,673.915,0
0,0,23,0,2320,45,0,6,3,1,1,30,94.6,0
0,0,31,0,4210,71,0,22,3,1,1,30,171.24,0
8,0,34,0,8695,109,105,37,3,1,1,30,772.16,0
1,0,36,0,1005,18,27,21,2,1,2,25,167.535,0
7,0,38,1,4515,83,2,25,3,1,1,30,191.92,0
8,0,41,0,6098,103,18,17,3,1,1,30,320.04,0
9,0,29,2,1988,51,69,74,5,1,1,55,134.085,0
20,0,36,2,14835,219,47,30,3,1,1,30,790.16,0
14,0,37,2,3900,80,28,25,3,1,1,30,271.2,0
4,0,20,0,395,13,0,4,2,1,2,25,18.36,0
0,0,12,0,1435,16,13,8,2,1,1,25,123.795,0
3,0,35,0,1665,44,38,20,3,1,2,30,220.36,0
0,0,32,0,2535,16,0,12,3,1,1,30,102.04,0
10,0,37,0,2643,59,9,15,3,1,2,30,144.08,0
0,0,29,0,2355,8,0,7,3,1,1,30,94.52,0
0,0,3,0,4005,32,198,4,3,1,1,30,953.48,0
1,0,36,0,3035,24,478,6,3,1,1,30,2034.36,0
2,0,40,0,5693,91,10,14,2,1,1,25,305.28,0
0,0,21,0,1390,26,29,13,2,1,1,25,194.22,0
5,0,38,1,3778,85,7,30,3,1,1,30,182.52,0
21,0,40,3,6183,107,38,28,3,1,1,30,403.6,0
9,0,37,0,15485,182,150,30,2,1,1,25,1380.015,0
15,0,21,4,3338,59,49,26,3,1,1,30,331.88,0
17,0,41,2,6933,112,22,14,3,1,1,30,369.8,0
6,0,27,0,1535,21,29,3,4,1,2,45,111.4,0
1,0,19,0,1290,21,10,16,2,1,1,25,103.995,0
8,0,31,1,8855,111,129,37,3,1,1,30,874.64,0
27,1,34,3,16255,246,11,85,2,1,1,25,792.045,0
0,0,23,0,2920,55,1,21,3,1,1,30,123.0,0
10,0,11,0,6008,133,68,36,1,2,1,15,711.755,0
0,0,35,0,570,8,0,9,2,1,2,25,26.01,0
6,0,18,2,2295,36,49,29,2,1,1,25,325.395,0
9,0,39,2,8890,117,147,45,3,1,1,30,948.28,0
20,0,37,8,10030,88,0,44,5,1,1,55,151.77,0
3,0,40,0,13548,165,3,46,3,1,1,30,560.52,0
5,0,35,0,1100,18,7,9,2,1,2,25,81.81,0
0,0,35,0,380,7,0,6,2,1,2,25,17.415,0
6,0,40,1,3100,32,15,20,3,1,1,30,185.28,0
8,0,26,2,2168,49,51,83,4,1,1,45,182.925,0
5,0,40,0,1295,26,39,17,3,1,2,30,208.84,0
13,0,27,0,890,26,19,10,2,1,2,25,126.72,0
1,0,14,2,2357,38,15,14,3,1,1,30,155.8,0
0,0,35,0,7013,120,368,38,2,1,1,25,1976.985,0
19,0,43,4,9500,129,161,49,3,1,1,30,1029.16,0
3,0,37,1,6740,101,22,26,5,1,1,55,135.615,0
5,0,35,0,1015,14,12,9,2,1,2,25,100.305,0
2,0,36,0,13468,163,0,42,3,1,1,30,545.24,0
32,0,33,4,16570,245,16,85,2,2,1,25,828.675,0
3,0,34,0,6298,63,69,31,2,1,1,25,596.745,0
14,0,43,1,14258,183,18,51,3,1,1,30,649.64,0
0,0,36,0,2790,21,476,6,3,1,1,30,2016.44,0
0,0,24,0,1073,32,14,63,4,1,1,45,62.625,0
12,0,42,2,3855,84,42,32,3,1,1,30,325.56,0
0,0,32,0,2133,48,0,27,1,1,1,15,119.955,0
5,0,36,0,3893,60,0,33,1,1,1,15,217.415,0
30,0,34,5,16495,250,39,86,2,2,1,25,929.025,0
0,0,23,0,1148,27,0,62,4,1,1,45,29.375,0
10,0,35,2,7280,104,30,27,5,1,1,55,155.76,0
17,0,46,3,5080,99,24,33,4,1,1,45,189.475,0
0,0,32,1,3135,26,14,27,3,1,1,30,182.44,0
1,0,35,1,2955,28,32,18,3,1,1,30,247.32,0
4,0,35,0,15180,176,143,28,2,1,1,25,1334.52,0
8,0,39,0,2583,58,7,31,1,1,1,15,183.755,0
14,0,40,1,14268,176,16,49,3,1,1,30,641.76,0
16,0,29,0,15170,222,0,63,2,1,1,25,692.64,0
8,0,41,1,6673,79,116,41,2,1,1,25,825.84,0
4,0,30,1,3225,67,16,24,3,1,1,30,195.68,0
1,0,39,0,2235,41,289,21,3,1,1,30,1247.04,0
8,0,43,1,7768,137,399,49,3,1,1,30,1912.2,0
1,0,35,0,1553,19,0,2,3,1,1,30,62.88,0
25,1,31,3,16075,238,0,80,2,1,1,25,734.085,0
8,0,41,0,1925,54,53,26,3,1,2,30,291.16,0
7,0,31,1,7010,101,11,20,5,1,1,55,123.165,0
3,0,32,0,4110,61,0,11,2,1,1,25,187.695,0
6,0,36,2,4810,87,16,38,3,1,1,30,259.88,0
0,0,35,0,7203,121,377,41,2,1,1,25,2026.08,0
0,0,41,0,405,14,14,7,3,1,2,30,72.76,0
0,0,33,0,0,0,0,0,2,1,2,25,0.0,0
6,0,39,2,6560,89,191,28,3,1,1,30,1029.96,0
8,0,24,1,1793,43,27,66,4,1,1,45,113.4,0
17,0,28,0,1410,36,18,7,3,1,2,30,129.84,0
0,0,34,0,5703,58,76,35,2,1,1,25,601.245,0
9,0,41,2,2780,51,324,24,4,1,1,45,880.775,0
12,0,37,2,3855,39,15,16,3,1,1,30,215.76,0
2,0,29,0,6705,95,4,18,4,1,1,45,180.0,0
6,0,38,0,3598,56,0,20,1,1,1,15,200.97,0
0,0,29,0,1888,44,337,16,2,1,1,25,1603.44,0
5,0,36,1,6213,99,21,25,2,1,1,25,378.54,0
20,0,37,3,14950,225,79,34,3,1,1,30,923.0,0
3,0,38,0,2393,58,2,33,1,1,1,15,145.805,0
5,0,40,0,1665,50,46,21,4,1,2,45,157.875,0
18,0,34,7,10320,88,3,43,4,1,1,45,267.7,0
15,0,39,1,5998,106,37,29,2,1,1,25,441.18,0
0,0,3,0,3825,24,193,2,2,1,1,25,1041.705,0
5,0,34,1,3085,25,7,14,3,1,1,30,152.4,0
0,0,22,0,210,15,0,11,2,1,1,25,10.125,0
4,0,36,0,1933,48,1,15,3,1,2,30,83.24,0
2,0,34,1,6380,92,0,24,5,1,1,55,97.08,0
0,0,34,0,318,4,0,3,2,1,2,25,14.49,0
6,0,38,0,1585,25,8,11,2,1,2,25,108.45,0
0,0,37,0,5208,84,0,12,2,1,1,25,238.14,0
0,0,36,0,1068,15,0,3,3,1,1,30,43.32,0
0,0,32,0,5533,87,0,6,2,1,1,25,252.9,0
3,0,34,0,1550,38,6,16,3,1,2,30,87.52,0
0,0,31,0,7123,119,367,37,2,1,1,25,1977.39,0
3,0,40,1,3798,84,12,32,3,1,1,30,203.28,0
0,0,36,0,0,0,0,0,2,1,2,25,0.0,0
0,0,36,0,12868,153,0,27,3,1,1,30,520.84,0
10,0,40,2,4630,88,0,24,3,1,1,30,188.72,0
15,0,30,6,10050,85,0,36,4,1,1,45,253.375,0
9,0,40,2,2033,34,12,10,4,1,1,45,81.675,0
13,0,36,1,9000,115,112,39,3,1,1,30,812.6,0
9,0,35,1,2748,64,373,37,2,1,1,25,1805.04,0
0,0,36,0,1540,46,42,23,3,1,2,30,231.44,0
13,0,44,3,4900,91,19,31,3,1,1,30,275.64,0
7,0,35,0,2665,39,284,19,3,1,1,30,1244.16,0
12,0,40,1,14078,175,7,46,3,1,1,30,598.12,0
21,1,36,8,10435,93,1,42,5,2,1,55,159.42,0
8,0,42,1,13853,171,10,48,3,1,1,30,600.96,0
15,0,39,0,2948,65,16,17,3,1,2,30,184.52,0
4,0,36,0,1743,49,334,24,2,1,1,25,1583.64,0
14,0,36,3,7800,114,29,24,5,1,1,55,162.21,0
0,0,35,1,6560,93,17,24,4,1,1,45,208.825,0
0,0,15,0,1515,18,17,9,2,1,1,25,145.485,0
30,0,33,4,16380,244,7,82,2,2,1,25,779.58,0
1,0,33,0,2393,52,0,32,1,1,1,15,134.475,0
15,0,35,7,9725,82,0,42,4,1,1,45,245.175,0
8,0,39,1,7813,133,391,45,3,1,1,30,1881.84,0
17,0,39,2,3795,70,190,25,2,1,1,25,1028.925,0
4,0,32,0,1978,44,0,11,3,1,2,30,80.88,0
0,0,9,0,3790,30,194,23,3,1,1,30,928.8,0
8,0,40,1,2698,64,9,35,2,1,1,25,164.79,0
0,0,32,0,2100,29,270,12,3,1,1,30,1165.16,0
11,0,42,1,3040,63,190,29,2,1,1,25,994.635,0
4,0,18,0,1885,27,37,17,2,1,1,25,252.54,0
2,0,32,0,13513,159,0,38,3,1,1,30,546.88,0
5,0,21,1,3270,57,7,19,3,1,1,30,161.08,0
0,0,38,0,128,5,32,6,3,1,2,30,133.32,0
17,0,17,1,9237,177,80,42,5,1,1,55,261.21,0
6,0,24,0,280,13,0,1,2,1,2,25,13.185,0
1,0,37,0,13063,158,0,44,3,1,1,30,528.84,0
6,0,37,1,1725,47,43,22,3,1,1,30,242.88,0
13,0,37,1,4323,64,7,32,1,1,1,15,279.785,0
24,0,40,4,10130,138,159,45,3,1,1,30,1046.72,0
22,0,38,7,10140,89,7,29,5,1,1,55,163.935,0
7,0,37,1,11465,154,11,47,4,1,1,45,317.975,0
4,0,38,1,3095,27,483,8,3,1,1,30,2056.88,0
27,0,37,9,11145,104,9,42,5,2,1,55,182.235,0
9,0,43,1,13773,175,8,45,3,1,1,30,589.92,0
11,0,39,0,6108,95,7,10,2,1,1,25,310.635,0
5,0,37,0,14885,172,129,15,2,1,1,25,1258.065,0
5,0,35,1,4335,75,0,20,3,1,1,30,176.4,0
2,0,36,0,4210,77,0,23,3,1,1,30,171.48,0
6,0,40,0,2735,57,183,27,2,1,1,25,949.14,0
10,0,44,3,903,20,26,10,5,1,1,55,52.845,0
2,0,33,0,1753,40,0,10,3,1,2,30,71.72,0
0,0,29,0,10900,138,0,39,3,1,1,30,441.52,0
7,0,40,1,2475,44,283,17,3,1,1,30,1232.76,0
0,0,32,0,6060,100,243,16,2,2,1,25,1370.7,0
2,0,39,1,518,12,15,7,5,1,1,55,30.45,0
0,0,35,0,6195,80,179,24,3,1,1,30,967.0,0
30,0,41,5,15560,237,93,38,3,1,1,30,1003.88,0
23,0,22,2,6878,155,103,49,2,2,1,25,779.985,0
16,1,43,0,2723,68,26,24,3,1,2,30,215.64,0
1,0,9,1,2547,33,16,16,3,1,1,30,167.2,0
2,0,36,0,13468,163,0,42,3,1,1,30,545.24,0
10,0,38,1,2568,66,391,28,3,1,1,30,1669.36,0
7,0,13,0,8628,165,66,38,4,1,1,45,384.825,0
6,0,38,1,11060,149,0,49,4,1,1,45,280.225,0
7,0,38,0,13773,169,0,44,3,1,1,30,557.68,0
28,0,35,3,15445,225,53,33,3,1,1,30,838.8,0
0,0,31,0,615,4,0,5,2,1,2,25,27.855,0
0,0,21,0,0,0,3,0,4,1,2,45,7.5,0
8,0,36,0,3715,79,27,26,3,1,1,30,259.76,0
13,0,27,0,945,28,12,7,3,1,2,30,86.92,0
7,0,23,0,1165,29,14,11,2,1,1,25,116.73,0
5,0,35,0,6658,72,103,35,2,1,1,25,766.35,0
9,0,23,1,2180,40,46,21,3,1,1,30,272.8,0
6,0,39,0,13368,164,0,46,3,1,1,30,541.28,0
0,0,22,0,1203,30,18,64,4,1,1,45,75.825,0
0,0,31,0,6480,91,7,20,4,1,1,45,181.775,0
7,0,38,2,833,11,20,7,5,1,1,55,42.66,0
12,0,38,2,8710,116,126,45,3,1,1,30,857.04,0
0,0,35,0,6440,83,181,24,3,1,1,30,984.92,0
0,0,35,0,6603,111,356,26,2,1,1,25,1904.13,0
12,0,44,2,6303,103,24,18,3,1,1,30,352.24,0
9,0,38,0,2048,55,341,26,3,1,1,30,1448.12,0
21,0,19,2,6697,147,92,44,2,2,1,25,721.98,0
18,0,29,2,15580,231,0,75,2,1,1,25,711.495,0
5,0,36,0,3893,60,0,33,1,1,1,15,217.415,0
10,0,40,2,4083,91,14,32,3,1,1,30,222.96,0
0,0,27,0,940,16,53,7,4,1,2,45,156.4,0
11,0,39,2,2030,53,50,24,4,1,1,45,177.075,0
10,0,28,2,2025,47,201,11,3,2,1,30,886.88,0
2,0,34,0,8100,104,112,41,3,1,1,30,776.16,0
6,0,32,0,1210,18,38,9,4,1,2,45,125.7,0
8,0,35,1,8810,115,137,41,3,1,1,30,905.0,0
3,0,34,0,3015,25,473,4,3,1,1,30,2013.6,0
22,0,41,3,14835,225,55,31,3,1,1,30,822.4,0
10,0,43,1,4370,77,13,18,3,1,1,30,229.88,0
8,0,40,0,4220,79,7,12,3,1,1,30,199.96,0
4,0,36,0,15295,182,175,32,2,1,1,25,1483.965,0
7,0,35,0,2338,55,361,25,2,1,1,25,1732.185,0
5,0,34,1,2405,35,277,14,3,1,1,30,1205.6,0
16,0,44,2,15790,194,165,33,3,1,1,30,1299.36,0
13,0,39,2,4733,99,17,30,3,1,1,30,261.28,0
11,0,35,0,4675,71,4,18,2,1,1,25,231.57,0
2,0,29,0,3180,65,16,27,3,1,1,30,193.8,0
26,0,42,9,10695,103,16,48,5,2,1,55,185.97,0
11,0,39,2,6778,78,113,39,2,1,1,25,817.02,0
28,0,30,4,16200,236,7,77,2,2,1,25,771.12,0
1,0,34,0,2475,47,168,21,2,1,1,25,869.49,0
4,0,21,0,1875,34,39,19,2,1,1,25,261.405,0
25,0,32,4,16190,244,32,84,2,2,1,25,883.53,0
7,0,36,0,4083,61,3,36,1,1,1,15,244.42,0
26,0,38,9,10740,99,8,44,5,1,1,55,174.585,0
6,0,38,1,1973,31,7,8,4,1,1,45,67.6,0
4,0,38,0,3770,61,0,2,2,1,1,25,172.395,0
5,0,22,0,3530,61,7,24,3,1,1,30,171.64,0
14,0,23,1,1450,36,16,11,2,1,1,25,138.87,0
6,0,30,1,7090,97,13,23,4,1,1,45,212.175,0
0,0,36,0,0,0,0,0,2,1,2,25,0.0,0
1,0,32,0,4130,75,0,19,3,1,1,30,168.2,0
14,0,45,2,14078,181,15,47,3,1,1,30,630.36,0
5,0,26,0,1070,13,23,3,4,1,2,45,84.575,0
10,0,34,0,3695,80,22,24,3,1,1,30,239.0,0
23,0,31,3,15885,237,0,77,2,1,1,25,725.49,0
7,0,37,2,3220,25,479,5,3,1,1,30,2045.8,0
1,0,36,0,1280,19,1,9,2,1,2,25,62.955,0
8,0,10,2,5100,51,223,10,3,1,1,30,1098.04,0
2,0,33,0,3245,27,1,12,3,1,1,30,134.88,0
6,0,39,1,7623,132,382,42,3,1,1,30,1838.2,0
4,0,37,0,2048,54,33,19,3,1,2,30,216.08,0
5,0,38,0,1845,52,49,25,3,1,2,30,271.88,0
3,0,13,2,4470,42,225,14,3,1,1,30,1080.48,0
3,0,36,0,4065,65,0,15,2,1,1,25,185.85,0
11,0,28,0,815,31,42,11,3,1,2,30,201.84,0
0,0,37,0,6908,117,363,28,2,1,1,25,1949.625,0
17,0,16,0,9123,171,48,38,4,1,1,45,352.35,0
0,0,33,0,1488,17,0,1,3,1,1,30,60.2,0
20,0,29,2,15770,232,0,78,2,1,1,25,720.09,0
12,0,33,1,9035,119,134,39,3,1,1,30,902.16,0
4,0,26,0,1425,20,42,18,4,1,2,45,141.125,0
15,0,40,1,4503,72,8,37,1,1,1,15,295.625,0
9,0,40,1,2665,45,292,20,3,1,1,30,1276.4,0
8,0,20,0,1225,26,11,12,2,1,1,25,105.795,0
0,0,31,0,1300,35,26,16,3,1,2,30,157.4,0
0,0,32,0,3353,73,0,24,2,1,1,25,154.17,0
0,0,34,0,14470,165,118,28,2,1,1,25,1189.575,0
0,0,30,0,6195,74,171,23,3,1,1,30,934.76,0
10,0,47,0,883,21,29,12,3,1,2,30,152.16,0
3,0,39,0,5793,97,11,15,2,1,1,25,314.55,0
28,0,33,4,16135,241,5,82,2,1,1,25,759.42,0
19,0,40,3,5103,82,29,52,1,1,1,15,444.675,0
20,0,15,1,6618,145,82,40,2,2,1,25,673.335,0
7,0,37,1,11465,154,11,47,4,1,1,45,317.975,0
3,0,25,2,1610,40,207,24,2,2,1,25,1005.75,0
1,0,36,0,2245,34,287,19,3,1,1,30,1239.16,0
0,0,16,0,1580,21,30,15,2,1,1,25,207.045,0
8,0,39,0,3650,84,36,31,2,1,1,25,330.03,0
3,0,34,0,1180,14,0,12,2,1,2,25,53.73,0
9,0,28,1,1873,45,37,70,5,1,1,55,84.27,0
3,0,33,1,643,4,3,3,5,1,1,55,14.205,0
21,1,36,8,10435,93,1,42,5,1,1,55,159.42,0
31,1,32,4,16785,249,8,80,2,1,1,25,802.53,0
0,0,7,0,4085,34,208,8,3,1,1,30,996.76,0
5,0,42,1,2440,41,295,22,3,1,1,30,1279.24,0
9,0,36,0,2375,55,46,20,3,1,2,30,281.2,0
7,0,11,2,4695,46,222,12,3,1,1,30,1077.64,0
14,0,39,1,8820,117,130,30,3,1,1,30,877.48,0
8,0,40,3,6920,98,225,32,4,1,1,45,737.95,0
10,0,40,0,2150,58,56,27,3,1,2,30,312.32,0
3,0,33,0,3713,52,0,28,1,1,1,15,207.075,0
9,0,38,1,4213,89,18,33,3,1,1,30,244.08,0
11,0,38,2,14373,179,21,59,3,1,1,30,666.08,0
7,0,17,3,2447,40,13,21,3,1,1,30,151.48,0
12,0,40,1,14078,175,7,46,3,1,1,30,598.12,0
0,0,36,0,2055,33,278,16,3,1,1,30,1195.52,0
0,0,37,0,1650,28,260,18,3,1,1,30,1107.12,0
29,0,29,3,16300,242,7,78,2,1,1,25,775.89,0
9,0,36,4,7080,121,269,32,3,2,1,30,1364.04,0
5,0,36,1,6965,105,25,27,5,1,1,55,143.55,0
2,0,15,2,2142,34,6,19,3,1,1,30,111.04,0
7,0,37,0,6323,100,8,10,2,1,1,25,325.035,0
7,0,40,0,1015,20,20,10,3,1,2,30,121.4,0
1,0,37,1,6310,85,177,23,3,1,1,30,963.8,0
18,0,39,3,9420,127,151,45,3,1,1,30,985.88,0
5,0,35,0,1855,45,47,23,3,1,2,30,264.0,0
13,0,19,5,3273,57,70,25,4,1,1,45,258.25,0
0,0,19,0,2840,53,0,17,3,1,1,30,115.72,0
6,0,32,0,3515,72,17,22,2,1,1,25,237.915,0
6,0,34,0,4435,81,0,21,3,1,1,30,180.64,0
2,0,35,0,4095,71,0,19,3,1,1,30,166.64,0
15,0,25,0,925,29,7,5,3,1,2,30,66.16,0
18,0,38,2,6123,104,33,26,2,1,1,25,428.715,0
4,0,35,0,11350,149,13,48,3,1,1,30,511.96,0
8,0,37,1,4428,93,10,28,3,1,1,30,220.84,0
10,0,39,0,15190,178,136,17,2,1,1,25,1303.56,0
0,0,37,0,0,0,0,0,2,1,2,25,0.0,0
3,0,41,0,5613,95,8,11,3,1,1,30,260.32,0
9,0,29,2,1620,42,200,13,3,2,1,30,866.48,0
1,0,30,0,905,12,31,7,4,1,2,45,100.425,0
3,0,8,1,4795,45,216,8,3,1,1,30,1057.6,0
13,0,18,4,3158,51,38,21,3,2,1,30,280.36,0
0,0,31,0,6115,78,169,20,3,1,1,30,923.72,0
29,0,31,5,16675,248,21,95,2,1,1,25,856.035,0
0,0,36,0,5790,75,161,26,3,1,1,30,878.6,0
5,0,37,1,305,6,7,2,5,1,1,55,15.165,0
0,0,35,0,1345,22,253,16,3,1,1,30,1066.68,0
12,0,19,1,6168,137,88,44,1,2,1,15,830.775,0
2,0,30,0,15180,170,135,27,2,1,1,25,1298.25,0
8,0,38,2,6833,81,140,41,2,1,1,25,941.13,0
0,0,37,0,3593,84,6,31,2,1,1,25,192.465,0
2,0,25,0,3225,61,8,23,3,1,1,30,163.44,0
0,0,35,0,0,0,0,0,2,1,2,25,0.0,0
16,0,36,0,14235,209,26,15,3,1,1,30,681.76,0
2,0,37,1,3833,88,34,32,3,1,1,30,292.84,0
8,0,37,0,1970,50,45,22,3,1,2,30,260.8,0
13,0,38,1,3275,60,191,28,2,1,1,25,1009.575,0
15,0,27,1,1530,38,26,15,2,1,1,25,187.56,0
13,0,37,2,9115,121,144,43,3,1,1,30,945.44,0
12,0,37,1,2698,63,361,24,3,1,1,30,1554.44,0
17,0,39,2,4485,93,40,28,3,1,1,30,343.12,0
6,0,13,3,2673,37,20,14,3,1,1,30,188.4,0
8,0,35,2,7090,103,21,24,5,1,1,55,139.395,0
6,0,41,0,1933,54,9,16,3,1,2,30,115.48,0
3,0,31,0,3893,54,0,32,1,1,1,15,217.085,0
28,0,40,4,15255,230,52,31,3,1,1,30,827.4,0
10,0,37,1,13898,167,7,41,3,1,1,30,590.6,0
10,0,36,0,15890,187,151,28,2,1,1,25,1402.965,0
10,0,40,1,13888,174,0,43,3,1,1,30,562.48,0
4,0,18,3,2628,41,34,21,3,1,1,30,242.76,0
7,0,24,1,1955,36,43,20,3,1,1,30,251.64,0
7,0,14,4,3148,49,45,32,3,1,1,30,307.88,0
4,0,28,2,1430,42,225,15,3,2,1,30,958.88,0
0,0,25,0,1903,20,165,8,2,2,1,25,829.035,0
1,0,32,2,6660,110,264,31,2,2,1,25,1492.65,0
7,0,21,2,2115,38,67,20,3,1,1,30,354.12,0
6,0,36,1,7633,125,380,40,3,1,1,30,1830.32,0
11,0,42,2,3405,38,22,22,4,1,1,45,141.075,0
0,0,39,0,585,16,17,11,2,1,2,25,103.545,0
0,0,31,0,2660,14,0,9,3,1,1,30,106.96,0
2,0,34,1,6365,106,250,18,2,2,1,25,1416.195,0
0,0,36,0,2088,52,0,31,1,1,1,15,117.7,0
9,0,39,0,1780,30,28,28,2,1,2,25,207.45,0
7,0,36,2,6670,112,257,20,3,2,1,30,1299.28,0
0,0,34,0,0,0,0,0,5,1,1,55,0.0,0
7,0,40,0,1015,20,20,10,3,1,2,30,121.4,0
33,0,35,5,16440,247,12,84,2,2,1,25,804.915,0
6,0,34,1,6538,67,97,32,2,1,1,25,733.725,0
23,0,19,2,6887,148,101,47,2,2,1,25,771.075,0
7,0,11,2,4695,46,222,12,3,1,1,30,1077.64,0
0,0,36,0,5423,88,0,7,2,1,1,25,247.995,0
4,0,39,1,2475,45,317,22,4,1,1,45,855.5,0
14,0,43,2,5000,97,20,32,3,1,1,30,283.88,0
1,0,35,0,5498,83,0,6,2,1,1,25,251.145,0
3,0,39,0,990,19,0,10,2,1,2,25,45.405,0
0,0,16,0,1390,20,21,12,2,1,1,25,157.95,0
7,0,38,2,11580,160,43,51,4,1,1,45,401.0,0
12,0,40,0,2633,68,370,29,3,1,1,30,1588.04,0
3,0,28,1,885,13,26,5,4,1,1,45,87.45,0
14,0,40,2,15905,194,189,36,3,1,1,30,1399.96,0
0,0,33,0,11100,145,0,43,3,1,1,30,449.8,0
19,0,14,1,6697,141,84,43,1,2,1,15,838.09,0
0,0,30,0,3333,74,0,22,2,1,1,25,153.315,0
7,0,20,1,2000,32,35,16,3,1,1,30,221.28,0
5,0,37,1,6745,89,188,26,3,1,1,30,1025.36,0
0,0,24,0,0,0,0,0,4,1,2,45,0.0,0
26,0,33,2,15780,234,7,67,2,1,1,25,752.13,0
10,0,16,3,3042,46,40,22,3,1,1,30,283.52,0
5,0,37,0,1370,40,24,7,3,1,2,30,152.4,0
0,0,3,0,4130,30,200,4,3,1,1,30,966.4,0
9,0,13,0,8817,166,75,41,4,1,1,45,412.075,0
10,0,42,1,7993,141,402,50,3,1,1,30,1933.36,0
16,0,34,2,9420,121,143,44,3,1,1,30,953.64,0
23,0,45,4,9680,137,166,51,3,1,1,30,1056.68,0
4,0,36,0,2535,50,173,23,2,1,1,25,894.825,0
0,0,36,0,2088,52,0,31,1,1,1,15,117.7,0
2,0,36,1,11275,154,36,49,4,1,1,45,375.725,0
36,0,41,5,16155,242,69,34,3,2,1,30,931.88,0
4,0,30,0,1523,43,38,72,4,1,1,45,134.15,0
5,0,39,0,7213,123,370,30,3,1,1,30,1773.44,0
14,0,38,2,4798,76,22,50,1,1,1,15,389.07,0
0,0,37,0,2385,16,458,8,3,1,1,30,1928.04,0
8,0,25,1,1540,40,190,9,3,2,1,30,823.2,0
2,0,36,0,4210,77,0,23,3,1,1,30,171.48,0
6,0,36,0,2780,53,175,23,2,1,1,25,914.985,0
16,0,45,0,2543,66,23,20,4,1,2,45,122.725,0
25,0,31,3,16075,238,0,80,2,1,1,25,734.085,0
0,0,36,0,2790,21,476,6,3,1,1,30,2016.44,0
8,0,39,1,7813,133,391,45,3,1,1,30,1881.84,0
0,0,28,1,6580,108,254,27,2,2,1,25,1443.96,0
17,0,42,2,2603,63,20,21,4,1,1,45,116.65,0
4,0,26,0,1568,39,30,68,4,1,1,45,115.175,0
0,0,30,0,1180,30,20,13,3,1,2,30,128.4,0
0,0,23,0,0,0,0,0,4,1,2,45,0.0,0
4,0,41,1,7588,129,394,47,3,1,1,30,1884.68,0
1,0,30,0,3210,66,10,20,2,1,1,25,192.42,0
4,0,36,0,2590,52,166,20,2,1,1,25,865.89,0
0,0,33,0,1550,39,40,21,3,1,2,30,223.56,0
7,0,29,2,1430,41,191,10,3,2,1,30,822.84,0
0,0,35,0,14580,166,122,13,2,1,1,25,1212.57,0
1,0,34,0,2475,47,168,21,2,1,1,25,869.49,0
6,0,33,2,6850,110,239,29,2,2,1,25,1388.7,0
13,0,36,4,7460,123,287,38,3,2,1,30,1451.32,0
0,0,24,0,1263,33,23,66,4,1,1,45,89.9,0
6,0,26,0,510,25,35,9,3,1,2,30,161.4,0
5,0,21,0,315,17,0,1,2,1,2,25,14.94,0
13,0,43,1,6403,109,25,19,3,1,1,30,360.48,0
0,0,25,0,6220,81,0,14,4,1,1,45,157.525,0
1,0,37,1,1783,31,32,10,4,1,1,45,125.35,0
0,0,29,0,0,0,0,0,4,1,1,45,0.0,0
16,0,26,1,1935,43,27,13,2,1,1,25,210.51,0
0,0,25,0,2980,58,6,23,3,1,1,30,145.52,0
1,0,28,0,6785,91,6,21,4,1,1,45,186.9,0
8,0,42,2,4595,85,12,29,3,1,1,30,235.2,0
0,0,31,0,6670,92,16,23,4,1,1,45,209.05,0
2,0,35,0,2073,30,1,4,3,1,1,30,88.12,0
8,0,12,3,2898,41,23,15,3,1,1,30,209.56,0
12,0,40,1,2298,57,13,19,3,1,1,30,146.2,0
18,0,17,1,6638,144,87,42,2,2,1,25,696.69,0
2,0,36,0,1260,39,20,22,3,1,2,30,131.96,0
24,1,32,3,15670,233,0,82,2,1,1,25,715.635,0
3,0,13,0,8028,155,45,23,4,1,1,45,317.075,0
2,0,25,0,3225,61,8,23,3,1,1,30,163.44,0
36,0,34,5,17090,255,15,82,2,2,1,25,848.025,0
1,0,16,1,1990,30,42,27,2,1,1,25,279.9,0
14,0,39,1,15790,188,157,32,2,1,1,25,1425.51,0
2,0,35,0,11160,148,4,45,3,1,1,30,468.32,0
13,0,40,1,4258,69,6,37,1,1,1,15,270.985,0
13,0,40,3,7138,87,147,43,3,1,1,30,877.0,0
12,0,44,1,14033,179,15,50,3,1,1,30,628.48,0
7,0,38,0,3175,72,11,13,3,1,1,30,173.88,0
8,0,32,0,2453,54,351,23,2,1,1,25,1692.315,0
5,0,35,0,305,6,7,2,2,1,2,25,45.495,0
1,0,34,0,630,12,3,4,2,1,2,25,42.39,0
15,0,41,2,5818,104,34,25,3,1,1,30,372.88,0
0,0,35,0,1223,37,0,15,3,1,2,30,50.4,0
13,0,18,4,3157,51,38,21,3,1,1,30,280.32,0
22,0,23,2,9498,187,95,48,5,1,1,55,287.775,0
0,0,18,0,1003,23,8,60,4,1,1,45,45.65,0
5,0,38,0,305,6,7,2,5,1,1,55,15.165,0
0,0,31,0,490,6,0,5,2,1,2,25,22.32,0
11,0,27,3,4130,77,36,40,3,1,1,30,312.28,0
8,0,37,1,4920,88,3,23,3,1,1,30,212.32,0
0,0,7,0,3485,24,187,21,3,1,1,30,888.36,0
15,0,42,3,4880,92,14,29,4,1,1,45,159.3,0
8,0,36,2,8925,121,169,45,3,1,1,30,1037.84,0
0,0,29,0,1363,13,0,3,3,1,1,30,55.04,0
6,0,32,0,6718,69,100,36,2,1,1,25,755.415,0
9,0,25,2,2000,38,43,17,3,1,1,30,253.52,0
0,0,35,0,4903,78,0,10,2,1,1,25,224.145,0
0,0,34,0,3413,76,0,26,2,1,1,25,157.005,0
16,0,13,1,9158,175,70,38,5,1,1,55,244.995,0
1,0,38,0,2795,26,8,18,3,1,1,30,144.84,0
8,0,34,3,7210,119,273,33,2,2,1,25,1558.305,0
0,0,24,0,710,5,23,4,4,1,2,45,75.375,0
26,1,37,3,15545,230,55,30,3,1,1,30,851.0,0
35,0,46,5,15705,241,76,40,3,1,1,30,941.84,0
7,0,39,0,4073,68,5,38,1,1,1,15,255.255,0
13,0,28,2,4240,78,23,25,3,1,1,30,264.72,0
13,0,45,3,7065,102,208,34,4,1,1,45,699.175,0
5,0,37,1,3500,32,484,6,3,1,1,30,2077.28,0
0,0,34,0,2730,18,471,4,3,1,1,30,1993.92,0
4,0,38,1,3095,27,483,8,3,1,1,30,2056.88,0
11,0,16,0,8527,166,55,42,5,1,1,55,212.895,0
13,0,40,4,4000,43,511,25,4,1,1,45,1378.575,0
4,0,12,1,4570,48,226,15,3,1,1,30,1088.72,0
6,0,35,4,7080,122,303,37,3,2,1,30,1500.08,0
0,0,8,0,3680,29,190,10,3,1,1,30,908.36,0
1,0,38,0,2203,57,0,30,1,1,1,15,124.3,0
0,0,24,0,895,24,154,5,2,2,1,25,734.355,0
15,0,31,1,1485,42,34,19,2,1,1,25,221.715,0
13,0,15,0,6333,138,80,40,1,2,1,15,795.905,0
16,0,30,7,10175,83,0,36,4,1,1,45,256.45,0
23,0,36,8,10680,96,7,42,5,1,1,55,172.14,0
0,0,33,0,6135,77,174,22,3,1,1,30,944.48,0
3,0,32,0,1968,46,341,17,2,1,1,25,1625.13,0
10,0,37,0,2453,60,359,24,3,1,1,30,1536.52,0
22,0,36,2,15025,220,56,33,3,1,1,30,833.8,0
21,0,32,8,10480,89,7,38,5,1,1,55,169.035,0
0,0,20,0,1308,29,15,62,4,1,1,45,70.925,0
17,0,44,2,2758,72,374,27,3,1,1,30,1609.2,0
0,0,33,0,2130,11,0,14,3,1,1,30,85.64,0
8,0,43,2,6760,96,201,32,3,1,1,30,1078.24,0
0,0,33,0,2610,13,465,1,3,1,1,30,1964.92,0
13,0,43,2,6978,85,123,43,2,1,1,25,871.335,0
14,0,15,0,9122,172,82,43,4,1,1,45,437.35,0
1,0,14,0,1615,24,18,10,2,1,1,25,154.755,0
22,0,41,3,4790,99,47,30,3,1,1,30,383.56,0
1,0,36,0,5613,89,0,10,2,1,1,25,256.59,0
9,0,36,1,7123,80,109,35,2,1,1,25,814.635,0
6,0,43,2,3095,33,491,9,4,1,1,45,1305.7,0
5,0,40,1,6413,75,109,36,2,1,1,25,782.46,0
8,0,41,2,3145,34,15,17,4,1,1,45,116.975,0
13,0,40,1,4675,77,12,19,3,1,1,30,238.08,0
1,0,33,0,15120,173,138,26,2,1,1,25,1309.185,0
10,0,33,3,1700,44,210,17,3,2,1,30,909.76,0
13,0,44,1,4630,81,20,23,3,1,1,30,268.44,0
2,0,35,1,2915,19,472,3,3,1,1,30,2005.36,0
12,0,17,0,5793,131,64,27,1,2,1,15,677.82,0
0,0,21,0,2860,52,0,19,3,1,1,30,116.48,0
2,0,27,1,1125,35,184,8,2,2,1,25,880.2,0
1,0,32,0,5658,85,0,6,2,1,1,25,258.435,0
8,0,26,1,3935,72,16,23,3,1,1,30,224.28,0
5,0,41,0,623,11,14,6,3,1,2,30,81.36,0
3,0,37,1,6500,86,186,26,3,1,1,30,1007.44,0
12,0,40,1,14078,175,7,46,3,1,1,30,598.12,0
6,0,37,1,6528,74,99,34,2,1,1,25,742.59,0
4,0,38,0,11340,156,15,50,3,1,1,30,519.84,0
10,0,39,1,8003,134,400,48,3,1,1,30,1925.48,0
3,0,24,1,1863,43,44,81,4,1,1,45,157.65,0
14,1,41,0,2658,66,47,23,4,1,2,45,185.6,0
0,0,36,0,3465,55,0,10,2,1,1,25,158.4,0
11,0,15,4,2978,43,27,16,3,1,1,30,228.84,0
6,0,41,1,3275,35,494,13,3,1,1,30,2108.4,0
0,0,36,1,338,4,4,2,5,1,1,55,11.13,0
1,0,40,2,418,6,14,6,5,1,1,55,27.36,0
2,0,36,0,3718,82,2,28,2,1,1,25,180.0,0
5,0,39,0,1180,20,7,13,2,1,2,25,85.5,0
0,0,14,0,1330,17,16,10,2,1,1,25,132.615,0
10,0,33,6,9420,76,0,40,4,1,1,45,237.4,0
0,0,40,0,7203,127,385,42,3,1,1,30,1833.2,0
6,0,37,1,6473,72,106,37,2,1,1,25,771.525,0
7,0,40,1,2860,55,185,27,2,1,1,25,963.675,0
3,0,36,0,7393,121,352,39,2,1,1,25,1922.13,0
5,0,6,1,4695,40,214,11,3,1,1,30,1045.4,0
0,0,30,0,2475,13,0,10,3,1,1,30,99.52,0
0,0,32,0,0,0,0,0,4,1,1,45,0.0,0
16,0,36,3,9240,119,140,40,3,1,1,30,934.36,0
7,0,35,1,7733,131,381,41,3,1,1,30,1838.56,0
9,0,36,0,15370,176,118,26,2,1,1,25,1230.57,0
3,0,36,2,3390,31,497,21,3,1,1,30,2124.84,0
0,0,32,0,0,0,0,0,2,1,2,25,0.0,0
0,0,36,0,0,0,0,0,2,1,2,25,0.0,0
2,0,18,0,1695,26,28,14,2,1,1,25,203.445,0
0,0,33,2,6255,105,246,33,2,2,1,25,1393.2,0
10,0,40,1,6898,83,119,42,2,1,1,25,849.645,0
6,0,25,0,395,19,3,5,2,1,2,25,32.13,0
31,0,37,5,16460,246,17,86,2,1,1,25,828.27,0
2,0,26,1,3340,67,40,27,3,1,1,30,296.28,0
8,0,36,0,2970,54,184,26,2,1,1,25,964.08,0
10,0,32,3,7190,120,268,31,3,2,1,30,1364.4,0
0,0,33,0,1605,41,33,18,3,1,2,30,197.84,0
1,0,28,2,6705,106,256,27,2,2,1,25,1458.495,0
4,0,31,0,3470,70,17,25,2,1,1,25,235.8,0
13,0,30,0,880,33,21,12,2,1,2,25,135.585,0
32,0,38,5,16380,250,15,83,2,2,1,25,815.85,0
5,0,38,1,4270,80,0,25,3,1,1,30,174.0,0
7,0,35,0,3185,58,176,21,2,1,1,25,937.935,0
0,0,31,0,405,2,0,5,2,1,2,25,18.315,0
9,0,38,1,2895,58,173,22,2,1,1,25,911.385,0
4,0,38,0,5728,94,0,9,3,1,1,30,232.88,0
4,0,26,0,1568,39,30,68,4,1,1,45,115.175,0
3,0,35,0,6413,69,101,35,2,1,1,25,746.19,0
24,0,33,8,10740,93,0,43,4,1,1,45,270.825,0
0,0,36,0,1333,38,0,4,3,1,2,30,54.84,0
11,0,13,3,3157,45,30,20,3,1,1,30,248.08,0
0,0,16,0,0,0,0,0,2,1,1,25,0.0,0
5,0,42,0,738,17,46,10,3,1,2,30,214.2,0
23,0,38,3,14895,222,52,32,3,1,1,30,812.68,0
7,0,37,3,7100,96,207,41,3,1,1,30,1115.84,0
0,0,36,0,5013,79,0,13,2,1,1,25,229.14,0
17,0,38,8,10210,89,4,44,4,2,1,45,267.475,0
11,0,40,1,6223,101,14,14,3,1,1,30,308.96,0
8,0,39,2,6805,92,193,28,3,1,1,30,1047.88,0
15,0,42,2,7203,89,126,44,2,1,1,25,895.14,0
6,0,36,1,14068,173,14,57,3,1,1,30,625.64,0
8,0,38,1,6690,86,161,24,3,1,1,30,915.04,0
1,0,38,0,2148,55,0,33,1,1,1,15,121.165,0
8,0,38,0,6108,96,16,15,3,1,1,30,312.16,0
7,0,27,1,3530,67,15,25,3,1,1,30,203.88,0
0,0,21,0,1055,26,178,5,2,2,1,25,849.645,0
2,0,33,0,6420,84,176,22,3,1,1,30,964.16,0
0,0,36,1,6310,86,211,28,3,1,1,30,1099.84,0
0,0,30,0,780,14,29,7,4,1,2,45,92.35,0
17,0,19,0,6098,137,71,29,2,2,1,25,600.075,0
20,0,40,2,16500,199,165,32,2,1,1,25,1493.955,0
19,0,22,2,9237,183,88,43,5,1,1,55,273.3,0
5,0,8,0,8627,159,58,37,4,1,1,45,364.65,0
0,0,23,0,0,0,0,0,2,1,1,25,0.0,0
7,0,13,0,8627,165,66,38,4,1,1,45,384.8,0
21,0,19,2,6697,147,92,44,2,2,1,25,721.98,0
15,0,41,2,4618,78,40,41,1,1,1,15,478.28,0
2,0,42,0,875,20,8,12,2,1,2,25,76.275,0
0,0,36,0,405,8,6,6,2,1,2,25,45.585,0
9,0,29,2,1620,42,200,13,3,2,1,30,866.48,0
18,0,42,2,6078,108,41,30,2,1,1,25,462.87,0
10,0,45,0,1440,30,22,19,3,1,2,30,146.8,0
9,0,38,2,7210,97,194,26,3,1,1,30,1068.28,0
0,0,37,0,258,2,2,2,2,1,2,25,20.7,0
0,0,37,0,613,9,21,17,2,1,2,25,122.49,0
13,0,43,2,3085,65,190,26,3,1,1,30,886.0,0
9,0,41,2,6798,77,118,41,2,1,1,25,840.375,0
10,0,35,1,9055,118,139,41,3,1,1,30,922.92,0
5,0,37,0,1120,17,7,11,2,1,2,25,82.665,0
7,0,35,2,7013,79,122,50,2,1,1,25,868.14,0
8,0,37,0,1970,50,45,22,3,1,2,30,260.8,0
12,0,35,1,6943,79,105,35,2,1,1,25,788.49,0
9,0,40,2,3400,33,490,10,3,1,1,30,2097.32,0
0,0,35,0,0,0,0,0,2,1,2,25,0.0,0
5,0,33,1,6545,82,178,22,3,1,1,30,977.08,0
12,0,39,2,11770,160,18,49,4,1,1,45,343.25,0
31,0,44,10,11000,109,23,50,5,1,1,55,201.135,0
11,0,43,2,3580,41,501,15,3,1,1,30,2148.84,0
18,0,38,2,9305,121,119,41,3,1,1,30,853.04,0
14,0,35,1,14125,208,22,30,2,1,1,25,743.985,0
21,0,23,2,6653,151,100,48,2,2,1,25,756.18,0
23,0,38,3,14950,224,45,29,3,1,1,30,786.96,0
12,0,34,2,6113,102,40,37,2,1,1,25,459.675,0
20,0,33,2,1790,48,41,21,2,1,1,25,267.21,0
12,0,39,2,2683,42,15,8,4,1,1,45,105.625,0
0,0,37,0,1263,20,0,8,4,1,1,45,32.075,0
10,0,34,1,3005,57,172,21,2,1,1,25,911.79,0
2,0,31,2,7080,101,28,35,4,1,1,45,249.525,0
7,0,39,2,4138,94,41,34,3,1,1,30,333.28,0
8,0,35,1,15780,186,164,43,2,1,1,25,1456.47,0
18,0,39,3,9420,127,151,45,3,1,1,30,985.88,0
18,0,36,2,14645,218,38,27,3,1,1,30,746.52,0
4,0,22,0,215,11,0,3,2,1,2,25,10.17,0
0,0,33,0,6353,66,96,33,2,1,1,25,720.855,0
10,0,38,3,2573,41,28,23,4,1,1,45,135.35,0
1,0,34,0,2475,47,168,21,2,1,1,25,869.49,0
14,0,38,5,7330,125,283,37,3,2,1,30,1430.2,0
6,0,34,1,3943,86,7,26,3,1,1,30,189.16,0
12,0,26,2,2260,42,50,22,3,1,1,30,292.08,0
9,0,35,1,3595,74,21,23,3,1,1,30,230.76,0
11,0,32,1,9115,115,136,42,3,1,1,30,913.2,0
14,0,39,1,15790,188,157,32,2,1,1,25,1425.51,0
14,0,35,1,2678,64,356,22,3,1,1,30,1533.68,0
15,0,40,1,4503,72,8,37,1,1,1,15,295.625,0
11,0,18,4,2913,48,36,21,3,1,1,30,262.44,0
25,0,35,3,16030,242,8,84,2,1,1,25,768.24,0
28,0,37,4,15265,223,50,29,3,2,1,30,819.52,0
0,0,25,0,3035,60,0,20,3,1,1,30,123.8,0
6,0,43,1,2360,45,293,19,4,1,1,45,792.625,0
13,0,45,2,6223,107,22,15,3,1,1,30,341.2,0
5,0,38,1,1373,21,7,2,4,1,1,45,52.35,0
1,0,34,1,4013,86,16,41,2,1,1,25,256.455,0
17,0,35,2,9340,125,141,41,3,1,1,30,942.6,0
6,0,43,0,1260,22,17,17,2,1,2,25,134.19,0
7,0,42,0,1360,28,18,18,2,1,2,25,143.46,0
0,0,7,0,4330,37,210,8,3,1,1,30,1014.68,0
33,0,42,5,15505,234,66,36,3,2,1,30,893.56,0
14,0,36,1,4423,70,7,33,2,1,1,25,233.685,0
3,0,41,1,6455,90,194,30,3,1,1,30,1037.8,0
12,0,25,0,1415,33,28,16,2,1,1,25,191.16,0
0,0,27,0,1100,28,16,12,3,1,2,30,109.12,0
9,0,10,0,6087,129,70,39,1,2,1,15,726.88,0
5,0,34,1,2438,54,7,29,1,1,1,15,175.56,0
5,0,32,1,305,6,7,2,3,1,1,30,40.44,0
13,0,39,4,7450,130,289,40,3,2,1,30,1459.2,0
15,0,36,6,7870,132,299,50,3,2,1,30,1516.08,0
0,0,39,0,128,4,0,1,2,1,2,25,5.94,0
9,0,27,1,3720,68,24,28,3,1,1,30,247.52,0
2,0,36,0,6008,64,83,37,2,1,1,25,646.74,0
4,0,36,0,13658,164,2,45,3,1,1,30,560.88,0
5,0,37,0,3065,71,7,28,3,1,1,30,153.44,0
7,0,38,2,2993,68,23,48,2,1,1,25,241.245,0
14,0,42,2,11950,168,29,54,4,1,1,45,375.45,0
9,0,38,1,14018,172,7,44,3,1,1,30,595.6,0
16,0,41,3,4195,94,71,34,3,1,1,30,455.56,0
8,0,15,3,4775,48,232,16,3,1,1,30,1120.92,0
3,0,42,0,790,16,23,12,3,1,2,30,124.24,0
1,0,33,1,6595,96,5,19,5,1,1,55,107.865,0
6,0,42,0,5873,99,15,16,3,1,1,30,298.88,0
8,0,33,1,6763,71,100,33,2,1,1,25,757.53,0
3,0,14,2,2547,39,24,17,3,1,1,30,199.44,0
5,0,19,3,2547,45,32,18,3,1,1,30,231.68,0
5,0,34,0,2033,48,320,18,2,1,1,25,1533.645,0
6,0,37,1,2895,59,207,27,2,1,1,25,1064.43,0
0,0,40,0,193,7,11,7,2,1,2,25,58.5,0
8,0,16,3,2852,45,31,19,3,1,1,30,239.88,0
5,0,36,0,4255,66,7,18,2,1,1,25,225.945,0
11,0,27,0,700,25,10,7,2,1,2,25,77.625,0
25,0,31,3,16075,238,0,80,2,2,1,25,734.085,0
7,0,34,1,4560,79,7,21,3,1,1,30,213.56,0
9,0,28,1,1505,36,168,9,2,2,1,25,825.345,0
0,0,28,0,0,0,0,0,3,1,1,30,0.0,0
11,0,42,0,1333,22,22,6,3,1,2,30,142.2,0
11,0,36,1,13998,173,7,42,3,1,1,30,594.84,0
16,0,28,0,890,25,7,5,2,1,2,25,72.675,0
7,0,42,2,2053,33,17,12,4,1,1,45,94.65,0
7,0,37,0,4400,77,0,21,3,1,1,30,179.08,0
0,0,36,1,93,1,2,2,5,1,1,55,4.41,0
0,0,23,0,0,0,10,0,4,1,2,45,25.0,0
5,0,37,1,6690,87,195,29,3,1,1,30,1051.08,0
21,0,28,2,2240,49,34,15,2,1,1,25,256.005,0
6,0,25,2,3825,71,29,38,3,1,1,30,271.84,0
1,0,32,0,13388,161,0,38,3,1,1,30,541.96,0
0,0,43,0,273,9,15,8,2,1,2,25,80.19,0
12,0,40,3,11885,166,50,53,4,1,1,45,426.275,0
11,0,32,2,1800,50,211,18,3,2,1,30,918.0,0
3,0,42,0,2348,62,10,37,1,1,1,15,187.55,0
2,0,31,0,1585,42,28,16,3,1,2,30,177.08,0
0,0,33,0,2703,65,0,26,2,1,1,25,124.56,0
0,0,40,0,433,11,39,8,3,1,2,30,173.76,0
3,0,37,0,10865,144,0,32,3,1,1,30,440.36,0
1,0,37,0,3313,77,0,30,3,1,1,30,135.6,0
0,0,38,1,0,0,7,0,5,1,1,55,10.5,0
2,1,27,1,1070,33,191,11,2,2,1,25,909.135,0
12,0,37,1,4180,87,33,26,3,1,1,30,302.68,0
5,0,37,1,11275,153,2,44,4,1,1,45,290.7,0
0,0,36,0,3528,81,0,25,2,1,1,25,162.405,0
1,0,36,0,3875,64,0,12,2,1,1,25,177.255,0
10,0,40,1,13833,172,5,46,3,1,1,30,580.2,0
10,0,26,1,1340,38,51,17,2,1,1,25,291.51,0
10,0,42,0,4153,70,9,39,1,1,1,15,281.765,0
0,0,28,0,2215,37,153,15,2,1,1,25,789.84,0
15,0,40,1,4865,78,21,22,3,1,1,30,281.72,0
7,0,39,0,1370,21,16,16,2,1,2,25,134.595,0
0,0,36,0,2088,52,0,31,1,1,1,15,117.7,0
6,0,7,1,4615,44,212,8,3,1,1,30,1034.36,0
0,0,25,0,858,28,5,68,4,1,1,45,34.65,0
10,0,40,3,7090,109,29,25,5,1,1,55,151.485,0
0,0,37,0,1683,47,0,33,1,1,1,15,95.15,0
15,0,41,3,4110,44,498,10,4,1,1,45,1348.85,0
0,0,30,0,1283,17,0,5,3,1,1,30,52.0,0
5,0,33,1,2965,20,7,11,3,1,1,30,147.4,0
12,0,25,1,1470,35,21,13,2,1,1,25,162.225,0
9,0,37,1,6043,93,7,9,3,1,1,30,273.44,0
19,0,27,3,2130,48,47,30,2,1,1,25,309.51,0
8,0,25,0,980,29,17,13,2,1,1,25,121.905,0
2,0,38,0,2170,38,276,15,3,1,1,30,1192.32,0
14,0,17,1,6202,140,76,39,2,2,1,25,627.39,0
11,0,13,1,9228,175,87,53,4,1,1,45,452.575,0
5,0,25,0,1973,44,31,66,4,1,1,45,127.925,0
10,0,38,2,7270,111,32,29,5,1,1,55,158.715,0
11,0,42,2,2758,67,14,37,2,1,1,25,190.125,0
24,0,38,9,10550,98,0,41,5,1,1,55,159.72,0
0,0,38,0,2495,17,462,7,3,1,1,30,1948.48,0
9,0,11,2,4885,47,231,15,3,1,1,30,1121.28,0
7,0,42,0,13728,173,8,48,3,1,1,30,588.04,0
3,0,36,0,14775,171,125,30,2,1,1,25,1235.07,0
0,0,39,0,2268,60,6,36,1,1,1,15,161.04,0
3,0,15,3,2663,45,56,21,3,1,1,30,332.32,0
15,0,45,2,4675,83,20,20,3,1,1,30,270.32,0
5,0,38,0,13528,166,0,44,3,1,1,30,547.76,0
9,0,42,1,4450,73,15,21,3,1,1,30,240.92,0
6,0,34,1,6805,86,185,27,3,1,1,30,1015.64,0
0,0,30,0,0,0,0,0,3,1,1,30,0.0,0
4,0,38,0,2360,39,285,18,3,1,1,30,1235.96,0
0,0,37,0,0,0,0,0,2,1,2,25,0.0,0
0,0,24,0,2515,50,0,23,3,1,1,30,102.6,0
1,0,37,0,3805,72,0,25,3,1,1,30,155.08,0
10,0,41,1,15565,184,160,34,2,1,1,25,1428.705,0
20,0,34,9,10730,97,15,55,4,1,1,45,308.175,0
4,0,39,0,918,15,28,19,3,1,2,30,149.32,0
9,1,42,0,2193,58,16,21,3,1,2,30,154.04,0
7,0,38,0,1993,51,6,17,3,1,1,30,105.76,0
0,0,30,0,2395,45,158,17,2,1,1,25,820.8,0
4,0,25,0,205,18,0,2,2,1,2,25,10.035,0
17,0,27,1,1720,39,35,18,2,1,1,25,236.655,0
8,0,35,1,8810,115,137,41,3,1,1,30,905.0,0
4,0,41,0,13468,169,1,43,3,1,1,30,549.48,0
20,0,32,2,14880,215,39,26,3,1,1,30,759.8,0
2,0,41,2,338,10,12,3,5,1,1,55,23.22,0
0,0,41,0,93,1,10,6,2,1,2,25,49.23,0
6,0,32,1,2825,49,167,19,2,1,1,25,880.83,0
16,0,34,7,10130,87,0,40,4,1,1,45,255.425,0
12,0,11,1,8978,167,65,36,4,1,1,45,391.125,0
6,0,40,1,2453,61,7,35,2,1,1,25,144.63,0
8,0,36,1,11870,159,12,45,3,1,1,30,529.16,0
0,0,37,0,0,0,9,0,2,1,2,25,40.5,0
9,0,16,3,4695,52,230,13,3,1,1,30,1109.88,0
6,0,36,0,2780,53,175,23,2,1,1,25,914.985,0
13,0,43,3,11850,162,28,53,4,1,1,45,370.3,0
0,0,10,0,1130,10,6,6,2,1,1,25,78.3,0
11,0,28,1,2063,46,46,73,5,1,1,55,100.635,0
7,0,42,1,3978,92,17,34,3,1,1,30,230.8,0
20,0,38,2,6313,105,42,29,2,1,1,25,477.81,0
0,0,34,0,1363,19,0,4,3,1,1,30,55.28,0
0,0,39,0,318,5,7,4,2,1,2,25,46.035,0
4,0,26,0,1568,39,30,68,4,1,1,45,115.175,0
13,0,41,5,7270,128,286,36,3,2,1,30,1439.92,0
9,0,28,1,1873,45,37,70,5,1,1,55,84.27,0
15,0,23,1,15510,222,0,72,2,1,1,25,707.94,0
0,0,33,0,1360,38,31,18,3,1,2,30,179.92,0
0,0,20,0,0,0,6,0,4,1,2,45,15.0,0
5,0,14,2,2793,42,26,17,3,1,1,30,217.4,0
32,0,43,4,15625,239,72,39,3,1,1,30,922.56,0
11,0,37,2,8870,118,142,43,3,1,1,30,927.52,0
4,0,14,2,4390,46,223,11,3,1,1,30,1069.44,0
0,0,37,0,875,14,0,11,2,1,2,25,40.005,0
9,0,28,0,1730,26,49,20,4,1,2,45,166.4,0
11,1,38,0,2428,55,17,20,3,1,2,30,167.32,0
10,0,37,0,2453,60,359,24,3,1,1,30,1536.52,0
16,0,42,1,15970,196,168,37,2,1,1,25,1483.47,0
9,0,18,2,2558,41,17,6,3,1,1,30,171.96,0
7,0,28,0,1320,17,37,8,4,1,2,45,125.925,0
0,0,39,0,1363,25,1,5,4,1,1,45,37.2,0
18,0,41,3,5530,100,17,27,4,1,1,45,183.25,0
6,0,40,0,3973,62,4,37,2,1,1,25,199.575,0
0,0,24,0,0,0,0,0,2,1,2,25,0.0,0
21,0,40,2,3468,77,374,26,3,1,1,30,1637.8,0
6,0,38,1,2605,42,287,18,3,1,1,30,1253.88,0
12,0,31,3,1680,45,205,15,3,2,1,30,889.0,0
7,0,35,1,3550,33,8,14,3,1,1,30,175.32,0
28,0,33,4,16190,243,0,79,2,2,1,25,739.485,0
0,0,26,0,605,25,168,11,2,2,1,25,784.35,0
7,0,38,0,2485,49,161,10,2,1,1,25,838.53,0
12,0,39,2,11770,160,18,49,4,1,1,45,343.25,0
4,0,39,0,3898,90,13,33,2,1,1,25,237.96,0
5,0,34,0,755,10,7,4,3,1,2,30,58.6,0
5,0,29,1,1020,32,179,2,3,2,1,30,758.08,0
7,0,35,1,6725,90,183,24,3,1,1,30,1004.6,0
6,0,35,0,2698,58,1,34,1,1,1,15,157.08,0
0,0,34,0,955,33,13,20,3,1,2,30,91.52,0
30,0,39,3,15330,225,29,30,3,1,1,30,738.2,0
8,0,39,1,7813,133,391,45,3,1,1,30,1881.84,0
0,0,40,1,293,8,12,6,5,1,1,55,22.515,0
7,0,33,3,7370,121,272,31,2,2,1,25,1561.095,0
0,0,35,0,3008,71,0,28,2,1,1,25,138.555,0
0,0,38,0,990,20,32,15,2,1,2,25,189.45,0
0,0,41,0,2088,58,3,32,2,1,1,25,110.07,0
19,0,39,3,3358,76,387,41,3,1,1,30,1685.36,0
11,0,16,1,6203,141,110,44,2,2,1,25,780.48,0
27,0,31,3,16320,241,7,80,2,1,1,25,776.745,0
3,0,23,0,730,25,3,8,2,1,1,25,47.475,0
0,0,34,0,6660,99,18,25,4,1,1,45,213.975,0
13,0,17,0,8638,167,59,27,5,1,1,55,220.575,0
4,0,38,1,3095,27,483,8,3,1,1,30,2056.88,0
17,0,45,3,12030,170,33,55,4,1,1,45,387.5,0
9,0,40,1,6033,100,5,11,3,1,1,30,265.32,0
8,0,20,3,2808,49,39,23,3,1,1,30,270.28,0
13,0,41,1,3955,90,43,33,3,1,1,30,333.8,0
0,0,25,0,1378,39,55,70,4,1,1,45,172.925,0
6,0,34,3,6965,116,271,33,2,2,1,25,1538.145,0
27,0,41,3,15320,233,65,37,3,1,1,30,882.12,0
11,0,11,0,6133,131,70,36,1,2,1,15,729.52,0
7,0,27,1,3530,67,15,25,3,1,1,30,203.88,0
26,0,39,10,10855,105,40,48,5,2,1,55,224.4,0
7,0,38,0,2048,53,0,14,3,1,2,30,84.04,0
6,0,38,0,5918,95,7,12,3,1,1,30,268.52,0
5,0,25,0,305,6,17,2,4,1,2,45,50.275,0
5,0,39,0,1180,20,7,13,2,1,2,25,85.5,0
0,0,27,1,6660,104,256,30,2,2,1,25,1456.38,0
0,0,20,0,3225,55,0,22,3,1,1,30,131.2,0
18,0,45,3,4080,94,47,31,3,1,1,30,354.96,0
5,0,20,1,1755,29,33,16,2,1,1,25,228.78,0
0,0,34,0,1608,22,0,4,3,1,1,30,65.2,0
16,0,46,2,6483,111,29,20,3,1,1,30,379.76,0
9,0,37,0,4775,76,23,15,2,1,1,25,321.795,0
11,0,40,1,2855,46,301,23,3,1,1,30,1320.04,0
1,0,35,1,743,9,5,1,5,1,1,55,18.78,0
10,0,44,3,3480,35,500,14,4,1,1,45,1337.875,0
0,0,40,1,6195,86,187,25,3,1,1,30,999.24,0
2,0,35,0,13353,157,0,38,3,1,1,30,540.4,0
0,0,37,0,275,4,0,1,2,1,2,25,12.555,0
10,0,40,2,8810,121,145,42,3,1,1,30,937.24,0
8,0,38,0,4370,71,5,17,3,1,1,30,197.64,0
5,0,37,1,11220,151,9,47,3,1,1,30,490.84,0
1,0,34,0,7328,119,373,38,2,1,1,25,2013.615,0
0,0,34,0,3413,76,0,26,2,1,1,25,157.005,0
22,0,23,3,6778,149,102,48,2,2,1,25,770.715,0
5,0,22,0,805,20,0,7,1,1,1,15,45.375,0
10,0,39,2,11580,159,9,46,4,1,1,45,315.975,0
1,0,32,0,6233,61,90,30,2,1,1,25,688.23,0
6,0,39,0,2228,56,362,26,2,1,1,25,1731.78,0
0,0,34,0,7088,115,345,37,2,1,1,25,1876.635,0
7,0,44,0,1180,26,15,14,3,1,2,30,108.24,0
0,0,34,0,10450,137,0,45,3,1,1,30,423.48,0
8,0,43,2,683,14,19,8,3,1,1,30,103.88,0
9,0,42,2,11465,160,19,48,4,1,1,45,338.125,0
0,0,13,1,1837,28,0,17,3,1,1,30,74.6,0
8,0,39,0,1833,49,0,19,3,1,2,30,75.28,0
0,0,11,1,4165,36,218,12,3,1,1,30,1040.04,0
13,0,35,1,15710,186,147,28,2,1,1,25,1376.82,0
6,0,35,2,6900,102,12,21,5,1,1,55,123.03,0
19,0,31,2,1065,34,22,11,3,1,1,30,131.96,0
7,0,10,1,4580,40,190,8,3,1,1,30,944.8,0
12,0,15,0,8932,171,73,40,4,1,1,45,410.075,0
1,0,30,1,1010,36,194,10,2,2,1,25,920.07,0
3,0,36,0,6385,80,154,22,3,1,1,30,874.6,0
8,0,37,0,1970,50,45,22,3,1,2,30,260.8,0
15,0,38,3,3685,69,203,40,2,1,1,25,1082.43,0
7,0,11,2,4695,46,222,12,3,1,1,30,1077.64,0
5,0,35,0,2148,54,352,22,2,1,1,25,1683.09,0
9,0,41,0,15440,186,158,34,2,1,1,25,1414.17,0
0,0,42,0,13,5,8,3,3,1,2,30,32.72,0
5,0,33,1,7553,123,376,39,2,1,1,25,2037.42,0
5,0,39,0,6205,82,172,13,3,1,1,30,939.48,0
8,0,41,1,3470,82,33,27,3,1,1,30,274.08,0
3,0,41,0,7463,131,392,47,2,1,1,25,2105.73,0
1,0,39,0,305,9,0,10,3,1,2,30,12.56,0
10,0,32,2,1953,47,47,74,5,1,1,55,100.5,0
3,0,37,0,3020,30,11,19,3,1,1,30,166.0,0
8,0,37,0,14178,174,1,42,3,1,1,30,578.08,0
20,0,25,2,15815,228,0,74,2,1,1,25,721.935,0
23,0,44,3,6383,114,48,32,3,1,1,30,451.88,0
0,0,37,0,2203,58,27,35,2,1,1,25,223.245,0
18,0,40,3,12480,171,26,49,4,1,1,45,381.275,0
3,0,24,0,3630,66,9,21,3,1,1,30,183.84,0
16,1,42,5,7530,132,293,41,3,2,1,30,1478.48,0
15,0,40,2,2873,72,398,30,3,1,1,30,1709.8,0
10,0,29,0,1180,36,27,17,2,1,1,25,176.22,0
2,0,31,0,11205,144,0,41,3,1,1,30,453.96,0
0,0,36,0,7318,127,409,45,3,1,1,30,1933.8,0
30,0,38,1,11340,109,29,59,5,1,1,55,215.235,0
1,0,36,0,5613,89,0,10,2,1,1,25,256.59,0
5,0,37,1,7753,130,386,43,3,1,1,30,1859.32,0
16,0,33,6,10015,81,0,36,4,1,1,45,252.4,0
11,0,24,0,1630,37,20,11,2,1,1,25,165.015,0
11,0,44,1,6178,105,22,18,3,1,1,30,339.32,0
0,0,24,0,1263,33,23,66,4,1,1,45,89.9,0
6,0,26,0,1758,40,39,71,4,1,1,45,142.45,0
0,0,38,0,0,0,0,0,2,1,2,25,0.0,0
1,0,25,0,1255,33,188,9,2,2,1,25,903.96,0
3,0,37,0,1115,19,14,6,2,1,2,25,114.03,0
12,0,34,5,9530,77,0,25,4,1,1,45,240.175,0
0,0,31,0,7248,117,369,37,2,1,1,25,1991.925,0
12,0,38,0,4388,67,10,38,1,1,1,15,300.025,0
11,0,38,1,3085,59,182,25,2,1,1,25,960.48,0
11,0,38,3,4623,98,30,45,3,1,1,30,308.84,0
7,0,39,1,13888,175,32,48,3,1,1,30,690.52,0
14,0,40,2,3145,62,187,27,2,1,1,25,985.815,0
22,0,36,2,15080,222,49,30,3,1,1,30,808.08,0
19,0,36,8,10245,92,0,39,5,2,1,55,155.055,0
12,0,40,3,3298,74,30,50,2,1,1,25,286.74,0
15,0,38,0,2643,60,334,22,2,1,1,25,1624.635,0
22,0,32,2,15950,240,4,83,2,1,1,25,746.55,0
17,0,42,1,2938,74,377,31,3,1,1,30,1628.48,0
14,0,24,0,1005,25,9,8,2,1,2,25,86.85,0
0,0,33,0,13288,155,0,37,3,1,1,30,537.72,0
14,0,29,0,815,30,8,6,3,1,2,30,65.8,0
14,0,20,1,8932,177,81,41,5,1,1,55,258.135,0
3,0,29,1,3305,63,18,27,3,1,1,30,206.72,0
2,0,32,0,15000,168,132,23,2,1,1,25,1276.56,0
6,0,14,0,8222,160,48,40,4,1,1,45,329.55,0
3,0,35,0,6413,69,101,35,2,1,1,25,746.19,0
0,0,35,0,1478,25,25,8,4,1,1,45,100.075,0
0,0,36,0,650,11,8,6,2,1,2,25,65.745,0
16,0,16,0,6278,135,53,38,1,2,1,15,644.215,0
4,0,40,1,11160,154,12,46,4,1,1,45,312.85,0
10,0,38,0,4198,66,1,35,1,1,1,15,240.02,0
16,0,38,2,5878,101,31,26,2,1,1,25,408.555,0
4,0,36,0,3280,75,16,23,2,1,1,25,222.975,0
6,0,38,0,1310,24,34,23,3,1,2,30,189.36,0
11,0,38,1,3775,82,32,28,3,1,1,30,282.28,0
8,0,17,0,8708,167,76,42,4,1,1,45,411.875,0
0,0,36,0,6798,116,359,43,2,1,1,25,1926.63,0
0,0,36,0,2790,21,476,6,3,1,1,30,2016.44,0
9,0,21,0,1145,30,9,9,2,1,1,25,93.375,0
10,0,33,1,2498,56,351,20,3,1,1,30,1506.16,0
0,0,34,0,5553,86,0,8,2,1,1,25,253.755,0
5,0,20,1,1400,22,14,2,2,1,1,25,126.99,0
6,0,37,1,3585,82,57,30,3,1,1,30,374.68,0
13,0,39,2,7023,81,115,39,2,1,1,25,837.18,0
0,0,23,0,553,22,0,66,4,1,1,45,14.375,0
8,0,39,1,3325,36,18,21,3,1,1,30,206.44,0
0,0,31,0,1825,5,0,12,3,1,1,30,73.2,0
2,0,36,0,1743,47,0,12,3,1,2,30,71.6,0
11,0,42,1,3730,86,40,32,3,1,1,30,312.64,0
0,0,24,0,1120,14,35,16,4,1,2,45,115.85,0
5,0,31,0,1710,40,30,16,3,1,2,30,190.0,0
0,0,20,0,2740,47,0,16,3,1,1,30,111.48,0
3,0,36,0,5858,92,2,10,2,1,1,25,276.75,0
7,0,40,2,3225,30,17,20,3,1,1,30,198.2,0
16,0,44,2,3345,69,197,31,2,1,1,25,1040.13,0
0,0,33,0,7143,118,372,39,2,1,1,25,2000.745,0
13,0,29,4,2220,52,221,28,3,2,1,30,974.88,0
0,0,32,0,0,0,0,0,5,1,1,55,0.0,0
3,0,39,1,935,17,5,13,2,1,1,25,65.34,0
15,0,17,1,9047,176,71,39,5,1,1,55,244.845,0
18,0,29,2,1590,41,31,17,2,1,1,25,212.895,0
0,0,35,0,1065,34,17,5,3,1,2,30,111.96,0
0,0,32,0,2780,19,0,12,3,1,1,30,111.96,0
30,0,33,4,16380,244,7,82,2,2,1,25,779.58,0
0,0,32,0,2008,50,0,27,1,1,1,15,113.19,0
10,0,37,0,2160,51,54,25,3,1,2,30,304.44,0
13,0,28,3,2473,55,58,85,5,1,1,55,124.92,0
6,0,38,1,1973,31,7,8,4,1,1,45,67.6,0
0,0,32,0,2535,16,0,12,3,1,1,30,102.04,0
10,0,34,5,7565,126,292,48,2,2,1,25,1660.095,0
0,0,35,0,1973,46,0,27,1,1,1,15,111.045,0
7,0,40,2,3210,32,481,7,3,1,1,30,2053.68,0
6,0,39,2,2088,37,39,12,4,1,1,45,150.625,0
7,0,14,0,8743,171,98,42,5,1,1,55,280.71,0
3,0,33,1,6785,97,14,22,5,1,1,55,124.23,0
6,0,37,2,1048,15,12,2,5,1,1,55,33.945,0
2,0,40,0,3673,86,10,32,2,1,1,25,214.155,0
5,0,24,0,305,6,18,2,4,1,2,45,52.775,0
11,0,40,0,15665,190,161,35,2,1,1,25,1437.975,0
6,0,36,1,3145,28,7,16,3,1,1,30,154.92,0
25,0,36,10,11035,103,22,57,5,2,1,55,200.07,0
0,0,34,0,2240,12,0,4,3,1,1,30,90.08,0
0,0,34,0,2650,21,0,11,3,1,1,30,106.84,0
14,0,40,2,3835,85,37,30,3,2,1,30,304.8,0
4,0,26,0,1200,30,161,7,2,2,1,25,779.85,0
5,0,31,0,2193,50,344,18,2,1,1,25,1648.935,0
15,0,26,0,1415,32,7,11,2,1,1,25,96.615,0
15,0,39,2,7213,82,124,42,2,1,1,25,886.275,0
6,0,36,0,3470,76,25,26,2,1,1,25,272.07,0
0,0,27,0,6400,89,0,16,4,1,1,45,162.225,0
0,0,29,0,1405,34,23,14,3,1,2,30,149.56,0
8,0,16,3,2853,45,31,19,3,2,1,30,239.92,0
1,0,36,0,2300,36,280,16,3,1,1,30,1213.44,0
0,0,34,0,1363,19,0,4,3,1,1,30,55.28,0
9,1,41,0,2050,52,55,26,4,1,2,45,190.05,0
15,1,44,0,2623,62,25,23,3,1,2,30,207.4,0
0,0,18,0,1450,23,26,14,2,1,1,25,183.285,0
10,0,37,2,4640,81,7,22,3,1,1,30,216.84,0
18,0,21,2,9318,179,90,46,5,1,1,55,277.455,0
0,0,28,0,1360,32,23,17,3,1,2,30,147.68,0
3,0,36,0,3703,59,0,30,2,1,1,25,169.29,0
0,0,39,0,73,2,5,4,2,1,1,25,25.875,0
17,0,36,6,9835,83,0,27,4,1,1,45,247.95,0
9,0,39,3,7170,105,31,28,5,1,1,55,155.625,0
5,0,27,0,1015,10,7,2,4,1,2,45,43.125,0
10,0,37,0,4083,60,0,31,1,1,1,15,227.865,0
0,0,21,0,1083,25,12,61,4,1,1,45,57.7,0
20,0,41,2,6303,112,44,31,2,1,1,25,486.675,0
9,0,40,1,5978,98,12,14,3,1,1,30,291.04,0
7,0,23,0,1873,39,29,69,4,1,1,45,120.3,0
10,0,37,1,6908,76,117,40,2,1,1,25,840.78,0
13,0,27,1,1285,35,24,15,2,1,1,25,167.4,0
2,0,37,0,1065,15,9,14,2,1,2,25,89.1,0
3,0,39,0,2475,53,176,22,2,1,1,25,905.76,0
8,0,39,2,7045,107,29,28,5,1,1,55,150.78,0
0,0,35,0,7393,122,386,44,2,1,1,25,2075.175,0
9,0,41,1,4695,91,13,30,3,1,1,30,243.44,0
3,0,35,0,4123,87,3,26,2,1,1,25,202.95,0
0,0,15,0,680,9,0,12,2,1,1,25,31.005,0
4,0,33,0,5918,89,0,11,2,1,1,25,270.315,0
15,0,42,2,14138,178,12,48,3,1,1,30,620.64,0
20,0,39,3,9610,128,160,48,3,1,1,30,1029.52,0
10,0,25,0,1225,32,19,13,2,1,1,25,142.065,0
29,1,40,10,10800,102,13,46,5,2,1,55,183.03,0
2,0,34,0,2313,56,0,29,1,1,1,15,130.295,0
14,0,31,7,9950,79,0,35,4,1,1,45,250.725,0
13,0,40,1,4675,77,12,19,3,1,1,30,238.08,0
0,0,37,0,2535,22,1,13,3,1,1,30,106.28,0
3,0,34,0,2720,50,170,21,2,1,1,25,889.65,0
10,0,10,0,8932,165,65,39,4,1,1,45,389.925,0
11,0,37,3,7150,106,26,26,5,1,1,55,147.84,0
5,0,33,0,13773,163,0,43,3,1,1,30,557.44,0
0,0,26,0,0,0,0,0,4,1,2,45,0.0,0
3,0,37,0,7508,127,384,43,2,1,1,25,2071.575,0
9,0,34,0,2283,50,7,13,3,1,2,30,121.32,0
4,0,41,2,6580,88,196,30,3,1,1,30,1050.72,0
1,0,5,0,4310,38,205,6,3,1,1,30,993.92,0
0,0,36,0,405,8,6,6,2,1,2,25,45.585,0
10,0,12,0,8753,163,62,35,4,1,1,45,377.9,0
0,0,30,0,13208,153,0,36,3,1,1,30,534.44,0
21,0,19,2,6698,147,92,44,2,2,1,25,722.025,0
1,0,40,0,1623,29,8,10,3,1,1,30,98.08,0
8,0,40,1,2698,64,9,35,2,1,1,25,164.79,0
16,0,42,2,4735,80,17,21,3,1,1,30,260.6,0
4,0,31,3,6785,108,260,28,2,2,1,25,1480.185,0
12,0,36,1,15610,180,146,27,2,1,1,25,1367.55,0
0,0,3,0,4085,28,200,7,2,1,1,25,1085.085,0
23,0,33,2,15140,219,46,31,3,1,1,30,798.36,0
1,0,32,0,3638,80,0,24,2,1,1,25,167.31,0
9,0,27,0,1758,39,7,66,4,1,1,45,62.425,0
0,0,31,1,5950,99,239,31,2,2,1,25,1347.705,0
7,0,44,0,970,24,28,14,3,1,2,30,151.76,0
5,0,32,0,11465,148,3,46,3,1,1,30,476.52,0
11,0,41,3,6865,95,198,30,3,1,1,30,1070.4,0
4,0,33,0,2600,45,164,18,2,1,1,25,857.025,0
23,0,36,8,10625,94,10,45,5,1,1,55,175.785,0
5,0,39,0,563,8,9,4,3,1,2,30,58.84,0
15,0,27,1,1530,38,26,15,2,1,1,25,187.56,0
17,0,39,1,2948,67,375,29,3,1,1,30,1620.6,0
13,0,39,0,4560,71,7,15,2,1,1,25,239.895,0
9,0,40,1,2665,45,292,20,3,1,1,30,1276.4,0
0,0,6,1,4210,32,204,5,3,1,1,30,985.68,0
0,0,32,0,7023,113,366,36,2,1,1,25,1968.12,0
0,0,37,0,685,13,0,8,2,1,2,25,31.41,0
0,0,7,0,4085,34,208,8,3,1,1,30,996.76,0
1,0,38,0,723,10,8,2,2,1,2,25,68.985,0
3,0,38,2,398,7,9,4,5,1,1,55,19.575,0
0,0,33,0,5433,81,0,5,2,1,1,25,248.13,0
0,0,28,0,2920,61,9,22,3,1,1,30,155.24,0
3,0,36,0,4065,65,0,15,2,1,1,25,185.85,0
5,0,34,2,3440,32,21,29,3,1,1,30,222.88,0
0,0,38,0,110,4,0,1,2,1,2,25,5.13,0
1,0,35,0,2213,50,0,28,1,1,1,15,124.465,0
8,0,37,3,7145,124,282,38,2,2,1,25,1596.105,0
16,0,40,0,2733,61,24,22,3,1,2,30,207.76,0
18,0,41,2,2818,69,371,28,3,1,1,30,1599.48,0
20,0,30,3,15885,238,25,82,2,1,1,25,838.035,0
0,0,40,0,0,0,0,0,3,1,2,30,0.0,0
7,0,29,0,475,21,13,9,2,1,2,25,80.82,0
28,0,40,4,15200,228,59,34,3,1,1,30,853.12,0
16,0,38,1,3163,71,367,24,3,1,1,30,1597.36,0
3,0,23,0,1130,10,20,4,4,1,2,45,78.5,0
12,0,40,0,3480,78,18,15,3,1,1,30,214.32,0
19,0,32,1,14755,217,37,26,3,1,1,30,746.88,0
20,0,32,7,10355,91,0,38,4,1,1,45,261.15,0
10,0,29,2,3590,70,20,27,3,1,1,30,226.4,0
23,0,39,8,10615,101,12,47,5,1,1,55,178.74,0
7,0,41,0,1130,26,52,14,3,1,2,30,254.24,0
24,0,39,3,14735,220,36,34,3,1,1,30,742.2,0
8,0,34,1,6975,97,7,20,4,1,1,45,194.3,0
11,0,39,2,6833,80,106,36,2,1,1,25,788.085,0
7,0,38,1,4515,83,2,25,3,1,1,30,191.92,0
3,0,17,0,2100,31,29,12,2,1,1,25,226.395,0
0,0,20,0,1010,24,178,8,2,2,1,25,847.53,0
5,0,38,0,13583,168,0,41,3,1,1,30,550.04,0
16,0,44,2,4035,92,47,34,3,1,1,30,353.08,0
0,0,37,0,520,14,38,10,3,1,2,30,173.36,0
6,0,29,0,1748,47,41,73,4,1,1,45,147.375,0
0,0,33,0,1360,38,31,18,3,1,2,30,179.92,0
13,0,14,0,9337,176,74,38,4,1,1,45,422.825,0
2,0,26,0,1378,38,21,65,4,1,1,45,87.9,0
11,0,27,0,700,25,10,7,2,1,2,25,77.625,0
0,0,26,0,968,29,9,53,4,1,1,45,47.425,0
3,0,27,0,1163,34,12,70,4,1,1,45,59.925,0
0,0,29,0,6153,59,86,29,2,1,1,25,666.54,0
14,1,17,1,6148,138,83,42,1,2,1,15,802.23,0
4,0,38,0,900,15,22,11,3,1,2,30,124.6,0
15,0,40,2,9295,129,155,48,3,1,1,30,996.96,0
2,0,38,0,710,14,13,8,3,1,2,30,80.96,0
0,0,30,0,3633,50,0,27,1,1,1,15,202.565,0
2,0,36,0,3718,82,2,28,2,1,1,25,180.0,0
11,0,37,3,12065,164,32,62,4,1,1,45,385.725,0
2,0,7,0,8368,155,51,32,4,1,1,45,340.575,0
18,0,40,2,4270,89,48,33,3,1,1,30,366.36,0
0,0,32,0,1975,31,268,12,3,1,1,30,1152.24,0
0,0,16,0,1390,20,21,12,2,1,1,25,157.95,0
2,0,36,0,2870,66,4,11,2,1,1,25,150.12,0
13,0,38,1,6908,75,83,35,2,1,1,25,687.735,0
2,0,32,0,3985,63,0,11,2,1,1,25,182.16,0
4,0,31,0,2068,52,342,18,2,1,1,25,1634.4,0
4,0,38,1,1728,28,5,8,4,1,1,45,56.4,0
11,0,42,1,15485,188,158,31,2,1,1,25,1416.285,0
7,0,40,0,2148,60,360,23,3,1,1,30,1528.32,0
7,0,37,0,3908,82,7,26,2,1,1,25,211.05,0
4,0,25,0,1453,33,0,64,4,1,1,45,37.15,0
14,0,44,3,11770,166,26,50,4,1,1,45,363.4,0
0,0,34,0,13408,160,0,40,3,1,1,30,542.72,0
0,0,38,0,6375,88,190,29,3,1,1,30,1018.52,0
13,0,34,0,2758,60,358,25,2,1,1,25,1737.81,0
8,0,39,2,6805,92,193,28,3,1,1,30,1047.88,0
8,0,42,0,4325,75,13,21,3,1,1,30,228.0,0
6,0,39,1,4110,78,0,27,3,1,1,30,167.52,0
5,0,37,0,4008,66,26,37,1,1,1,15,367.07,0
7,0,42,1,5998,97,17,16,3,1,1,30,311.8,0
0,0,36,0,2278,53,4,34,1,1,1,15,150.205,0
4,0,38,0,2360,39,285,18,3,1,1,30,1235.96,0
12,0,40,2,4820,89,9,27,3,1,1,30,232.36,0
4,0,36,0,7913,132,385,41,2,1,1,25,2094.525,0
3,0,37,3,6660,116,272,32,2,2,1,25,1528.92,0
10,0,38,1,4615,74,7,17,3,1,1,30,215.56,0
5,0,11,2,4450,43,220,12,3,1,1,30,1059.72,0
14,0,40,2,8523,144,399,45,3,1,1,30,1942.68,0
22,1,39,5,10020,137,172,60,3,1,1,30,1094.28,0
15,0,44,1,4458,76,16,41,1,1,1,15,337.37,0
7,0,36,0,4138,63,0,33,1,1,1,15,231.055,0
13,0,18,0,6268,143,89,45,1,2,1,15,842.105,0
0,0,26,0,3100,63,12,26,3,1,1,30,174.52,0
0,0,8,1,4200,40,240,12,3,1,1,30,1129.6,0
3,0,36,0,1780,50,70,24,4,1,2,45,220.75,0
7,0,12,0,8513,159,34,34,4,1,1,45,301.8,0
5,0,41,0,623,11,14,6,3,1,2,30,81.36,0
8,0,35,0,4018,58,0,30,1,1,1,15,224.18,0
0,0,34,0,2028,49,0,29,1,1,1,15,114.235,0
17,0,44,3,4160,90,49,34,3,1,1,30,366.0,0
7,0,35,1,3400,27,482,9,3,1,1,30,2065.08,0
0,0,33,0,0,0,0,0,4,1,1,45,0.0,0
0,0,36,0,2055,33,278,16,3,1,1,30,1195.52,0
14,0,38,0,2680,61,53,22,4,1,2,45,201.025,0
14,0,37,2,3053,70,380,39,3,1,1,30,1644.92,0
5,0,37,0,305,6,7,2,3,1,2,30,40.44,0
9,0,34,2,7495,108,22,22,5,1,1,55,147.045,0
30,0,40,4,15445,231,61,34,3,1,1,30,871.04,0
21,0,35,7,10320,87,0,38,4,2,1,45,260.175,0
12,0,33,2,3790,77,30,31,4,1,1,45,171.675,0
11,0,45,3,3400,39,498,11,4,1,1,45,1330.975,0
0,0,34,0,2285,46,159,18,2,1,1,25,820.395,0
30,0,44,4,15400,235,69,38,3,1,1,30,901.4,0
1,0,33,3,6775,116,296,35,2,2,1,25,1642.095,0
1,0,28,0,1190,38,197,14,2,2,1,25,941.76,0
10,0,13,3,4755,49,227,14,3,1,1,30,1100.16,0
0,0,34,0,6493,110,352,41,2,1,1,25,1881.135,0
10,0,36,2,11590,152,7,44,4,1,1,45,311.05,0
3,0,30,0,2148,48,344,21,2,1,1,25,1646.82,0
11,0,26,0,585,19,0,3,2,1,2,25,27.18,0
12,0,44,2,4283,98,24,36,3,1,1,30,271.24,0
11,0,11,4,5295,56,243,27,3,2,1,30,1186.04,0
0,0,35,0,3500,66,0,23,3,1,1,30,142.64,0
8,0,27,3,1915,46,214,26,2,2,1,25,1051.245,0
0,0,18,0,2920,49,0,20,3,1,1,30,118.76,0
3,0,32,2,6850,111,273,34,2,2,1,25,1541.745,0
9,0,13,0,8873,168,68,38,4,1,1,45,396.025,0
5,0,32,4,7260,120,285,46,2,2,1,25,1614.6,0
0,0,32,0,650,27,6,18,3,1,2,30,51.08,0
0,0,29,0,6943,111,362,35,2,1,1,25,1946.43,0
15,0,43,1,4855,85,23,24,3,1,1,30,289.6,0
12,1,40,0,2353,59,6,16,3,1,2,30,120.48,0
9,0,38,1,4705,84,11,28,3,1,1,30,235.56,0
0,0,16,0,1200,19,12,9,2,1,1,25,108.855,0
12,0,37,0,2363,52,7,14,3,1,2,30,124.6,0
4,0,39,0,1745,46,48,24,3,1,2,30,263.64,0
6,0,16,3,2608,42,29,19,3,1,1,30,222.0,0
7,0,37,0,13658,163,0,40,3,1,1,30,552.84,0
8,0,30,2,1190,19,33,7,4,1,1,45,112.725,0
4,0,32,1,7190,102,15,20,4,1,1,45,219.8,0
9,0,20,4,2933,47,41,23,3,1,1,30,283.2,0
7,0,31,1,3485,71,23,29,3,1,1,30,234.24,0
0,0,32,0,875,8,0,10,2,1,2,25,39.735,0
6,0,35,0,4190,63,0,12,3,1,1,30,170.12,0
9,0,33,0,2373,58,349,20,2,1,1,25,1679.895,0
4,0,41,1,3718,88,10,29,3,1,1,30,192.24,0
8,0,24,2,2080,34,45,20,3,1,1,30,264.56,0
1,0,27,0,1443,41,34,71,4,1,1,45,122.1,0
22,0,29,2,15960,233,2,81,2,1,1,25,737.685,0
11,0,14,0,5973,129,46,36,1,2,1,15,588.61,0
10,0,35,1,9000,116,146,44,3,1,1,30,948.64,0
18,0,39,3,9420,127,151,45,3,1,1,30,985.88,0
2,0,34,0,3833,57,0,31,2,1,1,25,175.05,0
4,0,35,0,1818,42,0,11,3,1,2,30,74.4,0
0,0,36,0,4020,76,0,20,3,1,1,30,163.84,0
9,0,39,1,3103,69,10,33,2,1,1,25,187.74,0
0,0,24,0,663,23,2,51,4,1,1,45,22.15,0
8,0,44,0,1095,22,30,14,3,1,2,30,164.68,0
0,0,25,0,710,4,0,1,4,1,2,45,17.85,0
0,0,39,0,318,5,7,4,2,1,2,25,46.035,0
14,0,42,2,6283,104,19,16,3,1,1,30,331.48,0
4,0,9,1,4580,41,224,13,3,1,1,30,1080.84,0
0,0,34,0,1475,44,63,22,3,1,2,30,312.76,0
0,0,20,0,0,0,4,0,4,1,2,45,10.0,0
13,0,12,3,5405,57,230,12,3,1,1,30,1138.48,0
11,0,31,1,2053,53,48,75,5,1,1,55,103.59,0
6,0,35,2,11760,158,25,60,3,1,1,30,576.72,0
7,0,41,0,3893,66,2,34,1,1,1,15,228.745,0
1,0,35,0,1420,41,36,20,3,1,1,30,202.44,0
9,0,26,0,820,27,1,15,2,1,1,25,42.615,0
0,0,6,0,3375,23,183,8,3,1,1,30,867.92,0
6,0,38,1,3285,28,492,11,3,1,1,30,2100.52,0
27,0,31,3,16265,239,9,83,2,1,1,25,783.18,0
7,0,31,0,8730,113,127,37,3,1,1,30,861.72,0
0,0,32,0,450,4,0,2,2,1,2,25,20.43,0
2,0,8,0,4275,34,183,6,3,1,1,30,904.36,0
3,0,35,2,6840,118,275,36,2,2,1,25,1550.61,0
0,0,31,0,0,0,0,0,3,1,1,30,0.0,0
5,0,38,1,4325,82,0,22,3,1,1,30,176.28,0
0,0,30,0,0,0,0,0,4,1,1,45,0.0,0
6,0,37,2,3260,34,39,20,4,1,1,45,179.85,0
8,0,36,3,7205,109,53,28,5,1,1,55,189.21,0
4,0,42,0,2315,43,293,22,3,1,1,30,1266.32,0
5,0,39,0,4245,73,9,20,2,1,1,25,234.81,0
4,0,39,0,13648,171,4,47,3,1,1,30,568.76,0
8,0,36,1,3025,56,177,23,2,1,1,25,935.145,0
5,0,10,0,8448,157,55,33,4,1,1,45,352.625,0
0,0,25,0,1010,30,186,9,2,2,1,25,883.8,0
0,0,34,1,1963,29,14,19,3,1,1,30,135.68,0
0,0,35,0,2675,15,444,2,3,1,1,30,1883.6,0
0,0,30,0,1828,42,0,25,1,1,1,15,102.85,0
16,0,29,0,1005,31,17,9,3,1,2,30,109.44,0
0,0,24,0,3035,61,33,25,3,1,1,30,255.84,0
0,0,37,0,0,0,0,0,2,1,2,25,0.0,0
14,0,12,0,6392,135,77,41,1,2,1,15,782.485,0
7,0,28,2,3645,73,47,29,4,1,1,45,210.45,0
0,0,14,0,1948,29,3,2,3,1,1,30,91.08,0
5,0,40,0,2098,54,7,20,2,1,1,25,128.34,0
6,0,37,0,1858,25,7,4,3,1,1,30,103.32,0
5,0,36,1,2545,18,7,6,3,1,1,30,130.52,0
0,0,30,0,7203,115,369,40,2,1,1,25,1989.81,0
17,0,27,1,15710,229,0,76,2,1,1,25,717.255,0
2,0,36,0,4210,77,0,23,3,1,1,30,171.48,0
7,0,27,0,100,15,0,3,2,1,2,25,5.175,0
19,0,17,1,9427,178,89,45,5,1,1,55,277.575,0
0,0,37,1,0,0,0,0,5,1,1,55,0.0,0
5,0,35,1,305,6,7,2,5,1,1,55,15.165,0
6,0,35,1,8620,114,128,38,3,1,1,30,861.36,0
22,0,35,8,10840,98,2,40,4,1,1,45,278.45,0
19,0,19,2,6453,144,90,44,2,2,1,25,701.865,0
7,0,37,1,11465,154,11,47,4,1,1,45,317.975,0
4,0,39,2,3210,33,515,12,4,1,1,45,1368.575,0
18,0,29,0,1195,32,26,12,3,1,2,30,153.08,0
10,0,39,2,3805,38,491,8,3,1,1,30,2117.72,0
0,0,29,2,6480,102,253,26,2,2,1,25,1434.69,0
11,0,33,2,1873,51,45,71,5,1,1,55,96.36,0
4,0,27,1,1315,36,193,11,2,2,1,25,929.295,0
3,0,34,0,2280,37,275,14,3,1,1,30,1192.68,0
12,0,28,0,1405,40,30,18,2,1,1,25,200.025,0
13,0,27,1,1340,37,17,12,2,1,1,25,138.465,0
13,0,38,2,12175,165,19,47,4,1,1,45,356.0,0
10,0,19,3,3033,53,42,24,3,1,1,30,291.44,0
12,0,39,1,15600,187,148,29,2,1,1,25,1376.415,0
0,0,35,0,2435,17,0,16,3,1,1,30,98.08,0
16,0,30,0,1120,37,49,13,3,1,2,30,242.28,0
0,0,31,0,3233,68,0,21,2,1,1,25,148.545,0
11,0,41,2,6338,107,46,18,3,1,1,30,441.8,0
6,0,38,0,5918,95,7,12,3,1,1,30,268.52,0
0,0,35,0,10560,138,0,30,3,1,1,30,427.92,0
28,0,38,9,10930,100,17,47,5,1,1,55,190.95,0
13,0,20,1,6087,141,86,41,2,2,1,25,667.26,0
17,0,17,1,9238,177,80,42,5,1,1,55,261.225,0
5,0,43,1,2393,64,10,34,2,1,1,25,155.565,0
0,0,37,0,0,0,0,0,2,1,2,25,0.0,0
10,0,43,1,2878,72,20,40,2,1,1,25,222.75,0
6,0,37,0,1853,50,338,9,2,1,1,25,1606.635,0
0,0,31,0,1668,19,0,5,3,1,1,30,67.48,0
1,0,41,1,2790,27,484,7,3,1,1,30,2048.68,0
7,0,34,0,4290,69,0,13,2,1,1,25,196.155,0
8,0,40,3,703,13,16,6,5,1,1,55,34.74,0
0,0,25,0,1010,30,186,9,2,2,1,25,883.8,0
5,0,13,0,8437,164,57,35,4,1,1,45,357.525,0
7,0,33,0,1890,48,35,18,3,1,2,30,217.52,0
0,0,6,0,3970,28,176,4,2,1,1,25,971.91,0
2,0,29,0,1005,18,32,8,4,1,2,45,105.575,0
12,0,29,0,405,21,7,2,3,1,2,30,45.04,0
17,0,34,1,14775,216,42,28,2,1,1,25,863.595,0
9,0,12,0,5908,127,67,35,1,2,1,15,700.425,0
21,0,20,3,6813,153,124,48,2,2,1,25,871.47,0
2,0,33,0,2088,51,347,20,2,1,1,25,1657.755,0
0,0,30,0,0,0,0,0,2,1,2,25,0.0,0
12,0,39,1,15545,185,155,32,2,1,1,25,1405.35,0
20,0,36,2,14835,219,47,30,3,1,1,30,790.16,0
0,0,29,0,6420,88,2,18,4,1,1,45,167.7,0
14,0,25,2,1825,42,40,28,2,1,1,25,264.015,0
3,0,39,0,1848,33,11,11,3,1,1,30,119.24,0
5,0,36,1,3963,85,7,28,3,1,1,30,189.92,0
2,0,33,0,3095,21,475,7,3,1,1,30,2024.64,0
15,0,43,2,15870,190,167,36,2,1,1,25,1474.2,0
0,0,21,0,825,4,13,2,4,1,2,45,53.225,0
1,0,30,0,2520,43,160,17,2,1,1,25,835.335,0
9,0,40,0,1205,21,29,13,3,1,2,30,165.04,0
6,0,23,1,3450,65,7,21,3,1,1,30,168.6,0
0,0,37,0,875,14,0,11,2,1,2,25,40.005,0
0,0,28,0,2455,14,0,8,3,1,1,30,98.76,0
15,0,38,3,4375,92,53,43,3,1,1,30,390.68,0
5,0,42,2,6500,92,194,27,3,1,1,30,1039.68,0
6,0,36,0,935,18,10,6,3,1,2,30,78.12,0
16,0,17,1,6392,141,85,42,2,2,1,25,676.485,0
0,0,35,0,0,0,0,0,2,1,2,25,0.0,0
10,0,42,0,2318,56,18,21,3,1,2,30,166.96,0
0,0,34,0,0,0,0,0,3,1,1,30,0.0,0
8,0,37,0,2263,59,350,21,3,1,1,30,1492.88,0
7,0,36,1,4665,75,19,30,2,1,1,25,298.8,0
0,0,36,0,1423,22,0,6,3,1,1,30,57.8,0
5,0,40,1,2800,23,469,9,3,1,1,30,1988.92,0
8,0,37,1,6718,75,108,37,2,1,1,25,791.685,0
26,0,38,9,10740,99,8,44,5,1,1,55,174.585,0
0,0,34,0,2813,66,0,11,2,1,1,25,129.555,0
0,0,35,0,2760,65,0,26,2,1,1,25,127.125,0
16,0,44,2,4583,74,18,41,1,1,1,15,355.135,0
6,0,34,3,6965,116,271,33,2,2,1,25,1538.145,0
0,0,29,0,2840,16,0,13,3,1,1,30,114.24,0
13,0,40,3,3265,55,313,35,4,1,1,45,865.5,0
9,0,39,0,3793,61,0,37,1,1,1,15,211.97,0
0,0,19,0,0,0,0,0,2,1,2,25,0.0,0
9,0,28,1,1873,45,37,70,5,1,1,55,84.27,0
0,0,30,0,2530,11,461,7,3,1,1,30,1945.64,0
23,0,24,3,6697,153,100,45,2,2,1,25,758.25,0
26,0,40,2,14845,221,40,19,3,1,1,30,762.64,0
16,0,38,2,5933,103,24,23,2,1,1,25,379.62,0
0,0,24,0,520,4,14,1,4,1,2,45,48.1,0
0,0,22,0,0,0,11,0,4,1,2,45,27.5,0
4,0,36,0,1933,48,1,15,3,1,2,30,83.24,0
14,0,46,3,3660,43,505,16,4,1,1,45,1355.075,0
8,0,37,0,4255,65,0,13,2,1,1,25,194.4,0
5,0,32,1,3763,78,7,24,2,1,1,25,204.345,0
2,0,10,1,2468,37,14,13,3,1,1,30,156.2,0
11,0,37,1,15730,185,152,30,2,1,1,25,1400.175,0
7,0,24,1,1620,36,192,12,2,2,1,25,938.52,0
12,0,14,0,8818,165,41,36,4,1,1,45,327.075,0
4,0,33,0,1973,25,0,7,3,1,1,30,79.92,0
0,0,32,0,325,6,0,2,2,1,2,25,14.895,0
25,0,39,4,15255,231,86,36,3,1,1,30,963.44,0
30,0,40,4,15445,231,61,34,3,2,1,30,871.04,0
11,0,35,3,7155,116,246,31,2,2,1,25,1434.195,0
10,0,39,1,3370,77,14,30,3,1,1,30,193.88,0
5,0,30,1,1648,41,40,72,4,1,1,45,142.225,0
0,0,31,0,2055,27,270,15,3,1,1,30,1163.28,0
1,0,34,0,2840,22,0,14,3,1,1,30,114.48,0
13,0,17,3,3043,45,7,17,3,1,1,30,151.52,0
3,0,14,2,2547,39,24,17,3,1,1,30,199.44,0
16,0,40,3,14678,185,28,61,3,1,1,30,706.52,0
0,0,34,0,0,0,0,0,5,1,1,55,0.0,0
17,0,36,3,6418,108,47,39,2,1,1,25,505.17,0
10,0,45,2,2698,70,17,36,2,1,1,25,201.06,0
6,0,16,3,2662,44,22,16,3,1,1,30,196.24,0
12,0,36,1,4595,75,7,15,3,1,1,30,214.8,0
8,0,37,1,6718,75,108,37,2,1,1,25,791.685,0
11,0,38,3,5115,93,23,40,3,1,1,30,300.32,0
0,0,30,1,6600,107,259,29,2,2,1,25,1467.315,0
17,0,34,1,6043,102,23,22,2,1,1,25,380.025,0
11,0,38,1,3775,82,32,28,3,1,1,30,282.28,0
0,0,39,1,6275,82,189,28,3,1,1,30,1010.28,0
25,0,27,3,16120,234,7,76,2,1,1,25,767.43,0
13,0,35,0,4503,66,0,36,1,1,1,15,251.295,0
2,0,35,2,6795,90,200,39,3,1,1,30,1075.4,0
10,0,34,0,1390,26,43,11,4,1,2,45,142.9,0
1,0,32,0,7508,121,376,42,2,1,1,25,2035.305,0
0,0,33,0,3298,70,0,22,2,1,1,25,151.56,0
0,0,31,0,6725,94,9,20,4,1,1,45,192.975,0
10,0,44,2,7813,139,399,46,3,1,1,30,1914.08,0
7,0,38,1,4023,88,9,30,3,1,1,30,200.44,0
0,0,31,0,0,0,0,0,5,1,1,55,0.0,0
0,0,27,0,6525,87,0,16,4,1,1,45,165.3,0
0,0,29,1,1090,32,196,13,2,2,1,25,932.49,0
4,0,37,0,1475,24,21,26,2,1,2,25,161.955,0
11,0,41,2,7873,136,396,47,3,1,1,30,1904.36,0
0,0,26,1,1125,36,218,13,2,2,1,25,1033.245,0
15,0,27,1,1530,38,26,15,2,1,1,25,187.56,0
11,0,15,0,6088,135,78,40,1,2,1,15,771.265,0
1,0,33,1,6540,94,12,22,4,1,1,45,195.85,0
0,0,12,0,1310,18,11,8,2,1,1,25,109.26,0
12,0,39,1,6628,106,15,12,3,1,1,30,329.36,0
2,0,41,0,628,13,17,5,4,1,2,45,58.525,1
0,1,30,0,0,0,0,0,5,1,1,55,0.0,1
14,0,36,0,3180,41,7,14,3,1,2,30,156.84,1
0,0,33,0,0,0,0,0,2,1,2,25,0.0,1
17,1,39,2,3355,50,21,20,3,1,1,30,220.2,1
1,0,40,0,213,4,10,6,3,1,2,30,48.68,1
8,0,37,0,1863,39,16,33,3,1,2,30,140.08,1
8,0,34,0,5513,92,19,22,2,1,1,25,337.725,1
7,1,30,0,2990,35,1,15,2,1,2,25,140.625,1
4,0,33,0,1848,32,0,25,3,1,2,30,75.2,1
0,0,30,0,0,0,0,0,2,1,2,25,0.0,1
6,0,6,1,1792,19,0,8,3,1,1,30,72.44,1
11,0,39,0,1643,24,24,6,4,1,2,45,101.675,1
2,1,33,0,1960,48,52,33,3,1,2,30,288.32,1
18,1,27,0,695,37,1,11,2,1,2,25,37.44,1
0,0,33,0,0,0,0,0,3,1,2,30,0.0,1
9,1,15,3,1873,27,17,13,3,1,1,30,144.0,1
0,0,34,0,513,2,11,5,4,1,2,45,40.375,1
8,1,15,2,1748,29,15,13,3,1,1,30,131.08,1
5,1,37,0,2765,37,12,18,2,1,2,25,180.09,1
4,0,34,0,1963,38,27,29,3,1,2,30,188.04,1
8,1,34,0,5513,92,19,22,2,1,1,25,337.725,1
19,1,44,0,2833,60,56,39,4,1,2,45,212.325,1
8,0,33,0,5398,86,0,18,2,1,1,25,246.78,1
5,1,32,0,5453,89,14,20,2,1,1,25,312.39,1
4,0,36,0,733,12,21,17,3,1,2,30,113.8,1
17,0,40,2,2633,53,46,35,4,1,1,45,182.15,1
5,0,32,0,305,6,7,2,3,1,2,30,40.44,1
6,1,42,0,1013,15,26,10,4,1,2,45,90.7,1
12,0,37,1,3050,44,14,18,3,1,1,30,179.76,1
0,1,30,0,0,0,0,0,4,1,2,45,0.0,1
23,1,37,0,910,51,24,21,2,1,2,25,151.245,1
0,0,37,0,0,0,0,0,2,1,2,25,0.0,1
8,1,40,2,993,16,21,8,4,1,1,45,77.725,1
0,0,39,0,0,0,0,0,2,1,2,25,0.0,1
0,0,7,0,1428,16,0,5,3,1,1,30,57.76,1
0,0,37,0,248,8,32,6,3,1,2,30,138.24,1
0,0,37,0,0,0,0,0,2,1,2,25,0.0,1
14,0,40,2,5898,100,36,28,2,1,1,25,431.91,1
0,0,36,0,0,0,0,0,3,1,2,30,0.0,1
0,0,28,0,0,0,0,0,2,1,2,25,0.0,1
30,1,35,0,1450,54,32,22,3,1,2,30,188.16,1
2,0,40,0,180,8,11,5,2,1,2,25,57.96,1
5,0,32,0,305,6,7,2,4,1,2,45,25.275,1
1,1,9,1,1243,16,0,7,3,1,1,30,50.36,1
9,1,35,0,2990,41,9,16,3,1,2,30,157.24,1
10,0,14,2,1973,33,18,14,3,1,1,30,152.24,1
11,1,35,0,3180,42,18,19,3,1,2,30,200.88,1
5,0,39,0,305,6,7,2,2,1,2,25,45.495,1
1,0,6,1,1308,11,0,2,3,1,1,30,52.76,1
0,0,37,0,743,13,41,8,4,1,2,45,121.4,1
2,0,36,0,323,3,9,5,3,1,2,30,49.04,1
7,0,36,0,2078,43,25,28,3,1,2,30,184.84,1
6,1,36,0,2865,43,13,19,2,1,2,25,189.36,1
0,0,36,0,0,0,25,0,2,1,2,25,112.5,1
0,1,36,0,628,7,9,4,4,1,2,45,38.375,1
5,0,39,0,553,14,39,8,3,1,2,30,178.68,1
5,0,36,0,1668,34,13,16,3,1,2,30,120.08,1
7,0,44,0,305,12,15,3,3,1,2,30,72.68,1
10,0,34,0,5758,95,21,22,2,1,1,25,357.885,1
23,1,34,0,1070,53,48,21,3,1,2,30,236.92,1
17,0,27,0,570,39,0,11,2,1,2,25,27.405,1
10,0,39,0,3070,43,19,20,3,1,2,30,200.52,1
4,0,35,0,2078,44,59,33,3,1,2,30,320.88,1
10,0,34,0,3395,46,10,14,3,1,2,30,177.64,1
7,0,31,0,50,2,0,1,2,1,2,25,2.34,1
6,1,32,2,1315,42,201,12,3,2,1,30,858.28,1
0,1,24,0,765,7,16,1,4,1,2,45,59.3,1
6,1,34,0,2153,39,36,32,3,1,2,30,231.68,1
10,1,40,0,2348,46,44,35,3,1,2,30,271.76,1
3,0,35,0,1558,33,9,31,3,1,2,30,99.64,1
3,0,9,1,1487,19,0,7,3,1,1,30,60.24,1
16,0,33,1,6123,98,25,25,2,1,1,25,392.445,1
7,1,35,0,2265,54,59,35,3,1,2,30,328.76,1
0,0,34,0,0,0,0,0,2,1,2,25,0.0,1
0,0,34,0,0,0,0,0,3,1,2,30,0.0,1
19,0,35,0,730,43,19,19,2,1,2,25,120.285,1
0,1,34,0,323,1,2,2,4,1,2,45,13.1,1
12,0,33,0,2573,44,33,32,3,1,2,30,236.68,1
0,1,34,0,1363,28,6,14,3,1,2,30,79.64,1
10,0,39,1,5513,98,27,23,2,1,1,25,373.995,1
8,1,30,0,5558,88,11,18,2,1,1,25,303.57,1
0,1,30,0,0,0,0,0,2,1,2,25,0.0,1
0,0,36,0,0,0,0,0,3,1,1,30,0.0,1
12,0,38,0,2383,49,32,30,4,1,2,45,140.8,1
0,0,38,0,0,0,3,0,3,1,2,30,12.0,1
16,0,28,0,470,33,0,10,2,1,2,25,22.635,1
2,0,31,0,1783,30,16,24,3,1,2,30,136.52,1
12,0,37,1,5413,93,8,26,2,1,1,25,283.77,1
7,0,39,0,495,7,16,5,2,1,2,25,94.59,1
4,0,8,1,1892,24,1,5,3,1,1,30,80.64,1
3,0,10,2,1603,25,32,11,3,1,1,30,193.12,1
6,1,31,0,5333,84,8,17,2,1,1,25,279.765,1
0,0,31,0,0,0,0,0,2,1,2,25,0.0,1
18,0,37,1,6008,98,7,22,2,1,1,25,306.27,1
0,0,38,0,115,6,32,4,2,1,2,25,149.445,1
0,0,32,0,0,0,0,0,2,1,2,25,0.0,1
4,0,37,0,600,10,21,15,2,1,2,25,121.95,1
6,1,37,0,2143,46,38,34,3,1,2,30,239.56,1
0,1,28,0,1703,28,12,23,3,1,2,30,117.24,1
27,1,33,0,1555,57,37,32,3,1,2,30,212.48,1
0,1,27,0,2425,25,0,8,2,1,2,25,110.25,1
1,0,32,0,1903,35,22,27,3,1,2,30,165.52,1
0,0,3,0,1103,11,0,1,2,1,1,25,50.13,1
5,0,38,0,305,6,7,2,4,1,2,45,25.275,1
23,1,33,0,955,47,16,17,2,1,2,25,117.09,1
11,1,36,1,5573,95,24,24,2,1,1,25,363.06,1
0,1,32,0,0,0,0,0,2,1,2,25,0.0,1
7,0,41,0,1113,21,27,11,4,1,2,45,95.85,1
11,1,36,0,2513,47,36,31,3,1,2,30,246.4,1
7,0,38,0,1123,14,25,9,4,1,2,45,90.925,1
0,0,36,0,133,2,0,2,3,1,2,30,5.4,1
28,1,39,0,1215,57,31,23,3,1,2,30,174.88,1
19,0,33,0,355,37,0,2,2,1,2,25,17.64,1
0,0,35,0,0,0,0,0,2,1,2,25,0.0,1
0,0,3,0,1182,7,0,4,2,1,1,25,53.505,1
12,0,35,0,2393,42,30,28,4,1,2,45,135.875,1
0,1,34,0,0,0,0,0,3,1,2,30,0.0,1
1,0,41,0,80,2,10,4,2,1,2,25,48.69,1
8,1,36,0,2585,36,0,18,3,1,2,30,104.84,1
0,0,8,0,777,8,0,7,3,1,1,30,31.4,1
12,0,37,0,3105,46,7,15,3,1,2,30,154.04,1
8,0,32,0,2188,42,24,27,3,1,2,30,185.2,1
25,1,33,0,1200,50,18,17,3,1,2,30,122.0,1
14,1,41,0,3250,51,24,22,3,1,2,30,228.04,1
0,0,37,0,223,2,0,6,4,1,2,45,5.625,1
4,0,13,2,1568,21,10,11,3,1,1,30,103.56,1
0,0,32,0,0,0,0,0,4,1,2,45,0.0,1
12,1,37,0,2570,60,66,37,4,1,2,45,230.75,1
7,1,7,1,1713,23,7,5,3,1,1,30,97.44,1
10,1,35,0,2673,49,35,29,3,1,2,30,248.88,1
9,0,38,0,1533,23,37,21,4,1,2,45,131.4,1
8,1,31,0,2910,39,0,12,3,1,2,30,117.96,1
8,1,11,2,1792,25,7,9,3,1,1,30,100.68,1
2,1,33,0,2495,34,0,11,2,1,2,25,113.805,1
6,1,37,0,1338,18,17,4,4,1,2,45,76.4,1
20,1,34,0,830,49,20,20,2,1,2,25,129.555,1
21,1,28,0,955,41,8,16,2,1,2,25,80.82,1
21,1,30,0,775,39,5,12,2,1,2,25,59.13,1
8,1,12,3,1908,31,39,13,3,1,1,30,233.56,1
5,0,34,0,305,6,7,2,3,1,2,30,40.44,1
0,1,37,0,503,9,13,7,4,1,2,45,45.3,1
9,0,31,0,3035,37,7,12,3,1,2,30,150.88,1
0,0,37,0,0,0,0,0,2,1,2,25,0.0,1
16,1,37,0,3485,48,25,21,3,1,2,30,241.32,1
5,0,35,0,305,6,7,2,4,1,2,45,25.275,1
6,0,39,0,1963,44,35,30,3,1,2,30,220.28,1
2,0,39,0,808,15,20,9,4,1,2,45,70.575,1
30,0,38,0,1440,61,34,24,3,1,2,30,196.04,1
2,0,34,0,1773,37,18,26,3,1,2,30,144.4,1
9,0,36,0,2268,44,34,31,3,1,2,30,228.48,1
11,0,35,0,3235,44,11,16,3,1,2,30,175.16,1
9,0,38,0,1038,18,28,19,3,1,2,30,154.24,1
10,0,44,0,698,18,22,10,3,1,2,30,116.64,1
14,0,37,0,2458,44,9,29,3,1,2,30,136.08,1
0,0,31,0,628,1,1,3,4,1,2,45,18.225,1
14,1,37,0,3295,47,16,18,3,1,2,30,197.68,1
3,1,34,0,2280,30,0,16,2,1,2,25,103.95,1
26,1,32,0,1080,45,12,14,3,1,2,30,93.0,1
11,1,36,0,2458,45,43,34,3,1,2,30,272.12,1
33,1,41,0,1520,63,38,25,3,1,2,30,215.32,1
10,0,16,3,1792,31,15,10,3,1,1,30,132.92,1
0,1,9,0,888,9,0,3,3,1,1,30,35.88,1
18,0,38,0,3173,60,62,48,4,1,2,45,235.825,1
5,0,38,0,438,8,7,4,3,1,2,30,45.84,1
7,1,36,0,2023,41,32,31,3,1,1,30,210.56,1
9,1,34,0,2875,35,0,12,2,1,2,25,130.95,1
5,0,42,0,393,12,15,8,3,1,2,30,76.2,1
0,1,33,0,0,0,0,0,2,1,2,25,0.0,1
8,0,40,2,498,11,12,6,3,1,1,30,68.36,1
16,1,40,0,3475,55,27,23,3,1,2,30,249.2,1
5,0,36,0,305,6,7,2,3,1,2,30,40.44,1
11,1,33,1,5638,90,15,19,2,1,1,25,325.26,1
3,1,8,0,1373,13,0,3,2,1,1,25,62.37,1
3,0,9,1,1488,19,0,7,3,1,1,30,60.28,1
18,0,31,0,650,41,9,15,2,1,2,25,71.595,1
9,1,39,0,2945,45,17,20,3,1,2,30,187.6,1
0,1,3,0,1228,9,0,1,2,1,1,25,55.665,1
4,1,34,0,2800,41,34,18,3,1,2,30,249.64,1
0,1,36,0,0,0,0,0,2,1,2,25,0.0,1
0,1,35,0,295,4,14,13,2,1,2,25,76.455,1
0,0,31,0,0,0,0,0,2,1,2,25,0.0,1
3,0,33,0,438,2,0,3,3,1,2,30,17.6,1
0,0,35,0,0,0,25,0,3,1,2,30,100.0,1
8,1,11,2,1793,25,7,9,3,1,1,30,100.72,1
16,0,26,0,650,35,1,14,2,1,2,25,35.325,1
0,1,7,0,1183,13,0,5,2,1,2,25,53.82,1
0,1,25,0,1010,30,186,9,2,2,1,25,883.8,1
0,0,37,0,0,0,0,0,2,1,2,25,0.0,1
0,0,35,0,0,0,2,0,2,1,2,25,9.0,1
14,1,38,0,2573,50,41,33,4,1,2,45,168.075,1
0,0,38,0,0,0,0,0,2,1,2,25,0.0,1
0,1,38,0,403,3,12,6,4,1,2,45,40.15,1
18,0,31,0,650,41,9,15,2,1,2,25,71.595,1
2,0,37,0,190,1,9,3,2,1,2,25,49.095,1
0,1,34,0,0,0,0,0,3,1,2,30,0.0,1
7,0,32,0,2810,33,0,11,3,1,2,30,113.72,1
5,0,39,0,305,6,7,2,2,1,2,25,45.495,1
0,0,3,0,0,0,0,0,2,1,1,25,0.0,1
14,1,38,0,2573,50,41,33,4,1,2,45,168.075,1
0,0,35,0,0,0,0,0,2,1,2,25,0.0,1
13,1,36,1,5818,98,26,24,2,1,1,25,383.22,1
5,0,42,0,888,17,24,10,4,1,2,45,82.625,1
0,0,37,0,0,0,0,0,2,1,2,25,0.0,1
0,0,36,0,0,0,1,0,2,1,2,25,4.5,1
0,0,39,0,0,0,1,0,3,1,2,30,4.0,1
3,0,28,0,5253,82,4,16,2,1,1,25,258.075,1
6,1,11,2,1548,22,5,9,3,1,1,30,82.8,1
24,0,32,0,1360,52,17,15,2,1,2,25,140.04,1
2,1,30,0,2505,27,0,9,2,1,2,25,113.94,1
0,0,29,0,0,0,0,0,3,1,2,30,0.0,1
0,0,28,0,0,0,0,0,3,1,2,30,0.0,1
0,0,35,0,0,0,0,0,4,1,2,45,0.0,1
12,1,32,0,3295,41,8,17,3,1,2,30,165.44,1
5,0,33,0,305,6,7,2,2,1,2,25,45.495,1
1,1,43,0,398,7,17,8,3,1,2,30,84.2,1
0,0,36,0,438,6,0,1,4,1,2,45,11.1,1
0,0,34,0,0,0,0,0,2,1,2,25,0.0,1
10,0,37,0,2695,37,7,3,3,1,2,30,137.28,1
19,1,43,0,3555,57,31,24,3,1,2,30,268.48,1
8,1,35,1,5628,98,51,26,2,1,1,25,487.17,1
1,0,9,1,1297,18,0,4,3,1,1,30,52.6,1
0,0,33,0,2085,25,0,9,2,1,2,25,94.95,1
7,0,38,0,628,9,16,7,3,1,2,30,89.48,1
5,1,38,0,305,6,7,2,3,1,2,30,40.44,1
22,0,29,0,875,45,6,13,2,1,2,25,68.4,1
0,0,40,0,88,6,8,6,3,1,2,30,35.76,1
7,1,33,0,2088,36,23,26,3,1,2,30,176.96,1
6,0,43,0,385,8,17,6,2,1,2,25,94.185,1
25,1,33,0,1145,48,25,20,2,1,2,25,166.185,1
6,0,33,0,2875,36,11,17,2,1,2,25,180.495,1
0,0,30,0,0,0,0,0,2,1,2,25,0.0,1
0,1,31,0,0,0,0,0,2,1,2,25,0.0,1
5,0,38,0,438,8,7,4,3,1,2,30,45.84,1
5,0,35,0,2390,31,0,1,3,1,2,30,96.84,1
11,1,39,0,2448,52,45,36,3,1,2,30,280.0,1
5,0,38,0,933,13,16,6,4,1,2,45,63.65,1
24,0,35,0,660,43,7,4,3,1,2,30,56.12,1
3,0,38,0,743,12,7,3,4,1,2,45,36.375,1
7,0,43,0,933,19,24,7,4,1,2,45,83.8,1
13,0,17,3,2053,35,22,15,3,1,1,30,171.52,1
0,0,34,0,0,0,0,0,3,1,2,30,0.0,1
18,0,30,0,535,35,0,11,2,1,2,25,25.65,1
20,1,38,0,4005,58,24,18,3,1,2,30,258.52,1
3,0,38,1,193,5,5,4,3,1,1,30,27.92,1
0,1,7,0,1372,14,2,8,2,1,1,25,71.37,1
14,1,42,0,2528,54,49,37,4,1,2,45,187.05,1
4,1,27,1,1315,36,193,11,2,2,1,25,929.295,1
3,0,13,1,1443,23,8,11,3,1,1,30,90.64,1
15,0,36,1,6008,99,35,27,2,1,1,25,432.315,1
10,1,44,0,1193,23,31,12,4,1,2,45,107.9,1
5,0,39,0,305,6,7,2,2,1,2,25,45.495,1
0,1,30,0,0,0,0,0,4,1,2,45,0.0,1
16,1,43,0,2573,56,49,34,4,1,2,45,188.225,1
0,0,29,0,0,0,0,0,2,1,2,25,0.0,1
11,0,40,0,1015,17,15,2,3,1,2,30,101.28,1
8,0,41,2,365,9,12,4,3,1,1,30,62.96,1
11,0,39,0,1148,19,15,4,3,1,2,30,106.68,1
0,1,5,0,1123,10,0,3,2,1,2,25,50.985,1
7,0,30,0,5433,90,9,18,2,1,1,25,289.035,1
13,0,36,1,5818,98,26,24,2,1,1,25,383.22,1
0,0,38,0,0,0,4,0,2,1,2,25,18.0,1
0,0,30,0,0,0,0,0,3,1,2,30,0.0,1
5,1,14,2,1487,25,8,8,3,1,1,30,92.48,1
0,0,7,0,1182,13,0,5,2,1,1,25,53.775,1
26,1,35,0,1070,52,14,16,3,1,2,30,100.88,1
5,1,9,1,1733,22,7,7,3,1,1,30,98.2,1
0,0,33,0,0,0,0,0,4,1,2,45,0.0,1
28,1,34,0,1145,47,7,15,2,1,2,25,85.14,1
9,1,36,0,3105,47,41,20,3,1,2,30,290.08,1
7,1,41,0,618,16,18,9,3,1,2,30,97.36,1
11,1,38,0,3170,49,20,21,3,1,2,30,208.76,1
7,0,42,0,485,14,18,7,2,1,2,25,103.455,1
28,1,35,0,1260,53,23,19,3,1,2,30,144.52,1
13,1,35,0,3590,51,30,31,3,1,2,30,265.64,1
5,0,40,0,420,12,39,6,3,1,2,30,173.28,1
5,1,38,0,933,13,16,6,4,1,2,45,63.65,1
0,0,36,0,383,4,7,4,4,1,1,45,27.175,1
0,1,10,0,1363,21,4,10,2,1,1,25,80.28,1
0,0,36,0,628,7,9,4,4,1,2,45,38.375,1
5,0,37,0,305,6,7,2,2,1,2,25,45.495,1
3,0,38,0,248,7,0,1,3,1,2,30,10.2,1
7,1,35,0,2800,40,0,13,3,1,2,30,113.6,1
11,0,40,0,2990,47,17,17,3,1,2,30,189.48,1
0,0,40,0,0,0,1,0,2,1,2,25,4.5,1
18,1,37,0,3895,57,37,33,3,1,2,30,306.08,1
0,0,35,0,0,0,0,0,2,1,2,25,0.0,1
5,1,37,0,305,6,7,2,3,1,2,30,40.44,1
22,1,30,0,1715,42,25,9,3,1,2,30,170.28,1
2,0,28,0,2685,29,0,13,2,1,2,25,122.13,1
26,1,35,1,1015,50,21,19,3,1,1,30,126.6,1
4,0,36,0,1228,17,30,19,4,1,2,45,106.125,1
20,0,36,0,650,47,17,16,3,1,2,30,95.88,1
28,1,36,0,1375,59,55,23,3,1,2,30,277.36,1
0,1,34,0,0,0,0,0,3,1,2,30,0.0,1
0,0,33,0,1253,27,2,29,3,1,2,30,59.2,1
0,0,42,0,0,0,8,0,2,1,2,25,36.0,1
0,0,34,0,0,0,2,0,3,1,2,30,8.0,1
0,0,7,0,0,0,0,0,2,1,1,25,0.0,1
0,0,4,0,1003,5,0,4,2,1,1,25,45.36,1
10,0,37,0,5693,100,30,27,2,1,1,25,395.685,1
15,1,41,0,3375,49,26,22,3,1,2,30,240.96,1
9,0,35,0,2990,41,9,16,3,1,2,30,157.24,1
18,0,32,0,765,47,41,19,3,1,2,30,196.48,1
1,1,31,0,2625,32,0,12,2,1,2,25,119.565,1
0,0,26,0,825,10,21,3,4,1,2,45,73.375,1
6,1,38,0,2685,41,10,15,3,1,2,30,149.04,1
0,1,35,0,0,0,0,0,2,1,2,25,0.0,1
0,0,6,0,472,2,0,5,2,1,1,25,21.33,1
0,0,36,0,133,2,0,2,3,1,2,30,5.4,1
0,1,28,0,0,0,0,0,4,1,1,45,0.0,1
14,1,12,3,2502,36,15,9,3,1,1,30,161.52,1
0,0,35,0,513,1,0,3,4,1,2,45,12.85,1
0,0,32,0,263,1,0,1,3,1,2,30,10.56,1
27,1,31,0,1180,51,13,15,3,1,2,30,101.24,1
0,1,11,1,1263,15,3,9,3,1,1,30,63.12,1
22,0,34,0,550,42,0,19,3,1,2,30,23.68,1
10,0,38,0,1973,40,20,18,3,1,2,30,160.52,1
7,0,43,0,438,14,15,5,3,1,2,30,78.08,1
23,1,33,0,955,47,16,17,2,1,2,25,117.09,1
3,0,38,1,688,10,14,6,4,1,1,45,52.45,1
14,0,38,0,5523,94,12,11,2,1,1,25,306.765,1
11,0,31,0,5818,92,18,23,2,1,1,25,346.95,1
25,1,38,0,955,53,24,18,3,1,2,30,136.32,1
1,1,40,0,708,9,19,8,4,1,2,45,65.425,1
4,1,30,0,2008,34,19,25,3,1,2,30,157.68,1
0,0,31,0,0,0,0,0,4,1,2,45,0.0,1
7,1,31,0,2268,38,26,30,3,1,2,30,196.24,1
1,0,4,0,1487,13,0,6,2,1,1,25,67.5,1
5,0,38,0,305,6,7,2,2,1,2,25,45.495,1
29,1,39,0,1340,55,33,23,3,1,2,30,187.8,1
0,0,32,0,0,0,0,0,2,1,2,25,0.0,1
0,0,33,0,0,0,0,0,3,1,2,30,0.0,1
21,0,33,0,765,46,7,14,2,1,2,25,67.995,1
4,0,29,0,2730,31,0,10,2,1,2,25,124.245,1
10,0,34,0,5703,93,28,25,2,1,1,25,386.82,1
13,1,36,1,5818,98,26,24,2,1,1,25,383.22,1
23,0,29,0,1000,43,8,13,2,1,2,25,82.935,1
1,0,35,0,538,7,1,1,3,1,2,30,25.8,1
6,0,33,0,2930,38,4,14,2,1,2,25,151.56,1
11,1,41,0,2268,50,42,32,4,1,2,45,162.95,1
31,1,37,2,1320,56,28,21,3,1,1,30,167.04,1
2,1,10,1,1082,14,0,9,3,1,1,30,43.84,1
3,0,30,0,1883,36,17,25,3,1,2,30,144.76,1
17,0,32,0,245,36,0,17,2,1,2,25,12.645,1
5,0,35,0,305,6,7,2,2,1,2,25,45.495,1
13,1,36,0,2868,54,55,46,3,1,2,30,336.88,1
0,0,41,0,0,0,8,0,2,1,2,25,36.0,1
0,0,37,0,0,0,0,0,3,1,2,30,0.0,1
16,1,31,0,460,40,0,12,2,1,2,25,22.5,1
0,0,34,0,568,4,4,2,4,1,2,45,24.3,1
12,1,38,1,2328,47,39,33,3,1,1,30,251.0,1
11,0,36,1,5628,97,17,21,2,1,1,25,334.125,1
13,1,25,0,390,31,0,9,2,1,2,25,18.945,1
13,0,32,1,5863,94,18,20,2,1,1,25,349.065,1
0,0,37,0,0,0,0,0,2,1,1,25,0.0,1
16,1,41,0,2753,58,52,38,4,1,2,45,200.275,1
4,0,33,0,2685,35,2,14,2,1,2,25,131.4,1
0,0,29,0,0,0,0,0,2,1,2,25,0.0,1
0,0,36,0,0,0,0,0,4,1,2,45,0.0,1
12,1,32,0,5738,96,16,20,2,1,1,25,334.53,1
0,1,32,0,0,0,0,0,3,1,2,30,0.0,1
8,0,33,0,3285,45,23,29,2,1,2,25,253.35,1
16,1,42,0,3295,53,24,19,3,1,2,30,229.92,1
14,0,38,0,3410,53,48,22,3,1,2,30,330.52,1
23,0,32,0,840,41,0,13,2,1,2,25,39.645,1
18,1,31,0,650,41,9,15,2,1,2,25,71.595,1
0,0,32,0,1975,24,0,14,2,1,2,25,89.955,1
5,1,35,0,305,6,7,2,3,1,2,30,40.44,1
6,0,34,0,5323,91,10,19,2,1,1,25,288.63,1
0,0,36,0,0,0,0,0,2,1,2,25,0.0,1
9,0,35,0,2990,41,9,16,3,1,2,30,157.24,1
9,1,36,0,2268,44,34,31,3,1,2,30,228.48,1
3,1,29,0,2605,33,0,10,2,1,2,25,118.71,1
13,1,35,0,5703,92,0,20,2,1,1,25,260.775,1
3,1,9,1,1487,19,0,7,3,1,1,30,60.24,1
0,0,34,0,0,0,0,0,2,1,2,25,0.0,1
0,0,37,0,8,4,4,5,3,1,2,30,16.48,1
9,0,10,2,2197,30,8,7,3,1,1,30,121.08,1
8,1,11,2,1792,25,7,9,3,1,1,30,100.68,1
3,1,39,1,60,3,5,2,2,1,1,25,25.335,1
12,1,11,4,2393,35,28,24,3,1,1,30,209.12,1
5,0,36,0,873,10,11,4,4,1,2,45,49.575,1
5,0,38,0,438,8,7,4,3,1,2,30,45.84,1
0,1,40,0,583,11,17,8,4,1,2,45,57.35,1
28,0,35,0,1260,53,23,19,3,1,2,30,144.52,1
9,0,37,0,2383,50,66,35,4,1,2,45,225.825,1
3,0,33,0,933,7,8,5,4,1,2,45,43.5,1
6,1,30,1,1495,44,204,16,2,2,1,25,987.255,1
2,0,5,0,1408,17,0,3,3,1,1,30,57.0,1
4,0,34,0,4913,82,0,7,2,1,1,25,224.775,1
0,0,34,0,323,1,2,2,4,1,2,45,13.1,1
5,0,39,0,1048,19,48,10,4,1,2,45,146.675,1
8,0,10,1,1678,19,7,5,3,1,1,30,95.88,1
0,0,33,0,0,0,0,0,2,1,2,25,0.0,1
6,1,8,2,1613,17,7,4,3,1,1,30,93.2,1
0,0,34,0,0,0,0,0,2,1,2,25,0.0,1
6,1,27,1,1505,37,202,14,2,2,1,25,978.39,1
6,0,29,0,5513,86,11,21,2,1,1,25,301.455,1
0,1,34,0,0,0,0,0,4,1,2,45,0.0,1
7,0,35,0,5108,87,1,24,2,1,1,25,238.275,1
12,1,34,0,3115,39,7,13,3,1,2,30,154.16,1
9,0,38,1,5593,94,29,26,2,1,1,25,386.415,1
6,0,38,0,710,11,8,2,2,1,2,25,68.445,1
0,0,36,0,628,7,9,4,4,1,2,45,38.375,1
25,1,36,0,1135,55,27,22,2,1,2,25,175.05,1
2,1,7,2,1783,23,14,20,3,1,1,30,128.24,1
0,1,6,0,1068,7,0,1,2,1,1,25,48.375,1
30,1,40,0,1260,59,31,20,3,1,2,30,176.76,1
15,0,29,0,590,38,4,13,2,1,2,25,46.26,1
0,0,39,0,0,0,3,0,2,1,2,25,13.5,1
8,1,34,0,2563,48,48,44,3,1,2,30,296.44,1
15,1,37,0,2978,55,42,31,3,1,2,30,289.32,1
9,0,35,0,2153,38,2,27,3,1,2,30,95.64,1
11,1,13,3,1853,28,12,11,3,1,1,30,123.24,1
9,0,40,0,2223,48,42,35,3,1,2,30,258.84,1
0,0,7,0,1182,13,0,5,2,1,1,25,53.775,1
34,1,36,0,1970,64,31,19,3,2,2,30,205.36,1
5,0,38,0,933,13,16,6,4,1,2,45,63.65,1
10,1,11,2,1982,26,16,12,3,1,1,30,144.32,1
13,1,34,0,2493,48,31,29,3,1,2,30,225.64,1
20,0,31,0,895,44,11,15,2,1,2,25,91.755,1
28,1,35,0,1260,53,23,19,3,1,2,30,144.52,1
5,0,32,1,305,6,7,2,5,1,1,55,15.165,1
0,0,35,0,438,7,34,6,4,1,2,45,96.125,1
0,0,35,0,0,0,0,0,2,1,2,25,0.0,1
23,0,33,0,955,47,16,17,2,1,2,25,117.09,1
5,0,39,0,305,6,7,2,2,1,2,25,45.495,1
20,0,31,0,840,42,18,18,2,1,2,25,120.69,1
32,1,35,0,1860,63,44,34,3,1,2,30,252.92,1
0,0,33,0,0,0,0,0,2,1,2,25,0.0,1
0,0,39,0,323,7,10,3,4,1,2,45,33.25,1
0,0,36,0,133,2,0,2,3,1,2,30,5.4,1
5,0,37,0,818,7,7,2,4,1,2,45,38.125,1
20,1,39,0,3283,61,49,33,4,1,2,45,206.1,1
6,0,42,0,518,10,17,8,3,1,2,30,89.12,1
2,1,39,0,313,10,11,7,3,1,2,30,56.92,1
0,1,34,0,0,0,0,0,2,1,2,25,0.0,1
22,0,31,0,1250,51,30,30,2,1,2,25,193.545,1
4,1,34,0,1963,38,27,29,3,1,2,30,188.04,1
9,1,39,0,905,16,28,17,2,1,2,25,167.445,1
4,0,33,0,2685,35,2,14,2,1,2,25,131.4,1
6,0,37,0,843,13,8,2,3,1,2,30,66.24,1
0,0,33,0,0,0,0,0,3,1,2,30,0.0,1
16,1,38,0,2763,51,50,36,4,1,2,45,195.35,1
5,1,5,0,1533,15,7,3,3,1,1,30,89.92,1
0,0,31,0,0,0,0,0,3,1,2,30,0.0,1
0,0,35,0,0,0,0,0,2,1,2,25,0.0,1
0,0,34,0,428,6,14,15,3,1,2,30,73.36,1
0,0,12,1,1182,19,1,6,3,1,1,30,52.04,1
3,1,39,2,1260,35,5,30,3,1,1,30,509.051,1
10,1,7,1,896,66,0,10,3,1,1,25,348.537,1
13,1,29,0,2460,32,7,9,2,1,2,25,248.445,1
7,0,35,0,2851,35,0,8,3,1,1,45,98.589,1
0,1,28,1,1,21,8,0,3,1,2,25,687.058,1
1,0,28,2,4450,47,47,0,2,1,2,45,222.162,1
5,0,36,1,0,16,0,0,3,1,2,45,0.0,1
8,0,25,0,0,73,0,37,3,1,2,30,378.564,1
10,1,24,0,989,8,0,25,4,1,1,25,240.345,1
4,1,34,0,0,36,0,3,3,1,2,25,517.513,1
3,0,31,0,2824,28,11,4,2,1,1,30,324.082,1
4,0,40,0,1266,8,38,0,2,1,2,30,146.383,1
12,0,9,0,84,0,26,8,4,2,1,30,243.313,1
3,1,28,1,0,26,0,24,3,1,1,25,987.255,1
0,1,3,0,0,74,5,0,3,1,2,30,841.781,1
0,0,33,0,1259,68,0,10,3,1,2,30,304.053,1
3,0,24,0,1426,20,13,26,2,1,2,30,148.07,1
2,1,35,0,0,29,0,39,2,1,2,25,375.392,1
12,0,11,0,0,17,1,0,2,1,2,45,235.836,1
4,1,40,1,99,36,26,1,3,1,1,55,487.963,1
2,0,30,2,0,25,0,0,5,2,1,30,226.399,1
0,0,7,0,1081,58,21,1,3,1,1,25,174.344,1
8,1,3,0,3694,25,0,18,2,2,1,30,122.668,1
12,1,34,0,1602,22,0,0,3,1,2,25,987.255,1
0,1,39,0,2431,85,4,6,5,1,1,25,128.119,1
8,0,3,0,0,54,2,0,3,1,2,30,0.0,1
10,0,27,0,1649,7,122,7,3,2,2,30,118.88,1
0,1,33,0,588,17,0,2,3,1,1,25,271.064,1
2,0,36,0,299,18,3,2,3,1,2,30,987.255,1
9,0,27,2,3649,0,0,6,3,1,2,30,80.401,1
11,1,3,0,1484,20,0,41,4,1,2,25,161.077,1
2,0,31,0,2040,50,6,2,3,1,2,30,126.249,1
4,1,32,1,0,9,7,4,4,1,2,45,342.078,1
4,1,34,1,1970,90,0,19,4,1,1,25,292.758,1
7,1,8,0,1169,15,0,36,2,1,2,30,276.208,1
1,0,30,0,0,23,15,10,2,1,2,45,27.129,1
20,0,23,2,3085,21,4,3,2,1,1,25,280.242,1
0,1,40,0,0,20,0,5,2,1,1,30,216.703,1
5,0,30,0,4895,0,0,4,2,1,2,30,489.108,1
3,1,11,0,2354,26,8,12,4,1,2,25,60.609,1
4,0,29,0,1976,57,0,16,3,1,1,55,528.166,1
10,0,4,0,1735,33,4,34,2,1,2,45,517.253,1
8,0,3,2,593,24,35,4,2,1,2,25,123.248,1
3,1,3,1,313,34,12,43,2,1,1,25,245.897,1
8,0,35,0,2972,16,0,0,4,1,2,30,308.695,1
6,0,29,0,286,58,17,8,3,1,1,30,127.234,1
20,0,27,0,1493,58,0,21,4,1,1,45,52.338,1
0,1,31,0,1920,69,10,1,2,1,1,25,117.788,1
11,0,35,0,841,54,36,27,3,1,2,45,79.457,1
5,0,3,0,3290,0,0,14,2,2,2,55,136.149,1
4,0,30,0,430,22,0,0,2,1,1,30,377.119,1
16,0,3,0,641,30,1,1,3,1,2,25,231.439,1
1,0,34,0,3508,19,35,0,3,1,2,30,129.625,1
16,1,41,0,312,25,1,2,2,1,2,30,987.255,1
6,0,44,1,4574,57,0,46,2,1,1,45,143.249,1
7,0,31,2,3532,48,4,0,3,1,2,30,300.805,1
0,0,27,1,0,0,0,8,2,1,2,30,51.763,1
13,0,3,0,1086,16,0,12,3,1,2,30,212.881,1
3,1,5,2,2666,16,0,31,3,1,1,45,275.21,1
15,1,23,0,0,55,35,17,2,1,2,30,140.864,1
0,1,32,0,436,100,0,18,3,1,2,30,131.447,1
7,1,25,0,0,0,45,6,3,1,1,25,165.624,1
0,0,3,0,3881,14,0,8,4,1,2,30,312.727,1
8,0,30,2,1537,35,20,7,2,1,1,25,122.469,1
5,1,28,0,252,0,0,25,3,1,1,45,320.764,1
2,0,32,0,3172,9,23,32,2,2,2,30,300.99,1
0,0,3,0,3081,0,7,12,3,1,1,30,278.438,1
3,0,25,0,1692,59,14,12,2,1,2,30,0.0,1
9,0,27,0,0,0,0,0,2,1,2,25,254.465,1
4,1,5,2,3302,2,13,0,2,1,1,25,197.012,1
0,0,25,0,1001,32,0,4,4,1,1,30,286.446,1
0,1,38,0,277,26,14,2,3,1,1,30,416.579,1
16,0,25,0,0,25,0,7,3,1,1,30,473.656,1
29,0,3,0,0,0,10,7,3,1,2,30,987.255,1
5,1,35,0,1448,93,0,9,2,1,1,30,649.756,1
4,1,3,0,597,16,23,30,2,1,1,30,394.402,1
0,1,3,0,0,38,0,13,3,1,2,30,167.771,1
10,0,37,3,1123,22,0,9,3,1,2,25,987.255,1
7,0,35,0,0,1,0,42,3,1,2,30,233.339,1
0,0,41,0,0,11,6,0,2,1,2,25,304.097,1
7,0,28,0,0,12,5,5,3,1,1,25,249.92,1
1,0,33,1,3573,25,0,0,3,1,2,30,277.469,1
0,0,28,0,0,15,0,10,2,1,2,30,21.168,1
12,0,12,0,274,10,0,28,3,1,2,30,289.918,1
0,0,40,1,1405,70,14,16,3,1,2,30,987.255,1
4,1,28,0,259,53,0,17,4,1,2,25,230.733,1
7,0,44,0,2499,6,7,4,2,1,2,45,89.891,1
9,1,30,0,0,6,0,1,2,1,2,30,528.76,1
13,0,3,0,217,69,14,11,4,1,2,25,140.594,1
0,1,5,0,0,0,0,3,3,1,2,55,97.055,1
11,1,28,0,0,29,0,13,2,1,2,25,78.023,1
1,1,32,0,268,21,0,0,2,1,2,30,65.081,1
2,0,22,0,1183,34,0,0,3,1,2,30,16.938,1
2,0,3,0,0,22,17,1,4,1,1,45,114.174,1
1,0,43,0,1050,24,39,21,5,1,2,30,242.284,1
4,0,40,4,972,22,0,48,2,1,2,25,224.398,1
6,1,3,0,0,28,5,28,3,1,2,30,392.632,1
5,0,29,0,2868,7,0,42,2,1,1,25,288.443,1
7,0,13,0,269,55,0,0,3,1,1,30,312.482,1
2,0,9,0,1574,20,5,3,2,1,2,30,90.814,1
1,1,32,0,1683,3,0,16,3,1,2,25,232.28,1
0,1,42,0,1334,0,0,13,3,1,1,30,269.958,1
2,0,23,0,0,18,3,40,2,1,1,30,125.941,1
18,0,23,1,0,38,29,9,4,1,2,30,987.255,1
1,0,36,0,1747,26,38,0,2,1,2,30,246.392,1
12,0,3,0,2132,32,33,1,2,1,2,25,269.742,1
0,0,29,0,572,35,30,33,3,1,2,25,305.416,1
1,0,10,0,2901,2,17,3,3,1,1,25,987.255,1
14,1,28,0,234,100,0,3,3,1,2,45,282.159,1
10,0,28,0,2420,69,16,4,2,1,2,45,286.682,1
0,0,34,0,998,48,0,0,3,1,2,25,116.335,1
6,0,3,0,3938,23,0,2,3,1,2,25,424.382,1
5,0,5,0,3701,89,66,2,2,2,1,45,86.325,1
0,0,36,2,22,100,15,0,4,1,2,25,76.459,1
13,0,27,0,172,16,11,8,3,1,2,30,49.145,1
1,0,30,0,1061,36,0,4,2,1,1,55,400.061,1
3,0,29,0,0,37,11,0,5,1,1,30,987.255,1
1,1,3,0,532,0,22,13,5,1,1,45,987.255,1
2,0,37,0,1729,31,5,21,2,1,2,25,61.161,1
4,1,29,0,3063,49,7,3,2,1,1,30,987.255,1
18,1,23,0,161,30,0,0,2,1,2,25,835.543,1
3,1,25,2,605,16,25,7,2,1,2,30,171.009,1
0,0,19,0,2379,26,30,0,4,1,2,45,303.646,1
13,0,3,0,2623,100,4,2,3,1,1,30,201.895,1
1,1,32,0,659,0,0,11,3,1,1,45,543.84,1
0,0,42,0,0,6,0,45,3,1,2,30,987.255,1
12,1,3,0,91,20,4,11,2,1,2,25,136.138,1
0,1,33,0,0,49,7,5,3,1,2,55,298.838,1
10,1,25,0,0,73,11,0,3,1,2,25,161.778,1
2,0,9,1,746,52,11,1,3,1,1,30,148.697,1
10,0,24,0,2920,19,22,0,4,1,2,25,290.12,1
24,0,34,0,59,35,25,13,2,2,1,55,199.614,1
3,0,3,0,0,43,0,16,3,1,1,30,82.13,1
0,0,3,0,2295,61,1,18,4,1,2,45,115.996,1
1,0,36,1,937,4,38,2,2,1,2,30,270.792,1
3,0,25,2,242,63,5,0,2,1,2,45,367.957,1
3,1,34,1,2111,27,30,6,3,1,2,25,112.434,1
9,0,3,0,1438,0,12,4,3,1,1,30,434.632,1
2,0,7,0,768,61,0,3,3,1,2,25,124.651,1
13,1,3,0,2185,78,0,19,3,1,2,55,255.492,1
3,1,34,0,21,64,2,43,3,1,2,25,411.071,1
27,1,32,0,1296,15,0,22,3,1,1,30,289.88,1
4,1,39,0,98,11,0,24,3,1,2,25,465.644,1
0,0,24,0,5961,15,19,33,3,1,1,30,303.495,1
9,1,24,0,0,27,0,0,4,1,2,25,282.93,1
1,1,6,2,621,22,0,4,2,2,1,30,987.255,1
10,0,6,0,2070,60,5,15,3,2,2,30,537.217,1
5,0,31,0,0,3,10,2,3,1,2,30,112.975,1
1,0,29,3,2300,40,11,0,3,1,2,30,79.135,1
11,0,29,3,218,9,0,17,2,1,1,30,466.756,1
0,1,26,0,3070,61,4,33,3,2,2,25,218.693,1
1,0,3,0,0,0,0,0,3,1,2,25,288.379,1
1,1,33,0,945,29,0,1,2,1,2,30,473.577,1
21,0,40,0,647,48,0,5,2,1,2,25,570.214,1
0,0,31,2,2169,0,0,29,2,1,1,30,414.497,1
9,0,5,1,0,12,0,27,3,1,2,30,238.936,1
16,0,3,0,419,22,0,21,5,1,1,30,154.647,1
0,0,30,0,1524,9,0,3,2,1,1,30,264.382,1
1,0,24,0,1298,19,0,1,4,1,1,45,253.641,1
0,0,37,1,1084,43,36,7,3,1,2,25,121.157,1
0,1,32,0,0,28,6,48,3,1,2,45,245.994,1
3,1,27,2,2545,0,0,31,4,1,2,25,987.255,1
13,0,6,0,479,22,45,23,3,1,2,25,307.594,1
6,0,36,0,156,22,22,5,2,1,2,30,134.35,1
2,1,25,0,1373,56,0,7,3,1,2,30,33.497,1
3,0,4,0,2459,47,9,36,2,1,2,30,310.783,1
2,0,34,0,1905,16,0,17,2,1,2,30,134.249,1
0,0,3,1,2717,35,0,0,4,1,1,45,110.039,1
6,0,35,0,0,16,0,0,2,1,2,25,287.974,1
0,0,8,0,1201,39,7,31,3,1,1,25,286.296,1
3,0,17,0,538,18,0,31,3,1,2,45,143.441,1
16,1,26,0,929,65,23,2,4,1,1,25,260.404,1
15,1,27,0,154,14,0,1,3,1,2,45,283.564,1
16,0,3,0,903,39,4,20,2,1,2,25,333.145,1
7,0,39,1,384,58,18,10,2,1,1,30,987.255,1
9,0,27,0,0,7,0,23,3,1,2,25,361.102,1
21,0,24,0,440,100,38,21,5,1,2,25,203.094,1
7,0,4,2,0,46,0,0,2,1,2,30,134.747,1
1,1,27,2,584,48,0,5,2,1,1,30,111.955,1
2,0,3,0,53,37,0,16,3,1,2,30,92.85,1
2,0,21,0,0,21,0,0,3,1,2,30,472.839,1
5,0,34,0,580,60,0,13,2,1,2,30,398.875,1
4,0,11,0,82,1,0,14,3,1,1,25,73.176,1
9,0,40,0,2989,51,4,0,2,1,2,30,987.255,1
6,0,6,2,922,13,10,3,3,1,1,30,247.166,1
5,0,32,1,4995,14,0,5,4,1,2,30,54.632,1
10,0,3,2,961,59,13,0,3,1,2,25,471.387,1
0,1,3,0,2230,24,0,16,3,1,2,25,129.81,1
8,0,3,0,1655,10,0,27,2,1,1,25,199.444,1
0,0,31,0,343,50,0,21,2,1,2,45,867.886,1
28,1,3,4,0,25,0,22,3,1,1,30,477.049,1
13,0,28,0,1488,23,0,20,3,1,1,25,80.775,1
18,1,3,2,831,23,14,46,3,1,2,45,987.255,1
0,0,25,0,0,31,0,0,3,1,1,30,912.357,1
0,1,33,1,408,41,0,0,4,1,2,30,113.392,1
4,1,29,1,2960,19,0,14,3,1,1,30,266.575,1
4,1,40,0,645,0,2,2,4,1,2,30,475.381,1
0,1,25,0,2046,44,0,4,3,1,2,25,90.694,1
0,1,5,0,1953,41,0,9,4,1,1,25,139.571,1
3,0,3,0,0,22,0,0,2,1,1,30,282.666,1
0,0,27,0,2207,11,0,5,3,1,2,25,299.733,1
6,0,34,0,0,26,7,28,4,1,2,25,135.34,1
0,0,10,1,1928,38,0,0,4,1,2,25,203.406,1
11,0,13,0,0,8,0,22,2,1,1,25,139.389,1
0,1,35,0,75,20,15,21,2,1,1,45,263.403,1
0,1,26,0,66,58,0,17,3,1,2,25,0.0,1
14,1,20,0,1613,13,93,0,2,1,2,25,144.077,1
2,1,9,0,0,20,3,0,2,1,2,25,155.295,1
0,0,14,0,2105,100,3,4,2,1,2,25,96.337,1
0,0,34,0,1691,12,0,0,5,1,1,30,987.255,1
0,0,39,0,0,17,57,17,2,1,1,25,57.718,1
6,0,16,0,0,8,0,8,2,1,2,30,295.931,1
4,0,31,1,0,67,0,14,4,1,2,45,987.255,1
6,0,12,0,11,100,19,0,5,1,2,25,47.373,1
0,1,30,2,2430,46,0,0,2,1,2,45,134.162,1
19,1,26,1,390,24,0,41,2,1,2,30,122.225,1
1,0,33,0,0,24,0,2,4,1,1,30,53.957,1
6,1,40,0,2468,0,0,30,2,1,1,25,279.523,1
3,0,31,0,1086,15,0,4,2,1,2,30,152.637,1
1,1,29,0,3123,0,18,20,3,1,2,45,214.26,1
18,0,31,0,2902,10,143,31,3,1,2,30,195.037,1
0,0,25,2,0,44,1,0,2,1,2,30,987.255,1
6,0,5,0,2489,37,0,26,3,1,1,45,297.489,1
0,0,27,0,3605,51,0,3,3,1,2,30,300.263,1
7,1,3,0,643,41,9,0,2,1,1,45,438.657,1
13,0,32,0,507,38,0,10,2,1,2,30,141.929,1
14,0,3,0,1267,17,0,6,3,1,2,30,329.239,1
4,0,35,0,495,24,11,40,2,1,1,25,556.638,1
9,0,39,0,4288,15,0,8,2,1,2,30,466.176,1
3,1,39,2,1557,1,18,0,3,1,2,45,543.992,1
3,1,28,1,3311,2,0,1,4,1,2,45,196.48,1
0,0,35,3,955,4,6,3,4,1,1,30,163.194,1
13,0,3,0,662,42,3,3,2,1,2,25,313.418,1
5,1,30,0,270,85,0,11,2,1,2,30,251.65,1
0,1,40,0,0,31,0,4,3,1,1,45,243.023,1
4,1,39,0,0,15,0,1,3,1,1,30,182.614,1
11,1,33,3,260,61,56,0,3,1,1,25,305.854,1
0,0,3,2,880,30,0,20,2,1,1,45,145.618,1
9,0,27,0,0,57,0,13,5,1,2,25,987.255,1
10,0,31,0,2924,83,0,18,2,1,1,25,346.424,1
5,0,26,1,1536,48,53,0,5,1,2,45,987.255,1
4,1,32,0,705,0,0,2,3,2,1,30,223.466,1
14,0,8,0,0,41,4,2,3,1,1,25,987.255,1
5,0,7,2,3726,21,5,11,3,1,2,30,72.523,1
34,1,41,0,232,42,8,25,2,1,2,25,242.854,1
2,0,26,0,875,27,17,12,2,1,1,25,255.233,1
10,0,22,0,1947,0,42,0,3,1,2,45,987.255,1
5,0,24,0,0,10,2,21,4,1,1,45,535.094,1
0,1,37,0,974,62,23,20,2,1,2,45,168.844,1
1,1,10,0,0,0,9,0,4,1,2,30,144.453,1
0,0,36,2,263,78,18,20,2,1,2,30,987.255,1
4,1,28,0,779,32,31,0,3,1,2,30,413.769,1
12,0,39,0,1033,10,33,0,2,2,1,25,136.333,1
7,1,35,0,2133,81,22,14,3,1,2,45,101.038,1
3,0,26,1,634,62,0,2,3,1,2,55,276.52,1
13,1,35,0,3053,7,61,0,5,1,2,30,124.922,1
5,1,33,0,345,40,0,24,3,1,2,25,461.747,1
0,0,36,1,0,25,0,32,2,1,1,30,137.731,1
10,0,15,0,822,23,0,48,2,1,1,25,456.655,1
26,0,3,2,0,54,6,6,3,1,2,30,151.511,1
14,0,3,0,2161,14,17,28,3,1,2,25,115.029,1
5,0,5,0,2142,28,21,6,3,1,1,25,54.192,1
3,0,32,0,1880,40,18,12,4,1,2,25,116.762,1
7,1,3,0,1007,43,3,0,2,1,2,30,134.541,1
11,0,35,0,168,37,10,30,2,1,2,30,0.0,1
14,1,28,0,2890,48,0,0,5,1,2,25,251.635,1
7,1,26,2,2440,2,0,12,3,1,1,30,215.715,1
13,0,3,0,520,15,28,19,5,1,2,30,229.496,1
3,1,6,0,3214,7,0,24,3,1,2,25,330.189,1
0,0,12,0,2165,67,0,0,3,1,2,25,114.35,1
1,0,3,2,2058,57,12,0,2,1,1,30,987.255,1
0,0,21,1,524,28,0,12,3,1,1,25,987.255,1
17,1,39,0,2859,94,19,36,2,1,2,30,161.149,1
7,1,8,0,2724,0,22,6,2,1,2,45,43.901,1
0,0,34,0,0,27,25,10,3,1,2,30,246.034,1
7,0,27,0,1823,13,0,10,2,1,2,30,260.515,1
10,1,34,1,0,3,5,10,2,1,2,30,539.721,1
1,1,6,0,1520,37,38,3,3,1,1,25,341.881,1
13,1,8,4,277,45,0,38,3,1,1,25,138.673,1
4,1,27,0,3789,20,9,7,2,1,2,30,269.27,1
5,1,43,0,466,21,73,0,5,1,1,30,304.696,1
6,0,36,0,60,0,0,13,2,1,2,45,579.036,1
18,0,8,0,1092,11,0,26,3,1,2,55,130.105,1
5,1,23,0,0,100,8,2,2,1,1,30,67.016,1
11,1,33,0,416,20,2,15,4,1,2,30,70.911,1
1,0,23,0,0,31,1,2,2,1,2,45,101.861,1
5,1,38,0,2016,8,43,21,3,1,2,30,299.043,1
10,0,32,1,695,0,0,2,3,1,2,25,123.199,1
1,0,27,1,752,20,0,2,4,1,2,30,332.474,1
5,0,36,4,88,0,0,20,3,1,2,30,144.387,1
2,0,3,1,545,60,14,14,3,1,1,25,124.32,1
11,1,13,0,0,14,0,10,4,1,2,30,293.659,1
17,0,27,0,4230,61,31,11,2,1,2,30,175.939,1
15,0,3,0,1911,4,0,23,3,1,1,30,63.0,1
11,0,17,1,2590,39,10,31,2,1,1,30,159.74,1
9,1,29,1,761,10,0,0,3,1,1,30,134.848,1
0,1,41,0,0,36,0,0,4,1,2,30,549.705,1
2,0,25,2,274,23,0,3,2,1,2,30,413.868,1
6,0,27,1,0,46,0,26,3,1,2,45,335.902,1
1,0,27,0,418,22,5,35,2,1,1,30,987.255,1
12,1,30,1,472,0,0,0,2,1,1,30,268.544,1
11,0,33,0,259,32,0,15,3,1,2,45,267.081,1
0,0,29,0,0,67,0,8,3,1,1,30,283.7,1
1,1,37,0,1088,15,12,1,2,1,2,30,266.129,1
8,0,39,0,1253,45,5,15,3,1,2,45,297.401,1
5,1,30,0,874,1,0,22,3,1,1,45,138.766,1
14,1,3,0,3317,43,0,17,2,1,1,30,288.79,1
22,0,31,0,323,11,0,9,2,1,2,25,318.533,1
11,1,3,0,875,33,0,12,3,1,2,25,126.775,1
3,0,25,0,0,16,0,23,3,1,2,30,137.437,1
1,0,36,0,428,36,0,12,3,1,2,25,209.726,1
0,1,37,0,0,13,0,18,3,1,2,25,383.176,1
2,1,22,0,1877,20,66,26,3,1,1,30,155.884,1
0,0,36,0,0,44,18,7,3,1,2,30,395.792,1
19,0,3,0,0,19,9,19,4,1,2,30,365.262,1
2,1,3,1,3457,32,3,0,3,1,2,30,104.328,1
13,0,4,0,167,52,21,21,2,1,1,25,435.61,1
3,1,28,0,3106,8,5,2,2,1,1,30,489.271,1
6,1,8,0,1827,33,1,19,3,1,1,30,136.485,1
1,0,41,0,434,49,4,8,4,1,2,25,250.035,1
3,1,34,1,0,15,33,21,3,1,2,30,412.756,1
1,0,39,0,739,9,27,46,2,1,2,55,276.758,1
3,1,3,0,0,54,1,15,3,1,2,25,469.655,1
0,1,4,1,0,37,4,20,2,1,2,45,289.54,1
0,0,35,2,985,32,13,16,2,1,2,25,180.819,1
0,0,42,0,0,0,0,19,3,1,2,30,317.467,1
8,0,31,0,388,43,5,2,2,1,2,45,268.339,1
14,1,7,1,0,19,4,7,5,1,1,30,127.836,1
4,0,25,0,1770,62,23,0,2,1,1,45,516.166,1
7,1,3,1,4458,45,16,7,2,1,2,30,56.284,1
6,1,43,0,4710,95,0,7,3,1,2,25,279.418,1
0,1,40,0,20,29,0,7,2,1,2,30,407.676,1
8,0,5,0,0,0,0,15,2,1,2,45,98.055,1
10,0,3,0,1181,25,19,1,3,1,2,30,71.458,1
16,1,22,0,670,30,0,6,2,1,2,30,508.416,1
4,0,29,0,0,17,0,0,2,1,2,25,457.227,1
6,0,34,0,0,57,8,3,3,1,2,25,360.828,1
0,1,3,0,257,33,28,1,2,1,1,25,7.834,1
0,1,38,0,790,17,0,39,2,1,2,30,286.228,1
6,1,35,2,2162,61,0,16,2,2,1,25,363.031,1
13,0,29,0,1075,5,26,26,2,1,1,30,214.918,1
16,1,3,0,0,0,0,23,2,1,2,25,171.051,1
10,0,10,0,92,33,0,9,4,1,1,25,375.403,1
17,1,4,0,0,35,32,15,2,1,2,30,123.529,1
0,1,16,2,0,19,31,1,2,1,2,25,128.194,1
6,0,32,2,759,0,7,31,4,1,2,25,229.051,1
31,0,32,1,0,17,8,36,3,1,1,30,280.795,1
11,1,29,0,946,34,12,0,4,1,2,30,126.914,1
5,0,28,0,0,28,0,0,3,1,2,30,194.289,1
11,0,34,1,0,33,103,0,4,2,2,30,144.428,1
10,0,3,0,2949,25,1,30,3,1,2,30,987.255,1
7,1,8,2,3396,0,1,0,2,1,2,30,165.525,1
10,0,39,0,1104,39,0,3,3,1,2,30,382.057,1
0,1,41,0,611,24,21,24,3,1,2,30,284.693,1
3,0,32,0,2742,52,6,0,2,1,1,45,266.888,1
5,1,28,0,1398,100,4,14,5,1,2,25,79.663,1
2,0,34,0,650,75,9,32,2,1,2,30,109.314,1
1,0,37,0,1493,16,7,10,2,1,2,25,528.786,1
0,1,43,0,674,37,0,4,2,1,2,25,987.255,1
11,1,40,0,1630,0,67,19,3,1,2,25,89.717,1
5,1,39,0,1316,39,0,0,2,1,2,25,283.194,1
2,0,29,0,524,29,16,6,2,1,2,30,118.754,1
8,0,29,0,0,66,7,14,3,1,2,30,16.036,1
3,0,3,0,610,12,0,10,2,1,2,25,573.23,1
12,1,22,1,533,0,0,1,2,1,1,30,122.532,1
7,0,3,0,1783,44,0,0,3,1,1,30,987.255,1
5,1,36,1,0,19,7,0,3,1,1,25,327.362,1
9,1,32,0,237,1,6,25,4,1,1,25,528.765,1
12,0,13,0,44,54,5,10,3,1,1,25,987.255,1
3,1,26,0,491,51,0,2,4,1,2,25,200.959,1
16,1,38,1,1316,73,0,3,2,1,2,25,276.56,1
14,0,3,1,0,49,2,29,3,1,2,45,58.048,1
0,0,7,0,0,11,1,12,2,2,1,25,50.81,1
1,0,13,0,129,15,0,19,2,1,2,45,481.963,1
10,1,37,1,2209,19,0,3,2,1,2,30,520.542,1
2,0,29,0,291,0,3,5,3,1,2,45,211.869,1
4,1,29,0,3646,42,0,7,2,1,2,30,109.087,1
9,1,8,3,158,22,2,0,3,1,1,30,175.188,1
13,0,33,0,0,3,0,0,3,1,2,45,550.135,1
1,1,34,0,0,0,23,2,3,1,2,45,394.53,1
22,1,6,0,885,23,10,19,4,1,2,45,560.74,1
0,0,31,3,1121,31,0,0,2,1,1,25,51.24,1
15,0,3,0,1270,37,0,14,3,1,1,25,129.45,1
11,0,27,0,631,36,0,1,3,1,2,25,314.05,1
5,0,34,2,1146,100,0,15,2,1,1,45,499.55,1
13,1,29,0,0,2,12,5,3,1,2,45,142.97,1
20,0,24,0,1981,7,0,0,3,1,2,25,173.828,1
14,0,24,0,2358,0,42,3,2,1,2,25,138.004,1
12,0,16,1,125,6,0,5,2,1,1,25,756.406,1
0,0,31,0,3975,18,1,19,2,1,2,30,465.332,1
25,0,3,0,885,7,1,0,3,1,2,25,107.692,1
15,0,24,0,1994,1,9,7,3,1,2,30,114.916,1
5,0,32,0,741,40,0,0,2,1,2,25,372.003,1
4,0,8,2,102,47,6,7,3,1,1,30,987.255,1
0,1,37,1,0,27,53,2,3,1,1,30,110.368,1
4,0,31,1,0,68,0,42,3,1,2,25,314.87,1
10,1,6,2,3621,36,2,7,2,1,2,45,286.58,1
2,0,31,1,0,0,50,0,3,1,2,30,382.32,1
0,0,27,0,0,30,2,9,3,2,2,30,229.73,1
7,0,28,0,10,0,26,41,4,1,2,25,61.887,1
6,0,30,0,3828,47,0,41,3,1,2,25,294.372,1
16,0,3,0,0,45,6,2,3,1,1,30,299.23,1
8,1,3,0,248,49,2,6,3,1,2,25,465.269,1
8,0,3,0,345,26,12,1,4,1,1,30,987.255,1
17,0,26,0,0,0,0,9,2,1,1,30,28.675,1
1,1,38,0,0,48,7,4,2,1,2,25,275.525,1
6,1,3,0,3115,21,0,26,5,1,2,25,284.987,1
2,1,41,0,722,0,73,0,4,2,2,30,503.746,1
0,1,23,0,639,37,0,22,2,1,2,30,48.617,1
9,1,35,0,1499,72,19,0,3,2,2,45,987.255,1
0,1,39,0,0,0,19,0,2,1,2,25,69.024,1
7,0,26,0,1788,39,0,27,4,1,2,30,506.464,1
16,0,35,1,1009,19,0,1,3,1,1,25,264.202,1
6,0,25,0,128,50,1,3,3,1,1,45,378.39,1
1,0,25,0,698,0,0,35,2,1,1,25,86.51,1
14,0,3,0,997,11,3,5,2,1,1,25,240.239,1
0,1,36,0,6123,45,0,0,3,1,2,25,57.508,1
9,1,41,1,2953,11,0,2,2,1,1,45,217.444,1
11,0,3,0,0,65,1,0,3,1,1,30,979.657,1
9,1,5,0,2440,60,0,4,2,1,2,45,987.255,1
16,1,28,0,0,47,14,0,3,1,1,25,141.901,1
5,0,26,2,586,16,0,10,2,1,2,45,137.927,1
8,1,30,0,2074,24,0,28,3,1,1,30,151.375,1
19,1,3,0,1727,32,1,4,2,1,2,45,298.34,1
15,0,35,0,81,39,0,14,3,1,2,45,307.378,1
8,1,33,1,2215,9,0,6,2,1,2,25,284.893,1
0,0,33,0,741,48,0,3,3,1,2,25,322.678,1
14,1,31,0,2529,72,11,3,2,1,1,25,498.56,1
12,0,36,0,2778,4,12,0,2,1,2,45,987.255,1
2,0,12,0,4413,0,0,5,3,1,1,45,283.938,1
9,0,3,0,2494,1,0,0,3,1,1,30,987.255,1
13,0,8,0,0,5,0,0,2,1,1,25,304.945,1
0,1,39,3,2421,18,0,0,3,2,2,25,58.391,1
3,0,11,0,0,0,0,2,2,1,2,30,269.551,1
5,0,10,0,0,0,0,0,3,1,2,30,315.973,1
8,0,26,0,72,84,1,34,4,1,1,30,175.236,1
34,1,28,0,5095,22,1,30,2,1,2,25,512.536,1
11,1,31,1,2765,59,0,9,2,1,1,25,513.302,1
9,0,3,0,521,13,0,4,2,1,1,25,133.799,1
16,0,23,0,0,0,7,0,3,1,1,25,91.673,1
0,1,36,1,1868,58,0,18,3,1,2,30,135.451,1
10,1,36,0,0,31,32,31,3,1,1,45,203.535,1
14,1,23,0,0,3,0,0,3,1,1,30,273.153,1
9,1,3,0,2609,79,0,8,3,1,2,30,987.255,1
4,0,7,2,0,18,0,10,3,2,2,30,440.553,1
2,0,34,0,94,21,30,25,4,1,1,25,504.818,1
10,0,23,1,517,74,0,2,3,1,2,30,278.059,1
11,1,30,1,53,59,1,12,4,1,2,55,135.116,1
4,0,3,0,1630,33,5,5,3,1,1,30,308.724,1
1,1,3,0,1506,11,3,0,3,1,1,45,255.437,1
0,0,39,0,1732,2,8,2,2,1,1,25,562.993,1
4,0,32,0,0,26,25,23,3,1,1,25,196.725,1
3,0,27,0,0,22,0,0,2,1,1,30,409.184,1
6,0,28,1,920,60,26,32,3,1,1,45,483.176,1
0,0,34,1,0,45,0,0,4,1,2,25,144.122,1
0,1,36,0,49,45,6,19,2,1,1,30,126.793,1
7,0,29,1,0,38,0,4,3,1,2,30,507.037,1
15,0,5,0,982,12,6,15,3,1,2,25,389.512,1
8,0,3,0,2090,35,0,0,2,1,2,45,248.677,1
8,0,3,0,0,11,33,0,4,1,2,30,533.305,1
10,1,30,0,0,49,10,31,2,1,1,30,158.164,1
12,0,30,3,1779,1,5,11,5,1,2,25,255.198,1
0,0,8,0,0,0,10,1,3,1,1,25,335.676,1
8,0,33,0,341,45,0,17,2,1,1,25,33.05,1
1,0,23,0,0,22,27,4,5,1,1,30,760.515,1
3,1,12,0,2749,0,18,19,2,1,2,25,306.329,1
2,1,5,2,0,40,22,0,2,1,2,25,552.921,1
9,1,42,0,1789,20,62,20,3,1,2,25,318.855,1
6,0,34,0,0,45,15,16,2,1,1,25,274.913,1
12,1,31,2,597,58,3,13,3,1,2,30,42.726,1
1,0,31,0,6123,30,10,0,2,1,2,30,516.753,1
1,1,35,0,2598,25,0,32,3,1,1,30,414.312,1
6,0,28,1,0,72,0,0,2,1,1,30,368.934,1
11,1,37,0,479,0,4,1,4,1,1,25,438.65,1
4,0,32,0,247,25,0,25,4,1,1,30,294.169,1
7,1,27,0,1509,21,10,11,2,1,2,25,30.422,1
6,0,30,1,0,24,2,0,2,1,1,30,504.864,1
12,1,30,3,1383,25,15,2,2,1,1,30,101.558,1
13,0,34,0,0,9,0,5,3,1,1,30,143.819,1
3,0,40,0,517,32,5,35,3,1,2,45,299.088,1
0,0,32,0,93,0,0,1,2,1,2,25,146.586,1
11,0,6,0,222,0,0,3,3,1,1,25,157.123,1
22,1,29,0,841,34,4,26,5,1,2,45,114.566,1
11,0,38,2,6054,0,7,21,3,1,2,55,226.63,1
8,0,3,0,1986,74,24,2,2,1,2,30,271.874,1
11,1,40,0,3820,0,0,5,2,1,1,25,987.255,1
9,0,7,2,0,90,11,16,2,1,1,25,323.03,1
9,1,8,0,0,3,20,3,2,1,2,30,132.482,1
10,0,3,0,0,8,0,6,2,1,1,30,337.272,1
15,0,31,0,100,32,4,16,2,1,1,25,259.413,1
20,1,35,0,0,47,0,24,2,1,1,45,248.793,1
5,0,7,1,4759,0,1,17,3,1,1,25,469.036,1
22,1,3,0,1074,12,15,5,3,1,2,30,204.242,1
6,0,26,0,979,37,0,46,4,2,2,25,0.0,1
0,1,28,0,0,80,0,2,2,1,2,25,358.662,1
0,0,25,0,0,34,16,0,2,1,2,25,273.768,1
3,0,36,0,0,18,47,0,4,1,2,30,430.538,1
5,0,33,0,34,45,0,4,3,1,1,30,858.034,1
9,0,34,0,181,0,0,3,2,1,2,30,65.107,1
6,0,32,0,0,43,46,0,3,1,2,25,117.504,1
10,1,34,0,2380,54,0,0,3,2,2,25,246.555,1
0,0,36,2,0,21,16,0,3,1,1,45,423.204,1
10,0,28,1,2127,82,0,5,4,1,2,25,81.915,1
2,0,30,0,0,11,5,3,4,1,1,45,119.069,1
12,0,27,0,1275,41,7,23,2,1,2,45,157.769,1
5,0,6,1,2005,62,30,5,3,1,1,25,987.255,1
3,0,3,0,0,0,21,0,2,1,2,55,283.227,1
3,0,35,2,510,22,0,0,2,1,2,30,434.504,1
8,1,33,0,184,52,12,14,4,2,2,25,26.355,1
1,0,27,0,3620,58,0,19,2,1,1,25,228.263,1
11,1,5,1,2163,46,28,48,3,1,1,30,230.254,1
10,0,26,0,357,8,0,2,2,1,1,25,271.064,1
13,1,27,0,0,50,21,0,4,1,2,30,126.057,1
3,1,30,1,756,34,0,9,3,1,2,30,466.263,1
11,0,23,0,0,60,0,15,4,1,2,25,488.083,1
1,0,29,0,0,100,2,37,4,1,1,25,136.178,1
2,1,22,0,2274,54,11,33,2,1,1,30,987.255,1
2,1,3,0,225,61,7,12,2,1,2,45,521.209,1
2,1,29,0,2249,12,0,30,2,1,1,30,263.344,1
5,0,30,0,2595,29,0,0,2,1,2,45,239.369,1
9,0,23,0,1297,5,2,10,3,1,1,30,180.515,1
6,0,9,0,461,47,12,48,3,1,2,30,254.906,1
9,1,3,0,4379,10,5,3,4,1,1,45,987.255,1
6,1,31,0,929,49,23,48,2,1,1,30,224.659,1
8,0,33,0,207,18,6,16,4,1,2,25,215.086,1
14,0,43,0,679,23,16,0,3,1,2,30,344.766,1
14,0,27,1,1538,49,2,11,2,1,2,25,86.119,1
0,1,11,0,2196,97,25,10,3,1,2,45,38.306,1
8,1,32,1,0,20,9,19,2,1,1,30,128.409,1
7,0,40,0,5059,4,0,29,3,1,2,30,437.986,1
6,0,29,0,83,53,19,0,3,1,2,30,675.039,1
11,0,23,2,0,3,0,26,4,1,2,25,13.814,1
5,0,32,0,0,48,25,1,3,1,2,45,106.9,1
12,0,3,1,5,10,0,4,2,1,1,30,314.966,1
11,1,31,0,0,33,0,37,3,1,2,25,145.587,1
4,0,9,0,494,20,0,20,4,1,1,30,565.606,1
0,1,26,0,1235,47,0,33,4,1,2,45,447.79,1
0,0,30,0,0,43,0,18,2,1,2,25,191.369,1
6,0,6,2,2509,6,0,13,4,1,2,30,987.255,1
3,0,25,0,0,10,0,0,2,1,2,25,153.864,1
0,1,24,0,1446,7,0,9,3,1,1,30,93.443,1
3,1,38,0,2840,79,0,0,2,1,2,25,578.911,1
2,0,30,0,1008,25,4,0,2,1,2,30,987.255,1
14,0,24,0,1018,20,0,22,2,1,2,30,130.732,1
3,1,24,0,496,68,0,1,3,1,1,30,262.03,1
22,1,33,2,119,13,13,25,3,1,1,45,987.255,1
5,0,31,0,0,54,2,31,2,1,2,45,890.041,1
19,0,37,0,1045,11,0,31,2,1,2,25,257.643,1
12,0,25,0,302,39,0,31,2,1,2,25,987.255,1
7,0,28,2,0,21,13,4,3,1,2,25,52.968,1
3,1,38,0,1517,48,20,0,4,1,1,30,104.444,1
4,1,28,0,2837,53,0,20,4,1,2,30,251.123,1
3,0,26,0,3385,0,9,10,4,1,2,30,564.732,1
4,1,25,0,0,43,9,11,2,1,1,30,236.24,1
30,0,3,0,0,35,0,4,2,1,2,25,242.298,1
7,0,27,0,1206,0,0,15,3,1,1,45,511.966,1
5,0,28,0,240,57,6,6,4,1,2,25,245.331,1
8,0,4,0,0,11,0,5,3,1,2,45,293.557,1
1,1,35,1,1925,39,0,17,4,1,1,45,551.281,1
8,0,41,0,4,36,0,4,3,1,2,25,72.752,1
6,1,26,0,0,39,0,31,3,1,1,25,146.187,1
16,0,30,0,2645,10,0,18,5,1,2,25,196.796,1
5,0,6,0,806,0,1,15,2,1,1,25,85.815,1
3,0,29,1,272,75,16,0,4,2,1,30,269.074,1
9,1,36,1,1417,0,0,26,2,1,2,30,234.019,1
11,0,43,0,678,12,0,1,2,1,2,30,263.591,1
0,0,4,0,327,22,23,18,2,1,2,30,416.712,1
3,0,7,0,1002,67,0,10,4,1,2,45,406.016,1
3,1,29,1,345,3,0,6,3,1,2,30,300.606,1
0,0,41,0,0,17,10,3,2,1,2,45,501.427,1
3,0,29,1,1645,41,53,18,3,1,2,30,72.46,1
19,0,3,0,0,1,0,25,3,1,1,45,435.709,1
10,1,3,4,5355,51,15,4,2,1,2,45,400.565,1
0,0,37,0,0,37,8,0,3,1,2,45,225.972,1
0,1,3,0,0,18,0,2,3,1,2,25,51.636,1
2,0,3,0,4846,56,0,7,2,1,2,30,95.133,1
10,0,38,0,0,38,8,16,4,1,1,30,98.562,1
12,1,25,1,0,0,49,31,3,1,2,25,204.177,1
7,1,10,1,663,0,0,18,2,1,2,45,451.919,1
8,1,30,2,295,65,3,10,3,1,2,30,299.056,1
4,1,25,1,0,46,0,2,3,1,2,30,353.553,1
8,0,31,0,0,22,64,3,3,1,2,30,446.874,1
14,1,25,0,750,8,1,13,2,1,2,30,267.35,1
0,1,33,3,1931,62,23,0,2,1,2,30,318.277,1
4,1,30,0,0,18,1,23,2,1,2,55,90.345,1
9,0,32,0,1813,38,1,23,4,1,1,25,87.837,1
1,0,36,0,3564,42,3,0,3,1,1,30,559.103,1
6,1,32,0,1814,55,2,19,2,2,1,30,293.318,1
9,0,33,0,1339,100,36,0,2,1,2,25,304.316,1
22,1,36,4,1347,45,29,26,3,1,1,30,172.654,1
15,0,32,3,502,36,0,4,4,1,2,25,701.821,1
0,1,37,1,3322,38,5,22,3,1,2,30,112.814,1
20,0,3,2,2821,9,10,0,2,1,2,25,137.028,1
20,1,7,0,592,0,19,32,3,1,1,25,987.255,1
0,0,38,0,1009,0,7,0,2,1,2,30,469.492,1
19,0,3,0,0,17,39,1,2,1,2,30,987.255,1
3,0,34,0,927,25,0,5,2,1,2,30,878.144,1
25,0,29,4,1650,16,0,25,4,1,1,25,137.749,1
12,0,29,0,1512,31,0,8,2,1,1,30,43.898,1
7,0,24,0,186,17,0,37,3,1,2,30,75.582,1
2,1,5,2,0,31,35,13,3,1,1,30,128.776,1
3,0,17,0,1441,9,0,5,3,1,2,30,140.844,1
3,0,26,0,0,44,0,3,3,1,1,30,225.913,1
0,1,29,0,0,9,0,6,4,1,2,25,282.047,1
9,1,44,0,2192,0,1,22,2,1,1,25,143.836,1
12,0,27,0,50,24,0,3,2,1,2,45,987.255,1
4,0,32,1,2072,57,20,27,4,1,2,25,96.26,1
4,1,4,1,4190,28,0,34,4,1,1,30,300.515,1
5,0,35,0,92,36,22,1,2,1,2,30,185.139,1
0,0,3,0,676,29,0,0,2,1,2,30,0.0,1
3,1,37,1,1499,42,43,17,2,1,2,30,131.883,1
10,0,34,1,1291,24,0,16,3,1,1,30,499.559,1
0,0,32,0,488,41,12,36,3,1,2,30,582.868,1
8,1,37,0,1616,8,1,19,2,1,1,30,361.419,1
13,1,3,0,134,40,6,22,3,1,2,45,120.33,1
6,0,4,0,674,13,0,0,2,1,2,25,278.406,1
3,0,30,0,3151,23,9,4,2,1,1,45,343.945,1
10,1,30,0,1276,0,21,5,2,2,1,45,134.072,1
0,1,27,0,0,61,0,9,2,1,2,25,253.008,1
4,0,6,0,0,10,0,23,2,2,2,30,121.252,1
1,0,3,0,2444,9,9,11,2,1,2,25,26.297,1
2,1,30,0,216,29,21,4,3,1,1,25,313.861,1
7,1,30,0,221,100,10,9,3,1,1,25,282.088,1
1,1,17,0,917,93,0,33,3,1,2,25,89.037,1
19,0,29,2,3142,56,0,23,3,1,2,30,987.255,1
5,0,3,0,0,25,49,29,2,1,2,45,987.255,1
2,0,3,1,0,4,1,13,3,1,2,30,61.251,1
24,0,22,0,72,68,0,2,2,1,2,25,141.501,1
7,0,35,0,579,19,0,4,2,1,2,45,195.314,1
12,1,34,0,2125,13,0,4,3,1,2,25,241.166,1
12,1,28,0,0,19,0,11,2,1,2,45,341.984,1
8,1,26,3,0,0,57,5,4,1,1,30,317.861,1
9,1,33,1,0,21,1,1,3,1,1,25,131.314,1
1,0,35,0,2461,24,26,0,2,1,2,30,324.251,1
0,0,7,0,770,53,0,22,3,1,2,25,228.727,1
4,0,32,3,1871,33,0,7,2,1,2,30,543.847,1
0,0,41,0,5370,2,11,15,4,1,1,30,213.788,1
6,1,34,2,1030,0,0,3,4,2,2,25,249.044,1
8,1,33,0,33,0,10,18,4,1,1,30,526.411,1
6,0,39,1,617,38,4,0,2,1,1,45,59.346,1
9,0,33,1,356,23,18,24,4,1,2,25,302.875,1
17,0,36,4,226,19,54,4,3,1,2,30,240.134,1
1,0,24,0,4195,10,34,1,4,1,2,25,256.304,1
5,0,44,2,933,0,9,24,3,1,1,25,115.249,1
0,0,28,0,0,0,3,22,2,1,1,25,232.2,1
34,0,6,0,496,15,11,0,2,1,2,30,169.834,1
5,1,40,0,1422,0,0,15,2,1,2,45,253.347,1
11,0,3,0,2681,21,18,0,3,1,2,25,333.269,1
16,0,16,2,0,44,0,19,2,1,1,25,137.544,1
2,1,31,0,824,70,0,12,4,1,1,25,309.005,1
0,1,12,0,6123,27,6,0,3,1,2,55,278.513,1
8,1,24,0,352,26,6,0,3,1,1,45,411.017,1
9,0,28,0,0,0,0,12,3,1,2,30,515.749,1
13,1,26,0,0,0,0,8,4,1,2,25,151.729,1
12,0,34,0,712,53,15,0,2,1,1,25,270.401,1
0,0,13,0,3245,54,4,0,3,1,2,30,287.954,1
9,0,28,0,0,8,0,23,3,1,2,25,249.388,1
0,0,7,1,1261,4,0,0,2,1,2,30,174.239,1
0,0,27,1,1258,51,0,12,3,1,1,25,319.447,1
4,1,3,0,3563,16,0,34,2,1,2,30,791.766,1
7,1,31,1,99,52,4,0,2,1,2,30,430.933,1
1,0,31,0,1384,1,0,0,3,1,2,45,399.917,1
0,1,43,1,95,6,9,0,3,1,1,25,987.255,1
0,0,26,0,0,0,7,0,2,1,2,30,144.752,1
5,0,42,0,125,15,11,0,2,1,2,30,987.255,1
13,0,24,0,154,26,11,24,4,1,1,30,464.519,1
6,1,32,0,3773,12,33,31,4,1,1,30,198.143,1
7,0,32,0,157,35,0,5,4,2,1,25,304.559,1
3,0,10,0,0,0,0,20,2,1,2,30,399.518,1
1,0,31,0,619,42,2,21,2,1,2,30,129.698,1
4,0,34,0,0,7,5,29,2,1,1,25,207.191,1
4,0,3,2,2872,32,0,47,3,1,2,55,203.834,1
1,1,27,0,660,7,0,0,4,1,2,30,125.509,1
4,0,36,2,604,26,61,0,3,1,1,45,987.255,1
9,1,41,0,0,17,0,19,2,1,2,30,560.739,1
0,1,37,1,0,27,5,48,3,1,2,25,81.026,1
6,0,3,0,731,48,0,24,3,1,2,25,747.949,1
0,1,28,0,2484,48,0,2,2,1,2,30,572.003,1
0,0,33,0,185,24,40,22,3,1,2,25,145.757,1
7,0,31,0,218,66,0,0,2,1,2,30,378.052,1
6,1,3,0,1934,89,7,8,3,1,2,45,987.255,1
9,1,21,0,108,0,0,0,3,1,1,30,136.865,1
9,0,30,0,659,27,15,19,4,1,2,25,492.459,1
0,1,27,0,0,6,0,0,2,1,2,45,345.484,1
19,1,33,2,791,27,3,4,2,1,1,25,101.226,1
16,0,3,0,1328,13,4,13,2,1,2,25,134.343,1
13,1,27,0,1313,34,0,15,2,1,1,25,252.992,1
0,1,31,0,921,42,0,0,3,1,1,30,257.009,1
0,1,3,2,0,47,0,0,2,1,2,45,333.249,1
0,0,21,0,0,56,0,1,3,1,2,25,158.784,1
8,1,29,0,0,0,55,12,2,1,1,25,421.034,1
1,1,30,1,0,41,9,0,3,1,2,25,524.241,1
1,1,40,0,1781,2,4,0,3,1,2,30,38.025,1
9,0,37,1,0,10,0,11,4,1,2,45,108.447,1
6,1,3,1,501,0,0,24,2,1,2,30,455.89,1
2,0,15,0,1238,26,118,18,3,1,2,30,567.965,1
18,1,28,0,0,0,0,16,2,1,2,30,480.661,1
1,1,26,0,31,69,0,2,4,1,2,25,120.934,1
0,0,36,2,2041,6,7,2,3,1,2,45,98.82,1
5,1,35,3,1962,61,0,46,2,1,1,45,157.815,1
10,1,27,0,481,35,0,3,3,1,2,25,987.255,1
0,1,9,3,0,55,0,10,2,1,2,25,495.918,1
10,0,3,0,0,22,3,10,3,1,2,30,252.0,1
0,0,30,0,0,29,0,12,3,1,1,30,495.715,1
2,1,36,1,1745,9,41,21,4,1,2,45,299.427,1
12,1,3,0,0,41,3,9,2,1,2,25,222.379,1
10,1,3,0,77,36,12,18,3,1,2,30,339.429,1
2,0,31,2,0,9,0,6,3,1,2,30,71.169,1
0,1,36,0,1603,3,30,3,4,1,2,25,134.443,1
6,0,37,0,0,19,0,0,3,1,2,30,316.604,1
5,0,9,1,1374,26,3,19,2,1,2,30,114.405,1
6,0,5,2,0,57,18,37,3,1,2,30,89.729,1
0,1,42,0,0,8,0,0,2,1,1,25,134.669,1
0,1,35,0,0,14,27,0,2,1,1,45,14.958,1
11,0,3,1,0,23,0,14,2,1,2,30,253.587,1
18,0,39,0,231,0,0,1,2,1,2,25,72.789,1
0,0,3,1,989,0,0,18,2,1,2,25,421.102,1
2,1,41,0,5374,21,30,0,3,1,1,45,171.506,1
9,0,27,1,320,34,7,0,4,1,1,25,987.255,1
0,1,30,1,992,22,14,28,4,1,2,30,122.444,1
4,0,34,0,242,0,3,15,4,1,2,30,486.685,1
32,0,16,0,4675,18,19,19,2,1,2,30,139.356,1
1,1,6,0,35,23,0,16,3,2,2,45,100.699,1
7,1,33,0,11,0,0,48,4,1,2,25,110.47,1
3,1,32,0,203,0,87,21,3,1,2,45,224.436,1
0,0,28,0,1176,13,0,10,3,1,2,30,289.549,1
2,0,3,0,992,39,5,14,3,1,2,45,530.985,1
18,0,34,2,1779,0,11,15,4,1,2,30,273.346,1
7,1,38,0,1142,59,17,9,2,1,2,25,461.896,1
14,1,29,3,1928,24,23,23,2,1,2,30,311.965,1
21,0,25,0,33,19,4,0,2,1,1,45,987.255,1
10,1,7,0,3070,6,44,0,3,1,2,25,383.693,1
10,0,34,0,449,12,23,20,4,1,2,25,135.505,1
5,0,24,0,1293,11,19,0,3,1,2,45,160.895,1
5,0,13,0,1188,68,11,25,2,1,2,30,535.19,1
5,0,31,0,0,35,1,15,2,1,2,25,154.005,1
2,0,3,0,0,53,2,0,2,1,1,45,126.521,1
5,1,38,0,902,5,4,35,2,1,1,25,127.8,1
5,1,11,2,795,0,0,0,2,1,1,45,156.1,1
6,0,22,0,750,24,0,13,4,1,1,25,179.313,1
1,0,42,0,1107,54,0,21,3,1,2,30,142.193,1
0,0,26,1,1242,16,12,0,2,1,2,30,116.694,1
1,0,22,0,1308,9,0,30,3,2,2,45,549.098,1
15,0,3,2,815,92,7,6,2,1,2,25,255.579,1
0,0,32,3,0,38,0,0,3,1,2,30,130.714,1
1,1,24,0,485,65,0,0,3,1,2,30,483.219,1
1,0,22,2,1886,55,29,27,3,1,2,30,577.469,1
8,0,25,0,0,19,7,10,2,1,2,25,71.665,1
13,0,29,1,697,7,0,20,2,1,1,30,6.599,1
20,0,23,0,1693,43,16,2,2,1,1,25,46.898,1
3,1,31,0,0,21,9,34,3,1,2,30,987.255,1
2,0,3,0,1533,32,58,2,3,1,2,25,74.564,1
0,0,31,2,1500,33,0,7,2,1,1,25,271.659,1
0,0,40,0,0,96,15,0,2,1,1,25,135.268,1
14,0,24,0,297,34,7,4,3,1,2,25,318.013,1
2,1,30,0,0,56,2,0,4,1,2,30,102.576,1
4,1,16,0,0,36,0,31,2,1,2,25,136.763,1
13,0,33,0,1938,0,0,32,2,1,2,30,987.255,1
18,0,17,0,402,40,23,21,2,1,2,25,0.0,1
10,0,32,0,1631,48,13,19,2,1,2,30,143.471,1
0,0,28,0,1365,27,30,2,3,1,2,45,462.229,1
1,0,30,0,0,7,0,21,2,1,2,45,211.195,1
2,0,29,0,44,72,30,29,3,1,2,30,483.587,1
1,1,19,0,1728,25,26,17,2,1,2,30,226.858,1
6,0,33,1,0,32,23,12,3,1,2,30,529.462,1
0,0,25,0,0,0,0,3,4,2,1,45,75.956,1
11,1,27,1,6123,33,0,21,2,1,2,25,987.255,1
0,1,29,2,1995,46,39,28,2,1,1,30,506.797,1
9,0,40,1,651,18,14,43,2,1,1,30,249.007,1
1,1,3,0,6123,23,0,2,4,1,2,30,218.501,1
25,1,33,0,1446,23,31,4,2,1,1,25,140.453,1
2,1,40,0,3660,13,0,41,3,1,2,30,110.286,1
4,0,35,0,3058,9,0,45,3,1,2,30,301.64,1
2,0,25,0,1095,34,26,0,2,1,2,30,221.403,1
4,0,35,0,0,12,0,2,3,1,2,30,141.976,1
2,0,27,0,1768,45,7,5,3,1,2,30,143.224,1
0,1,28,4,0,25,0,27,2,1,2,30,91.134,1
12,0,11,0,1297,0,0,20,3,1,1,30,550.639,1
10,0,34,0,279,0,0,24,2,1,2,45,142.216,1
2,1,26,0,1742,17,0,24,3,1,2,30,441.499,1
12,1,3,0,270,27,0,4,3,1,2,30,146.508,1
0,0,3,0,0,21,25,28,2,1,2,25,224.84,1
4,0,30,0,1918,68,24,19,4,1,1,45,108.254,1
9,0,6,0,952,37,48,5,2,1,1,45,987.255,1
0,1,32,0,419,44,0,10,2,1,1,30,136.18,1
29,0,26,0,817,30,32,6,4,1,1,30,145.237,1
6,1,38,0,1286,61,3,0,2,1,2,30,302.917,1
11,1,7,3,1672,15,0,1,3,1,2,30,987.255,1
19,1,30,0,2327,20,2,2,3,1,1,30,404.598,1
2,0,4,0,2380,56,43,0,2,1,2,25,111.097,1
2,0,32,0,330,29,7,23,2,1,1,25,99.513,1
2,1,36,0,568,0,0,9,2,1,2,30,88.323,1
0,0,23,0,324,10,22,0,4,1,2,30,987.255,1
5,0,27,0,1128,0,10,8,2,1,2,30,391.756,1
0,0,24,3,1917,87,0,5,2,1,2,25,252.578,1
0,0,38,0,678,7,50,0,4,1,2,30,0.0,1
4,0,26,3,0,0,0,27,3,1,2,30,131.39,1
6,0,42,0,2618,26,24,2,3,1,2,25,261.324,1
0,1,30,0,2587,49,0,0,3,1,1,30,987.255,1
1,0,25,0,626,0,0,9,3,1,1,45,528.579,1
1,0,35,0,128,69,92,28,3,2,1,25,437.798,1
0,1,3,0,0,31,1,0,3,1,1,30,307.246,1
0,0,31,3,185,17,0,36,3,1,2,30,124.939,1
4,0,33,0,212,28,7,0,3,1,2,45,987.255,1
3,1,40,2,2543,49,20,31,3,1,1,30,418.73,1
4,1,35,3,0,57,0,3,4,1,2,30,516.587,1
6,1,39,0,4802,61,2,23,3,1,2,30,531.032,1
2,1,15,2,1888,20,6,0,2,1,2,30,987.255,1
12,1,34,0,1582,13,13,12,2,2,2,25,289.863,1
11,0,28,0,1239,0,0,15,2,1,2,30,354.905,1
9,0,22,0,0,32,2,1,4,1,1,25,503.506,1
2,1,3,0,2576,17,0,0,3,1,1,30,447.292,1
14,1,26,0,0,23,8,31,2,1,1,25,107.357,1
3,1,29,0,3471,62,17,13,3,1,2,45,158.17,1
8,0,33,0,0,6,19,0,2,1,1,25,310.187,1
1,1,43,0,2765,40,67,32,4,1,2,45,424.452,1
6,0,3,0,443,34,0,0,2,1,1,30,234.293,1
0,1,14,0,222,12,0,22,3,1,2,55,243.147,1
1,0,27,0,911,6,60,48,2,1,2,30,155.653,1
0,0,3,1,124,20,17,39,3,2,1,25,105.447,1
0,1,27,0,649,0,3,48,2,1,1,25,494.268,1
0,0,29,0,0,18,0,0,3,1,2,25,139.289,1
5,0,29,0,0,14,16,22,3,1,2,25,111.4,1
8,0,23,0,2406,34,0,0,2,1,1,30,442.035,1
7,1,29,0,193,0,0,0,2,1,2,30,101.735,1
0,0,8,0,0,20,0,0,3,1,2,30,224.32,1
14,1,3,0,1932,17,15,0,2,1,1,30,293.537,1
11,0,26,0,3785,22,19,2,3,1,1,30,987.255,1
27,0,28,1,90,100,0,0,4,1,2,25,230.411,1
0,1,5,0,1533,0,15,4,2,1,2,30,145.242,1
1,1,4,0,1830,5,0,0,4,1,2,30,141.807,1
7,0,28,0,5199,43,0,6,5,1,1,30,136.103,1
5,1,16,0,1911,43,0,0,4,1,2,25,63.186,1
1,0,29,0,4651,38,27,0,2,1,2,45,140.308,1
3,1,35,0,281,32,0,7,3,1,2,30,95.041,1
12,0,30,2,2342,12,0,15,3,1,1,30,132.107,1
2,0,3,0,6123,0,21,29,2,1,2,45,277.846,1
4,1,38,2,3388,7,0,16,2,1,1,55,269.97,1
9,0,27,0,0,6,0,30,3,1,2,30,95.392,1
9,0,3,0,1481,22,0,19,2,2,1,25,280.624,1
10,0,36,0,0,13,0,19,3,1,2,45,324.409,1
1,0,36,0,1594,62,0,8,2,1,1,45,231.841,1
0,1,35,2,0,0,0,32,2,1,2,25,247.948,1
9,0,36,0,1165,34,0,5,2,1,2,45,287.065,1
4,1,27,0,838,27,22,12,2,1,2,30,325.443,1
5,1,23,1,720,39,24,6,2,2,2,30,422.163,1
13,0,32,1,146,14,44,39,2,1,2,30,92.911,1
0,1,44,2,445,52,16,14,2,1,2,45,574.665,1
12,1,28,0,226,0,5,38,2,1,1,25,517.839,1
1,0,7,2,0,40,0,22,3,1,2,30,500.822,1
8,0,14,2,74,23,27,28,2,1,1,45,119.668,1
11,0,23,0,1732,63,0,30,2,1,1,30,315.774,1
2,1,31,0,663,66,10,0,2,1,2,25,987.255,1
7,1,26,0,725,16,11,14,3,1,1,30,126.578,1
18,1,7,0,2252,13,0,6,2,1,2,25,281.758,1
16,1,9,0,0,46,7,0,2,1,2,25,319.931,1
23,0,31,1,333,22,0,34,3,1,2,30,198.253,1
19,1,32,0,282,46,0,21,3,1,2,30,255.265,1
3,0,35,0,0,0,0,2,2,1,1,30,100.371,1
11,0,27,1,1801,13,3,10,4,1,2,30,277.849,1
3,0,4,0,0,71,5,0,2,1,1,25,271.966,1
9,0,40,0,3035,61,22,3,2,1,2,30,182.744,1
12,0,29,2,227,3,38,4,3,1,1,30,513.081,1
0,1,24,1,172,40,0,0,2,1,1,30,428.153,1
0,0,3,0,383,61,0,0,2,1,1,25,78.741,1
10,0,41,1,0,21,2,0,3,1,1,30,303.269,1
0,1,3,2,630,58,0,4,3,1,2,30,125.423,1
9,0,33,1,289,41,21,0,2,1,1,30,83.296,1
4,1,24,0,0,100,16,32,2,1,2,30,126.156,1
12,0,25,0,1146,13,0,10,3,1,2,30,121.701,1
5,0,7,0,286,2,7,2,4,1,2,30,461.521,1
3,0,38,0,1785,0,28,35,3,1,2,25,109.415,1
4,0,26,0,384,100,0,12,3,1,2,30,281.646,1
1,0,31,2,991,0,0,28,2,1,1,45,494.182,1
8,1,6,1,0,0,7,10,2,2,2,30,303.488,1
8,1,9,0,886,15,11,0,3,1,2,45,364.947,1
5,0,35,0,1804,100,116,8,5,1,2,30,987.255,1
11,0,3,0,0,3,0,0,3,1,2,25,453.719,1
17,1,34,0,5572,6,0,7,2,1,2,30,311.264,1
17,0,41,0,115,26,26,1,2,1,2,25,279.261,1
8,1,17,0,1179,35,0,19,3,1,1,25,188.141,1
4,0,32,0,212,24,1,40,2,1,2,30,110.694,1
17,1,23,0,3882,17,0,29,3,1,2,30,543.009,1
9,0,32,1,0,60,2,3,3,1,2,30,496.005,1
25,1,29,0,47,27,8,5,4,1,2,25,987.255,1
6,1,41,0,2608,25,17,0,2,1,1,25,295.625,1
8,1,12,2,476,38,8,23,2,1,1,30,221.683,1
1,0,35,0,466,27,0,3,2,1,2,30,119.58,1
7,0,28,0,0,20,2,2,2,1,2,25,116.5,1
5,0,34,0,1494,27,0,0,3,1,1,45,513.036,1
12,0,32,0,683,8,8,22,4,1,2,45,987.255,1
1,1,18,0,603,45,9,0,3,1,2,30,194.494,1
6,0,28,0,0,21,6,11,3,1,1,30,278.787,1
0,0,16,1,449,11,17,5,4,1,2,25,249.569,1
0,0,3,0,1443,29,0,4,2,1,2,30,126.724,1
11,1,3,0,2922,10,12,6,3,1,1,45,223.025,1
5,0,33,0,33,0,0,11,3,2,1,30,139.335,1
7,0,32,1,1202,21,0,5,3,1,1,45,133.633,1
11,0,24,0,994,60,0,0,2,1,1,25,88.575,1
12,0,34,2,0,78,10,23,4,2,2,30,202.459,1
1,1,16,0,1245,47,16,11,4,1,2,30,987.255,1
8,0,40,0,707,21,0,2,3,1,2,45,327.954,1
9,0,3,0,3638,66,0,12,3,1,2,25,73.439,1
1,1,37,0,1025,16,0,4,3,1,2,30,172.495,1
11,1,27,0,118,0,4,29,2,1,2,30,450.861,1
26,0,31,2,1985,23,0,39,2,1,2,25,326.474,1
5,1,3,0,1196,36,44,1,2,1,1,30,0.0,1
2,1,31,2,0,0,0,6,4,1,2,30,154.79,1
3,0,5,0,2481,63,20,3,2,1,2,25,80.652,1
15,0,24,0,746,62,0,2,4,1,2,45,380.735,1
0,1,38,1,1205,8,3,25,2,1,1,30,122.072,1
9,1,3,0,131,76,20,1,4,1,1,45,99.794,1
8,1,3,1,4080,0,0,7,2,1,2,25,127.61,1
5,1,42,0,1521,99,2,13,3,1,2,25,110.722,1
1,0,36,0,2146,85,5,22,5,1,2,25,189.624,1
1,1,11,0,1381,47,0,0,2,1,1,55,120.191,1
0,0,21,0,574,99,0,6,3,1,1,25,987.255,1
9,0,36,0,1447,9,7,14,2,1,2,25,141.42,1
0,1,42,0,0,0,0,33,3,1,2,30,298.225,1
10,1,28,0,1572,18,11,0,2,1,2,45,247.67,1
4,1,35,0,1338,76,13,29,3,1,2,30,148.95,1
2,0,33,0,856,30,7,23,3,1,2,30,38.642,1
14,0,26,0,0,43,0,22,2,1,2,45,192.35,1
0,0,35,1,0,59,1,5,3,1,1,30,45.586,1
15,1,25,0,2389,34,0,10,4,1,1,25,279.686,1
8,1,28,0,518,38,0,0,3,1,2,30,548.167,1
0,1,28,0,321,82,23,27,4,1,1,30,88.584,1
13,0,3,0,891,28,0,5,3,1,2,30,236.57,1
7,0,19,2,2357,25,8,1,3,1,1,25,133.559,1
4,1,30,0,0,7,0,5,2,1,2,30,143.309,1
0,0,36,1,0,47,6,3,2,2,2,25,126.196,1
3,0,22,2,4947,16,0,16,2,1,1,30,39.993,1
0,0,34,0,210,2,0,0,2,1,2,25,987.255,1
30,0,24,0,807,3,0,10,3,1,1,30,987.255,1
6,0,3,0,1561,31,44,31,2,1,2,25,254.398,1
11,0,8,1,2692,26,9,25,3,1,2,25,69.594,1
1,1,26,0,0,38,2,17,2,1,1,25,303.034,1
2,0,28,0,1860,54,0,0,2,1,1,30,282.908,1
0,0,36,0,850,37,12,17,2,1,1,25,434.42,1
10,1,41,2,1970,18,0,10,3,1,1,30,142.517,1
1,0,37,0,410,4,16,0,3,2,2,45,987.255,1
6,0,17,0,249,6,7,12,3,1,1,30,537.498,1
0,1,24,0,0,1,18,0,2,1,2,45,144.176,1
0,1,25,0,1645,71,0,0,3,1,2,30,505.984,1
11,1,39,0,1989,25,21,33,2,1,2,30,501.538,1
0,0,8,0,2648,75,0,23,3,1,1,25,987.255,1
4,1,23,3,0,0,0,10,2,1,1,30,987.255,1
9,0,34,0,796,38,4,40,4,2,2,25,143.011,1
10,0,5,4,2654,6,0,13,4,1,2,25,987.255,1
9,1,26,1,244,52,2,20,3,1,2,45,473.415,1
30,1,3,0,2427,59,2,0,2,1,2,30,486.967,1
10,1,4,0,1050,0,15,29,3,1,1,30,316.189,1
34,1,25,0,0,0,0,0,2,2,2,25,290.906,1
6,1,29,0,230,100,0,20,5,1,1,30,238.198,1
7,1,3,2,0,0,7,3,2,1,2,30,987.255,1
9,0,3,1,3810,28,5,0,3,1,2,25,231.047,1
5,1,27,1,0,0,0,3,4,1,2,30,225.504,1
14,0,38,2,1012,44,0,22,3,1,2,25,119.676,1
1,0,8,0,96,31,0,33,2,1,2,30,203.248,1
17,0,25,0,1887,0,0,5,3,1,1,25,489.059,1
29,1,26,2,1141,0,0,4,2,1,2,30,987.255,1
7,1,23,0,0,39,23,17,4,1,2,45,200.012,1
1,1,35,0,4488,15,0,24,3,1,2,30,72.191,1
2,1,4,0,0,36,0,0,2,1,2,45,222.964,1
20,0,34,0,1450,53,13,24,5,1,1,25,159.489,1
8,0,32,0,963,100,14,32,2,1,2,30,178.386,1
10,0,21,0,4571,0,0,12,3,1,1,30,33.508,1
9,0,29,0,0,42,33,0,5,2,2,30,166.33,1
19,0,3,0,2037,3,0,6,3,1,2,30,316.775,1
6,0,20,1,460,25,4,0,2,1,1,45,136.204,1
4,1,40,0,1625,0,0,0,2,1,2,30,9.036,1
0,1,37,0,2600,76,5,27,2,1,1,45,116.197,1
34,0,32,2,723,0,1,29,3,1,2,30,158.913,1
7,0,35,3,0,14,0,0,2,1,2,25,119.229,1
9,0,34,0,2062,36,35,11,3,2,2,25,262.723,1
5,0,38,0,248,17,2,19,3,1,2,25,227.51,1
14,1,27,0,0,1,9,2,3,1,2,25,159.631,1
16,1,27,0,434,40,27,22,3,1,2,25,97.471,1
15,1,32,0,4533,0,0,0,3,1,2,30,54.219,1
0,0,33,0,0,0,0,0,3,1,1,25,120.977,1
18,0,26,0,5515,25,0,6,2,1,1,25,496.525,1
4,1,5,0,2938,18,4,23,3,1,1,25,564.171,1
0,0,33,2,0,20,9,28,2,1,2,25,113.814,1
0,1,31,0,213,31,10,0,2,1,2,25,783.726,1
4,0,3,0,0,0,16,28,2,1,2,25,247.558,1
2,0,9,0,478,55,5,2,2,1,2,30,987.255,1
6,1,34,0,1537,45,2,35,4,1,2,25,172.092,1
8,0,26,0,1397,16,0,0,4,1,1,25,987.255,1
7,1,30,1,0,20,6,8,4,1,1,25,214.688,1
3,1,4,0,185,43,0,18,3,1,2,25,987.255,1
6,1,3,0,710,9,0,22,3,1,2,30,124.432,1
9,1,3,2,146,0,4,19,4,1,1,30,89.23,1
2,1,3,0,2510,63,0,33,4,1,2,30,246.498,1
13,0,35,3,80,14,2,21,3,1,1,30,149.208,1
6,0,42,0,2395,34,2,13,2,1,2,25,279.584,1
3,0,9,0,25,52,0,0,3,1,1,30,290.498,1
9,1,22,0,43,14,0,0,3,1,2,30,30.054,1
0,0,9,0,2531,38,39,27,3,1,2,25,271.884,1
7,0,8,0,0,7,0,2,3,1,1,30,134.671,1
5,0,4,0,2355,21,2,0,2,1,2,45,535.675,1
0,0,23,1,0,4,37,0,4,2,1,30,987.255,1
5,1,5,0,1066,13,0,9,3,1,1,30,291.127,1
15,0,32,0,607,34,2,6,2,1,1,25,246.823,1
0,0,33,0,3786,26,0,0,2,1,1,30,271.186,1
4,0,35,2,96,18,50,26,3,1,2,25,95.78,1
21,0,25,0,0,17,0,32,3,1,2,45,502.236,1
8,0,30,0,1068,23,0,15,3,1,2,25,987.255,1
17,0,36,1,0,52,0,2,5,1,1,45,987.255,1
0,1,30,0,1098,3,0,27,4,1,1,30,120.934,1
10,0,13,0,3573,6,0,26,4,1,2,30,127.2,1
2,0,41,2,2315,6,25,3,2,1,2,25,987.255,1
3,0,16,0,6123,22,4,8,3,1,1,55,201.667,1
8,1,3,0,0,27,0,4,3,2,1,30,488.564,1
0,1,4,0,0,0,0,39,4,1,2,25,987.255,1
9,0,41,0,865,21,0,13,3,1,1,30,349.384,1
2,1,27,1,2702,34,0,24,3,1,1,30,564.884,1
0,1,38,3,1678,100,0,0,3,1,1,30,148.467,1
10,0,26,0,0,0,0,7,3,1,1,30,314.976,1
1,1,8,2,1525,85,0,7,3,1,2,30,150.753,1
18,1,31,1,5333,27,0,14,4,1,2,25,355.63,1
0,0,3,1,2429,0,0,34,2,1,1,55,217.511,1
6,0,25,0,277,57,15,17,3,1,2,30,49.264,1
0,1,34,2,2833,5,0,21,4,1,1,25,46.022,1
9,0,5,0,0,4,6,3,2,1,1,45,73.674,1
3,1,36,0,2150,26,11,5,3,1,1,30,319.489,1
8,0,5,0,654,0,11,2,3,1,2,30,54.17,1
0,0,31,0,1030,4,0,12,2,1,1,25,288.434,1
15,0,14,0,1083,19,2,17,2,1,2,25,534.883,1
1,1,26,3,1138,2,5,1,3,1,2,25,65.894,1
5,1,31,2,1593,37,3,21,2,1,2,25,110.825,1
1,0,24,1,0,53,9,18,3,1,2,30,987.255,1
22,1,27,0,3759,48,0,7,2,1,1,30,89.652,1
6,0,22,0,3720,0,0,5,4,1,2,30,153.102,1
2,0,37,0,6123,45,0,5,3,1,2,30,123.996,1
4,0,32,0,1834,22,31,0,2,1,2,25,203.011,1
9,0,28,1,631,2,8,7,3,1,2,55,97.297,1
5,0,5,1,0,53,0,0,3,1,2,25,987.255,1
8,0,28,0,6123,12,16,8,3,1,2,30,101.37,1
8,1,17,1,1868,35,0,9,3,1,2,30,242.265,1
1,0,39,0,510,30,32,33,4,1,2,25,987.255,1
12,1,11,0,2588,46,25,37,3,1,1,30,125.77,1
2,0,39,0,0,21,0,39,3,1,2,25,517.497,1
11,0,27,0,6123,67,6,24,4,1,2,25,987.255,1
3,1,36,1,0,25,27,4,4,1,1,25,152.516,1
0,1,3,0,160,55,6,3,2,1,2,45,133.252,1
2,0,3,0,1664,69,3,18,2,1,1,30,35.55,1
2,0,32,2,1256,1,0,8,3,1,2,45,987.255,1
10,0,31,1,0,0,0,31,2,1,2,25,392.575,1
23,0,3,0,27,26,0,38,3,2,1,25,495.847,1
16,0,3,0,585,44,0,18,2,1,2,30,87.722,1
4,0,28,0,798,45,0,2,2,1,1,25,259.315,1
2,1,31,0,0,1,5,15,2,1,2,25,987.255,1
1,0,3,2,5382,0,6,0,4,1,2,30,470.036,1
0,0,31,0,1352,14,0,26,2,1,1,30,98.56,1
2,1,3,0,1095,44,5,19,3,1,2,30,0.0,1
15,0,39,0,2420,86,0,32,2,1,1,25,987.255,1
2,0,34,0,0,9,63,0,3,1,2,25,566.36,1
0,1,26,0,1222,17,0,4,3,1,1,25,987.255,1
4,0,32,0,91,0,0,42,3,1,1,25,987.255,1
7,0,35,1,450,12,0,25,3,1,2,25,570.63,1
2,1,24,2,0,27,0,2,4,1,2,30,356.378,1
0,1,34,1,0,24,4,26,2,1,2,30,202.783,1
13,0,27,2,0,0,1,3,4,1,2,25,284.307,1
13,0,3,0,1055,8,0,2,2,1,1,25,157.007,1
2,0,9,1,448,48,6,4,4,1,2,45,130.093,1
6,0,30,1,342,26,4,10,2,1,2,30,302.3,1
0,0,9,0,535,77,7,0,2,1,1,25,130.325,1
7,0,10,0,213,15,0,41,2,1,1,25,125.292,1
9,0,33,0,0,26,1,0,2,1,2,30,987.255,1
6,1,3,0,1226,12,0,0,2,1,2,45,28.975,1
3,1,7,0,4642,0,0,47,2,1,1,30,111.021,1
2,0,14,0,906,0,27,4,2,1,1,30,314.365,1
4,0,36,0,0,58,6,35,2,1,2,30,118.623,1
9,0,30,2,1244,28,12,0,3,1,2,45,374.568,1
1,0,37,0,3804,18,26,13,2,1,1,30,987.255,1
4,0,31,0,0,0,30,0,3,1,2,30,470.2,1
6,0,27,0,0,29,0,1,3,1,2,25,289.186,1
10,0,30,0,0,44,2,4,3,1,2,30,434.159,1
9,0,3,0,81,28,9,0,2,1,1,30,279.977,1
5,1,22,0,0,24,3,9,2,1,2,30,253.816,1
5,0,30,0,1391,50,12,0,2,1,2,25,207.779,1
4,1,24,0,0,16,0,0,3,1,1,30,199.568,1
0,1,14,0,0,25,0,2,2,2,2,30,194.664,1
9,0,34,0,0,11,45,0,3,2,1,45,148.553,1
0,0,43,0,395,33,0,3,3,1,2,30,117.404,1
6,1,3,0,959,57,1,10,2,1,1,45,1.225,1
1,0,16,1,1186,0,15,7,2,1,2,30,153.397,1
15,1,26,2,0,20,0,2,3,2,2,30,227.077,1
22,1,25,0,0,39,0,48,2,1,2,30,47.581,1
4,1,26,0,10,0,1,36,3,1,2,30,485.021,1
9,0,28,0,0,31,0,6,2,1,2,25,397.795,1
0,0,13,0,2797,28,12,6,3,2,1,25,266.635,1
0,0,5,0,3316,26,34,2,3,1,2,25,285.027,1
7,1,31,1,0,43,0,0,4,1,2,25,136.501,1
6,1,26,0,1166,6,0,6,3,1,2,30,497.956,1
10,0,3,0,4075,34,4,0,2,1,1,30,987.255,1
13,1,3,0,1499,74,0,5,4,1,2,25,137.35,1
4,1,33,0,0,64,0,3,2,1,2,45,484.603,1
0,0,3,0,147,33,0,23,3,1,2,30,272.082,1
1,0,43,0,2027,11,12,0,2,1,2,25,310.816,1
3,1,7,0,349,23,19,5,4,1,1,30,290.063,1
32,0,3,0,2262,25,0,8,2,1,2,25,325.006,1
0,1,30,0,1387,57,0,0,3,1,2,25,312.012,1
8,0,39,0,1914,48,41,3,3,1,1,30,395.814,1
0,0,25,0,0,1,25,32,2,1,2,30,187.08,1
13,1,30,0,483,0,39,41,4,2,2,25,135.398,1
0,0,33,2,1168,55,13,35,3,2,2,30,32.281,1
0,0,30,0,0,69,13,11,3,1,1,45,53.802,1
0,0,3,0,981,0,1,0,3,1,1,45,214.167,1
16,0,8,0,0,14,0,7,2,1,2,30,298.107,1
11,0,3,0,0,92,32,12,2,1,2,30,483.332,1
0,1,8,0,0,0,39,0,2,1,2,25,132.289,1
9,1,4,0,2019,32,2,27,3,1,2,45,111.81,1
1,1,26,3,3698,78,4,3,3,1,2,45,258.984,1
4,1,33,0,2951,47,0,16,3,1,1,30,376.249,1
0,1,31,0,6123,98,5,20,4,1,1,45,196.444,1
3,1,3,0,2025,35,24,9,3,1,1,25,58.119,1
0,0,39,0,342,30,0,5,3,1,2,30,563.94,1
0,0,30,0,204,16,0,36,3,1,1,25,264.705,1
0,0,3,1,0,24,73,0,4,1,1,25,987.255,1
13,1,28,0,0,34,0,42,3,1,1,30,128.492,1
6,0,18,0,0,0,0,8,2,1,2,30,102.366,1
15,1,22,0,885,21,6,40,3,1,1,45,17.605,1
31,0,34,1,0,29,0,22,3,1,2,30,364.761,1
11,0,33,1,2815,38,4,48,3,2,2,45,124.582,1
10,0,27,0,0,2,6,17,2,1,1,45,480.34,1
4,1,8,0,0,35,20,3,4,1,2,25,493.994,1
2,0,9,1,1279,0,0,7,2,1,2,45,262.606,1
11,0,6,1,2659,13,8,0,2,1,2,30,221.812,1
6,0,4,0,1862,35,2,17,2,1,2,30,225.407,1
0,0,32,2,1758,28,0,26,3,1,1,30,14.381,1
0,1,40,1,2077,42,0,41,3,1,2,25,416.469,1
7,0,3,0,0,0,0,0,2,1,1,45,310.266,1
8,0,36,0,0,15,22,0,3,1,1,30,508.243,1
6,0,7,2,470,61,7,27,3,1,2,25,655.185,1
5,0,37,1,0,39,25,11,3,1,2,30,97.607,1
3,0,36,0,1032,52,5,4,3,2,2,30,81.363,1
4,0,28,0,1388,70,0,17,2,1,2,30,56.548,1
2,1,18,0,641,59,0,9,3,2,2,25,110.755,1
6,0,22,0,2854,27,0,0,2,1,2,25,987.255,1
0,0,44,0,548,25,6,1,2,1,2,45,203.699,1
0,0,4,0,0,10,0,11,2,1,1,30,529.352,1
8,0,25,1,776,21,0,0,2,1,2,55,578.376,1
7,0,20,1,803,9,0,12,5,1,2,30,139.024,1
0,0,29,1,2045,63,137,15,4,1,1,25,283.904,1
7,0,31,0,0,51,4,0,2,1,1,25,125.105,1
5,0,35,0,0,63,2,0,4,1,2,25,102.912,1
1,1,30,0,2789,2,0,0,2,1,2,25,987.255,1
0,0,29,0,2177,39,0,0,2,1,2,45,94.342,1
3,1,10,0,7,34,40,15,4,1,2,25,473.5,1
0,0,3,0,0,79,34,0,2,1,2,45,267.235,1
0,0,32,0,1333,0,3,0,3,1,2,45,34.373,1
17,0,22,0,0,18,0,0,3,1,1,30,249.994,1
11,0,30,1,4421,15,13,3,3,1,2,25,60.227,1
6,0,33,0,0,48,0,19,4,1,2,30,203.31,1
9,1,7,0,1149,0,0,6,2,1,2,45,435.295,1
0,1,34,0,2022,32,6,7,5,1,1,25,307.267,1
25,1,13,0,389,13,0,6,2,1,2,25,375.125,1
10,1,3,0,5142,16,3,0,5,1,2,25,323.658,1
13,0,36,0,1329,62,0,10,2,1,2,25,53.33,1
14,0,41,1,302,11,4,3,4,2,2,25,254.085,1
2,0,3,0,1182,15,0,26,3,1,1,30,126.916,1
15,0,31,0,2556,4,7,3,4,1,1,30,117.894,1
18,0,40,0,0,30,0,10,2,1,2,55,533.183,1
6,0,29,0,1589,46,0,16,3,1,2,45,115.433,1
7,1,3,0,889,20,4,17,2,1,2,30,186.734,1
0,1,41,0,1999,5,15,5,3,1,2,30,361.731,1
9,0,27,0,2070,27,15,15,2,1,2,45,314.653,1
17,0,29,0,2593,68,0,5,2,1,1,45,131.317,1
5,0,7,0,321,0,9,0,3,2,1,30,68.335,1
10,1,22,0,1781,100,133,15,4,1,2,30,277.053,1
5,1,34,0,0,22,22,26,3,1,2,30,147.424,1
6,0,29,4,1569,0,0,6,3,1,2,25,285.743,1
2,0,3,0,2521,25,0,20,3,1,1,25,74.69,1
6,1,32,0,1866,43,2,37,2,1,2,30,264.635,1
2,0,8,0,852,29,52,40,3,1,2,30,97.823,1
10,1,37,0,3077,3,5,36,2,1,1,30,382.124,1
12,0,29,1,1607,4,0,5,2,1,1,30,42.798,1
8,1,26,0,0,41,23,7,3,1,2,25,93.528,1
2,1,31,1,0,46,35,30,4,1,2,25,152.512,1
19,0,35,0,2638,57,0,20,2,1,2,30,390.432,1
0,1,26,0,4285,100,1,41,2,1,2,30,83.475,1
11,0,38,0,953,5,0,22,4,1,2,30,386.214,1
6,1,25,0,1011,41,4,18,2,1,1,25,920.791,1
4,1,3,4,0,89,0,1,3,1,1,45,579.611,1
0,1,34,0,62,45,0,28,3,1,1,25,255.851,1
16,1,14,0,1252,0,6,4,2,1,2,30,479.556,1
23,1,25,0,0,0,0,10,2,1,2,45,260.432,1
10,0,22,0,2851,39,0,0,2,1,2,45,308.477,1
5,1,41,0,5905,43,36,24,4,1,1,30,198.547,1
1,1,14,1,2150,14,7,9,4,1,1,30,523.814,1
34,0,33,0,3401,0,8,0,2,1,2,45,987.255,1
4,1,3,0,0,3,0,7,3,1,1,25,124.185,1
8,1,29,2,567,43,0,21,3,1,2,25,303.727,1
3,0,16,0,3522,0,1,17,2,1,2,25,291.147,1
1,0,26,0,0,36,8,0,3,1,1,30,302.989,1
0,1,3,0,927,34,0,8,2,1,2,30,43.604,1
29,1,37,0,47,5,1,20,2,1,1,30,322.332,1
14,0,27,0,194,43,23,6,2,1,1,25,219.271,1
2,1,27,0,0,28,19,3,3,1,1,25,320.702,1
0,0,30,2,89,8,2,0,4,1,2,30,301.606,1
21,1,22,0,0,0,0,9,2,1,2,25,536.322,1
12,0,34,1,0,0,8,0,2,1,2,45,313.211,1
7,0,34,0,0,4,0,6,2,1,2,25,298.153,1
12,1,30,1,3951,25,3,24,3,1,1,45,583.96,1
9,0,20,0,3516,9,22,28,3,1,1,25,196.292,1
10,1,3,4,1536,57,0,17,2,1,2,25,114.379,1
0,1,12,0,802,38,0,44,4,1,1,30,298.449,1
19,1,3,0,38,40,0,0,2,1,2,30,298.506,1
20,1,36,0,221,8,2,0,2,1,2,45,241.919,1
0,0,35,0,3501,73,14,39,2,2,2,25,16.516,1
11,1,27,0,2146,31,8,0,4,1,1,25,142.623,1
5,1,3,0,1343,0,20,0,2,1,1,45,544.86,1
8,0,28,3,6123,70,0,16,3,1,1,30,357.073,1
32,1,11,0,6114,28,26,31,2,1,2,30,304.445,1
6,0,38,1,1221,41,11,7,2,1,1,45,155.664,1
1,1,32,0,1106,1,18,24,3,1,2,45,63.91,1
2,0,3,0,0,51,9,0,3,1,2,30,130.407,1
10,0,3,0,0,0,46,7,3,1,2,30,74.256,1
7,1,10,0,0,21,25,9,2,1,1,45,257.477,1
3,0,30,0,4052,0,7,1,2,1,1,45,987.255,1
7,1,29,0,0,100,0,21,3,1,2,25,362.037,1
27,1,3,0,2076,0,25,0,3,1,1,30,987.255,1
1,1,39,0,88,8,10,0,3,1,1,30,123.717,1
12,0,3,0,165,45,73,8,2,1,2,25,448.984,1
6,1,20,0,1185,56,0,0,3,1,2,30,987.255,1
5,0,29,0,3264,37,8,14,3,2,2,25,309.37,1
6,1,29,2,2748,46,10,3,4,1,2,30,79.726,1
0,1,28,0,1295,58,0,0,2,1,2,30,68.21,1
13,0,11,0,342,28,20,29,2,1,1,25,206.652,1
3,1,21,0,2797,10,0,4,2,1,2,45,328.434,1
6,0,25,0,427,38,7,8,3,1,2,25,987.255,1
0,0,24,0,1391,11,0,5,2,1,2,30,127.557,1
5,1,31,3,0,0,6,35,2,1,2,25,493.186,1
20,1,36,0,1028,0,14,4,3,1,2,30,570.726,1
2,0,37,1,13,16,0,22,3,1,2,45,133.447,1
3,1,34,0,1573,0,0,0,2,1,1,30,712.392,1
3,0,30,0,136,16,6,24,3,1,2,25,105.627,1
10,0,3,1,130,8,161,19,2,1,1,25,42.968,1
0,1,23,2,0,58,0,14,2,1,2,45,987.255,1
3,1,5,2,883,48,1,2,2,1,2,30,190.085,1
7,0,28,0,924,11,0,29,3,1,2,30,460.683,1
13,1,25,0,228,14,0,5,4,1,1,25,404.639,1
17,1,3,0,1263,52,0,3,2,1,2,30,501.72,1
9,0,31,0,0,4,1,20,3,1,2,25,291.389,1
7,0,3,1,1607,0,0,8,2,1,2,25,628.719,1
17,1,22,0,2565,62,7,4,2,1,2,45,290.376,1
5,0,3,0,0,14,24,13,2,1,2,30,62.185,1
1,0,36,0,1051,50,12,0,3,1,2,45,446.588,1
13,1,28,0,2357,71,0,4,2,1,1,45,100.395,1
0,0,32,0,765,26,30,9,3,2,2,25,244.7,1
13,0,26,0,0,11,5,0,3,1,1,25,271.962,1
0,1,29,0,989,33,0,3,3,1,1,25,252.895,1
7,1,32,1,380,67,0,15,3,1,2,30,987.255,1
0,1,37,0,459,17,0,4,3,1,1,55,454.619,1
0,1,39,0,735,58,0,9,4,1,2,30,249.791,1
2,1,22,0,1215,33,0,0,2,1,2,25,987.255,1
10,0,30,2,0,40,0,20,5,1,1,45,522.292,1
6,1,34,0,0,25,1,40,2,2,1,25,163.278,1
21,0,38,0,2345,26,0,17,2,1,2,25,143.773,1
24,0,25,0,674,100,0,12,4,1,1,30,530.061,1
2,0,35,0,2352,0,9,24,3,1,2,45,367.632,1
6,0,33,0,582,62,38,16,2,1,1,30,427.677,1
9,1,3,3,541,6,6,3,4,1,2,45,161.026,1
4,1,34,0,943,20,0,4,3,1,2,25,337.504,1
0,0,4,0,0,20,5,0,2,1,2,30,302.664,1
6,1,25,0,1062,0,0,3,2,1,2,25,310.048,1
6,1,34,0,588,13,0,1,2,1,2,30,232.787,1
1,0,5,0,1333,37,17,39,2,1,1,25,147.293,1
0,0,33,0,1898,58,3,6,4,1,1,25,259.784,1
6,0,29,0,0,40,4,35,4,2,2,45,338.341,1
1,0,33,0,1106,69,8,21,2,1,1,25,246.023,1
7,0,38,3,3251,36,0,0,3,1,1,45,112.682,1
1,1,3,0,0,47,14,46,2,1,1,45,136.011,1
0,0,5,0,152,17,1,10,3,1,1,30,269.736,1
6,1,43,0,245,65,0,0,4,1,2,30,233.074,1
11,0,3,2,0,49,5,0,3,1,2,30,231.618,1
11,0,23,0,0,16,26,0,4,1,1,25,129.985,1
6,1,26,1,1285,61,74,31,3,1,2,25,431.685,1
0,0,6,3,2576,16,20,2,2,1,2,25,987.255,1
0,0,36,1,2446,53,8,7,2,1,2,25,279.696,1
8,1,31,0,0,0,0,0,3,1,1,25,987.255,1
0,0,31,0,0,66,0,8,2,1,1,25,70.394,1
6,0,35,2,0,28,204,4,2,1,1,45,544.444,1
0,0,21,0,4634,14,0,0,3,2,2,45,428.046,1
7,0,7,1,490,9,0,0,4,1,2,30,333.202,1
0,0,23,0,0,81,2,4,3,1,2,25,232.364,1
17,0,42,1,3035,39,0,0,3,1,1,45,308.62,1
32,0,28,0,0,6,5,0,3,1,1,45,297.846,1
0,0,21,0,2306,0,10,25,2,1,2,45,332.586,1
0,0,3,0,0,24,0,7,3,1,2,30,0.0,1
9,1,32,0,3475,55,0,3,4,1,2,25,231.808,1
0,0,27,0,0,8,0,4,3,1,1,25,0.165,1
14,1,21,0,0,34,14,0,3,1,1,25,171.583,1
5,0,31,0,0,6,13,32,2,1,2,30,162.476,1
8,1,29,0,506,1,57,5,4,1,2,45,123.127,1
8,0,40,0,1309,49,18,4,3,1,1,25,234.704,1
4,0,21,1,1233,0,0,5,2,1,1,30,522.145,1
2,0,32,0,0,29,9,34,2,1,2,45,178.992,1
0,0,13,0,588,23,28,0,2,1,2,25,345.752,1
9,0,3,0,1481,37,7,0,2,1,1,30,987.255,1
2,0,35,0,0,20,153,0,4,1,2,25,144.975,1
0,0,30,0,0,40,0,14,3,2,1,30,284.564,1
20,0,3,0,2054,73,16,0,2,1,1,45,487.698,1
0,0,6,0,0,15,21,2,4,1,2,25,574.203,1
2,0,27,0,0,79,12,8,3,1,1,25,383.896,1
0,0,42,0,1487,57,4,0,2,1,2,25,498.05,1
7,1,8,1,703,70,0,0,2,1,1,30,144.863,1
0,1,6,0,0,4,0,2,3,1,2,25,346.45,1
3,1,11,0,285,11,10,0,2,1,2,30,365.345,1
2,0,34,0,574,13,0,35,2,1,2,45,288.622,1
2,0,13,0,4616,0,16,16,2,1,2,25,544.052,1
18,1,5,2,0,0,0,7,2,1,1,45,987.255,1
13,1,23,2,488,42,13,25,4,2,2,25,987.255,1
13,1,28,2,1100,17,0,30,3,1,2,30,159.717,1
8,0,12,0,293,32,23,14,4,1,2,30,987.255,1
2,1,30,0,0,1,2,9,3,2,2,45,16.725,1
8,1,3,0,12,54,0,0,2,1,2,30,304.075,1
2,0,41,2,0,11,0,29,3,1,2,55,987.255,1
7,0,35,0,1823,10,0,37,2,1,1,30,289.088,1
0,0,4,0,302,68,0,37,2,1,2,25,572.07,1
0,0,26,0,310,59,0,1,4,1,2,25,160.887,1
6,1,27,0,1877,17,14,29,3,1,2,30,987.255,1
32,1,25,1,2607,9,2,6,3,1,2,25,213.824,1
2,0,36,0,1307,17,0,0,5,1,2,25,327.984,1
1,0,44,2,1662,87,4,25,4,1,2,25,271.174,1
10,1,23,0,1884,28,1,2,2,1,2,45,987.255,1
0,1,32,0,634,13,8,31,3,2,2,25,233.306,1
1,0,3,0,0,55,21,31,3,1,2,30,152.477,1
10,1,27,0,0,56,11,18,3,1,2,30,277.638,1
11,1,3,0,876,44,17,3,4,1,1,30,987.255,1
8,0,3,0,761,57,29,10,2,1,2,30,214.412,1
0,0,7,0,691,7,9,0,2,1,2,30,280.624,1
4,0,41,1,1124,5,0,4,3,1,2,45,987.255,1
2,0,40,0,4,32,0,16,2,1,2,30,508.61,1
2,0,30,0,726,47,4,31,2,1,2,45,42.517,1
3,0,29,1,1081,57,0,8,3,1,2,30,239.119,1
7,0,32,0,175,36,21,0,2,1,2,45,98.352,1
0,0,6,0,727,16,0,4,2,1,1,25,110.46,1
0,0,27,0,0,41,10,19,2,1,1,25,59.264,1
4,0,17,0,706,0,0,12,3,1,1,30,68.998,1
5,1,3,0,49,72,3,13,3,1,1,30,447.928,1
15,1,35,0,493,31,6,6,3,1,2,25,137.634,1
5,1,35,0,1190,49,31,1,3,1,2,45,260.285,1
8,1,30,0,1872,12,36,8,3,1,1,45,149.979,1
22,0,40,2,5380,0,11,0,2,1,2,25,987.255,1
30,1,3,0,1362,0,8,19,3,1,1,25,441.556,1
2,1,28,0,2282,0,30,9,5,1,2,45,252.541,1
5,1,25,0,187,36,0,8,2,2,2,45,164.745,1
7,0,30,0,556,86,0,4,4,1,2,30,987.255,1
0,0,35,0,325,20,0,10,3,1,2,30,145.671,1
1,0,43,3,2446,33,0,15,2,1,2,30,470.992,1
7,1,29,0,0,23,28,13,2,1,1,30,66.233,1
1,0,34,0,0,14,26,0,2,1,1,25,483.853,1
8,1,27,0,720,15,0,2,4,1,2,45,258.592,1
0,1,32,0,203,25,0,22,3,1,1,30,414.196,1
3,1,3,0,2110,14,0,24,2,1,2,30,278.0,1
7,0,36,0,711,0,0,5,3,1,1,25,254.711,1
11,0,36,1,0,68,3,0,3,1,2,30,265.031,1
5,0,3,0,0,14,0,0,2,1,2,45,505.991,1
8,0,32,0,112,0,204,14,3,1,2,30,100.306,1
9,0,31,0,1129,6,49,10,2,2,2,45,134.997,1
2,0,27,0,510,0,0,11,3,1,1,25,125.148,1
15,0,31,0,0,25,0,6,2,1,2,45,54.353,1
3,1,32,0,4701,29,8,36,5,1,1,25,139.83,1
7,0,17,0,0,34,7,46,3,1,2,30,0.0,1
11,1,15,0,1090,15,0,17,4,1,2,30,310.847,1
13,0,26,0,3578,28,0,41,3,1,2,45,211.33,1
4,0,3,1,1563,2,0,25,3,1,2,25,147.107,1
0,1,3,1,0,88,0,3,4,1,2,30,201.155,1
12,0,30,2,3046,45,0,0,2,1,2,25,197.254,1
0,0,3,0,1586,96,0,22,3,1,2,30,73.544,1
25,1,9,0,225,0,0,12,2,1,2,25,124.918,1
1,1,28,0,370,47,8,21,2,1,2,25,245.561,1
10,0,12,1,1661,0,11,10,2,1,1,30,144.49,1
6,1,28,0,5511,39,0,24,2,1,2,30,290.818,1
9,0,11,1,196,37,0,21,2,1,1,45,987.255,1
17,1,44,2,2720,47,35,14,2,1,2,25,284.005,1
10,0,24,0,149,0,0,0,4,1,2,30,326.899,1
16,1,36,1,2970,5,17,8,3,1,1,25,211.202,1
0,0,26,0,611,37,1,0,4,1,2,30,255.235,1
4,1,3,0,0,0,0,0,3,1,1,25,144.11,1
2,1,32,0,3294,41,0,3,4,1,2,30,229.622,1
7,1,3,0,2418,20,0,0,2,1,2,25,263.92,1
0,0,31,0,436,100,0,0,4,1,1,30,221.801,1
3,0,30,0,2919,36,2,34,4,1,2,25,82.634,1
12,0,42,0,1246,41,26,16,2,1,1,30,987.255,1
28,0,29,0,976,12,0,16,4,1,2,25,271.004,1
10,1,26,0,317,74,0,24,3,1,2,45,129.159,1
10,0,25,0,0,0,6,5,4,1,2,45,143.715,1
3,0,24,0,2933,10,0,2,2,1,2,30,146.593,1
8,0,29,0,1760,42,0,16,2,1,2,45,235.804,1
27,1,28,2,0,19,1,0,2,1,2,25,261.914,1
31,1,3,0,1004,71,15,9,2,2,1,30,443.03,1
2,0,33,2,1256,1,0,0,2,1,2,25,264.123,1
1,1,34,0,1601,41,0,4,4,2,2,45,97.084,1
13,0,22,0,293,28,12,0,2,1,2,30,171.975,1
4,1,32,0,165,11,38,8,3,1,1,30,339.059,1
1,0,32,0,2146,26,0,1,2,1,1,30,494.735,1
13,1,34,1,3404,6,0,6,2,1,2,30,69.959,1
12,0,27,0,501,42,2,22,3,1,2,45,198.594,1
0,0,40,0,175,48,7,21,3,1,1,30,302.119,1
13,1,39,0,3153,31,0,0,3,1,2,25,535.075,1
10,0,31,0,781,10,8,5,2,1,2,25,414.281,1
6,0,30,0,1417,25,0,10,2,1,1,30,130.465,1
4,0,35,1,1354,0,38,0,3,1,2,45,303.815,1
0,0,3,0,1333,6,0,28,2,1,2,30,77.507,1
8,1,39,0,0,3,0,0,3,1,2,30,506.801,1
9,0,27,2,1916,56,20,12,3,1,1,30,65.085,1
2,1,12,2,0,26,0,3,2,1,2,25,117.082,1
3,0,29,0,76,0,0,23,3,1,2,30,311.398,1
17,0,28,0,0,71,0,5,4,1,2,30,322.832,1
11,1,22,0,995,8,0,48,3,1,1,25,144.807,1
8,0,38,0,0,40,0,13,3,1,2,30,289.043,1
5,1,37,1,0,3,0,48,2,1,1,30,37.848,1
0,0,28,1,818,20,0,0,4,1,1,25,462.302,1
0,1,8,0,0,42,4,2,4,1,2,25,378.796,1
19,0,21,1,0,53,26,37,4,1,2,30,332.687,1
17,0,28,0,0,21,25,24,2,1,2,30,344.555,1
10,1,3,1,2009,9,0,0,2,1,2,30,62.357,1
15,0,10,0,1306,8,0,3,2,1,1,25,140.025,1
1,1,31,0,287,25,1,5,5,1,2,30,215.087,1
1,1,43,0,2290,21,0,0,4,1,2,30,326.281,1
1,0,15,0,0,9,6,19,4,1,2,30,370.278,1
7,1,32,0,655,4,78,26,4,1,2,45,135.172,1
14,0,36,0,1137,41,0,32,2,2,1,25,9.237,1
2,0,32,0,2018,56,11,3,2,1,2,30,266.81,1
17,1,29,0,4352,62,0,12,3,1,1,30,139.181,1
10,1,27,0,696,26,1,40,3,1,1,30,234.235,1
7,1,11,0,2037,8,19,30,3,1,1,30,96.969,1
7,0,24,0,525,33,3,32,2,1,1,30,112.102,1
7,0,29,0,0,0,14,0,3,1,2,30,93.493,1
11,0,28,0,0,20,0,0,2,1,1,30,191.514,1
0,1,37,0,1540,45,3,0,3,1,2,25,486.927,1
9,0,27,0,0,18,11,0,3,1,2,30,384.784,1
3,0,34,0,5972,45,0,0,2,1,2,25,987.255,1
2,0,19,0,387,42,0,0,2,1,1,45,121.114,1
3,0,34,0,0,46,0,0,2,1,1,25,510.038,1
13,0,26,3,3854,5,0,29,3,1,1,30,513.456,1
20,0,3,2,0,40,13,0,4,1,2,30,231.736,1
3,0,34,0,95,10,6,11,2,1,2,45,528.577,1
19,1,28,1,999,28,2,27,2,1,2,30,929.746,1
9,1,15,0,479,5,15,3,2,1,2,25,289.797,1
2,0,28,0,0,24,9,17,2,2,2,45,209.583,1
3,0,35,0,2662,71,25,10,3,1,1,25,284.642,1
3,0,29,1,1351,12,15,15,2,1,2,30,266.85,1
18,0,23,0,1511,0,0,10,2,1,2,30,137.125,1
0,0,3,0,0,63,0,21,3,1,1,30,330.705,1
27,0,32,0,2123,1,0,23,3,1,2,25,272.922,1
2,0,34,0,1412,15,10,3,2,1,2,30,421.359,1
0,1,26,0,3746,20,0,14,3,1,1,30,399.392,1
10,0,29,0,2536,18,21,9,4,1,1,30,352.809,1
7,0,32,3,285,20,2,0,3,1,1,25,506.322,1
7,0,3,0,0,23,0,24,3,1,1,25,407.743,1
1,1,22,0,2040,23,1,11,3,1,2,30,346.765,1
10,0,26,2,302,61,34,18,2,1,1,25,230.548,1
24,0,8,0,411,62,0,16,4,1,1,30,196.898,1
17,0,26,2,324,5,0,0,3,1,2,30,310.451,1
6,0,30,0,0,14,0,15,3,1,1,25,301.799,1
0,0,35,2,0,26,12,0,3,1,2,45,347.618,1
15,0,3,2,0,23,0,4,2,1,2,30,412.374,1
0,0,5,0,0,58,0,5,2,1,1,30,491.724,1
0,0,28,0,0,0,0,40,3,1,2,30,300.148,1
5,0,3,1,351,15,0,9,3,1,2,30,104.663,1
2,1,34,2,838,100,7,30,4,1,1,30,77.573,1
32,1,34,4,0,32,0,30,3,1,2,30,309.683,1
2,1,27,0,0,29,25,14,2,1,1,30,987.255,1
19,0,29,0,1079,32,0,3,2,1,2,55,434.899,1
17,1,3,0,1294,42,12,1,2,1,1,25,289.157,1
6,1,23,0,1681,44,0,17,3,1,2,30,230.517,1
4,1,36,0,3638,80,0,12,3,1,2,30,987.255,1
5,1,31,0,782,45,0,6,2,1,1,30,135.212,1
3,1,30,0,5934,7,4,12,2,1,2,30,274.214,1
17,0,27,0,129,0,0,3,3,1,1,45,293.098,1
0,0,6,1,0,6,0,46,2,1,1,30,139.111,1
13,0,13,0,3411,49,0,6,3,1,1,25,389.326,1
11,1,32,0,976,43,0,4,2,1,1,30,129.037,1
2,1,36,2,1380,0,4,11,2,1,1,25,552.279,1
0,0,26,0,0,24,15,6,3,1,2,30,28.181,1
6,0,28,0,1618,39,28,0,2,2,2,25,111.876,1
4,1,17,0,604,7,28,1,3,1,1,30,117.053,1
4,0,39,0,317,54,7,23,2,1,2,30,196.025,1
0,1,11,0,1569,42,0,9,3,1,1,45,572.255,1
0,1,44,0,1518,0,0,33,4,1,2,30,102.942,1
5,0,24,0,40,61,20,9,4,1,2,30,232.484,1
9,1,25,0,1933,20,0,33,3,1,1,30,273.21,1
13,1,4,0,306,6,0,23,2,1,2,25,91.231,1
0,0,34,0,2194,13,0,18,2,1,2,45,143.483,1
0,0,3,0,55,100,0,5,3,1,1,25,117.437,1
18,0,36,1,2258,25,0,26,4,1,1,30,258.613,1
10,0,3,0,27,38,0,7,3,1,2,45,283.25,1
2,0,9,0,0,0,0,43,2,1,2,30,192.81,1
0,0,13,0,1051,4,40,0,2,1,2,45,73.113,1
0,0,3,0,972,41,17,25,4,1,1,30,260.913,1
0,0,40,0,2516,23,5,27,2,1,2,30,215.732,1
0,1,3,0,1739,0,7,38,2,1,1,30,116.219,1
0,1,30,0,127,9,0,9,4,1,2,30,141.854,1
12,1,28,0,0,8,0,1,2,1,2,25,264.806,1
20,0,22,1,1273,0,0,27,3,1,1,25,230.06,1
16,0,3,0,497,15,0,26,4,1,2,45,142.131,1
17,0,14,2,550,66,0,22,2,1,2,45,500.29,1
12,1,26,0,0,0,0,22,3,1,1,30,221.031,1
12,0,26,1,0,20,3,5,2,2,2,30,358.75,1
3,0,26,0,172,0,23,0,2,1,2,30,243.831,1
0,0,16,0,860,60,12,3,2,1,1,45,141.819,1
23,0,13,0,1042,0,17,22,4,1,1,25,118.363,1
0,1,33,1,605,42,0,15,3,1,1,30,274.333,1
0,0,29,0,0,62,8,0,2,1,2,45,367.96,1
15,0,36,0,1227,2,0,23,2,1,2,30,72.55,1
18,0,31,0,568,81,0,16,3,1,1,25,987.255,1
17,1,30,2,2558,0,0,6,3,1,2,30,987.255,1
10,0,23,0,0,23,0,3,3,1,2,30,262.616,1
13,0,3,0,50,52,1,3,2,1,1,30,229.768,1
19,0,32,0,1206,10,7,10,3,1,2,45,259.486,1
8,0,3,0,0,0,0,25,4,1,1,30,78.642,1
3,0,36,0,0,35,0,0,3,1,2,30,155.105,1
0,1,27,0,0,34,19,12,3,1,2,30,197.975,1
10,0,3,1,0,37,11,0,4,1,2,25,987.255,1
5,0,32,1,573,0,0,46,4,1,2,30,204.507,1
11,0,3,0,202,26,0,45,3,1,2,45,415.332,1
0,1,32,0,833,7,22,0,3,1,1,25,133.399,1
4,0,26,1,2507,13,0,16,3,1,2,25,455.814,1
14,1,38,0,5250,28,0,34,3,1,2,25,59.618,1
0,0,43,0,0,38,2,5,4,1,2,30,301.138,1
12,1,35,0,1098,16,0,5,3,1,1,30,266.035,1
13,0,4,0,671,0,0,4,2,1,2,30,437.922,1
13,0,3,0,5910,44,0,12,3,1,2,25,298.747,1
9,0,3,0,1750,35,0,0,3,1,2,25,122.923,1
18,0,39,0,2452,0,5,0,2,1,1,25,159.602,1
6,1,5,0,0,40,0,0,3,1,2,45,413.42,1
21,1,37,0,0,22,12,1,2,1,1,30,247.544,1
2,0,32,0,1547,0,22,0,4,1,2,30,502.337,1
8,0,33,2,642,39,0,0,4,1,1,30,353.04,1
12,0,30,1,0,11,12,0,2,1,1,30,297.035,1
4,1,25,1,0,46,0,18,4,1,2,45,240.901,1
7,0,9,0,308,0,5,45,4,1,2,30,447.324,1
0,0,39,1,235,23,8,3,3,1,1,30,68.329,1
7,0,7,0,200,60,49,13,4,1,2,45,127.03,1
2,1,7,0,0,55,0,33,2,1,1,25,160.829,1
4,1,3,0,0,0,7,26,3,1,2,30,155.049,1
5,1,31,2,1283,73,0,0,2,1,1,30,305.686,1
22,0,25,0,0,21,0,2,3,1,2,30,398.922,1
0,0,23,0,55,35,12,0,3,1,1,25,523.14,1
15,0,19,0,1062,46,18,0,4,1,2,55,253.373,1
7,1,30,1,1420,0,14,3,3,1,2,25,327.72,1
2,1,29,0,350,35,5,0,2,1,1,45,533.601,1
0,1,29,1,449,51,21,25,3,1,2,45,502.731,1
0,0,27,0,871,10,2,1,2,1,2,25,120.904,1
2,0,16,1,1245,46,3,1,3,1,1,25,247.807,1
18,0,37,0,1563,27,0,14,2,1,2,30,323.681,1
0,1,30,0,225,12,0,6,4,1,2,25,243.505,1
1,1,35,0,258,16,0,0,2,1,2,30,63.26,1
21,0,31,1,533,63,8,43,3,1,2,25,307.618,1
20,1,33,0,176,0,0,23,4,1,2,25,324.707,1
12,1,32,0,548,23,0,15,3,1,2,30,987.255,1
3,1,24,0,1833,100,11,0,2,1,2,30,566.063,1
4,0,32,0,0,21,0,25,5,1,1,30,285.396,1
9,0,3,0,2191,13,11,36,4,1,1,30,357.105,1
4,1,25,0,0,12,24,20,2,1,2,45,422.673,1
17,0,35,0,2325,31,2,27,2,1,1,45,904.686,1
0,0,7,0,0,25,10,20,3,1,2,25,312.866,1
9,0,34,0,2425,5,7,12,2,1,2,25,127.607,1
5,1,40,2,887,40,0,10,4,1,1,25,987.255,1
18,0,34,1,2870,21,0,8,3,1,2,25,314.128,1
7,0,28,0,2808,59,1,0,2,1,2,25,559.629,1
3,0,30,2,147,42,43,1,4,1,1,30,987.255,1
1,1,41,0,2313,29,14,9,2,1,2,30,0.0,1
0,1,35,0,708,39,2,11,3,1,1,45,987.255,1
6,1,4,1,2443,51,16,31,3,1,2,25,484.738,1
6,0,7,0,3084,29,26,1,2,1,2,45,291.072,1
2,1,4,4,1229,10,5,25,4,1,2,45,987.255,1
7,0,22,0,824,13,27,2,2,1,2,25,295.94,1
4,0,29,0,1051,50,18,2,3,1,2,55,100.08,1
8,0,15,1,1251,31,13,10,3,1,2,30,122.684,1
8,1,34,0,851,42,23,0,3,1,2,30,163.087,1
3,1,31,0,4544,38,0,34,2,1,2,25,301.507,1
10,0,24,2,559,67,54,3,2,1,2,45,116.728,1
4,0,5,0,524,0,57,34,2,1,2,30,552.426,1
5,0,36,2,4226,0,26,22,2,1,2,25,300.248,1
9,1,34,0,2700,30,15,0,3,1,2,45,153.958,1
19,0,24,2,0,4,29,0,2,1,1,45,30.482,1
5,0,7,0,1097,37,0,0,3,2,1,45,278.314,1
11,0,27,0,372,23,0,13,3,1,1,30,125.835,1
1,0,26,0,0,70,10,18,4,1,1,25,108.561,1
2,0,27,0,499,61,0,3,2,2,1,45,114.587,1
9,0,30,0,1625,7,13,16,2,2,1,45,205.583,1
0,0,3,0,925,40,0,24,3,1,1,25,286.837,1
0,1,29,2,139,3,0,0,4,1,1,25,227.57,1
30,1,4,0,0,95,0,12,2,1,2,45,257.642,1
6,0,30,0,2747,20,33,25,2,1,1,45,110.34,1
14,0,26,1,3211,32,0,36,3,1,2,25,334.045,1
0,1,24,0,750,30,20,0,3,1,2,25,432.392,1
17,1,3,0,2183,0,0,4,3,1,2,45,126.194,1
13,0,31,0,306,66,18,28,4,1,2,30,236.274,1
4,1,33,0,239,15,23,1,2,1,1,45,39.698,1
8,1,9,0,2908,32,0,0,2,1,2,30,127.399,1
13,1,26,0,0,47,0,0,3,1,2,55,987.255,1
4,1,25,0,0,31,0,25,5,1,2,30,113.827,1
2,1,33,0,3812,45,17,5,2,1,2,45,79.583,1
15,0,21,1,1288,56,0,0,2,1,2,45,987.255,1
3,0,24,0,0,36,23,0,3,1,2,45,987.255,1
10,0,28,0,0,25,27,48,2,2,2,25,220.867,1
16,0,33,0,2082,29,10,7,2,1,1,45,439.889,1
0,0,28,0,125,81,9,17,2,1,1,45,99.123,1
8,0,28,0,0,12,13,11,4,2,1,30,987.255,1
0,0,11,0,427,24,11,9,4,2,1,30,562.994,1
26,0,28,0,191,23,2,0,5,1,2,25,206.51,1
22,0,31,0,0,0,18,17,3,1,1,25,442.533,1
11,0,30,0,980,36,59,6,3,1,2,45,987.255,1
10,1,24,0,970,68,10,41,3,1,2,30,664.759,1
0,1,4,0,0,0,29,35,4,1,1,30,156.896,1
16,0,3,4,3757,38,0,2,3,1,2,45,301.66,1
5,0,6,0,1200,97,0,23,3,1,1,45,336.143,1
2,0,8,1,2660,0,0,0,4,1,1,55,272.831,1
6,0,36,0,642,11,0,0,2,1,2,25,121.513,1
2,1,3,0,2862,37,29,3,2,1,2,25,140.115,1
0,0,3,0,2649,56,50,14,3,1,2,30,263.741,1
6,0,33,1,1089,49,5,32,3,1,1,45,206.958,1
13,0,29,0,0,23,0,4,3,1,2,30,298.483,1
7,0,8,0,801,82,0,23,4,1,2,30,480.9,1
0,0,43,0,1653,97,20,35,2,1,2,30,104.301,1
18,0,32,0,1178,50,32,0,2,1,1,30,523.12,1
0,0,32,2,3943,57,18,10,2,1,1,30,126.515,1
10,1,34,0,300,47,0,22,2,2,1,30,503.456,1
3,1,35,0,0,49,8,17,2,1,1,25,86.544,1
4,1,15,0,4055,100,30,21,5,1,2,30,75.792,1
8,1,8,0,0,0,1,27,2,1,1,30,256.625,1
14,1,10,0,994,33,0,12,3,1,2,25,328.758,1
1,0,16,4,2432,55,45,29,2,1,2,30,286.63,1
8,1,25,0,1008,15,0,14,2,1,1,30,506.113,1
1,1,38,0,1404,26,0,22,4,1,1,30,258.194,1
11,0,37,0,1336,3,38,0,5,1,1,25,987.255,1
0,0,34,0,1924,46,6,44,4,1,2,25,388.106,1
0,1,38,1,1784,0,2,48,3,1,2,25,178.071,1
9,0,31,0,2030,13,21,5,3,2,2,30,987.255,1
1,0,11,1,295,0,0,0,2,1,2,25,439.214,1
11,1,25,3,460,5,0,41,3,1,2,30,545.747,1
6,0,14,2,3670,62,8,0,3,1,2,45,708.17,1
1,0,43,1,1494,47,0,0,2,1,2,30,987.255,1
18,0,32,1,0,17,0,12,3,1,2,30,492.872,1
8,1,9,0,0,12,0,5,3,1,1,30,288.376,1
4,0,16,2,4153,0,8,13,2,1,1,30,312.987,1
20,0,25,0,1792,4,39,11,3,1,2,25,261.431,1
11,0,37,0,137,62,0,0,3,1,1,30,131.499,1
4,0,3,0,3112,22,1,9,4,1,1,30,210.573,1
1,1,27,0,0,0,0,4,2,1,1,30,506.459,1
17,1,31,0,2520,57,24,14,3,1,2,25,241.796,1
0,1,30,0,1015,53,19,6,3,1,1,25,23.742,1
6,0,34,1,1530,87,0,19,2,1,1,30,250.7,1
3,0,11,1,3346,9,29,15,3,1,1,25,121.7,1
5,1,30,1,0,0,0,44,3,1,1,45,236.374,1
3,1,27,0,627,17,0,3,3,1,2,45,117.963,1
6,0,4,0,3073,43,0,19,3,1,1,30,435.678,1
0,0,28,0,108,14,1,16,2,1,1,25,128.156,1
8,1,36,0,707,43,4,30,4,1,1,30,84.953,1
6,0,24,1,1992,65,34,0,4,1,2,30,106.238,1
8,1,27,0,826,0,12,16,3,1,1,30,79.743,1
27,0,28,0,2543,43,18,9,3,1,2,25,219.658,1
2,1,3,0,4,47,18,2,4,1,2,25,565.734,1
3,0,35,2,1845,8,0,32,4,1,1,45,538.319,1
3,1,3,0,0,37,0,26,4,1,2,30,298.743,1
3,1,31,0,1313,15,0,4,3,1,2,45,334.434,1
2,1,34,0,3643,19,5,7,3,1,2,30,559.384,1
10,0,28,1,1642,0,0,36,3,1,2,30,403.239,1
0,0,40,0,1186,17,7,1,4,1,2,25,312.034,1
11,1,31,0,1948,32,36,31,3,1,1,45,109.455,1
5,0,3,0,1022,29,13,30,3,1,1,25,153.369,1
18,1,25,1,3512,39,15,35,3,1,2,30,112.288,1
16,0,3,0,0,14,0,0,3,2,1,45,304.085,1
2,1,26,0,267,19,0,25,2,1,2,30,197.418,1
5,0,3,0,0,0,1,5,2,1,2,25,71.244,1
13,0,38,3,2814,61,0,0,2,1,2,25,340.582,1
11,1,39,0,609,20,13,19,3,1,1,30,0.0,1
7,0,36,4,1419,9,9,21,3,1,2,55,987.255,1
3,0,32,0,0,27,0,10,4,1,1,30,543.211,1
4,0,36,0,0,18,5,25,2,1,2,25,231.918,1
26,1,26,0,1114,30,8,7,2,1,2,25,987.255,1
3,0,24,1,387,26,0,2,4,1,2,25,278.302,1
0,1,4,0,823,70,0,2,3,1,2,30,83.814,1
4,1,38,0,1746,39,0,0,4,1,2,45,365.96,1
1,0,37,0,2235,11,4,14,4,1,2,30,130.686,1
11,1,33,0,0,20,1,23,2,1,2,25,342.938,1
19,1,3,1,0,7,41,11,2,1,2,30,103.061,1
5,1,35,0,1319,11,0,17,4,1,1,45,484.877,1
10,1,31,0,463,12,0,27,3,1,2,30,263.704,1
0,0,32,1,3655,0,2,27,2,1,2,45,305.256,1
4,0,30,1,1970,66,15,1,3,1,2,30,251.13,1
17,0,34,0,2399,17,7,0,2,1,2,45,266.941,1
0,1,30,0,0,70,0,1,2,1,1,30,250.196,1
13,0,38,0,0,0,33,9,2,1,2,25,905.206,1
0,0,34,0,402,13,0,0,4,1,2,45,110.916,1
6,1,22,2,880,59,0,0,3,1,2,30,280.766,1
17,0,28,0,16,56,0,4,3,1,1,25,239.883,1
0,0,3,0,543,2,0,0,3,1,1,25,292.23,1
11,0,30,0,1327,53,0,12,2,1,1,30,519.797,1
6,1,28,0,605,56,0,27,2,1,2,25,399.033,1
0,1,25,0,0,30,0,16,2,1,2,25,116.065,1
0,1,19,0,3403,13,0,29,3,1,2,30,531.426,1
5,0,31,0,2308,23,25,19,3,1,1,25,86.186,1
10,1,9,1,1424,57,0,21,3,1,1,30,987.255,1
14,0,35,2,606,53,0,4,2,1,2,25,233.387,1
9,0,28,0,105,82,1,5,2,1,1,25,987.255,1
4,0,7,2,531,24,31,10,2,1,2,30,277.73,1
12,0,26,0,103,14,4,16,4,1,2,30,113.459,1
5,0,27,0,0,24,9,0,2,1,2,30,100.346,1
0,0,32,0,293,3,15,0,3,2,2,25,133.55,1
0,1,26,0,0,35,0,5,2,1,2,30,134.456,1
2,1,26,0,5663,25,7,33,2,1,2,25,126.728,1
12,0,13,0,781,93,8,19,2,1,1,25,545.646,1
2,0,28,0,2094,61,20,24,3,1,2,30,31.491,1
5,0,36,0,2170,68,4,3,4,1,2,30,234.307,1
2,0,28,0,0,29,7,9,4,1,1,30,493.158,1
0,0,44,0,0,6,0,32,2,1,2,30,126.896,1
0,1,42,0,1086,33,0,3,3,1,2,25,297.112,1
5,0,39,0,114,14,0,0,3,1,2,30,552.573,1
1,1,32,0,228,28,1,22,2,1,2,25,104.895,1
1,1,26,1,805,0,0,13,2,1,1,25,25.661,1
13,0,35,0,0,36,17,8,2,1,1,45,130.966,1
0,0,36,0,584,49,18,15,2,2,2,30,90.119,1
14,0,32,0,0,22,13,32,2,1,2,55,457.69,1
10,0,21,2,0,37,0,9,3,1,2,25,178.02,1
24,0,41,0,0,0,8,25,2,1,2,45,111.023,1
9,1,3,0,0,18,0,20,3,1,2,25,987.255,1
2,1,4,0,0,67,0,2,4,1,1,30,987.255,1
30,0,3,2,0,19,0,0,2,1,2,30,158.314,1
7,1,15,0,3802,6,11,5,3,1,2,30,91.574,1
5,1,32,0,198,0,2,9,3,1,1,25,229.808,1
4,0,9,1,159,38,6,0,2,1,1,45,470.311,1
0,0,40,0,9,5,77,14,3,1,2,25,0.0,1
1,1,31,0,853,14,0,1,2,1,1,30,358.292,1
0,1,22,0,0,40,0,6,3,1,2,30,349.531,1
16,1,27,1,3527,61,0,2,2,1,2,30,263.446,1
7,1,28,0,572,0,0,22,3,1,2,45,987.255,1
11,0,21,2,0,59,0,0,2,1,1,25,101.149,1
7,1,33,1,0,0,17,7,5,1,1,30,525.608,1
2,1,28,0,1835,29,0,3,2,1,2,25,129.964,1
17,1,28,0,0,0,0,20,2,1,1,25,987.255,1
16,0,30,0,0,47,0,6,3,1,2,30,330.28,1
7,0,3,2,0,64,0,26,2,1,2,25,28.537,1
7,0,3,0,3489,9,0,9,4,1,1,30,987.255,1
4,0,36,0,328,0,26,37,2,1,1,45,173.102,1
34,1,23,0,1236,20,36,14,4,1,1,30,987.255,1
8,1,42,1,2217,28,11,0,4,1,2,30,229.824,1
0,0,13,1,995,11,7,0,4,1,2,25,244.068,1
6,1,29,0,2444,62,2,0,2,1,2,45,303.349,1
3,1,39,0,3377,0,5,0,2,1,2,25,530.635,1
7,1,30,4,0,0,1,0,2,1,1,25,69.946,1
4,1,3,0,0,50,0,3,4,1,2,25,123.634,1
4,0,28,0,171,26,0,18,3,1,2,30,96.677,1
0,1,27,0,0,3,0,1,3,1,1,45,376.561,1
0,0,3,0,0,31,0,0,2,1,2,45,484.26,1
3,0,39,1,308,60,2,0,3,1,2,30,257.47,1
0,1,28,2,2003,34,17,30,3,1,2,30,78.405,1
25,0,37,1,856,1,29,0,5,1,2,25,516.304,1
0,1,24,1,789,14,0,13,4,1,2,25,107.372,1
14,0,5,0,711,17,3,0,3,1,2,30,248.577,1
5,1,3,0,4196,0,0,14,3,2,1,30,12.171,1
5,1,3,0,1614,49,7,16,3,1,2,30,234.205,1
0,1,26,0,0,14,1,0,2,1,1,45,106.508,1
0,1,33,0,1149,33,0,25,3,1,2,25,269.159,1
29,0,23,0,4305,48,1,31,2,1,1,25,128.479,1
5,0,5,1,546,68,28,0,3,1,2,25,124.225,1
17,1,44,0,552,25,0,26,2,1,2,25,24.284,1
1,1,29,0,569,26,24,18,2,1,2,30,392.918,1
11,0,22,0,0,45,4,22,2,1,2,25,301.436,1
10,0,3,0,734,39,33,3,2,1,2,30,351.219,1
6,1,30,0,637,10,1,2,2,1,2,30,417.454,1
10,0,29,0,0,28,0,21,3,1,2,45,489.019,1
1,0,32,0,0,22,7,7,3,1,2,30,142.862,1
22,1,32,2,271,59,0,9,2,1,2,30,105.823,1
0,1,28,2,0,28,0,1,3,1,2,30,111.085,1
1,0,31,0,1108,14,32,5,3,1,2,25,494.845,1
9,1,42,0,2931,42,1,48,3,1,2,25,987.255,1
22,0,30,0,1238,56,0,23,3,1,1,45,987.255,1
0,1,34,1,300,18,39,0,4,1,2,30,177.124,1
6,0,24,0,2401,63,0,8,2,1,1,45,987.255,1
2,0,26,2,0,47,12,16,3,1,1,30,274.782,1
1,0,13,1,72,15,0,9,2,1,1,30,987.255,1
2,1,36,0,0,0,0,18,2,1,1,30,347.78,1
0,1,39,0,0,24,28,1,3,1,2,30,70.515,1
6,1,15,0,327,2,24,20,3,1,2,25,287.278,1
4,1,34,0,2785,58,8,6,2,1,2,45,107.313,1
3,0,33,0,2108,0,0,32,2,1,1,45,251.95,1
9,1,23,0,1879,36,0,0,2,1,1,25,522.766,1
4,1,31,0,0,10,0,2,3,1,2,25,116.918,1
3,1,33,1,2429,17,0,7,2,1,1,30,345.652,1
13,0,38,0,515,1,8,26,2,1,2,30,434.342,1
0,0,7,0,2997,24,0,2,3,1,1,25,156.197,1
1,0,29,0,0,17,0,19,3,1,2,30,447.107,1
0,1,37,0,1657,47,12,30,3,1,1,45,454.365,1
13,1,30,0,1156,96,22,0,4,1,1,55,299.921,1
8,0,3,0,613,18,5,7,2,1,2,30,244.446,1
12,0,38,0,2567,46,0,14,3,1,2,30,313.815,1
1,1,30,0,638,66,25,1,2,1,2,25,244.442,1
8,1,29,0,968,22,0,24,2,1,1,30,70.934,1
0,0,3,1,1422,15,18,33,3,1,2,25,987.255,1
1,0,30,1,0,67,0,0,3,1,2,30,161.429,1
3,0,28,0,85,4,18,0,3,1,1,30,229.523,1
4,0,7,2,1058,2,1,7,5,1,1,30,472.461,1
0,0,37,0,564,50,0,16,3,1,2,30,240.608,1
1,1,38,2,2361,56,47,0,2,1,2,30,73.478,1
3,1,3,1,0,42,25,34,2,1,2,25,85.741,1
0,0,35,1,654,55,15,7,2,1,2,25,987.255,1
1,0,25,1,5277,49,0,3,2,1,1,25,287.553,1
0,1,25,0,5480,16,0,0,4,1,2,30,234.827,1
18,1,28,0,489,35,15,11,3,1,2,30,66.048,1
2,0,3,3,0,29,0,12,4,1,1,45,199.334,1
17,0,34,0,0,12,28,19,3,1,2,25,389.669,1
11,0,28,3,4086,21,0,0,2,1,2,25,214.421,1
17,0,28,0,838,5,0,1,3,1,2,30,384.612,1
8,0,3,0,2385,59,4,32,2,1,2,30,389.038,1
1,0,32,2,0,46,7,35,3,1,2,30,920.715,1
4,1,14,0,69,37,0,21,2,1,2,30,518.144,1
11,1,38,0,1440,27,1,0,3,1,1,30,146.701,1
6,0,35,0,0,0,0,28,3,1,2,30,150.448,1
9,0,27,0,2123,30,3,1,3,1,1,25,233.992,1
4,0,3,0,0,0,0,3,4,1,2,25,987.255,1
9,1,3,2,0,100,0,11,4,1,2,30,190.432,1
11,0,29,1,0,50,44,31,3,1,2,25,253.901,1
9,0,37,0,1322,33,0,0,3,1,2,25,102.198,1
5,0,29,1,2688,38,0,29,2,1,1,25,71.479,1
4,0,33,0,2217,55,0,20,2,1,1,30,107.547,1
3,0,35,2,0,64,15,38,2,1,2,30,987.255,1
1,0,9,1,1185,8,0,8,5,1,2,30,147.326,1
6,1,30,2,568,27,0,8,2,1,2,30,180.658,1
10,1,5,0,782,22,39,0,3,1,1,25,987.255,1
14,1,32,1,755,42,0,27,3,1,1,30,485.652,1
10,1,13,0,79,69,0,0,3,1,2,30,421.819,1
9,0,33,2,2838,50,12,22,3,1,1,25,147.735,1
23,1,26,0,2526,25,2,9,3,1,1,30,232.067,1
6,1,19,2,1673,1,0,1,3,1,2,25,987.255,1
0,1,25,0,2355,25,41,0,3,1,2,45,494.677,1
5,0,19,0,0,48,0,0,3,1,1,25,987.255,1
6,1,32,0,1372,0,4,16,2,1,2,30,143.701,1
2,1,26,0,0,0,0,5,5,2,2,25,252.451,1
14,1,37,3,2693,0,0,10,2,1,2,30,268.129,1
0,0,34,1,0,32,1,6,3,1,1,30,54.348,1
20,0,32,0,1946,38,0,0,4,1,2,45,377.108,1
8,0,33,1,87,21,0,0,4,1,2,25,125.169,1
14,0,25,0,2107,55,0,36,2,1,1,30,297.12,1
1,1,3,3,5346,24,0,0,2,1,1,25,987.255,1
23,0,27,0,0,23,36,42,3,1,2,25,86.614,1
7,1,23,0,31,42,0,0,4,1,2,30,250.6,1
7,1,3,0,2176,97,0,23,3,1,2,25,109.399,1
21,0,6,0,0,21,0,10,2,1,2,25,233.0,1
13,0,3,0,7,79,8,18,4,1,1,25,185.702,1
1,0,42,1,0,56,17,6,2,1,2,25,254.418,1
3,0,27,0,1245,4,0,0,2,1,2,45,107.074,1
3,0,3,0,882,45,4,0,2,1,1,30,548.597,1
20,1,3,0,1856,28,16,35,3,1,1,25,22.794,1
1,1,44,0,569,52,54,4,4,1,2,45,366.794,1
0,1,23,0,4327,40,0,0,4,1,1,25,526.106,1
4,0,33,3,474,61,29,12,3,1,1,25,148.82,1
2,0,3,0,2685,47,0,3,3,2,2,30,111.053,1
1,1,3,4,5158,7,0,2,2,1,2,30,987.255,1
8,1,3,0,0,11,0,0,3,1,2,30,134.77,1
0,0,37,0,867,4,2,34,2,1,2,30,80.621,1
11,0,26,0,1917,36,0,6,2,1,1,25,510.557,1
5,0,41,1,388,20,7,0,3,1,2,25,260.786,1
0,0,32,2,0,25,0,45,4,1,1,30,221.281,1
7,0,31,1,2621,5,0,17,2,1,1,25,254.801,1
3,0,31,0,1709,35,0,35,3,1,2,45,987.255,1
1,0,28,0,0,30,0,5,4,1,2,25,96.7,1
10,0,28,1,1088,42,5,7,4,1,2,45,202.561,1
10,0,25,4,1016,16,10,9,2,1,2,30,60.622,1
14,0,30,0,0,0,0,10,3,1,1,30,32.178,1
8,0,3,2,0,0,3,27,3,1,2,30,471.721,1
9,0,28,3,0,0,0,7,3,1,2,30,267.259,1
13,1,30,0,2094,42,0,6,3,1,1,30,351.716,1
0,1,26,0,317,4,20,0,3,1,1,30,263.188,1
9,0,31,0,0,29,0,2,2,1,2,45,98.686,1
3,0,28,0,0,14,0,6,3,1,1,30,987.255,1
0,1,40,0,44,6,0,2,3,1,2,30,270.606,1
9,1,27,1,823,16,0,0,2,1,2,25,213.099,1
0,0,39,0,2781,48,4,0,2,1,1,30,116.821,1
12,0,25,0,0,13,15,0,3,2,1,45,237.508,1
0,0,3,0,0,0,0,36,3,1,2,30,25.047,1
8,1,4,0,0,15,0,18,2,1,1,30,987.255,1
13,1,23,0,248,27,2,10,2,1,1,25,88.567,1
11,0,28,2,0,0,23,2,2,1,2,30,307.021,1
22,0,26,0,158,46,0,15,3,1,1,30,220.626,1
13,0,27,2,0,0,0,0,2,1,2,30,253.226,1
15,1,32,0,1091,36,151,23,3,1,1,25,103.094,1
30,0,29,0,162,0,9,13,2,1,2,30,452.654,1
6,0,3,3,0,46,17,5,4,2,2,25,987.255,1
16,1,3,0,0,23,0,14,3,1,2,25,484.374,1
16,0,16,0,74,21,9,4,3,1,2,25,554.555,1
5,0,3,0,50,34,0,6,3,1,1,45,155.043,1
0,0,40,0,637,0,0,6,3,1,1,45,396.599,1
3,1,3,0,0,27,12,22,3,1,2,30,467.264,1
20,0,26,0,1821,55,25,34,3,1,2,30,149.11,1
9,1,27,2,0,63,0,8,2,1,2,55,469.98,1
5,1,15,0,295,60,5,6,3,1,2,30,497.692,1
10,1,25,0,0,100,0,2,2,1,1,45,78.937,1
16,0,31,0,2225,28,8,2,5,1,2,30,465.839,1
11,1,31,0,0,0,3,22,3,1,2,30,262.853,1
8,0,7,3,764,0,0,21,2,1,2,25,142.732,1
8,0,33,1,214,47,13,43,3,1,2,30,240.878,1
6,0,26,2,291,15,0,0,3,1,1,30,146.034,1
0,0,29,0,451,61,0,27,3,1,1,30,105.366,1
4,0,31,0,871,49,2,3,3,1,1,45,350.15,1
1,0,28,0,1032,8,3,7,3,1,1,30,330.667,1
8,1,26,0,246,43,18,0,2,1,1,30,341.487,1
29,0,35,0,4498,28,12,6,2,1,2,45,125.162,1
4,1,33,0,321,3,0,13,3,1,2,45,0.0,1
5,0,33,0,0,29,0,5,4,1,2,25,147.608,1
12,0,42,1,0,22,0,24,2,1,2,45,135.737,1
5,1,4,0,1940,3,0,0,3,1,1,30,328.284,1
15,0,30,0,6123,37,0,0,3,1,2,30,47.282,1
11,0,6,0,595,100,0,0,3,1,1,30,90.264,1
16,0,3,0,1612,43,25,4,4,2,2,30,987.255,1
0,0,24,0,0,35,8,0,2,1,2,30,418.035,1
8,1,34,1,0,33,33,4,2,1,2,25,294.549,1
4,0,3,0,209,23,0,0,3,2,1,25,537.9,1
7,1,27,0,0,27,1,29,3,1,1,30,13.978,1
0,1,12,0,38,18,4,0,2,1,1,25,987.255,1
0,1,35,0,734,51,0,15,3,1,2,30,281.258,1
11,0,13,0,4270,29,0,1,3,1,2,30,374.076,1
7,0,24,0,0,41,0,19,3,1,1,45,184.951,1
8,1,6,0,137,3,45,2,2,1,2,30,594.039,1
3,0,9,0,890,0,15,5,2,1,2,45,122.327,1
6,1,3,0,0,15,33,2,4,1,2,30,231.255,1
12,0,27,1,0,3,0,32,3,1,1,30,737.514,1
1,0,28,0,610,63,0,5,2,1,1,45,132.901,1
14,1,29,1,308,47,69,43,3,1,1,25,440.367,1
1,1,17,1,2720,25,20,31,2,1,2,45,353.151,1
7,0,22,0,2274,57,0,9,4,1,2,30,987.255,1
1,0,28,0,191,26,0,10,4,1,2,45,987.255,1
23,1,22,2,575,38,6,0,3,1,2,45,200.179,1
4,1,28,0,935,67,0,13,3,2,2,45,576.484,1
1,0,33,0,4206,5,4,4,3,1,2,25,187.259,1
0,0,39,0,0,3,0,16,2,1,1,25,101.468,1
3,0,7,0,0,26,3,40,4,1,1,30,306.092,1
2,0,29,0,464,0,0,38,4,1,2,45,525.575,1
3,1,29,0,0,0,2,15,4,1,2,30,42.808,1
