14,0,40,3,7515,103,201,28,3,1,1,30,1108.72,0
3,0,37,0,7508,127,384,43,2,1,1,25,2071.575,0
0,0,28,0,3153,66,0,20,2,1,1,25,144.855,0
21,0,33,3,15850,234,3,82,2,1,1,25,737.28,0
23,0,18,2,9947,188,88,42,5,1,1,55,284.025,0
13,0,33,2,9160,117,136,39,3,1,1,30,915.08,0
5,0,11,2,4505,45,213,9,3,1,1,30,1034.0,0
0,0,28,0,1343,35,33,70,4,1,1,45,116.95,0
5,0,11,1,4095,36,201,25,3,1,1,30,969.24,0
0,0,34,0,455,2,0,5,2,1,2,25,20.565,0
18,0,24,5,3418,61,53,27,4,2,1,45,219.475,0
1,0,33,0,3885,57,0,10,2,1,1,25,177.39,0
25,0,37,2,15025,219,22,28,3,1,1,30,697.76,0
0,0,23,0,950,27,181,7,2,2,1,25,858.465,0
11,0,37,1,4495,69,7,14,3,1,1,30,210.56,0
7,0,38,1,4023,88,9,30,3,1,1,30,200.44,0
5,0,36,1,305,6,7,2,5,1,1,55,15.165,0
2,0,34,0,11045,142,0,41,3,1,1,30,447.48,0
0,0,32,0,2345,15,0,9,3,1,1,30,94.4,0
0,0,34,0,0,0,6,0,5,1,1,55,9.0,0
12,0,38,1,4443,69,7,35,1,1,1,15,286.66,0
9,0,41,0,1223,21,35,21,3,1,2,30,189.76,0
5,0,32,0,1085,20,36,9,4,1,2,45,117.625,0
4,0,43,0,710,20,21,9,3,1,2,30,113.2,0
0,0,38,0,0,0,0,0,2,1,2,25,0.0,0
2,0,38,0,710,14,13,8,3,1,2,30,80.96,0
8,0,41,2,11545,156,21,51,4,1,1,45,345.025,0
3,0,34,0,2665,48,177,24,2,1,1,25,918.585,0
6,0,42,3,723,12,21,8,5,1,1,55,42.525,0
13,0,39,1,2568,65,357,23,3,1,1,30,1533.32,0
10,0,38,1,8990,123,148,46,3,1,1,30,956.52,0
3,0,39,0,1620,48,46,24,3,1,2,30,250.72,0
5,0,38,2,643,10,11,4,5,1,1,55,26.295,0
5,0,38,1,2638,61,7,33,2,1,1,25,152.955,0
6,0,39,0,2113,56,12,20,3,1,2,30,134.76,0
21,0,18,1,6583,141,60,40,1,2,1,15,699.82,0
20,0,35,1,14720,213,15,26,2,1,1,25,739.485,0
14,0,39,2,11960,161,27,52,4,1,1,45,370.525,0
7,0,13,0,8627,165,66,38,4,1,1,45,384.8,0
3,0,32,2,6905,113,266,31,2,2,1,25,1512.81,0
19,0,19,2,6507,146,83,41,2,2,1,25,672.885,0
11,0,40,1,6223,101,14,14,3,1,1,30,308.96,0
7,0,35,0,2393,57,354,22,2,1,1,25,1703.25,0
7,0,34,0,15305,174,139,25,2,1,1,25,1322.055,0
17,0,18,2,9353,183,112,46,5,1,1,55,311.04,0
18,0,26,2,15590,224,0,73,2,1,1,25,711.63,0
0,0,32,0,2415,44,163,19,2,1,1,25,844.155,0
0,0,34,0,1553,20,2,7,3,1,1,30,70.92,0
6,0,36,0,3470,76,25,26,2,1,1,25,272.07,0
18,0,42,2,4563,75,13,39,1,1,1,15,326.59,0
17,0,39,4,7623,91,136,54,2,2,1,25,959.13,0
10,0,15,0,8688,168,71,40,4,1,1,45,398.9,0
2,0,32,0,4255,73,0,19,3,1,1,30,173.12,0
27,0,42,10,10820,101,18,48,5,1,1,55,190.815,0
5,0,22,1,1613,35,22,64,4,1,1,45,96.2,0
11,0,29,1,1305,34,29,17,2,1,1,25,190.755,0
3,0,22,1,1775,28,38,18,2,1,1,25,252.135,0
0,0,38,0,3493,78,5,30,2,1,1,25,183.195,0
0,0,17,0,2660,45,0,15,3,1,1,30,108.2,0
2,0,18,0,1695,26,28,14,2,1,1,25,203.445,0
2,0,35,0,14990,175,134,25,2,1,1,25,1285.425,0
10,0,16,0,5682,130,60,42,1,2,1,15,649.66,0
0,0,37,0,0,0,0,0,2,1,2,25,0.0,0
3,0,41,1,1668,31,8,7,4,1,1,45,62.475,0
11,0,40,0,1890,31,15,13,2,1,2,25,153.945,0
15,0,44,3,7023,87,123,40,3,1,1,30,776.4,0
16,0,39,3,9230,126,142,42,3,1,1,30,942.24,0
7,0,39,0,3965,66,0,19,3,1,1,30,161.24,0
6,0,36,2,4318,92,23,43,3,1,1,30,268.4,0
18,0,45,3,7283,91,130,45,2,1,1,25,916.83,0
8,0,22,0,1045,24,8,8,2,1,1,25,84.105,0
0,0,25,0,635,10,46,5,4,1,2,45,131.125,0
17,0,18,6,3758,61,59,36,3,2,1,30,388.76,0
1,0,36,0,2980,22,485,9,3,1,1,30,2060.08,0
2,0,33,0,2360,33,277,17,3,1,1,30,1203.72,0
0,0,36,1,6480,97,15,21,5,1,1,55,121.155,0
10,0,23,0,620,23,0,3,2,1,2,25,28.935,0
13,0,46,2,2958,74,24,41,2,1,1,25,244.44,0
0,0,34,0,6080,74,147,20,3,1,1,30,834.16,0
5,0,29,1,6830,93,7,18,5,1,1,55,114.345,0
0,0,23,0,3110,56,10,24,3,1,1,30,166.64,0
1,0,24,0,1508,36,25,66,4,1,1,45,101.1,0
10,0,28,0,295,20,0,9,3,1,2,30,12.6,0
7,0,9,0,8673,161,58,34,4,1,1,45,365.85,0
4,0,31,0,15225,172,135,24,2,1,1,25,1300.365,0
7,0,23,0,1110,27,21,14,2,1,1,25,145.665,0
0,0,33,0,4030,69,0,18,3,1,1,30,163.96,0
20,0,29,2,15770,232,0,78,2,1,1,25,720.09,0
9,0,44,1,2620,49,300,24,3,1,1,30,1306.76,0
9,0,40,0,4075,67,7,4,3,1,1,30,193.68,0
9,0,34,0,4118,64,0,31,1,1,1,15,230.01,0
0,0,32,2,6470,109,255,28,2,2,1,25,1443.555,0
7,0,15,2,4650,50,230,16,3,1,1,30,1108.0,0
3,0,41,1,378,8,12,6,3,1,1,30,63.44,0
8,0,33,0,15405,180,140,26,2,1,1,25,1331.325,0
7,0,40,2,3155,30,488,10,3,1,1,30,2079.4,0
19,0,20,1,9418,185,91,47,5,1,1,55,280.545,0
11,0,40,1,4485,76,3,16,3,1,1,30,194.44,0
3,0,29,0,8550,105,122,35,3,1,1,30,834.2,0
0,0,33,0,0,0,0,0,5,1,1,55,0.0,0
6,0,38,0,4125,68,3,17,2,1,1,25,202.185,0
13,0,39,1,2513,63,364,26,3,1,1,30,1559.04,0
0,0,13,0,1695,20,20,13,2,1,1,25,167.175,0
0,0,33,0,0,0,0,0,2,1,2,25,0.0,0
0,0,34,0,1875,37,147,6,2,1,1,25,747.54,0
0,0,21,0,930,28,176,5,2,2,1,25,835.11,0
5,0,38,2,643,10,11,4,5,1,1,55,26.295,0
5,0,17,2,2728,47,35,22,3,1,1,30,251.0,0
15,0,12,0,9237,171,72,41,4,1,1,45,415.2,0
10,0,39,2,11525,157,16,49,4,2,1,45,332.05,0
10,0,24,0,1110,26,0,9,2,1,1,25,51.12,0
13,0,24,1,1350,30,15,10,2,1,1,25,129.6,0
0,0,17,0,985,15,3,14,2,1,1,25,58.5,0
3,0,36,0,623,5,6,5,2,1,2,25,55.26,0
7,0,26,2,1440,34,189,8,3,2,1,30,814.96,0
9,0,38,1,3530,79,30,28,3,1,1,30,264.36,0
8,0,40,2,7928,139,423,49,3,1,1,30,2014.68,0
0,0,36,0,1865,32,269,13,3,1,1,30,1151.88,0
0,0,36,0,1478,24,0,3,3,1,1,30,60.08,0
7,0,20,1,2000,32,35,16,3,1,1,30,221.28,0
9,0,32,1,1828,49,45,74,5,1,1,55,95.655,0
0,0,24,0,520,4,14,1,4,1,2,45,48.1,0
0,0,38,0,7383,129,388,46,2,1,1,25,2084.04,0
12,0,38,2,4970,81,26,32,3,1,1,30,306.04,0
10,0,21,1,1270,28,11,9,2,1,1,25,107.91,0
15,0,42,3,9115,127,152,44,3,1,1,30,977.68,0
8,0,38,3,3695,37,504,23,3,1,1,30,2165.28,0
16,0,29,0,1005,31,17,9,3,1,2,30,109.44,0
7,0,12,3,4810,52,254,16,3,1,1,30,1210.48,0
2,0,39,0,825,20,45,12,3,1,2,30,213.8,0
1,0,37,0,5728,95,32,14,3,1,1,30,360.92,0
9,0,37,0,2123,48,0,13,3,1,2,30,86.84,0
0,0,38,0,470,9,0,13,2,1,2,25,21.555,0
0,0,16,0,1635,23,23,12,2,1,1,25,178.11,0
0,0,31,0,3718,76,0,27,2,1,1,25,170.73,0
16,0,17,1,6393,141,85,42,2,2,1,25,676.53,0
20,0,44,4,9420,133,159,46,3,1,1,30,1018.12,0
0,0,19,0,2965,51,0,17,3,1,1,30,120.64,0
15,0,41,3,11830,163,23,51,4,1,1,45,357.325,0
0,0,36,0,3610,67,0,8,3,1,1,30,147.08,0
0,0,18,0,1095,16,7,6,2,1,1,25,81.495,0
21,0,36,8,10435,93,1,42,5,1,1,55,159.42,0
11,0,41,1,2533,62,369,28,3,1,1,30,1579.8,0
0,0,30,0,5770,80,0,20,4,1,1,45,146.25,0
8,0,38,0,4370,71,5,17,3,1,1,30,197.64,0
18,0,33,2,14655,211,36,25,3,1,1,30,738.64,0
8,0,36,0,6603,69,76,33,2,1,1,25,642.24,0
5,0,35,0,13593,161,0,39,3,1,1,30,550.16,0
6,0,37,0,1780,49,36,19,3,1,2,30,217.16,0
0,0,34,0,0,0,0,0,2,1,2,25,0.0,0
5,0,20,1,1810,31,26,13,3,1,1,30,177.64,0
3,0,36,1,6528,75,133,39,2,1,1,25,895.635,0
0,0,29,0,0,0,0,0,2,1,2,25,0.0,0
12,0,37,1,3490,64,183,23,2,1,1,25,983.43,0
0,0,11,0,1390,14,13,11,2,1,1,25,121.68,0
0,0,36,1,338,4,4,2,5,1,1,55,11.13,0
8,0,34,0,2158,52,0,13,3,1,2,30,88.4,0
17,0,40,3,5275,87,33,34,3,1,1,30,346.48,0
9,0,37,0,15485,182,150,30,2,1,1,25,1380.015,0
5,0,27,1,3285,64,13,25,3,1,1,30,185.96,0
5,0,32,0,3390,74,15,22,2,1,1,25,223.38,0
0,0,8,1,2288,29,9,11,3,1,1,30,128.68,0
5,0,41,0,2573,66,13,38,1,1,1,15,216.645,0
8,0,44,1,2653,68,17,39,2,1,1,25,198.945,0
0,0,34,0,1363,19,0,4,3,1,1,30,55.28,0
2,0,10,2,4505,46,247,14,3,1,1,30,1170.04,0
7,1,38,4,7045,118,281,37,2,2,1,25,1586.835,0
13,0,40,1,4675,77,12,19,3,1,1,30,238.08,0
13,0,32,6,10070,84,0,38,4,1,1,45,253.85,0
6,0,45,0,703,13,24,10,3,1,2,30,124.64,0
12,0,37,3,7318,85,129,52,2,1,1,25,913.635,0
0,0,34,0,5485,69,154,24,3,1,1,30,838.16,0
0,0,35,0,2080,10,451,6,3,1,1,30,1887.6,0
10,0,41,0,2408,64,367,28,3,1,1,30,1566.88,0
19,0,19,5,3867,62,46,21,3,1,1,30,341.16,0
18,0,43,3,9375,131,159,49,3,1,1,30,1016.24,0
0,0,32,0,0,0,0,0,2,1,2,25,0.0,0
0,0,35,0,0,0,0,0,5,1,1,55,0.0,0
1,0,31,1,6545,104,232,27,2,2,1,25,1343.205,0
12,0,16,1,9048,177,105,44,5,1,1,55,295.875,0
6,0,37,0,5803,89,0,8,2,1,1,25,265.14,0
9,0,33,0,3775,76,24,27,2,1,1,25,281.295,0
5,0,32,1,3065,26,7,12,3,1,1,30,151.64,0
3,0,36,1,2655,43,299,31,3,1,1,30,1303.92,0
13,0,41,1,3265,67,193,30,2,1,1,25,1018.44,0
0,0,38,0,1360,44,39,19,3,1,2,30,212.16,0
4,0,31,1,1270,40,201,15,2,2,1,25,963.45,0
10,0,40,0,1943,50,7,4,3,1,2,30,107.72,0
0,0,18,0,0,0,0,0,4,1,2,45,0.0,0
5,0,9,1,4635,43,217,10,3,1,1,30,1055.12,0
4,0,35,0,11405,151,6,45,3,1,1,30,486.24,0
13,0,22,0,1530,32,18,14,2,1,1,25,151.29,0
11,0,40,0,1615,30,41,25,3,1,2,30,229.8,0
4,0,37,0,3488,55,0,35,1,1,1,15,194.865,0
6,0,25,0,395,19,3,5,2,1,2,25,32.13,0
10,0,44,3,6805,98,201,29,4,1,1,45,675.075,0
2,0,23,0,1388,31,19,63,4,1,1,45,82.975,0
7,0,20,1,2000,32,35,16,3,1,1,30,221.28,0
5,0,31,2,1395,38,203,15,2,2,1,25,977.985,0
0,0,35,0,3355,54,0,15,2,1,1,25,153.405,0
3,0,31,0,15100,174,133,24,2,1,1,25,1285.83,0
18,0,46,2,4935,87,27,25,3,1,1,30,308.88,0
7,0,37,0,15240,179,148,30,2,1,1,25,1359.855,0
12,0,43,2,11725,164,26,53,4,1,1,45,362.225,0
5,0,39,0,1180,20,7,13,2,1,2,25,85.5,0
5,0,45,0,578,15,22,10,3,1,2,30,111.72,0
8,0,39,0,2960,61,186,28,2,1,1,25,972.945,0
5,0,35,3,6560,111,253,35,2,2,1,25,1438.695,0
5,0,38,0,6593,77,112,40,2,1,1,25,804.15,0
9,0,43,2,4515,89,10,26,3,1,1,30,224.16,0
0,0,34,0,1438,43,327,22,2,1,1,25,1538.145,0
7,0,41,2,823,18,22,9,5,1,1,55,45.615,0
11,0,11,0,8853,169,63,36,4,1,1,45,383.05,0
2,0,38,0,2555,49,178,25,2,1,1,25,918.18,0
10,0,42,2,1075,23,25,12,3,1,1,30,143.92,0
11,0,40,1,6223,101,14,14,3,1,1,30,308.96,0
17,0,17,1,9237,177,80,42,5,1,1,55,261.21,0
0,0,22,0,3045,53,0,18,3,1,1,30,123.92,0
14,0,40,2,3890,87,30,27,3,1,1,30,279.08,0
9,0,38,1,15600,188,182,34,2,1,1,25,1529.46,0
5,0,23,0,920,26,12,11,2,1,1,25,96.57,0
7,0,37,1,2378,36,8,6,4,1,1,45,80.35,0
12,0,41,3,4935,95,41,31,4,1,1,45,228.25,0
4,0,41,1,4210,83,3,24,3,1,1,30,183.72,0
9,0,20,1,2190,33,44,19,3,1,1,30,264.92,0
2,0,38,1,2920,24,10,18,3,1,1,30,157.76,0
11,0,39,2,3890,88,64,32,3,1,1,30,415.12,0
10,0,37,1,6963,78,110,37,2,1,1,25,811.845,0
0,0,36,0,1455,23,257,1,3,1,1,30,1087.12,0
18,0,41,2,14788,186,15,46,3,1,1,30,658.96,0
16,0,31,2,1610,40,36,19,2,1,1,25,236.25,0
0,0,31,0,13468,157,0,41,3,1,1,30,545.0,0
8,0,39,0,1420,25,21,8,3,1,2,30,141.8,0
4,0,34,3,6720,113,269,33,2,2,1,25,1517.985,0
5,0,41,0,4065,71,6,16,3,1,1,30,189.44,0
18,0,32,0,1185,39,28,14,3,1,2,30,160.96,0
3,0,36,0,4065,65,0,15,2,1,1,25,185.85,0
9,0,41,3,3515,39,522,14,4,1,1,45,1393.85,0
0,0,35,0,2715,24,4,17,3,1,1,30,125.56,0
16,0,41,3,7083,84,120,41,2,1,1,25,862.515,0
7,0,32,0,15485,176,142,29,2,1,1,25,1343.745,0
5,0,8,2,4515,38,211,7,3,1,1,30,1026.12,0
9,0,37,0,8515,111,123,28,3,1,1,30,837.04,0
17,0,16,1,6797,146,86,40,1,2,1,15,854.865,0
5,0,43,0,1135,24,15,17,2,1,2,25,119.655,0
13,0,19,1,9013,173,83,44,5,1,1,55,262.29,0
18,0,34,0,1005,37,25,10,3,1,2,30,141.68,0
7,0,29,2,1375,39,198,13,3,2,1,30,848.56,0
28,0,28,3,16380,238,0,81,2,1,1,25,747.81,0
2,0,42,0,665,18,21,12,3,1,2,30,111.32,0
4,0,36,1,2955,27,0,13,3,1,1,30,119.28,0
19,0,37,2,14430,214,29,32,3,1,1,30,701.76,0
4,0,35,0,5738,87,0,7,3,1,1,30,233.0,0
11,0,27,0,700,25,10,7,2,1,2,25,77.625,0
0,0,37,2,453,10,36,6,5,1,1,55,60.945,0
26,0,37,8,10625,93,7,40,4,1,1,45,285.45,0
1,0,34,0,2840,22,0,14,3,1,1,30,114.48,0
17,0,46,2,14338,185,22,52,3,1,1,30,668.92,0
12,0,39,0,13963,169,7,42,3,1,1,30,593.28,0
9,0,15,3,3257,50,32,17,3,1,1,30,260.28,0
4,0,35,0,15180,176,143,28,2,1,1,25,1334.52,0
12,0,42,3,3460,36,495,12,4,1,1,45,1324.9,0
10,0,36,1,6143,99,7,10,3,1,1,30,277.68,0
12,0,30,2,1933,48,42,72,5,1,1,55,92.715,0
7,0,36,1,2618,62,7,31,2,1,1,25,152.1,0
15,0,30,3,2330,53,208,13,3,2,1,30,927.32,0
7,0,33,0,6638,73,98,33,2,1,1,25,742.995,0
0,0,25,0,2625,51,0,8,3,1,1,30,107.04,0
18,0,37,7,10310,95,5,45,4,2,1,45,272.625,0
13,0,44,2,14158,177,17,50,3,1,1,30,641.4,0
9,0,38,1,3585,81,23,25,3,1,1,30,238.64,0
10,0,42,2,6985,100,204,33,3,1,1,30,1099.4,0
4,0,38,0,2360,39,285,18,3,1,1,30,1235.96,0
0,0,23,0,2730,54,0,18,3,1,1,30,111.36,0
8,0,43,2,1973,37,15,9,4,1,1,45,87.75,0
4,0,37,0,2798,63,3,31,1,1,1,15,173.855,0
0,0,7,0,3895,33,199,5,3,1,1,30,953.12,0
4,0,37,0,6118,65,87,22,2,1,1,25,669.735,0
7,0,38,1,4023,88,9,30,3,1,1,30,200.44,0
0,0,36,0,405,8,6,6,2,1,2,25,45.585,0
10,0,41,0,4550,79,16,22,3,1,1,30,249.16,0
10,0,16,3,3098,48,33,19,3,1,1,30,257.84,0
5,0,23,1,1360,32,185,7,2,2,1,25,895.14,0
2,0,39,0,508,6,16,7,2,1,2,25,95.13,0
6,0,30,0,8810,109,129,40,3,1,1,30,872.76,0
6,0,35,0,3030,22,7,12,3,1,1,30,150.08,0
16,0,21,1,6348,145,93,46,2,2,1,25,710.685,0
7,0,19,0,1885,26,7,12,2,1,1,25,117.495,0
5,0,38,0,3423,78,7,15,3,1,1,30,168.04,0
28,0,43,10,10740,105,16,45,5,2,1,55,186.675,0
0,0,35,0,7203,121,377,41,2,1,1,25,2026.08,0
25,0,34,8,10660,97,7,40,5,1,1,55,171.855,0
26,0,30,3,16480,243,1,78,2,1,1,25,757.035,0
1,0,35,0,2590,53,200,25,2,1,1,25,1018.935,0
0,0,29,0,2475,41,160,20,2,1,1,25,833.22,0
0,0,26,0,2275,6,0,6,3,1,1,30,91.24,0
20,0,46,2,4763,82,23,43,1,1,1,15,392.975,0
2,0,33,0,7428,125,374,39,2,1,1,25,2022.885,0
4,0,41,0,890,22,24,13,3,1,2,30,132.48,0
13,0,40,1,4313,71,0,34,1,1,1,15,241.12,0
12,0,17,3,4955,56,237,18,3,1,1,30,1148.44,0
16,0,43,2,2838,68,376,30,3,1,1,30,1620.24,0
0,0,33,0,1875,25,267,11,3,1,1,30,1144.0,0
2,0,42,0,498,13,18,9,2,1,2,25,103.995,0
3,0,14,2,2548,39,24,17,3,1,1,30,199.48,0
0,0,32,0,2710,19,466,2,3,1,1,30,1973.16,0
6,0,27,1,1560,39,195,11,2,2,1,25,949.455,0
15,0,27,0,1300,35,31,22,3,1,2,30,177.4,0
9,0,30,1,3710,75,26,30,3,1,1,30,255.4,0
6,0,9,3,4990,50,236,25,3,1,1,30,1145.6,0
11,0,29,2,1810,43,209,16,3,2,1,30,910.12,0
5,0,34,0,5838,93,0,8,2,1,1,25,266.895,0
14,0,17,4,3562,56,39,19,3,2,1,30,300.72,0
0,0,40,0,2168,54,5,35,1,1,1,15,149.71,0
10,0,38,0,4560,72,14,20,3,1,1,30,241.28,0
5,0,40,1,6680,94,197,31,3,1,1,30,1058.96,0
0,0,7,0,4085,34,208,8,3,1,1,30,996.76,0
2,0,38,1,2850,24,481,8,3,1,1,30,2038.96,0
1,0,35,0,1475,43,29,17,3,1,2,30,176.72,0
22,0,38,4,6723,114,54,41,3,1,1,30,489.48,0
0,0,22,0,2210,44,0,21,3,1,1,30,90.16,0
11,0,34,2,8935,113,133,38,3,1,1,30,893.92,0
5,0,33,0,920,10,7,7,2,1,2,25,73.35,0
2,0,39,0,1988,53,0,35,2,1,1,25,91.845,0
20,0,42,3,9600,135,162,50,3,1,1,30,1037.4,0
14,0,15,1,9178,174,75,40,5,1,1,55,252.78,0
6,0,32,2,6910,95,10,19,5,1,1,55,120.075,0
0,0,35,0,10970,147,0,42,3,1,1,30,444.68,0
13,0,37,2,9115,121,144,43,3,1,1,30,945.44,0
7,0,40,0,1015,20,20,10,3,1,2,30,121.4,0
0,0,34,2,633,8,18,15,5,1,1,55,36.615,0
1,0,31,0,4065,59,0,14,2,1,1,25,185.58,0
1,0,34,1,6320,78,175,21,3,1,1,30,955.92,0
0,0,37,0,2170,39,310,20,3,1,1,30,1328.36,0
6,0,31,1,1568,45,38,69,5,1,1,55,81.195,0
11,0,38,1,3085,59,182,25,2,1,1,25,960.48,0
15,0,38,1,16195,193,158,30,2,1,1,25,1448.46,0
0,0,37,0,630,11,0,11,2,1,1,25,28.845,0
30,1,37,4,16335,248,15,86,2,1,1,25,813.735,0
11,0,29,0,1840,27,36,5,4,1,2,45,136.675,0
0,0,31,0,6480,91,7,20,4,1,1,45,181.775,0
15,0,17,1,8993,174,78,42,5,1,1,55,254.505,0
12,0,35,3,9410,125,158,56,3,1,1,30,1013.4,0
14,0,40,2,5010,90,18,30,3,1,1,30,276.0,0
18,0,31,1,14835,213,39,29,2,1,1,25,852.66,0
9,0,43,2,4023,94,17,31,3,1,1,30,232.68,0
4,0,40,0,4145,67,8,19,2,1,1,25,225.54,0
3,0,39,0,1955,34,267,20,3,1,1,30,1147.56,0
8,0,38,0,7698,127,359,41,2,1,1,25,1967.625,0
20,0,40,4,4680,98,60,45,3,1,1,30,431.12,0
1,0,29,0,1263,39,31,67,4,1,1,45,110.05,0
0,0,36,0,2333,55,0,31,1,1,1,15,131.34,0
14,0,38,0,15675,182,125,28,2,1,1,25,1276.065,0
19,0,36,8,10190,90,0,42,4,1,1,45,257.0,0
2,0,36,0,13468,163,0,42,3,1,1,30,545.24,0
13,0,43,2,3775,88,40,29,3,1,1,30,314.52,0
7,0,34,1,13818,165,7,40,3,1,1,30,587.32,0
0,0,18,0,1505,25,19,11,2,1,1,25,154.35,0
4,0,39,1,6493,71,111,39,2,1,1,25,794.88,0
4,0,19,0,840,24,2,7,2,1,1,25,47.88,0
7,0,33,1,11510,150,7,43,4,1,1,45,309.0,0
5,0,37,0,2375,48,157,25,2,1,1,25,815.535,0
0,0,24,0,520,4,14,1,4,1,2,45,48.1,0
1,0,36,0,1668,25,0,6,3,1,1,30,67.72,0
10,0,27,1,2278,50,38,68,4,1,1,45,153.2,0
0,0,36,0,685,14,25,13,2,1,2,25,143.955,0
4,0,38,0,5673,92,5,12,2,1,1,25,281.925,0
8,0,39,2,6805,92,193,28,3,1,1,30,1047.88,0
32,1,40,4,15635,232,70,37,3,1,1,30,914.68,0
10,0,25,0,1225,32,19,13,2,1,1,25,142.065,0
13,0,37,2,16085,192,171,45,2,1,1,25,1501.965,0
19,0,42,3,4140,91,44,32,3,1,1,30,345.24,0
31,1,39,4,15850,236,62,32,3,1,1,30,891.44,0
9,0,44,2,2778,66,19,39,2,1,1,25,213.48,0
0,0,36,0,215,7,0,3,2,1,2,25,9.99,0
4,0,35,0,15180,176,143,28,2,1,1,25,1334.52,0
24,0,34,2,15060,223,44,28,3,1,1,30,787.32,0
25,0,38,3,15140,225,54,32,3,1,1,30,830.6,0
1,0,10,1,3985,35,197,12,3,1,1,30,948.8,0
12,0,46,0,1275,30,35,16,3,1,2,30,192.2,0
5,0,36,0,3893,60,0,33,1,1,1,15,217.415,0
0,0,38,0,1443,21,3,8,3,1,1,30,70.56,0
4,0,33,0,3290,68,14,21,2,1,1,25,214.11,0
0,0,26,0,635,9,12,1,4,1,2,45,46.1,0
8,0,36,1,3335,29,16,19,3,1,1,30,198.56,0
0,0,4,0,4390,34,207,9,3,1,1,30,1004.96,0
3,0,38,0,3915,73,0,10,3,1,1,30,159.52,0
2,0,17,0,1580,20,0,10,2,1,1,25,72.0,0
8,0,17,4,2968,51,63,23,3,2,1,30,372.76,0
9,0,39,1,3285,27,458,6,3,1,1,30,1964.48,0
1,0,34,0,1873,45,0,13,3,1,2,30,76.72,0
0,0,30,0,1673,38,0,9,3,1,2,30,68.44,0
19,0,38,3,9825,132,152,43,3,1,1,30,1006.28,0
8,0,38,1,2163,32,16,11,4,1,1,45,94.875,0
9,0,37,0,15485,182,150,30,2,1,1,25,1380.015,0
13,0,41,0,1725,31,28,10,3,1,2,30,182.24,0
21,0,37,9,10550,99,33,46,5,1,1,55,209.235,0
18,0,38,2,6123,104,33,26,2,1,1,25,428.715,0
12,0,34,0,15790,182,149,31,2,1,1,25,1389.24,0
5,0,24,1,3350,59,7,20,3,1,1,30,164.36,0
9,0,40,1,2665,45,292,20,3,1,1,30,1276.4,0
17,0,40,1,4693,73,17,40,1,1,1,15,355.63,0
13,0,41,2,9070,125,152,47,3,1,1,30,975.8,0
0,0,33,0,760,28,10,3,3,1,2,30,71.52,0
18,0,34,7,10375,90,0,40,4,1,1,45,261.625,0
1,0,11,2,2368,31,13,12,3,1,1,30,147.96,0
6,0,33,0,11385,152,1,43,3,1,1,30,465.48,0
15,0,39,1,2758,66,366,26,3,1,1,30,1576.96,0
9,0,41,0,13953,177,11,49,3,1,1,30,609.2,0
5,0,35,1,1793,23,7,3,4,1,1,45,62.9,0
30,0,40,4,15445,231,61,34,3,2,1,30,871.04,0
9,0,15,0,5897,134,69,37,1,2,1,15,711.205,0
3,0,13,1,2433,33,0,13,3,1,1,30,98.64,0
12,0,44,2,4775,93,17,31,3,1,1,30,262.72,0
32,0,45,5,15445,237,69,35,3,2,1,30,903.28,0
9,0,33,1,15530,178,142,26,2,1,1,25,1345.86,0
0,0,30,0,3805,55,0,9,2,1,1,25,173.7,0
5,0,36,0,1000,12,7,8,2,1,2,25,77.04,0
8,0,35,2,7090,103,21,24,5,1,1,55,139.395,0
2,0,38,0,2115,36,283,18,3,1,1,30,1218.04,0
0,0,35,0,1940,27,246,12,3,1,1,30,1062.68,0
0,0,23,0,2920,55,1,21,3,1,1,30,123.0,0
14,0,35,1,4080,82,31,29,3,1,1,30,290.48,0
5,0,5,1,4435,36,207,6,3,1,1,30,1006.84,0
8,0,38,2,2960,49,306,33,3,1,1,30,1344.36,0
29,0,38,5,15740,235,75,47,3,1,1,30,939.0,0
14,0,40,0,2543,60,15,19,3,1,2,30,164.12,0
0,0,23,0,0,0,0,0,4,1,2,45,0.0,0
0,0,35,0,290,2,0,2,2,1,2,25,13.14,0
1,0,39,0,2970,29,487,11,3,1,1,30,2067.96,0
11,0,34,3,1620,48,208,14,3,2,1,30,898.72,0
24,0,29,4,16370,242,14,93,2,1,1,25,810.54,0
5,0,22,0,305,6,13,2,4,1,2,45,40.275,0
3,0,37,1,6500,86,186,26,3,1,1,30,1007.44,0
3,0,28,0,940,15,19,2,4,1,2,45,71.375,0
4,0,24,0,515,21,0,13,2,1,1,25,24.12,0
10,0,40,2,4575,86,7,27,3,1,1,30,214.44,0
21,0,35,0,1265,41,32,15,3,1,2,30,180.24,0
10,0,35,0,14078,169,0,45,3,1,1,30,569.88,0
0,0,35,0,6005,79,170,21,3,1,1,30,923.36,0
0,0,32,0,1935,6,0,2,3,1,1,30,77.64,0
32,1,36,4,16560,252,18,87,2,2,1,25,837.54,0
6,0,34,1,5963,91,7,8,3,1,1,30,270.16,0
15,0,37,2,9305,122,153,46,3,1,1,30,989.08,0
4,0,42,1,3050,31,491,12,3,1,1,30,2087.24,0
18,0,22,2,6392,147,93,43,2,2,1,25,712.755,0
6,0,25,0,625,22,0,2,2,1,1,25,29.115,0
9,0,38,1,8218,138,392,43,3,1,1,30,1902.24,0
4,0,36,0,4400,78,4,26,3,1,1,30,195.12,0
7,0,42,1,4470,87,10,29,3,1,1,30,222.28,0
9,0,16,0,8808,173,77,43,4,1,1,45,417.025,0
5,0,27,0,2930,57,7,10,3,1,1,30,147.48,0
6,0,35,0,3355,70,0,22,2,1,1,25,154.125,0
9,0,36,1,4493,70,15,48,1,1,1,15,333.465,0
1,0,32,2,6660,110,264,31,2,2,1,25,1492.65,0
3,0,28,1,910,31,175,13,2,2,1,25,829.845,0
0,0,37,0,213,6,8,5,5,1,1,55,15.285,0
19,0,16,2,6518,139,81,39,2,2,1,25,664.065,0
0,0,29,0,520,10,22,2,4,1,2,45,68.25,0
4,0,36,0,1933,48,1,15,3,1,2,30,83.24,0
0,0,33,0,3538,74,0,23,2,1,1,25,162.54,0
28,0,41,9,10920,107,19,49,5,2,1,55,193.905,0
5,0,32,0,2700,51,165,19,2,1,1,25,866.295,0
0,0,31,0,2295,39,157,16,2,1,1,25,811.53,0
4,0,36,0,4455,80,0,23,3,1,1,30,181.4,0
20,0,29,2,15770,232,0,78,2,1,1,25,720.09,0
17,0,41,2,15850,191,162,34,2,1,1,25,1450.845,0
5,0,42,2,3175,29,493,12,3,1,1,30,2100.16,0
9,0,33,2,1575,46,208,17,3,2,1,30,896.84,0
0,0,27,0,420,5,3,5,4,1,2,45,18.125,0
15,0,43,1,2713,70,374,30,3,1,1,30,1607.32,0
0,0,38,0,465,11,11,8,2,1,1,25,70.92,0
1,0,25,0,1200,31,195,12,2,2,1,25,932.895,0
0,0,33,0,710,8,5,7,2,1,2,25,54.81,0
4,0,31,0,2780,47,167,22,2,1,1,25,878.715,0
7,0,26,0,1100,34,23,16,2,1,1,25,154.53,0
0,0,29,0,3413,70,0,25,2,1,1,25,156.735,0
16,0,34,7,10130,87,0,40,4,1,1,45,255.425,0
0,0,29,0,1280,36,21,14,3,1,2,30,136.64,0
1,0,36,0,3293,50,0,18,1,1,1,15,183.865,0
11,0,43,1,2845,53,303,25,3,1,1,30,1327.92,0
5,0,36,1,1913,28,7,6,4,1,1,45,66.025,0
7,0,41,0,813,12,23,9,3,1,2,30,125.0,0
29,0,36,3,15365,229,51,30,3,1,1,30,827.76,0
34,1,40,6,16045,241,82,49,3,2,1,30,979.44,0
10,0,21,4,2852,51,39,20,3,1,1,30,272.12,0
3,0,37,0,2655,55,179,26,2,1,1,25,927.45,0
14,0,26,0,825,23,7,4,3,1,2,30,61.92,0
13,0,38,0,2838,64,29,32,3,1,2,30,232.08,0
14,0,46,2,2925,55,307,26,4,1,1,45,842.0,0
5,0,36,0,2263,60,384,26,3,1,1,30,1628.92,0
14,0,41,3,9195,123,154,47,3,1,1,30,988.72,0
0,0,33,0,1360,38,31,18,3,1,2,30,179.92,0
0,0,31,0,2088,46,0,30,1,1,1,15,117.37,0
18,0,39,8,10130,93,2,41,5,1,1,55,156.345,0
3,0,23,0,1235,34,183,7,2,2,1,25,880.605,0
1,0,36,0,1668,25,0,6,3,1,1,30,67.72,0
3,0,39,1,11240,150,14,49,3,1,1,30,511.6,0
1,0,21,0,3145,59,0,19,3,1,1,30,128.16,0
5,0,36,0,4310,68,0,15,2,1,1,25,197.01,0
0,0,31,0,6240,76,171,20,3,1,1,30,936.64,0
6,0,38,0,5918,95,7,12,3,1,1,30,268.52,0
34,0,33,6,16980,254,28,97,2,2,1,25,901.53,0
9,0,38,4,1243,20,32,19,5,1,1,55,66.945,0
6,0,36,0,3470,76,25,26,2,1,1,25,272.07,0
14,1,44,0,2498,64,23,23,3,1,2,30,194.48,0
13,0,39,2,7023,81,115,39,2,1,1,25,837.18,0
18,0,24,1,15770,226,0,77,2,1,1,25,719.82,0
17,0,21,2,6473,143,95,46,2,2,1,25,725.22,0
0,0,33,0,653,8,0,4,3,1,1,30,26.44,0
35,0,39,5,16640,254,22,88,2,2,1,25,859.23,0
2,0,40,1,1748,27,10,10,4,1,1,45,69.375,0
8,0,39,4,6965,122,279,34,3,2,1,30,1399.48,0
12,0,30,1,1225,38,27,14,2,1,1,25,178.335,0
11,0,23,0,745,21,7,3,2,1,2,25,65.97,0
0,0,31,0,5880,81,0,5,4,1,1,45,149.025,0
6,0,36,0,2780,53,175,23,2,1,1,25,914.985,0
6,0,21,0,440,15,0,1,2,1,2,25,20.475,0
0,0,32,0,1303,16,0,2,3,1,1,30,52.76,0
0,0,33,0,1765,36,143,21,2,1,1,25,724.545,0
0,0,9,1,4200,39,206,7,3,1,1,30,993.56,0
2,0,21,0,860,23,7,9,2,1,1,25,71.235,0
27,0,38,3,15330,226,63,35,3,1,1,30,874.24,0
7,0,33,3,7385,107,35,37,5,1,1,55,164.88,0
12,0,43,1,4198,72,9,36,1,1,1,15,284.35,0
5,0,38,2,643,10,11,4,5,1,1,55,26.295,0
0,0,33,0,1908,44,0,26,1,1,1,15,107.36,0
0,0,4,0,3905,26,197,3,3,1,1,30,945.24,0
18,0,40,0,3143,70,36,34,3,1,2,30,272.52,0
8,0,25,0,585,20,12,8,2,1,2,25,81.225,0
23,0,26,2,16075,232,0,79,2,1,1,25,733.815,0
11,0,18,4,2967,50,29,18,3,1,1,30,236.68,0
8,0,36,1,3320,31,480,6,3,1,1,30,2054.04,0
8,0,25,0,1035,31,10,10,2,1,1,25,92.97,0
7,0,40,1,5623,91,7,17,3,1,1,30,256.56,0
0,0,36,0,2600,20,467,3,3,1,1,30,1972.8,0
1,0,32,2,6660,110,264,31,2,2,1,25,1492.65,0
0,0,31,0,6290,90,0,17,4,1,1,45,159.5,0
15,0,40,1,4503,72,8,37,1,1,1,15,295.625,0
7,0,12,2,2773,43,21,15,3,1,1,30,196.64,0
14,0,38,2,7428,86,116,37,2,1,1,25,860.13,0
1,0,34,0,2840,22,0,14,3,1,1,30,114.48,0
14,0,41,2,3408,75,17,35,2,1,1,25,233.235,0
10,0,35,1,4820,83,1,26,3,1,1,30,200.12,0
3,0,10,2,2593,35,16,13,3,1,1,30,169.12,0
0,0,24,0,300,19,161,9,2,2,1,25,738.855,0
10,0,34,1,4243,62,7,31,2,1,1,25,225.225,0
13,0,38,1,3965,83,41,31,3,1,1,30,325.92,0
0,0,30,0,1795,23,263,10,3,1,1,30,1124.72,0
0,0,36,1,338,4,4,2,5,1,1,55,11.13,0
7,0,36,1,8405,110,119,43,3,1,1,30,816.6,0
13,0,40,1,6413,102,23,17,3,1,1,30,352.6,0
12,0,38,1,11655,154,7,45,3,1,1,30,500.36,0
0,0,36,0,3473,79,0,28,2,1,1,25,159.84,0
3,0,37,0,1528,43,0,17,3,1,2,30,62.84,0
14,0,36,2,9520,126,145,41,3,1,1,30,965.84,0
0,0,35,0,0,0,0,0,4,1,1,45,0.0,0
8,0,37,0,2208,57,357,24,2,1,1,25,1708.425,0
14,0,14,1,6213,133,74,37,2,2,1,25,618.57,0
2,0,37,0,595,8,0,4,2,1,2,25,27.135,0
15,0,30,1,14575,209,32,24,2,1,1,25,809.28,0
8,0,13,0,6028,132,73,38,1,2,1,15,740.3,0
3,0,23,0,335,16,0,3,2,1,2,25,15.795,0
13,0,18,4,3157,51,38,21,3,1,1,30,280.32,0
5,0,14,2,2737,40,33,20,3,1,1,30,243.08,0
4,0,23,1,1695,32,36,15,3,1,1,30,213.08,0
11,0,37,5,7385,128,310,39,3,2,1,30,1540.52,0
4,0,16,1,2253,35,10,4,3,1,1,30,131.52,0
8,0,35,1,8810,115,137,41,3,1,1,30,905.0,0
9,0,44,2,3355,37,498,14,3,1,1,30,2127.68,0
27,0,20,3,7407,158,100,44,2,2,1,25,790.425,0
16,0,34,7,10130,87,0,40,4,1,1,45,255.425,0
12,0,41,0,4378,74,12,40,1,1,1,15,310.86,0
12,0,42,1,2453,66,367,25,3,1,1,30,1568.76,0
6,0,34,0,13693,167,0,40,3,1,1,30,554.4,0
4,0,37,0,2980,21,451,4,3,1,1,30,1924.04,0
8,0,16,3,2852,45,31,19,3,1,1,30,239.88,0
21,0,41,4,9480,130,156,47,3,1,1,30,1008.4,0
0,0,31,0,2420,10,0,8,3,1,1,30,97.2,0
2,0,31,0,6333,67,91,31,2,1,1,25,697.5,0
1,0,31,0,11080,146,0,41,3,1,1,30,449.04,0
0,0,35,0,3183,49,0,33,1,1,1,15,177.76,0
15,0,28,2,1645,44,58,19,2,1,1,25,337.005,0
16,0,39,3,9175,124,149,45,3,1,1,30,967.96,0
12,0,14,3,3078,49,28,17,3,1,1,30,237.08,0
11,1,43,0,2238,60,16,18,3,1,2,30,155.92,0
0,0,37,0,0,0,0,0,2,1,2,25,0.0,0
8,0,36,0,1855,44,13,18,3,1,2,30,127.96,0
9,1,39,0,2353,60,40,21,3,1,2,30,256.52,0
11,0,36,1,4740,87,7,23,3,1,1,30,221.08,0
0,0,32,0,1588,23,0,2,3,1,1,30,64.44,0
5,0,28,0,1273,35,16,55,4,1,1,45,72.7,0
0,0,34,0,0,0,0,0,5,1,1,55,0.0,0
7,0,43,3,643,16,19,5,5,1,1,55,38.385,0
0,0,27,0,715,26,172,1,2,2,1,25,807.345,0
0,0,34,0,3603,77,4,29,2,1,1,25,183.6,0
10,0,36,3,3745,38,28,31,3,1,1,30,263.32,0
6,0,34,0,7813,127,383,44,2,1,1,25,2080.8,0
6,0,39,1,6033,101,39,16,3,1,1,30,401.36,0
11,0,37,2,8925,120,135,40,3,1,1,30,901.8,0
2,0,36,3,6740,112,274,35,2,2,1,25,1541.34,0
8,0,15,2,2738,39,0,15,3,1,1,30,111.08,0
0,0,39,1,33,4,5,1,5,1,1,55,8.055,0
21,1,40,8,10390,97,9,46,5,2,1,55,170.805,0
25,0,19,4,7298,157,113,59,2,2,1,25,843.975,0
0,0,34,0,4150,74,0,21,3,1,1,30,168.96,0
11,0,38,1,3775,82,32,28,3,1,1,30,282.28,0
7,0,36,0,11350,148,0,43,3,1,1,30,459.92,0
0,0,30,0,5353,79,0,4,2,1,1,25,244.44,0
10,0,39,1,4313,72,33,39,1,1,1,15,422.675,0
3,0,41,0,433,10,5,3,3,1,2,30,37.72,0
4,0,35,0,8210,105,116,26,3,1,1,30,796.6,0
2,0,9,1,4390,40,215,10,3,1,1,30,1037.2,0
0,0,29,0,14920,166,128,22,2,1,1,25,1254.87,0
0,0,36,0,1898,51,0,28,1,1,1,15,107.195,0
5,0,33,0,4023,82,1,29,2,1,1,25,189.225,0
11,0,36,4,7270,122,278,35,3,2,1,30,1407.68,0
0,0,17,0,1505,26,53,16,2,1,1,25,307.395,0
9,0,24,0,520,17,0,2,2,1,2,25,24.165,0
3,0,38,0,13173,159,0,29,3,1,1,30,533.28,0
4,0,27,1,1683,45,62,72,5,1,1,55,118.92,0
0,0,37,0,1440,40,41,22,3,1,2,30,223.2,0
6,0,25,0,395,19,3,5,2,1,2,25,32.13,0
5,0,39,3,758,16,43,8,5,1,1,55,76.11,0
0,0,41,0,830,18,8,15,2,1,2,25,74.16,0
6,0,38,3,6920,120,279,37,2,2,1,25,1572.3,0
3,0,18,0,920,20,4,10,1,1,1,15,73.7,0
3,0,32,0,6670,91,0,18,4,1,1,45,169.025,0
7,0,38,0,2328,62,363,27,2,1,1,25,1741.05,0
4,0,36,3,938,14,25,17,5,1,1,55,51.78,0
0,0,20,0,1470,22,31,16,2,1,1,25,206.64,0
1,0,26,0,2820,56,0,25,3,1,1,30,115.04,0
16,0,39,4,12370,170,39,64,4,1,1,45,411.0,0
15,0,39,1,2758,66,366,26,3,1,1,30,1576.96,0
5,0,33,1,7030,100,16,22,5,1,1,55,130.95,0
11,0,15,0,6087,135,78,40,1,2,1,15,771.21,0
10,0,39,1,3070,50,293,18,3,1,1,30,1296.8,0
0,0,33,0,6185,87,0,7,4,1,1,45,156.8,0
5,0,14,0,5377,124,53,40,1,2,1,15,594.055,0
13,0,39,1,14483,180,8,44,3,1,1,30,618.52,0
1,0,37,0,7318,126,375,40,2,1,1,25,2022.48,0
0,0,27,0,2535,10,0,11,3,1,1,30,101.8,0
0,0,37,0,1543,27,4,9,3,1,1,30,78.8,0
13,0,45,2,8073,143,406,51,3,1,1,30,1952.64,0
0,0,10,0,4265,42,219,13,3,1,1,30,1048.28,0
0,0,35,1,148,4,29,4,5,1,1,55,45.78,0
5,0,25,1,3470,64,10,23,3,1,1,30,181.36,0
9,0,33,0,3085,53,174,24,2,1,1,25,924.21,0
7,0,26,0,3415,61,7,21,3,1,1,30,167.04,0
1,0,23,1,3520,65,22,36,3,1,1,30,231.4,0
8,0,41,2,1240,23,12,15,2,1,1,25,110.835,0
0,0,24,0,0,0,5,0,4,1,2,45,12.5,0
0,0,17,0,660,16,0,5,2,1,1,25,30.42,0
10,0,44,2,2745,47,302,24,4,1,1,45,824.8,0
10,0,39,2,6995,93,202,31,3,1,1,30,1091.52,0
3,0,35,0,3950,59,0,11,2,1,1,25,180.405,0
13,0,22,4,3113,55,46,25,3,1,1,30,310.72,0
6,0,32,1,8630,107,126,36,3,1,1,30,853.48,0
7,0,38,0,13773,169,0,44,3,1,1,30,557.68,0
7,0,41,1,11420,158,19,51,4,1,1,45,336.95,0
2,0,37,0,13583,169,25,46,3,1,1,30,650.08,0
0,0,40,1,2870,23,486,10,3,1,1,30,2059.72,0
18,0,39,3,16390,198,178,47,2,1,1,25,1547.46,0
2,0,24,0,3110,55,0,19,3,1,1,30,126.6,0
9,0,18,0,8627,171,74,39,5,1,1,55,242.97,0
19,0,25,1,15690,230,0,74,2,1,1,25,716.4,0
5,0,37,0,7698,128,393,46,2,1,1,25,2120.67,0
6,0,34,0,1790,42,34,17,3,1,2,30,209.28,0
5,0,24,0,1035,32,44,15,2,1,1,25,246.015,0
0,0,35,0,1378,41,0,31,1,1,1,15,78.045,0
20,0,29,0,1605,41,38,24,3,1,2,30,217.84,0
9,0,14,2,4875,54,233,17,3,1,1,30,1129.16,0
1,0,35,0,1548,44,331,7,2,1,1,25,1561.14,0
6,0,35,0,15370,177,152,31,2,1,1,25,1383.615,0
1,0,30,0,1665,38,30,19,3,1,2,30,188.12,0
3,0,38,2,453,9,2,1,5,1,1,55,9.93,0
8,0,25,0,640,22,5,5,2,1,2,25,52.29,0
2,0,22,0,1315,30,185,10,2,2,1,25,893.025,0
0,0,32,0,2725,17,2,15,3,1,1,30,117.68,0
11,0,39,2,3200,65,214,29,3,1,1,30,986.6,0
7,0,37,0,15295,181,141,27,2,1,1,25,1330.92,0
0,0,32,0,6015,72,168,19,3,1,1,30,915.48,0
0,0,36,0,595,9,15,9,2,1,2,25,94.68,0
3,0,37,0,4180,71,30,19,3,1,1,30,290.04,0
2,0,35,0,2180,31,274,13,3,1,1,30,1184.44,0
0,0,35,0,570,8,0,9,2,1,2,25,26.01,0
10,0,42,0,1970,56,53,23,4,1,2,45,183.15,0
0,0,34,0,1173,18,0,1,3,1,1,30,47.64,0
12,0,16,5,3453,55,52,34,3,1,1,30,348.32,0
5,0,19,0,965,22,4,7,2,1,1,25,62.415,0
14,0,34,2,2133,55,52,76,5,1,1,55,110.82,0
0,0,31,0,338,5,0,1,4,1,1,45,8.575,0
17,0,33,0,1085,33,27,13,3,1,2,30,152.72,0
5,0,32,0,3938,56,0,29,1,1,1,15,219.67,0
0,0,36,0,0,0,0,0,2,1,2,25,0.0,0
11,0,37,0,15675,183,159,33,2,1,1,25,1429.11,0
0,0,31,0,2790,15,468,5,3,1,1,30,1984.2,0
16,0,35,8,10245,93,26,44,5,2,1,55,194.07,0
5,0,38,1,3833,87,0,27,3,1,1,30,156.8,0
9,1,36,4,7025,119,276,35,3,2,1,30,1389.76,0
5,0,34,1,305,6,7,2,5,1,1,55,15.165,0
0,0,25,0,0,0,0,0,4,1,2,45,0.0,0
9,1,38,0,2238,54,8,17,3,1,2,30,123.68,0
2,0,31,0,825,16,29,4,4,1,2,45,93.525,0
8,0,38,0,15080,177,132,32,2,1,1,25,1280.565,0
5,0,38,0,305,6,7,2,3,1,2,30,40.44,0
13,0,41,2,4790,83,44,23,3,1,1,30,370.92,0
6,0,38,0,15360,184,154,33,2,1,1,25,1392.48,0
16,0,33,0,960,35,25,13,3,1,2,30,139.8,0
10,0,22,2,2060,35,40,18,3,1,1,30,243.8,0
0,0,28,0,600,6,24,5,4,1,2,45,75.15,0
3,0,37,0,2278,52,0,29,1,1,1,15,128.15,0
0,0,36,0,165,3,0,11,2,1,2,25,7.56,0
9,0,39,0,6423,71,94,24,2,1,1,25,715.23,0
6,0,38,1,3340,30,485,8,3,1,1,30,2074.8,0
0,0,27,0,700,12,25,6,4,1,2,45,80.3,0
10,0,42,2,6718,81,116,38,2,1,1,25,827.955,0
21,0,17,3,9838,187,101,57,5,1,1,55,301.875,0
8,0,38,0,4370,71,5,17,3,1,1,30,197.64,0
0,0,13,0,1210,12,10,7,2,1,1,25,99.99,0
24,0,39,3,6833,115,41,26,3,1,1,30,441.92,0
0,0,34,0,2595,19,0,14,3,1,1,30,104.56,0
0,0,31,0,0,0,0,0,2,1,2,25,0.0,0
14,0,44,2,4755,79,22,23,3,1,1,30,281.36,0
6,0,9,0,5828,125,63,34,1,2,1,15,673.915,0
0,0,23,0,2320,45,0,6,3,1,1,30,94.6,0
0,0,31,0,4210,71,0,22,3,1,1,30,171.24,0
8,0,34,0,8695,109,105,37,3,1,1,30,772.16,0
1,0,36,0,1005,18,27,21,2,1,2,25,167.535,0
7,0,38,1,4515,83,2,25,3,1,1,30,191.92,0
8,0,41,0,6098,103,18,17,3,1,1,30,320.04,0
9,0,29,2,1988,51,69,74,5,1,1,55,134.085,0
20,0,36,2,14835,219,47,30,3,1,1,30,790.16,0
14,0,37,2,3900,80,28,25,3,1,1,30,271.2,0
4,0,20,0,395,13,0,4,2,1,2,25,18.36,0
0,0,12,0,1435,16,13,8,2,1,1,25,123.795,0
3,0,35,0,1665,44,38,20,3,1,2,30,220.36,0
0,0,32,0,2535,16,0,12,3,1,1,30,102.04,0
10,0,37,0,2643,59,9,15,3,1,2,30,144.08,0
0,0,29,0,2355,8,0,7,3,1,1,30,94.52,0
0,0,3,0,4005,32,198,4,3,1,1,30,953.48,0
1,0,36,0,3035,24,478,6,3,1,1,30,2034.36,0
2,0,40,0,5693,91,10,14,2,1,1,25,305.28,0
0,0,21,0,1390,26,29,13,2,1,1,25,194.22,0
5,0,38,1,3778,85,7,30,3,1,1,30,182.52,0
21,0,40,3,6183,107,38,28,3,1,1,30,403.6,0
9,0,37,0,15485,182,150,30,2,1,1,25,1380.015,0
15,0,21,4,3338,59,49,26,3,1,1,30,331.88,0
17,0,41,2,6933,112,22,14,3,1,1,30,369.8,0
6,0,27,0,1535,21,29,3,4,1,2,45,111.4,0
1,0,19,0,1290,21,10,16,2,1,1,25,103.995,0
8,0,31,1,8855,111,129,37,3,1,1,30,874.64,0
27,1,34,3,16255,246,11,85,2,1,1,25,792.045,0
0,0,23,0,2920,55,1,21,3,1,1,30,123.0,0
10,0,11,0,6008,133,68,36,1,2,1,15,711.755,0
0,0,35,0,570,8,0,9,2,1,2,25,26.01,0
6,0,18,2,2295,36,49,29,2,1,1,25,325.395,0
9,0,39,2,8890,117,147,45,3,1,1,30,948.28,0
20,0,37,8,10030,88,0,44,5,1,1,55,151.77,0
3,0,40,0,13548,165,3,46,3,1,1,30,560.52,0
5,0,35,0,1100,18,7,9,2,1,2,25,81.81,0
0,0,35,0,380,7,0,6,2,1,2,25,17.415,0
6,0,40,1,3100,32,15,20,3,1,1,30,185.28,0
8,0,26,2,2168,49,51,83,4,1,1,45,182.925,0
5,0,40,0,1295,26,39,17,3,1,2,30,208.84,0
13,0,27,0,890,26,19,10,2,1,2,25,126.72,0
1,0,14,2,2357,38,15,14,3,1,1,30,155.8,0
0,0,35,0,7013,120,368,38,2,1,1,25,1976.985,0
19,0,43,4,9500,129,161,49,3,1,1,30,1029.16,0
3,0,37,1,6740,101,22,26,5,1,1,55,135.615,0
5,0,35,0,1015,14,12,9,2,1,2,25,100.305,0
2,0,36,0,13468,163,0,42,3,1,1,30,545.24,0
32,0,33,4,16570,245,16,85,2,2,1,25,828.675,0
3,0,34,0,6298,63,69,31,2,1,1,25,596.745,0
14,0,43,1,14258,183,18,51,3,1,1,30,649.64,0
0,0,36,0,2790,21,476,6,3,1,1,30,2016.44,0
0,0,24,0,1073,32,14,63,4,1,1,45,62.625,0
12,0,42,2,3855,84,42,32,3,1,1,30,325.56,0
0,0,32,0,2133,48,0,27,1,1,1,15,119.955,0
5,0,36,0,3893,60,0,33,1,1,1,15,217.415,0
30,0,34,5,16495,250,39,86,2,2,1,25,929.025,0
0,0,23,0,1148,27,0,62,4,1,1,45,29.375,0
10,0,35,2,7280,104,30,27,5,1,1,55,155.76,0
17,0,46,3,5080,99,24,33,4,1,1,45,189.475,0
0,0,32,1,3135,26,14,27,3,1,1,30,182.44,0
1,0,35,1,2955,28,32,18,3,1,1,30,247.32,0
4,0,35,0,15180,176,143,28,2,1,1,25,1334.52,0
8,0,39,0,2583,58,7,31,1,1,1,15,183.755,0
14,0,40,1,14268,176,16,49,3,1,1,30,641.76,0
16,0,29,0,15170,222,0,63,2,1,1,25,692.64,0
8,0,41,1,6673,79,116,41,2,1,1,25,825.84,0
4,0,30,1,3225,67,16,24,3,1,1,30,195.68,0
1,0,39,0,2235,41,289,21,3,1,1,30,1247.04,0
8,0,43,1,7768,137,399,49,3,1,1,30,1912.2,0
1,0,35,0,1553,19,0,2,3,1,1,30,62.88,0
25,1,31,3,16075,238,0,80,2,1,1,25,734.085,0
8,0,41,0,1925,54,53,26,3,1,2,30,291.16,0
7,0,31,1,7010,101,11,20,5,1,1,55,123.165,0
3,0,32,0,4110,61,0,11,2,1,1,25,187.695,0
6,0,36,2,4810,87,16,38,3,1,1,30,259.88,0
0,0,35,0,7203,121,377,41,2,1,1,25,2026.08,0
0,0,41,0,405,14,14,7,3,1,2,30,72.76,0
0,0,33,0,0,0,0,0,2,1,2,25,0.0,0
6,0,39,2,6560,89,191,28,3,1,1,30,1029.96,0
8,0,24,1,1793,43,27,66,4,1,1,45,113.4,0
17,0,28,0,1410,36,18,7,3,1,2,30,129.84,0
0,0,34,0,5703,58,76,35,2,1,1,25,601.245,0
9,0,41,2,2780,51,324,24,4,1,1,45,880.775,0
12,0,37,2,3855,39,15,16,3,1,1,30,215.76,0
2,0,29,0,6705,95,4,18,4,1,1,45,180.0,0
6,0,38,0,3598,56,0,20,1,1,1,15,200.97,0
0,0,29,0,1888,44,337,16,2,1,1,25,1603.44,0
5,0,36,1,6213,99,21,25,2,1,1,25,378.54,0
20,0,37,3,14950,225,79,34,3,1,1,30,923.0,0
3,0,38,0,2393,58,2,33,1,1,1,15,145.805,0
5,0,40,0,1665,50,46,21,4,1,2,45,157.875,0
18,0,34,7,10320,88,3,43,4,1,1,45,267.7,0
15,0,39,1,5998,106,37,29,2,1,1,25,441.18,0
0,0,3,0,3825,24,193,2,2,1,1,25,1041.705,0
5,0,34,1,3085,25,7,14,3,1,1,30,152.4,0
0,0,22,0,210,15,0,11,2,1,1,25,10.125,0
4,0,36,0,1933,48,1,15,3,1,2,30,83.24,0
2,0,34,1,6380,92,0,24,5,1,1,55,97.08,0
0,0,34,0,318,4,0,3,2,1,2,25,14.49,0
6,0,38,0,1585,25,8,11,2,1,2,25,108.45,0
0,0,37,0,5208,84,0,12,2,1,1,25,238.14,0
0,0,36,0,1068,15,0,3,3,1,1,30,43.32,0
0,0,32,0,5533,87,0,6,2,1,1,25,252.9,0
3,0,34,0,1550,38,6,16,3,1,2,30,87.52,0
0,0,31,0,7123,119,367,37,2,1,1,25,1977.39,0
3,0,40,1,3798,84,12,32,3,1,1,30,203.28,0
0,0,36,0,0,0,0,0,2,1,2,25,0.0,0
0,0,36,0,12868,153,0,27,3,1,1,30,520.84,0
10,0,40,2,4630,88,0,24,3,1,1,30,188.72,0
15,0,30,6,10050,85,0,36,4,1,1,45,253.375,0
9,0,40,2,2033,34,12,10,4,1,1,45,81.675,0
13,0,36,1,9000,115,112,39,3,1,1,30,812.6,0
9,0,35,1,2748,64,373,37,2,1,1,25,1805.04,0
0,0,36,0,1540,46,42,23,3,1,2,30,231.44,0
13,0,44,3,4900,91,19,31,3,1,1,30,275.64,0
7,0,35,0,2665,39,284,19,3,1,1,30,1244.16,0
12,0,40,1,14078,175,7,46,3,1,1,30,598.12,0
21,1,36,8,10435,93,1,42,5,2,1,55,159.42,0
8,0,42,1,13853,171,10,48,3,1,1,30,600.96,0
15,0,39,0,2948,65,16,17,3,1,2,30,184.52,0
4,0,36,0,1743,49,334,24,2,1,1,25,1583.64,0
14,0,36,3,7800,114,29,24,5,1,1,55,162.21,0
0,0,35,1,6560,93,17,24,4,1,1,45,208.825,0
0,0,15,0,1515,18,17,9,2,1,1,25,145.485,0
30,0,33,4,16380,244,7,82,2,2,1,25,779.58,0
1,0,33,0,2393,52,0,32,1,1,1,15,134.475,0
15,0,35,7,9725,82,0,42,4,1,1,45,245.175,0
8,0,39,1,7813,133,391,45,3,1,1,30,1881.84,0
17,0,39,2,3795,70,190,25,2,1,1,25,1028.925,0
4,0,32,0,1978,44,0,11,3,1,2,30,80.88,0
0,0,9,0,3790,30,194,23,3,1,1,30,928.8,0
8,0,40,1,2698,64,9,35,2,1,1,25,164.79,0
0,0,32,0,2100,29,270,12,3,1,1,30,1165.16,0
11,0,42,1,3040,63,190,29,2,1,1,25,994.635,0
4,0,18,0,1885,27,37,17,2,1,1,25,252.54,0
2,0,32,0,13513,159,0,38,3,1,1,30,546.88,0
5,0,21,1,3270,57,7,19,3,1,1,30,161.08,0
0,0,38,0,128,5,32,6,3,1,2,30,133.32,0
17,0,17,1,9237,177,80,42,5,1,1,55,261.21,0
6,0,24,0,280,13,0,1,2,1,2,25,13.185,0
1,0,37,0,13063,158,0,44,3,1,1,30,528.84,0
6,0,37,1,1725,47,43,22,3,1,1,30,242.88,0
13,0,37,1,4323,64,7,32,1,1,1,15,279.785,0
24,0,40,4,10130,138,159,45,3,1,1,30,1046.72,0
22,0,38,7,10140,89,7,29,5,1,1,55,163.935,0
7,0,37,1,11465,154,11,47,4,1,1,45,317.975,0
4,0,38,1,3095,27,483,8,3,1,1,30,2056.88,0
27,0,37,9,11145,104,9,42,5,2,1,55,182.235,0
9,0,43,1,13773,175,8,45,3,1,1,30,589.92,0
11,0,39,0,6108,95,7,10,2,1,1,25,310.635,0
5,0,37,0,14885,172,129,15,2,1,1,25,1258.065,0
5,0,35,1,4335,75,0,20,3,1,1,30,176.4,0
2,0,36,0,4210,77,0,23,3,1,1,30,171.48,0
6,0,40,0,2735,57,183,27,2,1,1,25,949.14,0
10,0,44,3,903,20,26,10,5,1,1,55,52.845,0
2,0,33,0,1753,40,0,10,3,1,2,30,71.72,0
0,0,29,0,10900,138,0,39,3,1,1,30,441.52,0
7,0,40,1,2475,44,283,17,3,1,1,30,1232.76,0
0,0,32,0,6060,100,243,16,2,2,1,25,1370.7,0
2,0,39,1,518,12,15,7,5,1,1,55,30.45,0
0,0,35,0,6195,80,179,24,3,1,1,30,967.0,0
30,0,41,5,15560,237,93,38,3,1,1,30,1003.88,0
23,0,22,2,6878,155,103,49,2,2,1,25,779.985,0
16,1,43,0,2723,68,26,24,3,1,2,30,215.64,0
1,0,9,1,2547,33,16,16,3,1,1,30,167.2,0
2,0,36,0,13468,163,0,42,3,1,1,30,545.24,0
10,0,38,1,2568,66,391,28,3,1,1,30,1669.36,0
7,0,13,0,8628,165,66,38,4,1,1,45,384.825,0
6,0,38,1,11060,149,0,49,4,1,1,45,280.225,0
7,0,38,0,13773,169,0,44,3,1,1,30,557.68,0
28,0,35,3,15445,225,53,33,3,1,1,30,838.8,0
0,0,31,0,615,4,0,5,2,1,2,25,27.855,0
0,0,21,0,0,0,3,0,4,1,2,45,7.5,0
8,0,36,0,3715,79,27,26,3,1,1,30,259.76,0
13,0,27,0,945,28,12,7,3,1,2,30,86.92,0
7,0,23,0,1165,29,14,11,2,1,1,25,116.73,0
5,0,35,0,6658,72,103,35,2,1,1,25,766.35,0
9,0,23,1,2180,40,46,21,3,1,1,30,272.8,0
6,0,39,0,13368,164,0,46,3,1,1,30,541.28,0
0,0,22,0,1203,30,18,64,4,1,1,45,75.825,0
0,0,31,0,6480,91,7,20,4,1,1,45,181.775,0
7,0,38,2,833,11,20,7,5,1,1,55,42.66,0
12,0,38,2,8710,116,126,45,3,1,1,30,857.04,0
0,0,35,0,6440,83,181,24,3,1,1,30,984.92,0
0,0,35,0,6603,111,356,26,2,1,1,25,1904.13,0
12,0,44,2,6303,103,24,18,3,1,1,30,352.24,0
9,0,38,0,2048,55,341,26,3,1,1,30,1448.12,0
21,0,19,2,6697,147,92,44,2,2,1,25,721.98,0
18,0,29,2,15580,231,0,75,2,1,1,25,711.495,0
5,0,36,0,3893,60,0,33,1,1,1,15,217.415,0
10,0,40,2,4083,91,14,32,3,1,1,30,222.96,0
0,0,27,0,940,16,53,7,4,1,2,45,156.4,0
11,0,39,2,2030,53,50,24,4,1,1,45,177.075,0
10,0,28,2,2025,47,201,11,3,2,1,30,886.88,0
2,0,34,0,8100,104,112,41,3,1,1,30,776.16,0
6,0,32,0,1210,18,38,9,4,1,2,45,125.7,0
8,0,35,1,8810,115,137,41,3,1,1,30,905.0,0
3,0,34,0,3015,25,473,4,3,1,1,30,2013.6,0
22,0,41,3,14835,225,55,31,3,1,1,30,822.4,0
10,0,43,1,4370,77,13,18,3,1,1,30,229.88,0
8,0,40,0,4220,79,7,12,3,1,1,30,199.96,0
4,0,36,0,15295,182,175,32,2,1,1,25,1483.965,0
7,0,35,0,2338,55,361,25,2,1,1,25,1732.185,0
5,0,34,1,2405,35,277,14,3,1,1,30,1205.6,0
16,0,44,2,15790,194,165,33,3,1,1,30,1299.36,0
13,0,39,2,4733,99,17,30,3,1,1,30,261.28,0
11,0,35,0,4675,71,4,18,2,1,1,25,231.57,0
2,0,29,0,3180,65,16,27,3,1,1,30,193.8,0
26,0,42,9,10695,103,16,48,5,2,1,55,185.97,0
11,0,39,2,6778,78,113,39,2,1,1,25,817.02,0
28,0,30,4,16200,236,7,77,2,2,1,25,771.12,0
1,0,34,0,2475,47,168,21,2,1,1,25,869.49,0
4,0,21,0,1875,34,39,19,2,1,1,25,261.405,0
25,0,32,4,16190,244,32,84,2,2,1,25,883.53,0
7,0,36,0,4083,61,3,36,1,1,1,15,244.42,0
26,0,38,9,10740,99,8,44,5,1,1,55,174.585,0
6,0,38,1,1973,31,7,8,4,1,1,45,67.6,0
4,0,38,0,3770,61,0,2,2,1,1,25,172.395,0
5,0,22,0,3530,61,7,24,3,1,1,30,171.64,0
14,0,23,1,1450,36,16,11,2,1,1,25,138.87,0
6,0,30,1,7090,97,13,23,4,1,1,45,212.175,0
0,0,36,0,0,0,0,0,2,1,2,25,0.0,0
1,0,32,0,4130,75,0,19,3,1,1,30,168.2,0
14,0,45,2,14078,181,15,47,3,1,1,30,630.36,0
5,0,26,0,1070,13,23,3,4,1,2,45,84.575,0
10,0,34,0,3695,80,22,24,3,1,1,30,239.0,0
23,0,31,3,15885,237,0,77,2,1,1,25,725.49,0
7,0,37,2,3220,25,479,5,3,1,1,30,2045.8,0
1,0,36,0,1280,19,1,9,2,1,2,25,62.955,0
8,0,10,2,5100,51,223,10,3,1,1,30,1098.04,0
2,0,33,0,3245,27,1,12,3,1,1,30,134.88,0
6,0,39,1,7623,132,382,42,3,1,1,30,1838.2,0
4,0,37,0,2048,54,33,19,3,1,2,30,216.08,0
5,0,38,0,1845,52,49,25,3,1,2,30,271.88,0
3,0,13,2,4470,42,225,14,3,1,1,30,1080.48,0
3,0,36,0,4065,65,0,15,2,1,1,25,185.85,0
11,0,28,0,815,31,42,11,3,1,2,30,201.84,0
0,0,37,0,6908,117,363,28,2,1,1,25,1949.625,0
17,0,16,0,9123,171,48,38,4,1,1,45,352.35,0
0,0,33,0,1488,17,0,1,3,1,1,30,60.2,0
20,0,29,2,15770,232,0,78,2,1,1,25,720.09,0
12,0,33,1,9035,119,134,39,3,1,1,30,902.16,0
4,0,26,0,1425,20,42,18,4,1,2,45,141.125,0
15,0,40,1,4503,72,8,37,1,1,1,15,295.625,0
9,0,40,1,2665,45,292,20,3,1,1,30,1276.4,0
8,0,20,0,1225,26,11,12,2,1,1,25,105.795,0
0,0,31,0,1300,35,26,16,3,1,2,30,157.4,0
0,0,32,0,3353,73,0,24,2,1,1,25,154.17,0
0,0,34,0,14470,165,118,28,2,1,1,25,1189.575,0
0,0,30,0,6195,74,171,23,3,1,1,30,934.76,0
10,0,47,0,883,21,29,12,3,1,2,30,152.16,0
3,0,39,0,5793,97,11,15,2,1,1,25,314.55,0
28,0,33,4,16135,241,5,82,2,1,1,25,759.42,0
19,0,40,3,5103,82,29,52,1,1,1,15,444.675,0
20,0,15,1,6618,145,82,40,2,2,1,25,673.335,0
7,0,37,1,11465,154,11,47,4,1,1,45,317.975,0
3,0,25,2,1610,40,207,24,2,2,1,25,1005.75,0
1,0,36,0,2245,34,287,19,3,1,1,30,1239.16,0
0,0,16,0,1580,21,30,15,2,1,1,25,207.045,0
8,0,39,0,3650,84,36,31,2,1,1,25,330.03,0
3,0,34,0,1180,14,0,12,2,1,2,25,53.73,0
9,0,28,1,1873,45,37,70,5,1,1,55,84.27,0
3,0,33,1,643,4,3,3,5,1,1,55,14.205,0
21,1,36,8,10435,93,1,42,5,1,1,55,159.42,0
31,1,32,4,16785,249,8,80,2,1,1,25,802.53,0
0,0,7,0,4085,34,208,8,3,1,1,30,996.76,0
5,0,42,1,2440,41,295,22,3,1,1,30,1279.24,0
9,0,36,0,2375,55,46,20,3,1,2,30,281.2,0
7,0,11,2,4695,46,222,12,3,1,1,30,1077.64,0
14,0,39,1,8820,117,130,30,3,1,1,30,877.48,0
8,0,40,3,6920,98,225,32,4,1,1,45,737.95,0
10,0,40,0,2150,58,56,27,3,1,2,30,312.32,0
3,0,33,0,3713,52,0,28,1,1,1,15,207.075,0
9,0,38,1,4213,89,18,33,3,1,1,30,244.08,0
11,0,38,2,14373,179,21,59,3,1,1,30,666.08,0
7,0,17,3,2447,40,13,21,3,1,1,30,151.48,0
12,0,40,1,14078,175,7,46,3,1,1,30,598.12,0
0,0,36,0,2055,33,278,16,3,1,1,30,1195.52,0
0,0,37,0,1650,28,260,18,3,1,1,30,1107.12,0
29,0,29,3,16300,242,7,78,2,1,1,25,775.89,0
9,0,36,4,7080,121,269,32,3,2,1,30,1364.04,0
5,0,36,1,6965,105,25,27,5,1,1,55,143.55,0
2,0,15,2,2142,34,6,19,3,1,1,30,111.04,0
7,0,37,0,6323,100,8,10,2,1,1,25,325.035,0
7,0,40,0,1015,20,20,10,3,1,2,30,121.4,0
1,0,37,1,6310,85,177,23,3,1,1,30,963.8,0
18,0,39,3,9420,127,151,45,3,1,1,30,985.88,0
5,0,35,0,1855,45,47,23,3,1,2,30,264.0,0
13,0,19,5,3273,57,70,25,4,1,1,45,258.25,0
0,0,19,0,2840,53,0,17,3,1,1,30,115.72,0
6,0,32,0,3515,72,17,22,2,1,1,25,237.915,0
6,0,34,0,4435,81,0,21,3,1,1,30,180.64,0
2,0,35,0,4095,71,0,19,3,1,1,30,166.64,0
15,0,25,0,925,29,7,5,3,1,2,30,66.16,0
18,0,38,2,6123,104,33,26,2,1,1,25,428.715,0
4,0,35,0,11350,149,13,48,3,1,1,30,511.96,0
8,0,37,1,4428,93,10,28,3,1,1,30,220.84,0
10,0,39,0,15190,178,136,17,2,1,1,25,1303.56,0
0,0,37,0,0,0,0,0,2,1,2,25,0.0,0
3,0,41,0,5613,95,8,11,3,1,1,30,260.32,0
9,0,29,2,1620,42,200,13,3,2,1,30,866.48,0
1,0,30,0,905,12,31,7,4,1,2,45,100.425,0
3,0,8,1,4795,45,216,8,3,1,1,30,1057.6,0
13,0,18,4,3158,51,38,21,3,2,1,30,280.36,0
0,0,31,0,6115,78,169,20,3,1,1,30,923.72,0
29,0,31,5,16675,248,21,95,2,1,1,25,856.035,0
0,0,36,0,5790,75,161,26,3,1,1,30,878.6,0
5,0,37,1,305,6,7,2,5,1,1,55,15.165,0
0,0,35,0,1345,22,253,16,3,1,1,30,1066.68,0
12,0,19,1,6168,137,88,44,1,2,1,15,830.775,0
2,0,30,0,15180,170,135,27,2,1,1,25,1298.25,0
8,0,38,2,6833,81,140,41,2,1,1,25,941.13,0
0,0,37,0,3593,84,6,31,2,1,1,25,192.465,0
2,0,25,0,3225,61,8,23,3,1,1,30,163.44,0
0,0,35,0,0,0,0,0,2,1,2,25,0.0,0
16,0,36,0,14235,209,26,15,3,1,1,30,681.76,0
2,0,37,1,3833,88,34,32,3,1,1,30,292.84,0
8,0,37,0,1970,50,45,22,3,1,2,30,260.8,0
13,0,38,1,3275,60,191,28,2,1,1,25,1009.575,0
15,0,27,1,1530,38,26,15,2,1,1,25,187.56,0
13,0,37,2,9115,121,144,43,3,1,1,30,945.44,0
12,0,37,1,2698,63,361,24,3,1,1,30,1554.44,0
17,0,39,2,4485,93,40,28,3,1,1,30,343.12,0
6,0,13,3,2673,37,20,14,3,1,1,30,188.4,0
8,0,35,2,7090,103,21,24,5,1,1,55,139.395,0
6,0,41,0,1933,54,9,16,3,1,2,30,115.48,0
3,0,31,0,3893,54,0,32,1,1,1,15,217.085,0
28,0,40,4,15255,230,52,31,3,1,1,30,827.4,0
10,0,37,1,13898,167,7,41,3,1,1,30,590.6,0
10,0,36,0,15890,187,151,28,2,1,1,25,1402.965,0
10,0,40,1,13888,174,0,43,3,1,1,30,562.48,0
4,0,18,3,2628,41,34,21,3,1,1,30,242.76,0
7,0,24,1,1955,36,43,20,3,1,1,30,251.64,0
7,0,14,4,3148,49,45,32,3,1,1,30,307.88,0
4,0,28,2,1430,42,225,15,3,2,1,30,958.88,0
0,0,25,0,1903,20,165,8,2,2,1,25,829.035,0
1,0,32,2,6660,110,264,31,2,2,1,25,1492.65,0
7,0,21,2,2115,38,67,20,3,1,1,30,354.12,0
6,0,36,1,7633,125,380,40,3,1,1,30,1830.32,0
11,0,42,2,3405,38,22,22,4,1,1,45,141.075,0
0,0,39,0,585,16,17,11,2,1,2,25,103.545,0
0,0,31,0,2660,14,0,9,3,1,1,30,106.96,0
2,0,34,1,6365,106,250,18,2,2,1,25,1416.195,0
0,0,36,0,2088,52,0,31,1,1,1,15,117.7,0
9,0,39,0,1780,30,28,28,2,1,2,25,207.45,0
7,0,36,2,6670,112,257,20,3,2,1,30,1299.28,0
0,0,34,0,0,0,0,0,5,1,1,55,0.0,0
7,0,40,0,1015,20,20,10,3,1,2,30,121.4,0
33,0,35,5,16440,247,12,84,2,2,1,25,804.915,0
6,0,34,1,6538,67,97,32,2,1,1,25,733.725,0
23,0,19,2,6887,148,101,47,2,2,1,25,771.075,0
7,0,11,2,4695,46,222,12,3,1,1,30,1077.64,0
0,0,36,0,5423,88,0,7,2,1,1,25,247.995,0
4,0,39,1,2475,45,317,22,4,1,1,45,855.5,0
14,0,43,2,5000,97,20,32,3,1,1,30,283.88,0
1,0,35,0,5498,83,0,6,2,1,1,25,251.145,0
3,0,39,0,990,19,0,10,2,1,2,25,45.405,0
0,0,16,0,1390,20,21,12,2,1,1,25,157.95,0
7,0,38,2,11580,160,43,51,4,1,1,45,401.0,0
12,0,40,0,2633,68,370,29,3,1,1,30,1588.04,0
3,0,28,1,885,13,26,5,4,1,1,45,87.45,0
14,0,40,2,15905,194,189,36,3,1,1,30,1399.96,0
0,0,33,0,11100,145,0,43,3,1,1,30,449.8,0
19,0,14,1,6697,141,84,43,1,2,1,15,838.09,0
0,0,30,0,3333,74,0,22,2,1,1,25,153.315,0
7,0,20,1,2000,32,35,16,3,1,1,30,221.28,0
5,0,37,1,6745,89,188,26,3,1,1,30,1025.36,0
0,0,24,0,0,0,0,0,4,1,2,45,0.0,0
26,0,33,2,15780,234,7,67,2,1,1,25,752.13,0
10,0,16,3,3042,46,40,22,3,1,1,30,283.52,0
5,0,37,0,1370,40,24,7,3,1,2,30,152.4,0
0,0,3,0,4130,30,200,4,3,1,1,30,966.4,0
9,0,13,0,8817,166,75,41,4,1,1,45,412.075,0
10,0,42,1,7993,141,402,50,3,1,1,30,1933.36,0
16,0,34,2,9420,121,143,44,3,1,1,30,953.64,0
23,0,45,4,9680,137,166,51,3,1,1,30,1056.68,0
4,0,36,0,2535,50,173,23,2,1,1,25,894.825,0
0,0,36,0,2088,52,0,31,1,1,1,15,117.7,0
2,0,36,1,11275,154,36,49,4,1,1,45,375.725,0
36,0,41,5,16155,242,69,34,3,2,1,30,931.88,0
4,0,30,0,1523,43,38,72,4,1,1,45,134.15,0
5,0,39,0,7213,123,370,30,3,1,1,30,1773.44,0
14,0,38,2,4798,76,22,50,1,1,1,15,389.07,0
0,0,37,0,2385,16,458,8,3,1,1,30,1928.04,0
8,0,25,1,1540,40,190,9,3,2,1,30,823.2,0
2,0,36,0,4210,77,0,23,3,1,1,30,171.48,0
6,0,36,0,2780,53,175,23,2,1,1,25,914.985,0
16,0,45,0,2543,66,23,20,4,1,2,45,122.725,0
25,0,31,3,16075,238,0,80,2,1,1,25,734.085,0
0,0,36,0,2790,21,476,6,3,1,1,30,2016.44,0
8,0,39,1,7813,133,391,45,3,1,1,30,1881.84,0
0,0,28,1,6580,108,254,27,2,2,1,25,1443.96,0
17,0,42,2,2603,63,20,21,4,1,1,45,116.65,0
4,0,26,0,1568,39,30,68,4,1,1,45,115.175,0
0,0,30,0,1180,30,20,13,3,1,2,30,128.4,0
0,0,23,0,0,0,0,0,4,1,2,45,0.0,0
4,0,41,1,7588,129,394,47,3,1,1,30,1884.68,0
1,0,30,0,3210,66,10,20,2,1,1,25,192.42,0
4,0,36,0,2590,52,166,20,2,1,1,25,865.89,0
0,0,33,0,1550,39,40,21,3,1,2,30,223.56,0
7,0,29,2,1430,41,191,10,3,2,1,30,822.84,0
0,0,35,0,14580,166,122,13,2,1,1,25,1212.57,0
1,0,34,0,2475,47,168,21,2,1,1,25,869.49,0
6,0,33,2,6850,110,239,29,2,2,1,25,1388.7,0
13,0,36,4,7460,123,287,38,3,2,1,30,1451.32,0
0,0,24,0,1263,33,23,66,4,1,1,45,89.9,0
6,0,26,0,510,25,35,9,3,1,2,30,161.4,0
5,0,21,0,315,17,0,1,2,1,2,25,14.94,0
13,0,43,1,6403,109,25,19,3,1,1,30,360.48,0
0,0,25,0,6220,81,0,14,4,1,1,45,157.525,0
1,0,37,1,1783,31,32,10,4,1,1,45,125.35,0
0,0,29,0,0,0,0,0,4,1,1,45,0.0,0
16,0,26,1,1935,43,27,13,2,1,1,25,210.51,0
0,0,25,0,2980,58,6,23,3,1,1,30,145.52,0
1,0,28,0,6785,91,6,21,4,1,1,45,186.9,0
8,0,42,2,4595,85,12,29,3,1,1,30,235.2,0
0,0,31,0,6670,92,16,23,4,1,1,45,209.05,0
2,0,35,0,2073,30,1,4,3,1,1,30,88.12,0
8,0,12,3,2898,41,23,15,3,1,1,30,209.56,0
12,0,40,1,2298,57,13,19,3,1,1,30,146.2,0
18,0,17,1,6638,144,87,42,2,2,1,25,696.69,0
2,0,36,0,1260,39,20,22,3,1,2,30,131.96,0
24,1,32,3,15670,233,0,82,2,1,1,25,715.635,0
3,0,13,0,8028,155,45,23,4,1,1,45,317.075,0
2,0,25,0,3225,61,8,23,3,1,1,30,163.44,0
36,0,34,5,17090,255,15,82,2,2,1,25,848.025,0
1,0,16,1,1990,30,42,27,2,1,1,25,279.9,0
14,0,39,1,15790,188,157,32,2,1,1,25,1425.51,0
2,0,35,0,11160,148,4,45,3,1,1,30,468.32,0
13,0,40,1,4258,69,6,37,1,1,1,15,270.985,0
13,0,40,3,7138,87,147,43,3,1,1,30,877.0,0
12,0,44,1,14033,179,15,50,3,1,1,30,628.48,0
7,0,38,0,3175,72,11,13,3,1,1,30,173.88,0
8,0,32,0,2453,54,351,23,2,1,1,25,1692.315,0
5,0,35,0,305,6,7,2,2,1,2,25,45.495,0
1,0,34,0,630,12,3,4,2,1,2,25,42.39,0
15,0,41,2,5818,104,34,25,3,1,1,30,372.88,0
0,0,35,0,1223,37,0,15,3,1,2,30,50.4,0
13,0,18,4,3157,51,38,21,3,1,1,30,280.32,0
22,0,23,2,9498,187,95,48,5,1,1,55,287.775,0
0,0,18,0,1003,23,8,60,4,1,1,45,45.65,0
5,0,38,0,305,6,7,2,5,1,1,55,15.165,0
0,0,31,0,490,6,0,5,2,1,2,25,22.32,0
11,0,27,3,4130,77,36,40,3,1,1,30,312.28,0
8,0,37,1,4920,88,3,23,3,1,1,30,212.32,0
0,0,7,0,3485,24,187,21,3,1,1,30,888.36,0
15,0,42,3,4880,92,14,29,4,1,1,45,159.3,0
8,0,36,2,8925,121,169,45,3,1,1,30,1037.84,0
0,0,29,0,1363,13,0,3,3,1,1,30,55.04,0
6,0,32,0,6718,69,100,36,2,1,1,25,755.415,0
9,0,25,2,2000,38,43,17,3,1,1,30,253.52,0
0,0,35,0,4903,78,0,10,2,1,1,25,224.145,0
0,0,34,0,3413,76,0,26,2,1,1,25,157.005,0
16,0,13,1,9158,175,70,38,5,1,1,55,244.995,0
1,0,38,0,2795,26,8,18,3,1,1,30,144.84,0
8,0,34,3,7210,119,273,33,2,2,1,25,1558.305,0
0,0,24,0,710,5,23,4,4,1,2,45,75.375,0
26,1,37,3,15545,230,55,30,3,1,1,30,851.0,0
35,0,46,5,15705,241,76,40,3,1,1,30,941.84,0
7,0,39,0,4073,68,5,38,1,1,1,15,255.255,0
13,0,28,2,4240,78,23,25,3,1,1,30,264.72,0
13,0,45,3,7065,102,208,34,4,1,1,45,699.175,0
5,0,37,1,3500,32,484,6,3,1,1,30,2077.28,0
0,0,34,0,2730,18,471,4,3,1,1,30,1993.92,0
4,0,38,1,3095,27,483,8,3,1,1,30,2056.88,0
11,0,16,0,8527,166,55,42,5,1,1,55,212.895,0
13,0,40,4,4000,43,511,25,4,1,1,45,1378.575,0
4,0,12,1,4570,48,226,15,3,1,1,30,1088.72,0
6,0,35,4,7080,122,303,37,3,2,1,30,1500.08,0
0,0,8,0,3680,29,190,10,3,1,1,30,908.36,0
1,0,38,0,2203,57,0,30,1,1,1,15,124.3,0
0,0,24,0,895,24,154,5,2,2,1,25,734.355,0
15,0,31,1,1485,42,34,19,2,1,1,25,221.715,0
13,0,15,0,6333,138,80,40,1,2,1,15,795.905,0
16,0,30,7,10175,83,0,36,4,1,1,45,256.45,0
23,0,36,8,10680,96,7,42,5,1,1,55,172.14,0
0,0,33,0,6135,77,174,22,3,1,1,30,944.48,0
3,0,32,0,1968,46,341,17,2,1,1,25,1625.13,0
10,0,37,0,2453,60,359,24,3,1,1,30,1536.52,0
22,0,36,2,15025,220,56,33,3,1,1,30,833.8,0
21,0,32,8,10480,89,7,38,5,1,1,55,169.035,0
0,0,20,0,1308,29,15,62,4,1,1,45,70.925,0
17,0,44,2,2758,72,374,27,3,1,1,30,1609.2,0
0,0,33,0,2130,11,0,14,3,1,1,30,85.64,0
8,0,43,2,6760,96,201,32,3,1,1,30,1078.24,0
0,0,33,0,2610,13,465,1,3,1,1,30,1964.92,0
13,0,43,2,6978,85,123,43,2,1,1,25,871.335,0
14,0,15,0,9122,172,82,43,4,1,1,45,437.35,0
1,0,14,0,1615,24,18,10,2,1,1,25,154.755,0
22,0,41,3,4790,99,47,30,3,1,1,30,383.56,0
1,0,36,0,5613,89,0,10,2,1,1,25,256.59,0
9,0,36,1,7123,80,109,35,2,1,1,25,814.635,0
6,0,43,2,3095,33,491,9,4,1,1,45,1305.7,0
5,0,40,1,6413,75,109,36,2,1,1,25,782.46,0
8,0,41,2,3145,34,15,17,4,1,1,45,116.975,0
13,0,40,1,4675,77,12,19,3,1,1,30,238.08,0
1,0,33,0,15120,173,138,26,2,1,1,25,1309.185,0
10,0,33,3,1700,44,210,17,3,2,1,30,909.76,0
13,0,44,1,4630,81,20,23,3,1,1,30,268.44,0
2,0,35,1,2915,19,472,3,3,1,1,30,2005.36,0
12,0,17,0,5793,131,64,27,1,2,1,15,677.82,0
0,0,21,0,2860,52,0,19,3,1,1,30,116.48,0
2,0,27,1,1125,35,184,8,2,2,1,25,880.2,0
1,0,32,0,5658,85,0,6,2,1,1,25,258.435,0
8,0,26,1,3935,72,16,23,3,1,1,30,224.28,0
5,0,41,0,623,11,14,6,3,1,2,30,81.36,0
3,0,37,1,6500,86,186,26,3,1,1,30,1007.44,0
12,0,40,1,14078,175,7,46,3,1,1,30,598.12,0
6,0,37,1,6528,74,99,34,2,1,1,25,742.59,0
4,0,38,0,11340,156,15,50,3,1,1,30,519.84,0
10,0,39,1,8003,134,400,48,3,1,1,30,1925.48,0
3,0,24,1,1863,43,44,81,4,1,1,45,157.65,0
14,1,41,0,2658,66,47,23,4,1,2,45,185.6,0
0,0,36,0,3465,55,0,10,2,1,1,25,158.4,0
11,0,15,4,2978,43,27,16,3,1,1,30,228.84,0
6,0,41,1,3275,35,494,13,3,1,1,30,2108.4,0
0,0,36,1,338,4,4,2,5,1,1,55,11.13,0
1,0,40,2,418,6,14,6,5,1,1,55,27.36,0
2,0,36,0,3718,82,2,28,2,1,1,25,180.0,0
5,0,39,0,1180,20,7,13,2,1,2,25,85.5,0
0,0,14,0,1330,17,16,10,2,1,1,25,132.615,0
10,0,33,6,9420,76,0,40,4,1,1,45,237.4,0
0,0,40,0,7203,127,385,42,3,1,1,30,1833.2,0
6,0,37,1,6473,72,106,37,2,1,1,25,771.525,0
7,0,40,1,2860,55,185,27,2,1,1,25,963.675,0
3,0,36,0,7393,121,352,39,2,1,1,25,1922.13,0
5,0,6,1,4695,40,214,11,3,1,1,30,1045.4,0
0,0,30,0,2475,13,0,10,3,1,1,30,99.52,0
0,0,32,0,0,0,0,0,4,1,1,45,0.0,0
16,0,36,3,9240,119,140,40,3,1,1,30,934.36,0
7,0,35,1,7733,131,381,41,3,1,1,30,1838.56,0
9,0,36,0,15370,176,118,26,2,1,1,25,1230.57,0
3,0,36,2,3390,31,497,21,3,1,1,30,2124.84,0
0,0,32,0,0,0,0,0,2,1,2,25,0.0,0
0,0,36,0,0,0,0,0,2,1,2,25,0.0,0
2,0,18,0,1695,26,28,14,2,1,1,25,203.445,0
0,0,33,2,6255,105,246,33,2,2,1,25,1393.2,0
10,0,40,1,6898,83,119,42,2,1,1,25,849.645,0
6,0,25,0,395,19,3,5,2,1,2,25,32.13,0
31,0,37,5,16460,246,17,86,2,1,1,25,828.27,0
2,0,26,1,3340,67,40,27,3,1,1,30,296.28,0
8,0,36,0,2970,54,184,26,2,1,1,25,964.08,0
10,0,32,3,7190,120,268,31,3,2,1,30,1364.4,0
0,0,33,0,1605,41,33,18,3,1,2,30,197.84,0
1,0,28,2,6705,106,256,27,2,2,1,25,1458.495,0
4,0,31,0,3470,70,17,25,2,1,1,25,235.8,0
13,0,30,0,880,33,21,12,2,1,2,25,135.585,0
32,0,38,5,16380,250,15,83,2,2,1,25,815.85,0
5,0,38,1,4270,80,0,25,3,1,1,30,174.0,0
7,0,35,0,3185,58,176,21,2,1,1,25,937.935,0
0,0,31,0,405,2,0,5,2,1,2,25,18.315,0
9,0,38,1,2895,58,173,22,2,1,1,25,911.385,0
4,0,38,0,5728,94,0,9,3,1,1,30,232.88,0
4,0,26,0,1568,39,30,68,4,1,1,45,115.175,0
3,0,35,0,6413,69,101,35,2,1,1,25,746.19,0
24,0,33,8,10740,93,0,43,4,1,1,45,270.825,0
0,0,36,0,1333,38,0,4,3,1,2,30,54.84,0
11,0,13,3,3157,45,30,20,3,1,1,30,248.08,0
0,0,16,0,0,0,0,0,2,1,1,25,0.0,0
5,0,42,0,738,17,46,10,3,1,2,30,214.2,0
23,0,38,3,14895,222,52,32,3,1,1,30,812.68,0
7,0,37,3,7100,96,207,41,3,1,1,30,1115.84,0
0,0,36,0,5013,79,0,13,2,1,1,25,229.14,0
17,0,38,8,10210,89,4,44,4,2,1,45,267.475,0
11,0,40,1,6223,101,14,14,3,1,1,30,308.96,0
8,0,39,2,6805,92,193,28,3,1,1,30,1047.88,0
15,0,42,2,7203,89,126,44,2,1,1,25,895.14,0
6,0,36,1,14068,173,14,57,3,1,1,30,625.64,0
8,0,38,1,6690,86,161,24,3,1,1,30,915.04,0
1,0,38,0,2148,55,0,33,1,1,1,15,121.165,0
8,0,38,0,6108,96,16,15,3,1,1,30,312.16,0
7,0,27,1,3530,67,15,25,3,1,1,30,203.88,0
0,0,21,0,1055,26,178,5,2,2,1,25,849.645,0
2,0,33,0,6420,84,176,22,3,1,1,30,964.16,0
0,0,36,1,6310,86,211,28,3,1,1,30,1099.84,0
0,0,30,0,780,14,29,7,4,1,2,45,92.35,0
17,0,19,0,6098,137,71,29,2,2,1,25,600.075,0
20,0,40,2,16500,199,165,32,2,1,1,25,1493.955,0
19,0,22,2,9237,183,88,43,5,1,1,55,273.3,0
5,0,8,0,8627,159,58,37,4,1,1,45,364.65,0
0,0,23,0,0,0,0,0,2,1,1,25,0.0,0
7,0,13,0,8627,165,66,38,4,1,1,45,384.8,0
21,0,19,2,6697,147,92,44,2,2,1,25,721.98,0
15,0,41,2,4618,78,40,41,1,1,1,15,478.28,0
2,0,42,0,875,20,8,12,2,1,2,25,76.275,0
0,0,36,0,405,8,6,6,2,1,2,25,45.585,0
9,0,29,2,1620,42,200,13,3,2,1,30,866.48,0
18,0,42,2,6078,108,41,30,2,1,1,25,462.87,0
10,0,45,0,1440,30,22,19,3,1,2,30,146.8,0
9,0,38,2,7210,97,194,26,3,1,1,30,1068.28,0
0,0,37,0,258,2,2,2,2,1,2,25,20.7,0
0,0,37,0,613,9,21,17,2,1,2,25,122.49,0
13,0,43,2,3085,65,190,26,3,1,1,30,886.0,0
9,0,41,2,6798,77,118,41,2,1,1,25,840.375,0
10,0,35,1,9055,118,139,41,3,1,1,30,922.92,0
5,0,37,0,1120,17,7,11,2,1,2,25,82.665,0
7,0,35,2,7013,79,122,50,2,1,1,25,868.14,0
8,0,37,0,1970,50,45,22,3,1,2,30,260.8,0
12,0,35,1,6943,79,105,35,2,1,1,25,788.49,0
9,0,40,2,3400,33,490,10,3,1,1,30,2097.32,0
0,0,35,0,0,0,0,0,2,1,2,25,0.0,0
5,0,33,1,6545,82,178,22,3,1,1,30,977.08,0
12,0,39,2,11770,160,18,49,4,1,1,45,343.25,0
31,0,44,10,11000,109,23,50,5,1,1,55,201.135,0
11,0,43,2,3580,41,501,15,3,1,1,30,2148.84,0
18,0,38,2,9305,121,119,41,3,1,1,30,853.04,0
14,0,35,1,14125,208,22,30,2,1,1,25,743.985,0
21,0,23,2,6653,151,100,48,2,2,1,25,756.18,0
23,0,38,3,14950,224,45,29,3,1,1,30,786.96,0
12,0,34,2,6113,102,40,37,2,1,1,25,459.675,0
20,0,33,2,1790,48,41,21,2,1,1,25,267.21,0
12,0,39,2,2683,42,15,8,4,1,1,45,105.625,0
0,0,37,0,1263,20,0,8,4,1,1,45,32.075,0
10,0,34,1,3005,57,172,21,2,1,1,25,911.79,0
2,0,31,2,7080,101,28,35,4,1,1,45,249.525,0
7,0,39,2,4138,94,41,34,3,1,1,30,333.28,0
8,0,35,1,15780,186,164,43,2,1,1,25,1456.47,0
18,0,39,3,9420,127,151,45,3,1,1,30,985.88,0
18,0,36,2,14645,218,38,27,3,1,1,30,746.52,0
4,0,22,0,215,11,0,3,2,1,2,25,10.17,0
0,0,33,0,6353,66,96,33,2,1,1,25,720.855,0
10,0,38,3,2573,41,28,23,4,1,1,45,135.35,0
1,0,34,0,2475,47,168,21,2,1,1,25,869.49,0
14,0,38,5,7330,125,283,37,3,2,1,30,1430.2,0
6,0,34,1,3943,86,7,26,3,1,1,30,189.16,0
12,0,26,2,2260,42,50,22,3,1,1,30,292.08,0
9,0,35,1,3595,74,21,23,3,1,1,30,230.76,0
11,0,32,1,9115,115,136,42,3,1,1,30,913.2,0
14,0,39,1,15790,188,157,32,2,1,1,25,1425.51,0
14,0,35,1,2678,64,356,22,3,1,1,30,1533.68,0
15,0,40,1,4503,72,8,37,1,1,1,15,295.625,0
11,0,18,4,2913,48,36,21,3,1,1,30,262.44,0
25,0,35,3,16030,242,8,84,2,1,1,25,768.24,0
28,0,37,4,15265,223,50,29,3,2,1,30,819.52,0
0,0,25,0,3035,60,0,20,3,1,1,30,123.8,0
6,0,43,1,2360,45,293,19,4,1,1,45,792.625,0
13,0,45,2,6223,107,22,15,3,1,1,30,341.2,0
5,0,38,1,1373,21,7,2,4,1,1,45,52.35,0
1,0,34,1,4013,86,16,41,2,1,1,25,256.455,0
17,0,35,2,9340,125,141,41,3,1,1,30,942.6,0
6,0,43,0,1260,22,17,17,2,1,2,25,134.19,0
7,0,42,0,1360,28,18,18,2,1,2,25,143.46,0
0,0,7,0,4330,37,210,8,3,1,1,30,1014.68,0
33,0,42,5,15505,234,66,36,3,2,1,30,893.56,0
14,0,36,1,4423,70,7,33,2,1,1,25,233.685,0
3,0,41,1,6455,90,194,30,3,1,1,30,1037.8,0
12,0,25,0,1415,33,28,16,2,1,1,25,191.16,0
0,0,27,0,1100,28,16,12,3,1,2,30,109.12,0
9,0,10,0,6087,129,70,39,1,2,1,15,726.88,0
5,0,34,1,2438,54,7,29,1,1,1,15,175.56,0
5,0,32,1,305,6,7,2,3,1,1,30,40.44,0
13,0,39,4,7450,130,289,40,3,2,1,30,1459.2,0
15,0,36,6,7870,132,299,50,3,2,1,30,1516.08,0
0,0,39,0,128,4,0,1,2,1,2,25,5.94,0
9,0,27,1,3720,68,24,28,3,1,1,30,247.52,0
2,0,36,0,6008,64,83,37,2,1,1,25,646.74,0
4,0,36,0,13658,164,2,45,3,1,1,30,560.88,0
5,0,37,0,3065,71,7,28,3,1,1,30,153.44,0
7,0,38,2,2993,68,23,48,2,1,1,25,241.245,0
14,0,42,2,11950,168,29,54,4,1,1,45,375.45,0
9,0,38,1,14018,172,7,44,3,1,1,30,595.6,0
16,0,41,3,4195,94,71,34,3,1,1,30,455.56,0
8,0,15,3,4775,48,232,16,3,1,1,30,1120.92,0
3,0,42,0,790,16,23,12,3,1,2,30,124.24,0
1,0,33,1,6595,96,5,19,5,1,1,55,107.865,0
6,0,42,0,5873,99,15,16,3,1,1,30,298.88,0
8,0,33,1,6763,71,100,33,2,1,1,25,757.53,0
3,0,14,2,2547,39,24,17,3,1,1,30,199.44,0
5,0,19,3,2547,45,32,18,3,1,1,30,231.68,0
5,0,34,0,2033,48,320,18,2,1,1,25,1533.645,0
6,0,37,1,2895,59,207,27,2,1,1,25,1064.43,0
0,0,40,0,193,7,11,7,2,1,2,25,58.5,0
8,0,16,3,2852,45,31,19,3,1,1,30,239.88,0
5,0,36,0,4255,66,7,18,2,1,1,25,225.945,0
11,0,27,0,700,25,10,7,2,1,2,25,77.625,0
25,0,31,3,16075,238,0,80,2,2,1,25,734.085,0
7,0,34,1,4560,79,7,21,3,1,1,30,213.56,0
9,0,28,1,1505,36,168,9,2,2,1,25,825.345,0
0,0,28,0,0,0,0,0,3,1,1,30,0.0,0
11,0,42,0,1333,22,22,6,3,1,2,30,142.2,0
11,0,36,1,13998,173,7,42,3,1,1,30,594.84,0
16,0,28,0,890,25,7,5,2,1,2,25,72.675,0
7,0,42,2,2053,33,17,12,4,1,1,45,94.65,0
7,0,37,0,4400,77,0,21,3,1,1,30,179.08,0
0,0,36,1,93,1,2,2,5,1,1,55,4.41,0
0,0,23,0,0,0,10,0,4,1,2,45,25.0,0
5,0,37,1,6690,87,195,29,3,1,1,30,1051.08,0
21,0,28,2,2240,49,34,15,2,1,1,25,256.005,0
6,0,25,2,3825,71,29,38,3,1,1,30,271.84,0
1,0,32,0,13388,161,0,38,3,1,1,30,541.96,0
0,0,43,0,273,9,15,8,2,1,2,25,80.19,0
12,0,40,3,11885,166,50,53,4,1,1,45,426.275,0
11,0,32,2,1800,50,211,18,3,2,1,30,918.0,0
3,0,42,0,2348,62,10,37,1,1,1,15,187.55,0
2,0,31,0,1585,42,28,16,3,1,2,30,177.08,0
0,0,33,0,2703,65,0,26,2,1,1,25,124.56,0
0,0,40,0,433,11,39,8,3,1,2,30,173.76,0
3,0,37,0,10865,144,0,32,3,1,1,30,440.36,0
1,0,37,0,3313,77,0,30,3,1,1,30,135.6,0
0,0,38,1,0,0,7,0,5,1,1,55,10.5,0
2,1,27,1,1070,33,191,11,2,2,1,25,909.135,0
12,0,37,1,4180,87,33,26,3,1,1,30,302.68,0
5,0,37,1,11275,153,2,44,4,1,1,45,290.7,0
0,0,36,0,3528,81,0,25,2,1,1,25,162.405,0
1,0,36,0,3875,64,0,12,2,1,1,25,177.255,0
10,0,40,1,13833,172,5,46,3,1,1,30,580.2,0
10,0,26,1,1340,38,51,17,2,1,1,25,291.51,0
10,0,42,0,4153,70,9,39,1,1,1,15,281.765,0
0,0,28,0,2215,37,153,15,2,1,1,25,789.84,0
15,0,40,1,4865,78,21,22,3,1,1,30,281.72,0
7,0,39,0,1370,21,16,16,2,1,2,25,134.595,0
0,0,36,0,2088,52,0,31,1,1,1,15,117.7,0
6,0,7,1,4615,44,212,8,3,1,1,30,1034.36,0
0,0,25,0,858,28,5,68,4,1,1,45,34.65,0
10,0,40,3,7090,109,29,25,5,1,1,55,151.485,0
0,0,37,0,1683,47,0,33,1,1,1,15,95.15,0
15,0,41,3,4110,44,498,10,4,1,1,45,1348.85,0
0,0,30,0,1283,17,0,5,3,1,1,30,52.0,0
5,0,33,1,2965,20,7,11,3,1,1,30,147.4,0
12,0,25,1,1470,35,21,13,2,1,1,25,162.225,0
9,0,37,1,6043,93,7,9,3,1,1,30,273.44,0
19,0,27,3,2130,48,47,30,2,1,1,25,309.51,0
8,0,25,0,980,29,17,13,2,1,1,25,121.905,0
2,0,38,0,2170,38,276,15,3,1,1,30,1192.32,0
14,0,17,1,6202,140,76,39,2,2,1,25,627.39,0
11,0,13,1,9228,175,87,53,4,1,1,45,452.575,0
5,0,25,0,1973,44,31,66,4,1,1,45,127.925,0
10,0,38,2,7270,111,32,29,5,1,1,55,158.715,0
11,0,42,2,2758,67,14,37,2,1,1,25,190.125,0
24,0,38,9,10550,98,0,41,5,1,1,55,159.72,0
0,0,38,0,2495,17,462,7,3,1,1,30,1948.48,0
9,0,11,2,4885,47,231,15,3,1,1,30,1121.28,0
7,0,42,0,13728,173,8,48,3,1,1,30,588.04,0
3,0,36,0,14775,171,125,30,2,1,1,25,1235.07,0
0,0,39,0,2268,60,6,36,1,1,1,15,161.04,0
3,0,15,3,2663,45,56,21,3,1,1,30,332.32,0
15,0,45,2,4675,83,20,20,3,1,1,30,270.32,0
5,0,38,0,13528,166,0,44,3,1,1,30,547.76,0
9,0,42,1,4450,73,15,21,3,1,1,30,240.92,0
6,0,34,1,6805,86,185,27,3,1,1,30,1015.64,0
0,0,30,0,0,0,0,0,3,1,1,30,0.0,0
4,0,38,0,2360,39,285,18,3,1,1,30,1235.96,0
0,0,37,0,0,0,0,0,2,1,2,25,0.0,0
0,0,24,0,2515,50,0,23,3,1,1,30,102.6,0
1,0,37,0,3805,72,0,25,3,1,1,30,155.08,0
10,0,41,1,15565,184,160,34,2,1,1,25,1428.705,0
20,0,34,9,10730,97,15,55,4,1,1,45,308.175,0
4,0,39,0,918,15,28,19,3,1,2,30,149.32,0
9,1,42,0,2193,58,16,21,3,1,2,30,154.04,0
7,0,38,0,1993,51,6,17,3,1,1,30,105.76,0
0,0,30,0,2395,45,158,17,2,1,1,25,820.8,0
4,0,25,0,205,18,0,2,2,1,2,25,10.035,0
17,0,27,1,1720,39,35,18,2,1,1,25,236.655,0
8,0,35,1,8810,115,137,41,3,1,1,30,905.0,0
4,0,41,0,13468,169,1,43,3,1,1,30,549.48,0
20,0,32,2,14880,215,39,26,3,1,1,30,759.8,0
2,0,41,2,338,10,12,3,5,1,1,55,23.22,0
0,0,41,0,93,1,10,6,2,1,2,25,49.23,0
6,0,32,1,2825,49,167,19,2,1,1,25,880.83,0
16,0,34,7,10130,87,0,40,4,1,1,45,255.425,0
12,0,11,1,8978,167,65,36,4,1,1,45,391.125,0
6,0,40,1,2453,61,7,35,2,1,1,25,144.63,0
8,0,36,1,11870,159,12,45,3,1,1,30,529.16,0
0,0,37,0,0,0,9,0,2,1,2,25,40.5,0
9,0,16,3,4695,52,230,13,3,1,1,30,1109.88,0
6,0,36,0,2780,53,175,23,2,1,1,25,914.985,0
13,0,43,3,11850,162,28,53,4,1,1,45,370.3,0
0,0,10,0,1130,10,6,6,2,1,1,25,78.3,0
11,0,28,1,2063,46,46,73,5,1,1,55,100.635,0
7,0,42,1,3978,92,17,34,3,1,1,30,230.8,0
20,0,38,2,6313,105,42,29,2,1,1,25,477.81,0
0,0,34,0,1363,19,0,4,3,1,1,30,55.28,0
0,0,39,0,318,5,7,4,2,1,2,25,46.035,0
4,0,26,0,1568,39,30,68,4,1,1,45,115.175,0
13,0,41,5,7270,128,286,36,3,2,1,30,1439.92,0
9,0,28,1,1873,45,37,70,5,1,1,55,84.27,0
15,0,23,1,15510,222,0,72,2,1,1,25,707.94,0
0,0,33,0,1360,38,31,18,3,1,2,30,179.92,0
0,0,20,0,0,0,6,0,4,1,2,45,15.0,0
5,0,14,2,2793,42,26,17,3,1,1,30,217.4,0
32,0,43,4,15625,239,72,39,3,1,1,30,922.56,0
11,0,37,2,8870,118,142,43,3,1,1,30,927.52,0
4,0,14,2,4390,46,223,11,3,1,1,30,1069.44,0
0,0,37,0,875,14,0,11,2,1,2,25,40.005,0
9,0,28,0,1730,26,49,20,4,1,2,45,166.4,0
11,1,38,0,2428,55,17,20,3,1,2,30,167.32,0
10,0,37,0,2453,60,359,24,3,1,1,30,1536.52,0
16,0,42,1,15970,196,168,37,2,1,1,25,1483.47,0
9,0,18,2,2558,41,17,6,3,1,1,30,171.96,0
7,0,28,0,1320,17,37,8,4,1,2,45,125.925,0
0,0,39,0,1363,25,1,5,4,1,1,45,37.2,0
18,0,41,3,5530,100,17,27,4,1,1,45,183.25,0
6,0,40,0,3973,62,4,37,2,1,1,25,199.575,0
0,0,24,0,0,0,0,0,2,1,2,25,0.0,0
21,0,40,2,3468,77,374,26,3,1,1,30,1637.8,0
6,0,38,1,2605,42,287,18,3,1,1,30,1253.88,0
12,0,31,3,1680,45,205,15,3,2,1,30,889.0,0
7,0,35,1,3550,33,8,14,3,1,1,30,175.32,0
28,0,33,4,16190,243,0,79,2,2,1,25,739.485,0
0,0,26,0,605,25,168,11,2,2,1,25,784.35,0
7,0,38,0,2485,49,161,10,2,1,1,25,838.53,0
12,0,39,2,11770,160,18,49,4,1,1,45,343.25,0
4,0,39,0,3898,90,13,33,2,1,1,25,237.96,0
5,0,34,0,755,10,7,4,3,1,2,30,58.6,0
5,0,29,1,1020,32,179,2,3,2,1,30,758.08,0
7,0,35,1,6725,90,183,24,3,1,1,30,1004.6,0
6,0,35,0,2698,58,1,34,1,1,1,15,157.08,0
0,0,34,0,955,33,13,20,3,1,2,30,91.52,0
30,0,39,3,15330,225,29,30,3,1,1,30,738.2,0
8,0,39,1,7813,133,391,45,3,1,1,30,1881.84,0
0,0,40,1,293,8,12,6,5,1,1,55,22.515,0
7,0,33,3,7370,121,272,31,2,2,1,25,1561.095,0
0,0,35,0,3008,71,0,28,2,1,1,25,138.555,0
0,0,38,0,990,20,32,15,2,1,2,25,189.45,0
0,0,41,0,2088,58,3,32,2,1,1,25,110.07,0
19,0,39,3,3358,76,387,41,3,1,1,30,1685.36,0
11,0,16,1,6203,141,110,44,2,2,1,25,780.48,0
27,0,31,3,16320,241,7,80,2,1,1,25,776.745,0
3,0,23,0,730,25,3,8,2,1,1,25,47.475,0
0,0,34,0,6660,99,18,25,4,1,1,45,213.975,0
13,0,17,0,8638,167,59,27,5,1,1,55,220.575,0
4,0,38,1,3095,27,483,8,3,1,1,30,2056.88,0
17,0,45,3,12030,170,33,55,4,1,1,45,387.5,0
9,0,40,1,6033,100,5,11,3,1,1,30,265.32,0
8,0,20,3,2808,49,39,23,3,1,1,30,270.28,0
13,0,41,1,3955,90,43,33,3,1,1,30,333.8,0
0,0,25,0,1378,39,55,70,4,1,1,45,172.925,0
6,0,34,3,6965,116,271,33,2,2,1,25,1538.145,0
27,0,41,3,15320,233,65,37,3,1,1,30,882.12,0
11,0,11,0,6133,131,70,36,1,2,1,15,729.52,0
7,0,27,1,3530,67,15,25,3,1,1,30,203.88,0
26,0,39,10,10855,105,40,48,5,2,1,55,224.4,0
7,0,38,0,2048,53,0,14,3,1,2,30,84.04,0
6,0,38,0,5918,95,7,12,3,1,1,30,268.52,0
5,0,25,0,305,6,17,2,4,1,2,45,50.275,0
5,0,39,0,1180,20,7,13,2,1,2,25,85.5,0
0,0,27,1,6660,104,256,30,2,2,1,25,1456.38,0
0,0,20,0,3225,55,0,22,3,1,1,30,131.2,0
18,0,45,3,4080,94,47,31,3,1,1,30,354.96,0
5,0,20,1,1755,29,33,16,2,1,1,25,228.78,0
0,0,34,0,1608,22,0,4,3,1,1,30,65.2,0
16,0,46,2,6483,111,29,20,3,1,1,30,379.76,0
9,0,37,0,4775,76,23,15,2,1,1,25,321.795,0
11,0,40,1,2855,46,301,23,3,1,1,30,1320.04,0
1,0,35,1,743,9,5,1,5,1,1,55,18.78,0
10,0,44,3,3480,35,500,14,4,1,1,45,1337.875,0
0,0,40,1,6195,86,187,25,3,1,1,30,999.24,0
2,0,35,0,13353,157,0,38,3,1,1,30,540.4,0
0,0,37,0,275,4,0,1,2,1,2,25,12.555,0
10,0,40,2,8810,121,145,42,3,1,1,30,937.24,0
8,0,38,0,4370,71,5,17,3,1,1,30,197.64,0
5,0,37,1,11220,151,9,47,3,1,1,30,490.84,0
1,0,34,0,7328,119,373,38,2,1,1,25,2013.615,0
0,0,34,0,3413,76,0,26,2,1,1,25,157.005,0
22,0,23,3,6778,149,102,48,2,2,1,25,770.715,0
5,0,22,0,805,20,0,7,1,1,1,15,45.375,0
10,0,39,2,11580,159,9,46,4,1,1,45,315.975,0
1,0,32,0,6233,61,90,30,2,1,1,25,688.23,0
6,0,39,0,2228,56,362,26,2,1,1,25,1731.78,0
0,0,34,0,7088,115,345,37,2,1,1,25,1876.635,0
7,0,44,0,1180,26,15,14,3,1,2,30,108.24,0
0,0,34,0,10450,137,0,45,3,1,1,30,423.48,0
8,0,43,2,683,14,19,8,3,1,1,30,103.88,0
9,0,42,2,11465,160,19,48,4,1,1,45,338.125,0
0,0,13,1,1837,28,0,17,3,1,1,30,74.6,0
8,0,39,0,1833,49,0,19,3,1,2,30,75.28,0
0,0,11,1,4165,36,218,12,3,1,1,30,1040.04,0
13,0,35,1,15710,186,147,28,2,1,1,25,1376.82,0
6,0,35,2,6900,102,12,21,5,1,1,55,123.03,0
19,0,31,2,1065,34,22,11,3,1,1,30,131.96,0
7,0,10,1,4580,40,190,8,3,1,1,30,944.8,0
12,0,15,0,8932,171,73,40,4,1,1,45,410.075,0
1,0,30,1,1010,36,194,10,2,2,1,25,920.07,0
3,0,36,0,6385,80,154,22,3,1,1,30,874.6,0
8,0,37,0,1970,50,45,22,3,1,2,30,260.8,0
15,0,38,3,3685,69,203,40,2,1,1,25,1082.43,0
7,0,11,2,4695,46,222,12,3,1,1,30,1077.64,0
5,0,35,0,2148,54,352,22,2,1,1,25,1683.09,0
9,0,41,0,15440,186,158,34,2,1,1,25,1414.17,0
0,0,42,0,13,5,8,3,3,1,2,30,32.72,0
5,0,33,1,7553,123,376,39,2,1,1,25,2037.42,0
5,0,39,0,6205,82,172,13,3,1,1,30,939.48,0
8,0,41,1,3470,82,33,27,3,1,1,30,274.08,0
3,0,41,0,7463,131,392,47,2,1,1,25,2105.73,0
1,0,39,0,305,9,0,10,3,1,2,30,12.56,0
10,0,32,2,1953,47,47,74,5,1,1,55,100.5,0
3,0,37,0,3020,30,11,19,3,1,1,30,166.0,0
8,0,37,0,14178,174,1,42,3,1,1,30,578.08,0
20,0,25,2,15815,228,0,74,2,1,1,25,721.935,0
23,0,44,3,6383,114,48,32,3,1,1,30,451.88,0
0,0,37,0,2203,58,27,35,2,1,1,25,223.245,0
18,0,40,3,12480,171,26,49,4,1,1,45,381.275,0
3,0,24,0,3630,66,9,21,3,1,1,30,183.84,0
16,1,42,5,7530,132,293,41,3,2,1,30,1478.48,0
15,0,40,2,2873,72,398,30,3,1,1,30,1709.8,0
10,0,29,0,1180,36,27,17,2,1,1,25,176.22,0
2,0,31,0,11205,144,0,41,3,1,1,30,453.96,0
0,0,36,0,7318,127,409,45,3,1,1,30,1933.8,0
30,0,38,1,11340,109,29,59,5,1,1,55,215.235,0
1,0,36,0,5613,89,0,10,2,1,1,25,256.59,0
5,0,37,1,7753,130,386,43,3,1,1,30,1859.32,0
16,0,33,6,10015,81,0,36,4,1,1,45,252.4,0
11,0,24,0,1630,37,20,11,2,1,1,25,165.015,0
11,0,44,1,6178,105,22,18,3,1,1,30,339.32,0
0,0,24,0,1263,33,23,66,4,1,1,45,89.9,0
6,0,26,0,1758,40,39,71,4,1,1,45,142.45,0
0,0,38,0,0,0,0,0,2,1,2,25,0.0,0
1,0,25,0,1255,33,188,9,2,2,1,25,903.96,0
3,0,37,0,1115,19,14,6,2,1,2,25,114.03,0
12,0,34,5,9530,77,0,25,4,1,1,45,240.175,0
0,0,31,0,7248,117,369,37,2,1,1,25,1991.925,0
12,0,38,0,4388,67,10,38,1,1,1,15,300.025,0
11,0,38,1,3085,59,182,25,2,1,1,25,960.48,0
11,0,38,3,4623,98,30,45,3,1,1,30,308.84,0
7,0,39,1,13888,175,32,48,3,1,1,30,690.52,0
14,0,40,2,3145,62,187,27,2,1,1,25,985.815,0
22,0,36,2,15080,222,49,30,3,1,1,30,808.08,0
19,0,36,8,10245,92,0,39,5,2,1,55,155.055,0
12,0,40,3,3298,74,30,50,2,1,1,25,286.74,0
15,0,38,0,2643,60,334,22,2,1,1,25,1624.635,0
22,0,32,2,15950,240,4,83,2,1,1,25,746.55,0
17,0,42,1,2938,74,377,31,3,1,1,30,1628.48,0
14,0,24,0,1005,25,9,8,2,1,2,25,86.85,0
0,0,33,0,13288,155,0,37,3,1,1,30,537.72,0
14,0,29,0,815,30,8,6,3,1,2,30,65.8,0
14,0,20,1,8932,177,81,41,5,1,1,55,258.135,0
3,0,29,1,3305,63,18,27,3,1,1,30,206.72,0
2,0,32,0,15000,168,132,23,2,1,1,25,1276.56,0
6,0,14,0,8222,160,48,40,4,1,1,45,329.55,0
3,0,35,0,6413,69,101,35,2,1,1,25,746.19,0
0,0,35,0,1478,25,25,8,4,1,1,45,100.075,0
0,0,36,0,650,11,8,6,2,1,2,25,65.745,0
16,0,16,0,6278,135,53,38,1,2,1,15,644.215,0
4,0,40,1,11160,154,12,46,4,1,1,45,312.85,0
10,0,38,0,4198,66,1,35,1,1,1,15,240.02,0
16,0,38,2,5878,101,31,26,2,1,1,25,408.555,0
4,0,36,0,3280,75,16,23,2,1,1,25,222.975,0
6,0,38,0,1310,24,34,23,3,1,2,30,189.36,0
11,0,38,1,3775,82,32,28,3,1,1,30,282.28,0
8,0,17,0,8708,167,76,42,4,1,1,45,411.875,0
0,0,36,0,6798,116,359,43,2,1,1,25,1926.63,0
0,0,36,0,2790,21,476,6,3,1,1,30,2016.44,0
9,0,21,0,1145,30,9,9,2,1,1,25,93.375,0
10,0,33,1,2498,56,351,20,3,1,1,30,1506.16,0
0,0,34,0,5553,86,0,8,2,1,1,25,253.755,0
5,0,20,1,1400,22,14,2,2,1,1,25,126.99,0
6,0,37,1,3585,82,57,30,3,1,1,30,374.68,0
13,0,39,2,7023,81,115,39,2,1,1,25,837.18,0
0,0,23,0,553,22,0,66,4,1,1,45,14.375,0
8,0,39,1,3325,36,18,21,3,1,1,30,206.44,0
0,0,31,0,1825,5,0,12,3,1,1,30,73.2,0
2,0,36,0,1743,47,0,12,3,1,2,30,71.6,0
11,0,42,1,3730,86,40,32,3,1,1,30,312.64,0
0,0,24,0,1120,14,35,16,4,1,2,45,115.85,0
5,0,31,0,1710,40,30,16,3,1,2,30,190.0,0
0,0,20,0,2740,47,0,16,3,1,1,30,111.48,0
3,0,36,0,5858,92,2,10,2,1,1,25,276.75,0
7,0,40,2,3225,30,17,20,3,1,1,30,198.2,0
16,0,44,2,3345,69,197,31,2,1,1,25,1040.13,0
0,0,33,0,7143,118,372,39,2,1,1,25,2000.745,0
13,0,29,4,2220,52,221,28,3,2,1,30,974.88,0
0,0,32,0,0,0,0,0,5,1,1,55,0.0,0
3,0,39,1,935,17,5,13,2,1,1,25,65.34,0
15,0,17,1,9047,176,71,39,5,1,1,55,244.845,0
18,0,29,2,1590,41,31,17,2,1,1,25,212.895,0
0,0,35,0,1065,34,17,5,3,1,2,30,111.96,0
0,0,32,0,2780,19,0,12,3,1,1,30,111.96,0
30,0,33,4,16380,244,7,82,2,2,1,25,779.58,0
0,0,32,0,2008,50,0,27,1,1,1,15,113.19,0
10,0,37,0,2160,51,54,25,3,1,2,30,304.44,0
13,0,28,3,2473,55,58,85,5,1,1,55,124.92,0
6,0,38,1,1973,31,7,8,4,1,1,45,67.6,0
0,0,32,0,2535,16,0,12,3,1,1,30,102.04,0
10,0,34,5,7565,126,292,48,2,2,1,25,1660.095,0
0,0,35,0,1973,46,0,27,1,1,1,15,111.045,0
7,0,40,2,3210,32,481,7,3,1,1,30,2053.68,0
6,0,39,2,2088,37,39,12,4,1,1,45,150.625,0
7,0,14,0,8743,171,98,42,5,1,1,55,280.71,0
3,0,33,1,6785,97,14,22,5,1,1,55,124.23,0
6,0,37,2,1048,15,12,2,5,1,1,55,33.945,0
2,0,40,0,3673,86,10,32,2,1,1,25,214.155,0
5,0,24,0,305,6,18,2,4,1,2,45,52.775,0
11,0,40,0,15665,190,161,35,2,1,1,25,1437.975,0
6,0,36,1,3145,28,7,16,3,1,1,30,154.92,0
25,0,36,10,11035,103,22,57,5,2,1,55,200.07,0
0,0,34,0,2240,12,0,4,3,1,1,30,90.08,0
0,0,34,0,2650,21,0,11,3,1,1,30,106.84,0
14,0,40,2,3835,85,37,30,3,2,1,30,304.8,0
4,0,26,0,1200,30,161,7,2,2,1,25,779.85,0
5,0,31,0,2193,50,344,18,2,1,1,25,1648.935,0
15,0,26,0,1415,32,7,11,2,1,1,25,96.615,0
15,0,39,2,7213,82,124,42,2,1,1,25,886.275,0
6,0,36,0,3470,76,25,26,2,1,1,25,272.07,0
0,0,27,0,6400,89,0,16,4,1,1,45,162.225,0
0,0,29,0,1405,34,23,14,3,1,2,30,149.56,0
8,0,16,3,2853,45,31,19,3,2,1,30,239.92,0
1,0,36,0,2300,36,280,16,3,1,1,30,1213.44,0
0,0,34,0,1363,19,0,4,3,1,1,30,55.28,0
9,1,41,0,2050,52,55,26,4,1,2,45,190.05,0
15,1,44,0,2623,62,25,23,3,1,2,30,207.4,0
0,0,18,0,1450,23,26,14,2,1,1,25,183.285,0
10,0,37,2,4640,81,7,22,3,1,1,30,216.84,0
18,0,21,2,9318,179,90,46,5,1,1,55,277.455,0
0,0,28,0,1360,32,23,17,3,1,2,30,147.68,0
3,0,36,0,3703,59,0,30,2,1,1,25,169.29,0
0,0,39,0,73,2,5,4,2,1,1,25,25.875,0
17,0,36,6,9835,83,0,27,4,1,1,45,247.95,0
9,0,39,3,7170,105,31,28,5,1,1,55,155.625,0
5,0,27,0,1015,10,7,2,4,1,2,45,43.125,0
10,0,37,0,4083,60,0,31,1,1,1,15,227.865,0
0,0,21,0,1083,25,12,61,4,1,1,45,57.7,0
20,0,41,2,6303,112,44,31,2,1,1,25,486.675,0
9,0,40,1,5978,98,12,14,3,1,1,30,291.04,0
7,0,23,0,1873,39,29,69,4,1,1,45,120.3,0
10,0,37,1,6908,76,117,40,2,1,1,25,840.78,0
13,0,27,1,1285,35,24,15,2,1,1,25,167.4,0
2,0,37,0,1065,15,9,14,2,1,2,25,89.1,0
3,0,39,0,2475,53,176,22,2,1,1,25,905.76,0
8,0,39,2,7045,107,29,28,5,1,1,55,150.78,0
0,0,35,0,7393,122,386,44,2,1,1,25,2075.175,0
9,0,41,1,4695,91,13,30,3,1,1,30,243.44,0
3,0,35,0,4123,87,3,26,2,1,1,25,202.95,0
0,0,15,0,680,9,0,12,2,1,1,25,31.005,0
4,0,33,0,5918,89,0,11,2,1,1,25,270.315,0
15,0,42,2,14138,178,12,48,3,1,1,30,620.64,0
20,0,39,3,9610,128,160,48,3,1,1,30,1029.52,0
10,0,25,0,1225,32,19,13,2,1,1,25,142.065,0
29,1,40,10,10800,102,13,46,5,2,1,55,183.03,0
2,0,34,0,2313,56,0,29,1,1,1,15,130.295,0
14,0,31,7,9950,79,0,35,4,1,1,45,250.725,0
13,0,40,1,4675,77,12,19,3,1,1,30,238.08,0
0,0,37,0,2535,22,1,13,3,1,1,30,106.28,0
3,0,34,0,2720,50,170,21,2,1,1,25,889.65,0
10,0,10,0,8932,165,65,39,4,1,1,45,389.925,0
11,0,37,3,7150,106,26,26,5,1,1,55,147.84,0
5,0,33,0,13773,163,0,43,3,1,1,30,557.44,0
0,0,26,0,0,0,0,0,4,1,2,45,0.0,0
3,0,37,0,7508,127,384,43,2,1,1,25,2071.575,0
9,0,34,0,2283,50,7,13,3,1,2,30,121.32,0
4,0,41,2,6580,88,196,30,3,1,1,30,1050.72,0
1,0,5,0,4310,38,205,6,3,1,1,30,993.92,0
0,0,36,0,405,8,6,6,2,1,2,25,45.585,0
10,0,12,0,8753,163,62,35,4,1,1,45,377.9,0
0,0,30,0,13208,153,0,36,3,1,1,30,534.44,0
21,0,19,2,6698,147,92,44,2,2,1,25,722.025,0
1,0,40,0,1623,29,8,10,3,1,1,30,98.08,0
8,0,40,1,2698,64,9,35,2,1,1,25,164.79,0
16,0,42,2,4735,80,17,21,3,1,1,30,260.6,0
4,0,31,3,6785,108,260,28,2,2,1,25,1480.185,0
12,0,36,1,15610,180,146,27,2,1,1,25,1367.55,0
0,0,3,0,4085,28,200,7,2,1,1,25,1085.085,0
23,0,33,2,15140,219,46,31,3,1,1,30,798.36,0
1,0,32,0,3638,80,0,24,2,1,1,25,167.31,0
9,0,27,0,1758,39,7,66,4,1,1,45,62.425,0
0,0,31,1,5950,99,239,31,2,2,1,25,1347.705,0
7,0,44,0,970,24,28,14,3,1,2,30,151.76,0
5,0,32,0,11465,148,3,46,3,1,1,30,476.52,0
11,0,41,3,6865,95,198,30,3,1,1,30,1070.4,0
4,0,33,0,2600,45,164,18,2,1,1,25,857.025,0
23,0,36,8,10625,94,10,45,5,1,1,55,175.785,0
5,0,39,0,563,8,9,4,3,1,2,30,58.84,0
15,0,27,1,1530,38,26,15,2,1,1,25,187.56,0
17,0,39,1,2948,67,375,29,3,1,1,30,1620.6,0
13,0,39,0,4560,71,7,15,2,1,1,25,239.895,0
9,0,40,1,2665,45,292,20,3,1,1,30,1276.4,0
0,0,6,1,4210,32,204,5,3,1,1,30,985.68,0
0,0,32,0,7023,113,366,36,2,1,1,25,1968.12,0
0,0,37,0,685,13,0,8,2,1,2,25,31.41,0
0,0,7,0,4085,34,208,8,3,1,1,30,996.76,0
1,0,38,0,723,10,8,2,2,1,2,25,68.985,0
3,0,38,2,398,7,9,4,5,1,1,55,19.575,0
0,0,33,0,5433,81,0,5,2,1,1,25,248.13,0
0,0,28,0,2920,61,9,22,3,1,1,30,155.24,0
3,0,36,0,4065,65,0,15,2,1,1,25,185.85,0
5,0,34,2,3440,32,21,29,3,1,1,30,222.88,0
0,0,38,0,110,4,0,1,2,1,2,25,5.13,0
1,0,35,0,2213,50,0,28,1,1,1,15,124.465,0
8,0,37,3,7145,124,282,38,2,2,1,25,1596.105,0
16,0,40,0,2733,61,24,22,3,1,2,30,207.76,0
18,0,41,2,2818,69,371,28,3,1,1,30,1599.48,0
20,0,30,3,15885,238,25,82,2,1,1,25,838.035,0
0,0,40,0,0,0,0,0,3,1,2,30,0.0,0
7,0,29,0,475,21,13,9,2,1,2,25,80.82,0
28,0,40,4,15200,228,59,34,3,1,1,30,853.12,0
16,0,38,1,3163,71,367,24,3,1,1,30,1597.36,0
3,0,23,0,1130,10,20,4,4,1,2,45,78.5,0
12,0,40,0,3480,78,18,15,3,1,1,30,214.32,0
19,0,32,1,14755,217,37,26,3,1,1,30,746.88,0
20,0,32,7,10355,91,0,38,4,1,1,45,261.15,0
10,0,29,2,3590,70,20,27,3,1,1,30,226.4,0
23,0,39,8,10615,101,12,47,5,1,1,55,178.74,0
7,0,41,0,1130,26,52,14,3,1,2,30,254.24,0
24,0,39,3,14735,220,36,34,3,1,1,30,742.2,0
8,0,34,1,6975,97,7,20,4,1,1,45,194.3,0
11,0,39,2,6833,80,106,36,2,1,1,25,788.085,0
7,0,38,1,4515,83,2,25,3,1,1,30,191.92,0
3,0,17,0,2100,31,29,12,2,1,1,25,226.395,0
0,0,20,0,1010,24,178,8,2,2,1,25,847.53,0
5,0,38,0,13583,168,0,41,3,1,1,30,550.04,0
16,0,44,2,4035,92,47,34,3,1,1,30,353.08,0
0,0,37,0,520,14,38,10,3,1,2,30,173.36,0
6,0,29,0,1748,47,41,73,4,1,1,45,147.375,0
0,0,33,0,1360,38,31,18,3,1,2,30,179.92,0
13,0,14,0,9337,176,74,38,4,1,1,45,422.825,0
2,0,26,0,1378,38,21,65,4,1,1,45,87.9,0
11,0,27,0,700,25,10,7,2,1,2,25,77.625,0
0,0,26,0,968,29,9,53,4,1,1,45,47.425,0
3,0,27,0,1163,34,12,70,4,1,1,45,59.925,0
0,0,29,0,6153,59,86,29,2,1,1,25,666.54,0
14,1,17,1,6148,138,83,42,1,2,1,15,802.23,0
4,0,38,0,900,15,22,11,3,1,2,30,124.6,0
15,0,40,2,9295,129,155,48,3,1,1,30,996.96,0
2,0,38,0,710,14,13,8,3,1,2,30,80.96,0
0,0,30,0,3633,50,0,27,1,1,1,15,202.565,0
2,0,36,0,3718,82,2,28,2,1,1,25,180.0,0
11,0,37,3,12065,164,32,62,4,1,1,45,385.725,0
2,0,7,0,8368,155,51,32,4,1,1,45,340.575,0
18,0,40,2,4270,89,48,33,3,1,1,30,366.36,0
0,0,32,0,1975,31,268,12,3,1,1,30,1152.24,0
0,0,16,0,1390,20,21,12,2,1,1,25,157.95,0
2,0,36,0,2870,66,4,11,2,1,1,25,150.12,0
13,0,38,1,6908,75,83,35,2,1,1,25,687.735,0
2,0,32,0,3985,63,0,11,2,1,1,25,182.16,0
4,0,31,0,2068,52,342,18,2,1,1,25,1634.4,0
4,0,38,1,1728,28,5,8,4,1,1,45,56.4,0
11,0,42,1,15485,188,158,31,2,1,1,25,1416.285,0
7,0,40,0,2148,60,360,23,3,1,1,30,1528.32,0
9,0,37,1,11710,157,13,47,4,1,1,45,329.175,0
16,0,39,1,15980,189,166,35,2,1,1,25,1474.605,0
16,0,40,2,4080,88,39,30,3,1,1,30,322.72,0
22,0,29,2,16015,235,0,78,2,1,1,25,731.25,0
9,0,27,0,455,22,8,7,2,1,1,25,57.465,0
19,0,30,2,15365,227,0,80,2,1,1,25,701.64,0
23,0,41,9,10435,99,9,43,5,2,1,55,171.51,0
5,0,39,0,15260,178,153,32,2,1,1,25,1383.21,0
0,0,38,0,1793,48,0,18,1,1,1,15,101.255,0
9,0,40,2,3400,33,490,10,3,1,1,30,2097.32,0
26,0,25,3,6958,157,107,50,2,2,1,25,801.675,0
1,0,12,0,7917,154,41,38,4,1,1,45,304.275,0
6,0,30,3,7010,112,263,29,2,2,1,25,1503.99,0
0,0,35,0,12758,152,0,42,3,1,1,30,516.4,0
0,0,26,1,6400,100,249,25,2,2,1,25,1413.0,0
8,0,19,1,2405,37,36,14,2,1,1,25,271.89,0
14,0,39,1,15790,188,157,32,2,1,1,25,1425.51,0
24,0,35,9,10560,91,7,39,5,1,1,55,170.265,0
20,0,28,1,15655,226,0,74,2,1,1,25,714.645,0
9,0,39,0,2550,39,260,16,3,1,1,30,1143.56,0
3,0,39,1,2690,22,465,10,3,1,1,30,1968.48,0
11,0,27,1,930,28,7,2,2,1,1,25,74.61,0
12,0,37,0,2643,61,368,27,3,1,1,30,1580.16,0
4,0,27,1,1315,36,193,11,2,2,1,25,929.295,0
11,0,38,1,3085,59,182,25,2,1,1,25,960.48,0
2,0,38,1,2905,26,474,5,3,1,1,30,2013.24,0
14,0,29,1,760,28,15,9,3,1,1,30,91.52,0
5,0,41,0,623,11,14,6,3,1,2,30,81.36,0
7,0,40,1,3550,78,35,30,3,1,1,30,285.12,0
11,0,39,0,2158,56,345,11,3,1,1,30,1468.56,0
7,0,39,0,900,14,7,6,2,1,2,25,72.63,0
3,0,34,0,3410,73,20,24,2,1,1,25,246.735,0
13,0,40,1,5773,102,34,28,2,1,1,25,417.375,0
0,0,33,0,795,12,0,7,2,1,2,25,36.315,0
2,0,38,0,5318,85,0,15,2,1,1,25,243.135,0
0,0,30,0,6365,85,0,16,4,1,1,45,161.25,0
8,0,40,0,13478,165,7,31,3,1,1,30,573.72,0
1,0,41,0,2055,39,286,17,3,1,1,30,1227.76,0
0,0,19,0,750,20,171,3,2,2,1,25,804.15,0
2,0,35,1,7803,131,398,56,2,1,1,25,2148.03,0
13,0,43,0,2230,60,60,28,4,1,2,45,207.25,0
9,0,35,0,6223,95,6,13,2,1,1,25,311.31,0
10,0,25,0,995,29,24,20,2,1,2,25,154.08,0
0,0,40,0,485,10,16,10,2,1,2,25,94.275,0
0,0,38,0,750,16,4,14,2,1,2,25,52.47,0
5,0,38,0,955,17,15,8,3,1,2,30,98.88,0
0,0,12,1,2488,36,19,15,3,1,1,30,176.96,0
9,0,23,1,1520,36,33,26,2,1,1,25,218.52,0
7,0,25,1,1693,37,26,65,5,1,1,55,64.95,0
10,0,38,0,4198,66,1,35,1,1,1,15,240.02,0
6,0,33,0,4370,65,0,16,2,1,1,25,199.575,0
5,0,30,2,6885,114,261,29,2,2,1,25,1489.455,0
0,0,36,1,0,0,0,0,5,1,1,55,0.0,0
5,0,28,0,1130,16,28,5,4,1,2,45,98.65,0
0,0,34,0,1995,30,273,14,3,1,1,30,1173.0,0
16,0,39,1,3965,82,7,26,3,1,1,30,189.88,0
16,0,13,1,6438,137,77,38,2,2,1,25,642.375,0
3,0,40,1,4290,79,5,27,3,1,1,30,194.76,0
0,0,35,0,6195,80,179,24,3,1,1,30,967.0,0
12,0,42,2,2725,48,297,22,4,1,1,45,811.825,0
20,0,36,2,14835,219,47,30,3,1,1,30,790.16,0
0,0,34,0,345,5,1,4,2,1,2,25,20.25,0
3,0,20,0,740,18,1,6,2,1,1,25,38.61,0
11,0,40,0,3903,62,7,22,1,1,1,15,256.575,0
12,1,35,4,7675,127,279,33,3,2,1,30,1428.08,0
0,0,23,0,3165,58,3,21,3,1,1,30,140.92,0
9,0,29,2,1620,42,200,13,3,2,1,30,866.48,0
14,0,39,1,5080,82,30,17,3,1,1,30,326.48,0
0,0,38,0,520,13,4,5,3,1,2,30,37.32,0
17,0,37,5,7980,133,286,35,3,2,1,30,1468.52,0
13,0,36,1,2578,58,355,21,3,1,1,30,1525.44,0
14,0,43,1,15745,192,165,36,2,1,1,25,1459.665,0
4,0,36,1,2900,25,5,16,3,1,1,30,137.0,0
17,0,30,1,1710,46,37,20,2,1,1,25,245.52,0
18,0,20,1,6573,149,96,47,2,2,1,25,734.49,0
15,0,36,1,6063,101,28,24,2,1,1,25,403.38,0
7,0,33,0,1130,22,36,6,4,1,2,45,118.8,0
14,0,18,0,9113,179,84,45,4,1,1,45,442.3,0
0,0,29,0,5935,70,164,18,3,1,1,30,896.2,0
5,0,35,0,6490,93,7,9,5,1,1,55,109.245,0
11,0,37,0,4603,71,2,33,1,1,1,15,268.07,0
16,0,18,2,6508,147,117,46,2,2,1,25,825.975,0
12,0,40,2,4820,89,9,27,3,1,1,30,232.36,0
6,0,9,0,8548,163,56,34,4,1,1,45,357.775,0
1,0,30,0,6413,63,93,34,2,1,1,25,709.92,0
16,0,40,2,4080,88,39,30,3,1,1,30,322.72,0
1,0,7,2,4685,44,229,23,3,1,1,30,1105.16,0
3,0,35,0,1665,44,38,20,3,1,2,30,220.36,0
18,0,40,4,9535,133,183,49,3,1,1,30,1118.72,0
7,0,27,1,3530,67,15,25,3,1,1,30,203.88,0
9,0,30,3,1735,48,232,17,3,2,1,30,999.32,0
0,0,35,0,5813,59,80,20,2,1,1,25,624.24,0
6,0,26,1,1813,42,32,68,4,1,1,45,126.375,0
6,0,37,1,2518,56,7,30,2,1,1,25,147.33,0
7,0,28,0,920,32,20,12,2,1,1,25,132.84,0
3,0,34,0,3030,23,9,17,3,1,1,30,158.12,0
23,0,35,3,14960,217,43,27,3,1,1,30,779.08,0
0,0,35,0,1170,18,14,24,2,1,2,25,116.46,0
3,0,39,1,2840,28,8,15,3,1,1,30,146.72,0
0,0,36,0,760,8,0,7,2,1,2,25,34.56,0
6,0,35,0,15425,179,145,28,2,1,1,25,1354.68,0
0,0,35,0,530,6,2,3,3,1,2,30,29.44,0
0,0,33,0,2650,22,25,16,3,1,1,30,206.88,0
11,0,36,4,7270,122,278,35,3,2,1,30,1407.68,0
7,0,28,1,1628,42,35,70,4,1,1,45,129.25,0
0,0,34,0,0,0,0,0,5,1,1,55,0.0,0
8,0,33,0,4198,60,0,34,1,1,1,15,234.19,0
15,0,14,1,9058,169,69,37,5,1,1,55,241.905,0
0,0,32,1,6595,97,39,24,5,1,1,55,158.88,0
9,0,38,0,2238,54,8,17,3,1,2,30,123.68,0
5,0,14,1,1740,22,20,10,2,1,1,25,169.29,0
11,1,40,4,7225,126,286,39,3,2,1,30,1438.04,0
0,0,35,0,570,8,0,9,2,1,2,25,26.01,0
0,0,22,0,0,0,9,0,4,1,2,45,22.5,0
8,0,28,0,575,27,14,10,2,1,2,25,90.09,0
9,0,32,2,3530,73,23,26,4,1,1,45,147.575,0
17,0,32,2,1530,44,34,16,2,1,1,25,223.83,0
12,0,39,1,4705,83,7,23,3,1,1,30,219.52,0
1,0,33,0,2360,41,136,17,2,1,1,25,720.045,0
6,0,40,0,1028,16,15,4,3,1,2,30,101.76,0
15,0,37,2,9360,124,146,43,3,1,1,30,963.36,0
22,0,18,2,7102,152,93,42,2,2,1,25,744.93,0
16,0,15,2,9533,181,94,55,5,1,1,55,286.71,0
15,0,36,1,4000,86,29,26,3,1,1,30,279.44,0
0,0,34,0,0,0,0,0,5,1,1,55,0.0,0
0,0,30,0,3458,72,0,22,2,1,1,25,158.85,0
0,0,37,0,5900,76,165,11,3,1,1,30,899.04,0
2,0,13,1,4345,44,223,14,3,1,1,30,1067.56,0
3,0,37,1,6500,86,186,26,3,1,1,30,1007.44,0
19,0,41,2,5385,88,37,19,3,1,1,30,366.92,0
5,0,28,0,1130,16,28,5,4,1,2,45,98.65,0
12,0,39,3,8413,143,412,60,3,1,1,30,1990.24,0
0,0,34,0,3223,75,0,23,2,1,1,25,148.41,0
2,0,35,0,11160,148,4,45,3,1,1,30,468.32,0
6,0,41,0,2540,47,296,23,3,1,1,30,1287.48,0
13,0,21,2,2710,43,43,16,3,1,1,30,282.12,0
25,0,42,3,15095,229,62,36,3,1,1,30,860.96,0
0,0,35,0,3528,82,27,30,3,1,1,30,252.4,0
8,0,39,1,4485,77,37,21,3,1,1,30,330.48,0
14,0,35,3,1880,52,215,19,3,2,1,30,937.28,0
8,0,41,1,2153,39,18,13,4,1,1,45,99.8,0
11,0,36,2,6843,73,104,34,2,1,1,25,779.22,0
9,0,43,3,6885,94,203,32,3,1,1,30,1091.16,0
5,0,40,0,825,19,11,7,3,1,2,30,77.76,0
13,0,37,2,9115,121,144,43,3,1,1,30,945.44,0
14,0,34,7,9940,86,0,37,4,1,1,45,250.65,0
5,0,28,0,1130,16,28,5,4,1,2,45,98.65,0
7,0,38,0,13773,169,0,44,3,1,1,30,557.68,0
5,0,23,0,920,26,12,11,2,1,1,25,96.57,0
11,0,45,2,2665,51,300,21,4,1,1,45,817.9,0
12,0,15,0,8932,171,73,40,4,1,1,45,410.075,0
0,0,33,0,1248,13,0,3,3,1,1,30,50.44,0
11,0,42,1,4278,68,11,39,1,1,1,15,299.53,0
20,0,43,3,6123,110,41,27,3,1,1,30,413.32,0
3,0,34,2,6900,103,46,26,5,1,1,55,174.045,0
0,0,32,0,10980,140,0,40,3,1,1,30,444.8,0
8,0,38,0,4008,65,0,32,1,1,1,15,224.015,0
21,0,40,3,14915,221,57,34,3,1,1,30,833.44,0
18,0,16,1,9642,182,81,40,5,1,1,55,268.86,0
10,0,36,2,3380,63,196,38,2,1,1,25,1036.935,0
7,0,39,2,4630,89,34,29,3,1,1,30,324.76,0
0,0,26,0,580,7,19,3,4,1,1,45,62.175,0
1,0,37,0,7263,124,382,43,2,1,1,25,2051.415,0
21,0,38,1,14540,215,33,17,3,1,1,30,722.2,0
25,0,30,2,15960,232,0,76,2,1,1,25,728.64,0
5,0,38,0,1065,14,7,9,2,1,2,25,80.055,0
4,0,34,0,15065,170,111,24,2,1,1,25,1185.075,0
25,0,38,3,15140,225,54,32,3,1,1,30,830.6,0
0,0,34,0,4005,62,0,13,2,1,1,25,183.015,0
15,0,23,5,3157,57,46,22,4,1,1,45,195.35,0
0,0,35,0,815,11,0,9,2,1,2,25,37.17,0
9,0,27,0,510,24,1,4,2,1,2,25,28.53,0
17,0,45,2,4503,78,16,38,1,1,1,15,339.955,0
0,0,31,0,5613,83,0,9,2,1,1,25,256.32,0
5,0,38,2,6785,103,22,23,5,1,1,55,136.32,0
0,0,35,0,7448,124,379,41,2,1,1,25,2046.24,0
6,0,38,0,2550,40,294,21,3,1,1,30,1279.6,0
4,0,38,1,1783,30,0,5,4,1,1,45,45.325,0
2,0,35,0,3603,76,0,24,2,1,1,25,165.555,0
5,0,40,0,7688,135,395,48,2,1,1,25,2129.535,0
15,0,39,0,4388,66,7,33,1,1,1,15,283.47,0
12,0,15,0,8933,171,73,40,4,1,1,45,410.1,0
0,0,26,0,825,10,21,3,4,1,2,45,73.375,0
19,0,31,7,10435,87,0,41,4,1,1,45,263.05,0
0,0,39,0,7283,123,387,45,2,1,1,25,2074.77,0
3,0,38,0,2393,58,2,33,1,1,1,15,145.805,0
7,0,15,0,5488,125,57,25,1,2,1,15,622.215,0
13,0,36,0,2463,58,7,15,3,1,2,30,128.84,0
2,0,38,1,6095,81,168,28,3,1,1,30,919.04,0
7,0,31,0,1310,24,39,10,4,1,2,45,130.85,0
8,0,41,1,2780,59,183,24,2,1,1,25,951.255,0
0,0,35,0,6385,81,188,27,3,1,1,30,1010.64,0
20,0,45,2,3018,76,381,32,3,1,1,30,1647.76,0
5,0,40,0,415,10,7,2,3,1,2,30,45.0,0
19,0,46,0,2803,70,30,25,4,1,2,45,146.825,0
16,0,20,5,3218,54,43,23,3,2,1,30,302.88,0
0,0,9,1,4145,37,213,10,3,1,1,30,1019.28,0
13,0,37,2,5933,104,58,28,3,1,1,30,473.48,0
11,0,40,1,4430,74,10,19,3,1,1,30,220.16,0
16,0,39,1,4908,77,9,35,1,1,1,15,323.675,0
0,0,33,0,0,0,0,0,4,1,1,45,0.0,0
14,0,29,6,10130,81,0,39,4,1,1,45,255.275,0
27,0,36,4,16075,244,8,81,2,1,1,25,770.355,0
1,0,37,1,6255,83,184,26,3,1,1,30,989.52,0
0,0,33,0,510,5,0,7,2,1,2,25,23.175,0
5,0,37,0,2765,44,286,16,3,1,1,30,1256.36,0
8,0,37,1,6718,75,108,37,2,1,1,25,791.685,0
5,0,40,0,305,6,7,2,2,1,2,25,45.495,0
16,0,40,4,5420,99,30,42,3,1,1,30,340.76,0
3,0,37,0,7508,127,384,43,2,1,1,25,2071.575,0
8,0,34,3,7155,117,280,36,2,2,1,25,1587.24,0
2,0,36,0,3718,82,2,28,2,1,1,25,180.0,0
19,0,40,3,7733,92,123,39,2,1,1,25,905.625,0
18,0,43,2,4260,96,50,35,3,1,1,30,374.24,0
1,0,36,0,10755,143,0,47,3,1,1,30,435.92,0
0,0,19,0,520,4,6,2,4,1,2,45,28.1,0
8,0,30,0,395,25,11,6,3,1,2,30,60.8,0
2,0,36,0,2180,43,154,8,2,1,1,25,793.035,0
8,0,36,0,3660,77,34,29,2,1,1,25,321.165,0
6,0,36,1,3145,28,7,16,3,1,1,30,154.92,0
15,0,13,0,6313,139,75,38,1,2,1,15,767.36,0
4,0,29,2,6965,110,263,32,2,2,1,25,1501.875,0
4,0,39,0,4390,85,6,28,3,1,1,30,203.0,0
9,0,35,1,2905,51,171,20,2,1,1,25,902.52,0
4,0,42,1,2473,60,12,37,2,1,1,25,167.985,0
0,0,32,0,1245,32,0,14,3,1,2,30,51.08,0
1,0,33,0,2725,16,0,10,3,1,1,30,109.64,0
30,0,32,3,16265,238,7,78,2,1,1,25,774.135,0
2,0,38,0,7103,122,366,45,3,1,1,30,1753.0,0
12,0,19,0,8888,175,81,44,4,1,1,45,429.075,0
3,0,38,1,7623,133,416,47,3,1,1,30,1974.24,0
0,0,36,0,13278,162,0,39,3,1,1,30,537.6,0
0,0,30,0,570,2,0,8,2,1,2,25,25.74,0
0,0,35,0,6195,80,179,24,3,1,1,30,967.0,0
0,0,36,0,2055,33,278,16,3,1,1,30,1195.52,0
3,0,33,1,6785,97,14,22,5,1,1,55,124.23,0
26,0,38,9,10740,99,8,44,5,2,1,55,174.585,0
12,0,31,0,780,27,20,11,3,1,2,30,112.28,0
2,0,26,0,1323,36,28,68,4,1,1,45,103.975,0
10,0,25,0,1225,32,19,13,2,1,1,25,142.065,0
4,0,37,0,2245,33,253,14,3,1,1,30,1103.12,0
4,0,37,2,6865,99,24,26,5,1,1,55,140.46,0
0,0,33,0,0,0,0,0,2,1,2,25,0.0,0
5,0,17,1,1820,24,24,11,3,1,1,30,169.76,0
9,0,45,0,1015,26,28,11,3,1,2,30,153.64,0
1,0,36,0,5613,89,0,10,2,1,1,25,256.59,0
20,0,41,0,3253,71,23,19,4,1,2,45,140.6,0
7,0,38,1,6313,70,90,39,2,1,1,25,692.235,0
12,0,39,4,7405,102,214,43,3,1,1,30,1156.28,0
0,0,35,0,7203,121,377,41,2,1,1,25,2026.08,0
13,0,38,1,4020,85,34,28,3,1,1,30,300.2,0
0,0,27,0,3000,57,11,25,3,1,1,30,166.28,0
6,0,38,1,1973,31,7,8,4,1,1,45,67.6,0
8,0,15,0,8333,161,52,25,4,1,1,45,342.35,0
9,0,38,0,13963,170,9,47,3,1,1,30,601.32,0
5,0,27,1,3340,66,6,22,3,1,1,30,160.24,0
4,0,31,0,3145,22,0,15,3,1,1,30,126.68,0
2,0,36,1,2688,62,16,46,1,1,1,15,239.25,0
7,0,38,1,4515,83,2,25,3,1,1,30,191.92,0
6,0,11,2,2852,39,23,18,3,1,1,30,207.64,0
0,0,30,0,2760,20,0,10,3,1,1,30,111.2,0
9,0,41,1,4203,96,20,35,3,1,1,30,251.96,0
12,0,40,2,4820,89,9,27,3,1,1,30,232.36,0
0,0,34,0,3413,76,0,26,2,1,1,25,157.005,0
0,0,22,0,2805,49,0,17,3,1,1,30,114.16,0
15,0,18,4,3347,52,47,24,3,1,1,30,323.96,0
16,0,17,1,6392,141,85,42,2,2,1,25,676.485,0
7,0,37,2,8108,137,405,58,3,1,1,30,1949.8,0
3,0,38,0,2393,58,2,33,1,1,1,15,145.805,0
6,0,36,1,3145,28,7,16,3,1,1,30,154.92,0
7,0,37,0,3908,82,7,26,2,1,1,25,211.05,0
4,0,25,0,1453,33,0,64,4,1,1,45,37.15,0
14,0,44,3,11770,166,26,50,4,1,1,45,363.4,0
0,0,34,0,13408,160,0,40,3,1,1,30,542.72,0
0,0,38,0,6375,88,190,29,3,1,1,30,1018.52,0
13,0,34,0,2758,60,358,25,2,1,1,25,1737.81,0
8,0,39,2,6805,92,193,28,3,1,1,30,1047.88,0
8,0,42,0,4325,75,13,21,3,1,1,30,228.0,0
6,0,39,1,4110,78,0,27,3,1,1,30,167.52,0
5,0,37,0,4008,66,26,37,1,1,1,15,367.07,0
7,0,42,1,5998,97,17,16,3,1,1,30,311.8,0
0,0,36,0,2278,53,4,34,1,1,1,15,150.205,0
4,0,38,0,2360,39,285,18,3,1,1,30,1235.96,0
12,0,40,2,4820,89,9,27,3,1,1,30,232.36,0
4,0,36,0,7913,132,385,41,2,1,1,25,2094.525,0
3,0,37,3,6660,116,272,32,2,2,1,25,1528.92,0
10,0,38,1,4615,74,7,17,3,1,1,30,215.56,0
5,0,11,2,4450,43,220,12,3,1,1,30,1059.72,0
14,0,40,2,8523,144,399,45,3,1,1,30,1942.68,0
22,1,39,5,10020,137,172,60,3,1,1,30,1094.28,0
15,0,44,1,4458,76,16,41,1,1,1,15,337.37,0
7,0,36,0,4138,63,0,33,1,1,1,15,231.055,0
13,0,18,0,6268,143,89,45,1,2,1,15,842.105,0
0,0,26,0,3100,63,12,26,3,1,1,30,174.52,0
0,0,8,1,4200,40,240,12,3,1,1,30,1129.6,0
3,0,36,0,1780,50,70,24,4,1,2,45,220.75,0
7,0,12,0,8513,159,34,34,4,1,1,45,301.8,0
5,0,41,0,623,11,14,6,3,1,2,30,81.36,0
8,0,35,0,4018,58,0,30,1,1,1,15,224.18,0
0,0,34,0,2028,49,0,29,1,1,1,15,114.235,0
17,0,44,3,4160,90,49,34,3,1,1,30,366.0,0
7,0,35,1,3400,27,482,9,3,1,1,30,2065.08,0
0,0,33,0,0,0,0,0,4,1,1,45,0.0,0
0,0,36,0,2055,33,278,16,3,1,1,30,1195.52,0
14,0,38,0,2680,61,53,22,4,1,2,45,201.025,0
14,0,37,2,3053,70,380,39,3,1,1,30,1644.92,0
5,0,37,0,305,6,7,2,3,1,2,30,40.44,0
9,0,34,2,7495,108,22,22,5,1,1,55,147.045,0
30,0,40,4,15445,231,61,34,3,1,1,30,871.04,0
21,0,35,7,10320,87,0,38,4,2,1,45,260.175,0
12,0,33,2,3790,77,30,31,4,1,1,45,171.675,0
11,0,45,3,3400,39,498,11,4,1,1,45,1330.975,0
0,0,34,0,2285,46,159,18,2,1,1,25,820.395,0
30,0,44,4,15400,235,69,38,3,1,1,30,901.4,0
1,0,33,3,6775,116,296,35,2,2,1,25,1642.095,0
1,0,28,0,1190,38,197,14,2,2,1,25,941.76,0
10,0,13,3,4755,49,227,14,3,1,1,30,1100.16,0
0,0,34,0,6493,110,352,41,2,1,1,25,1881.135,0
10,0,36,2,11590,152,7,44,4,1,1,45,311.05,0
3,0,30,0,2148,48,344,21,2,1,1,25,1646.82,0
11,0,26,0,585,19,0,3,2,1,2,25,27.18,0
12,0,44,2,4283,98,24,36,3,1,1,30,271.24,0
11,0,11,4,5295,56,243,27,3,2,1,30,1186.04,0
0,0,35,0,3500,66,0,23,3,1,1,30,142.64,0
8,0,27,3,1915,46,214,26,2,2,1,25,1051.245,0
0,0,18,0,2920,49,0,20,3,1,1,30,118.76,0
3,0,32,2,6850,111,273,34,2,2,1,25,1541.745,0
9,0,13,0,8873,168,68,38,4,1,1,45,396.025,0
5,0,32,4,7260,120,285,46,2,2,1,25,1614.6,0
0,0,32,0,650,27,6,18,3,1,2,30,51.08,0
0,0,29,0,6943,111,362,35,2,1,1,25,1946.43,0
15,0,43,1,4855,85,23,24,3,1,1,30,289.6,0
12,1,40,0,2353,59,6,16,3,1,2,30,120.48,0
9,0,38,1,4705,84,11,28,3,1,1,30,235.56,0
0,0,16,0,1200,19,12,9,2,1,1,25,108.855,0
12,0,37,0,2363,52,7,14,3,1,2,30,124.6,0
4,0,39,0,1745,46,48,24,3,1,2,30,263.64,0
6,0,16,3,2608,42,29,19,3,1,1,30,222.0,0
7,0,37,0,13658,163,0,40,3,1,1,30,552.84,0
8,0,30,2,1190,19,33,7,4,1,1,45,112.725,0
4,0,32,1,7190,102,15,20,4,1,1,45,219.8,0
9,0,20,4,2933,47,41,23,3,1,1,30,283.2,0
7,0,31,1,3485,71,23,29,3,1,1,30,234.24,0
0,0,32,0,875,8,0,10,2,1,2,25,39.735,0
6,0,35,0,4190,63,0,12,3,1,1,30,170.12,0
9,0,33,0,2373,58,349,20,2,1,1,25,1679.895,0
4,0,41,1,3718,88,10,29,3,1,1,30,192.24,0
8,0,24,2,2080,34,45,20,3,1,1,30,264.56,0
1,0,27,0,1443,41,34,71,4,1,1,45,122.1,0
22,0,29,2,15960,233,2,81,2,1,1,25,737.685,0
11,0,14,0,5973,129,46,36,1,2,1,15,588.61,0
10,0,35,1,9000,116,146,44,3,1,1,30,948.64,0
18,0,39,3,9420,127,151,45,3,1,1,30,985.88,0
2,0,34,0,3833,57,0,31,2,1,1,25,175.05,0
4,0,35,0,1818,42,0,11,3,1,2,30,74.4,0
0,0,36,0,4020,76,0,20,3,1,1,30,163.84,0
9,0,39,1,3103,69,10,33,2,1,1,25,187.74,0
0,0,24,0,663,23,2,51,4,1,1,45,22.15,0
8,0,44,0,1095,22,30,14,3,1,2,30,164.68,0
0,0,25,0,710,4,0,1,4,1,2,45,17.85,0
0,0,39,0,318,5,7,4,2,1,2,25,46.035,0
14,0,42,2,6283,104,19,16,3,1,1,30,331.48,0
4,0,9,1,4580,41,224,13,3,1,1,30,1080.84,0
0,0,34,0,1475,44,63,22,3,1,2,30,312.76,0
0,0,20,0,0,0,4,0,4,1,2,45,10.0,0
13,0,12,3,5405,57,230,12,3,1,1,30,1138.48,0
11,0,31,1,2053,53,48,75,5,1,1,55,103.59,0
6,0,35,2,11760,158,25,60,3,1,1,30,576.72,0
7,0,41,0,3893,66,2,34,1,1,1,15,228.745,0
1,0,35,0,1420,41,36,20,3,1,1,30,202.44,0
9,0,26,0,820,27,1,15,2,1,1,25,42.615,0
0,0,6,0,3375,23,183,8,3,1,1,30,867.92,0
6,0,38,1,3285,28,492,11,3,1,1,30,2100.52,0
27,0,31,3,16265,239,9,83,2,1,1,25,783.18,0
7,0,31,0,8730,113,127,37,3,1,1,30,861.72,0
0,0,32,0,450,4,0,2,2,1,2,25,20.43,0
2,0,8,0,4275,34,183,6,3,1,1,30,904.36,0
3,0,35,2,6840,118,275,36,2,2,1,25,1550.61,0
0,0,31,0,0,0,0,0,3,1,1,30,0.0,0
5,0,38,1,4325,82,0,22,3,1,1,30,176.28,0
0,0,30,0,0,0,0,0,4,1,1,45,0.0,0
6,0,37,2,3260,34,39,20,4,1,1,45,179.85,0
8,0,36,3,7205,109,53,28,5,1,1,55,189.21,0
4,0,42,0,2315,43,293,22,3,1,1,30,1266.32,0
5,0,39,0,4245,73,9,20,2,1,1,25,234.81,0
4,0,39,0,13648,171,4,47,3,1,1,30,568.76,0
8,0,36,1,3025,56,177,23,2,1,1,25,935.145,0
5,0,10,0,8448,157,55,33,4,1,1,45,352.625,0
0,0,25,0,1010,30,186,9,2,2,1,25,883.8,0
0,0,34,1,1963,29,14,19,3,1,1,30,135.68,0
0,0,35,0,2675,15,444,2,3,1,1,30,1883.6,0
0,0,30,0,1828,42,0,25,1,1,1,15,102.85,0
16,0,29,0,1005,31,17,9,3,1,2,30,109.44,0
0,0,24,0,3035,61,33,25,3,1,1,30,255.84,0
0,0,37,0,0,0,0,0,2,1,2,25,0.0,0
14,0,12,0,6392,135,77,41,1,2,1,15,782.485,0
7,0,28,2,3645,73,47,29,4,1,1,45,210.45,0
0,0,14,0,1948,29,3,2,3,1,1,30,91.08,0
5,0,40,0,2098,54,7,20,2,1,1,25,128.34,0
6,0,37,0,1858,25,7,4,3,1,1,30,103.32,0
5,0,36,1,2545,18,7,6,3,1,1,30,130.52,0
0,0,30,0,7203,115,369,40,2,1,1,25,1989.81,0
17,0,27,1,15710,229,0,76,2,1,1,25,717.255,0
2,0,36,0,4210,77,0,23,3,1,1,30,171.48,0
7,0,27,0,100,15,0,3,2,1,2,25,5.175,0
19,0,17,1,9427,178,89,45,5,1,1,55,277.575,0
0,0,37,1,0,0,0,0,5,1,1,55,0.0,0
5,0,35,1,305,6,7,2,5,1,1,55,15.165,0
6,0,35,1,8620,114,128,38,3,1,1,30,861.36,0
22,0,35,8,10840,98,2,40,4,1,1,45,278.45,0
19,0,19,2,6453,144,90,44,2,2,1,25,701.865,0
7,0,37,1,11465,154,11,47,4,1,1,45,317.975,0
4,0,39,2,3210,33,515,12,4,1,1,45,1368.575,0
18,0,29,0,1195,32,26,12,3,1,2,30,153.08,0
10,0,39,2,3805,38,491,8,3,1,1,30,2117.72,0
0,0,29,2,6480,102,253,26,2,2,1,25,1434.69,0
11,0,33,2,1873,51,45,71,5,1,1,55,96.36,0
4,0,27,1,1315,36,193,11,2,2,1,25,929.295,0
3,0,34,0,2280,37,275,14,3,1,1,30,1192.68,0
12,0,28,0,1405,40,30,18,2,1,1,25,200.025,0
13,0,27,1,1340,37,17,12,2,1,1,25,138.465,0
13,0,38,2,12175,165,19,47,4,1,1,45,356.0,0
10,0,19,3,3033,53,42,24,3,1,1,30,291.44,0
12,0,39,1,15600,187,148,29,2,1,1,25,1376.415,0
0,0,35,0,2435,17,0,16,3,1,1,30,98.08,0
16,0,30,0,1120,37,49,13,3,1,2,30,242.28,0
0,0,31,0,3233,68,0,21,2,1,1,25,148.545,0
11,0,41,2,6338,107,46,18,3,1,1,30,441.8,0
6,0,38,0,5918,95,7,12,3,1,1,30,268.52,0
0,0,35,0,10560,138,0,30,3,1,1,30,427.92,0
28,0,38,9,10930,100,17,47,5,1,1,55,190.95,0
13,0,20,1,6087,141,86,41,2,2,1,25,667.26,0
17,0,17,1,9238,177,80,42,5,1,1,55,261.225,0
5,0,43,1,2393,64,10,34,2,1,1,25,155.565,0
0,0,37,0,0,0,0,0,2,1,2,25,0.0,0
10,0,43,1,2878,72,20,40,2,1,1,25,222.75,0
6,0,37,0,1853,50,338,9,2,1,1,25,1606.635,0
0,0,31,0,1668,19,0,5,3,1,1,30,67.48,0
1,0,41,1,2790,27,484,7,3,1,1,30,2048.68,0
7,0,34,0,4290,69,0,13,2,1,1,25,196.155,0
8,0,40,3,703,13,16,6,5,1,1,55,34.74,0
0,0,25,0,1010,30,186,9,2,2,1,25,883.8,0
5,0,13,0,8437,164,57,35,4,1,1,45,357.525,0
7,0,33,0,1890,48,35,18,3,1,2,30,217.52,0
0,0,6,0,3970,28,176,4,2,1,1,25,971.91,0
2,0,29,0,1005,18,32,8,4,1,2,45,105.575,0
12,0,29,0,405,21,7,2,3,1,2,30,45.04,0
17,0,34,1,14775,216,42,28,2,1,1,25,863.595,0
9,0,12,0,5908,127,67,35,1,2,1,15,700.425,0
21,0,20,3,6813,153,124,48,2,2,1,25,871.47,0
2,0,33,0,2088,51,347,20,2,1,1,25,1657.755,0
0,0,30,0,0,0,0,0,2,1,2,25,0.0,0
12,0,39,1,15545,185,155,32,2,1,1,25,1405.35,0
20,0,36,2,14835,219,47,30,3,1,1,30,790.16,0
0,0,29,0,6420,88,2,18,4,1,1,45,167.7,0
14,0,25,2,1825,42,40,28,2,1,1,25,264.015,0
3,0,39,0,1848,33,11,11,3,1,1,30,119.24,0
5,0,36,1,3963,85,7,28,3,1,1,30,189.92,0
2,0,33,0,3095,21,475,7,3,1,1,30,2024.64,0
15,0,43,2,15870,190,167,36,2,1,1,25,1474.2,0
0,0,21,0,825,4,13,2,4,1,2,45,53.225,0
1,0,30,0,2520,43,160,17,2,1,1,25,835.335,0
9,0,40,0,1205,21,29,13,3,1,2,30,165.04,0
6,0,23,1,3450,65,7,21,3,1,1,30,168.6,0
0,0,37,0,875,14,0,11,2,1,2,25,40.005,0
0,0,28,0,2455,14,0,8,3,1,1,30,98.76,0
15,0,38,3,4375,92,53,43,3,1,1,30,390.68,0
5,0,42,2,6500,92,194,27,3,1,1,30,1039.68,0
6,0,36,0,935,18,10,6,3,1,2,30,78.12,0
16,0,17,1,6392,141,85,42,2,2,1,25,676.485,0
0,0,35,0,0,0,0,0,2,1,2,25,0.0,0
10,0,42,0,2318,56,18,21,3,1,2,30,166.96,0
0,0,34,0,0,0,0,0,3,1,1,30,0.0,0
8,0,37,0,2263,59,350,21,3,1,1,30,1492.88,0
7,0,36,1,4665,75,19,30,2,1,1,25,298.8,0
0,0,36,0,1423,22,0,6,3,1,1,30,57.8,0
5,0,40,1,2800,23,469,9,3,1,1,30,1988.92,0
8,0,37,1,6718,75,108,37,2,1,1,25,791.685,0
26,0,38,9,10740,99,8,44,5,1,1,55,174.585,0
0,0,34,0,2813,66,0,11,2,1,1,25,129.555,0
0,0,35,0,2760,65,0,26,2,1,1,25,127.125,0
16,0,44,2,4583,74,18,41,1,1,1,15,355.135,0
6,0,34,3,6965,116,271,33,2,2,1,25,1538.145,0
0,0,29,0,2840,16,0,13,3,1,1,30,114.24,0
13,0,40,3,3265,55,313,35,4,1,1,45,865.5,0
9,0,39,0,3793,61,0,37,1,1,1,15,211.97,0
0,0,19,0,0,0,0,0,2,1,2,25,0.0,0
9,0,28,1,1873,45,37,70,5,1,1,55,84.27,0
0,0,30,0,2530,11,461,7,3,1,1,30,1945.64,0
23,0,24,3,6697,153,100,45,2,2,1,25,758.25,0
26,0,40,2,14845,221,40,19,3,1,1,30,762.64,0
16,0,38,2,5933,103,24,23,2,1,1,25,379.62,0
0,0,24,0,520,4,14,1,4,1,2,45,48.1,0
0,0,22,0,0,0,11,0,4,1,2,45,27.5,0
4,0,36,0,1933,48,1,15,3,1,2,30,83.24,0
14,0,46,3,3660,43,505,16,4,1,1,45,1355.075,0
8,0,37,0,4255,65,0,13,2,1,1,25,194.4,0
5,0,32,1,3763,78,7,24,2,1,1,25,204.345,0
2,0,10,1,2468,37,14,13,3,1,1,30,156.2,0
11,0,37,1,15730,185,152,30,2,1,1,25,1400.175,0
7,0,24,1,1620,36,192,12,2,2,1,25,938.52,0
12,0,14,0,8818,165,41,36,4,1,1,45,327.075,0
4,0,33,0,1973,25,0,7,3,1,1,30,79.92,0
0,0,32,0,325,6,0,2,2,1,2,25,14.895,0
25,0,39,4,15255,231,86,36,3,1,1,30,963.44,0
30,0,40,4,15445,231,61,34,3,2,1,30,871.04,0
11,0,35,3,7155,116,246,31,2,2,1,25,1434.195,0
10,0,39,1,3370,77,14,30,3,1,1,30,193.88,0
5,0,30,1,1648,41,40,72,4,1,1,45,142.225,0
0,0,31,0,2055,27,270,15,3,1,1,30,1163.28,0
1,0,34,0,2840,22,0,14,3,1,1,30,114.48,0
13,0,17,3,3043,45,7,17,3,1,1,30,151.52,0
3,0,14,2,2547,39,24,17,3,1,1,30,199.44,0
16,0,40,3,14678,185,28,61,3,1,1,30,706.52,0
0,0,34,0,0,0,0,0,5,1,1,55,0.0,0
17,0,36,3,6418,108,47,39,2,1,1,25,505.17,0
10,0,45,2,2698,70,17,36,2,1,1,25,201.06,0
6,0,16,3,2662,44,22,16,3,1,1,30,196.24,0
12,0,36,1,4595,75,7,15,3,1,1,30,214.8,0
8,0,37,1,6718,75,108,37,2,1,1,25,791.685,0
11,0,38,3,5115,93,23,40,3,1,1,30,300.32,0
0,0,30,1,6600,107,259,29,2,2,1,25,1467.315,0
17,0,34,1,6043,102,23,22,2,1,1,25,380.025,0
11,0,38,1,3775,82,32,28,3,1,1,30,282.28,0
0,0,39,1,6275,82,189,28,3,1,1,30,1010.28,0
25,0,27,3,16120,234,7,76,2,1,1,25,767.43,0
13,0,35,0,4503,66,0,36,1,1,1,15,251.295,0
2,0,35,2,6795,90,200,39,3,1,1,30,1075.4,0
10,0,34,0,1390,26,43,11,4,1,2,45,142.9,0
1,0,32,0,7508,121,376,42,2,1,1,25,2035.305,0
0,0,33,0,3298,70,0,22,2,1,1,25,151.56,0
0,0,31,0,6725,94,9,20,4,1,1,45,192.975,0
10,0,44,2,7813,139,399,46,3,1,1,30,1914.08,0
7,0,38,1,4023,88,9,30,3,1,1,30,200.44,0
0,0,31,0,0,0,0,0,5,1,1,55,0.0,0
0,0,27,0,6525,87,0,16,4,1,1,45,165.3,0
0,0,29,1,1090,32,196,13,2,2,1,25,932.49,0
4,0,37,0,1475,24,21,26,2,1,2,25,161.955,0
11,0,41,2,7873,136,396,47,3,1,1,30,1904.36,0
0,0,26,1,1125,36,218,13,2,2,1,25,1033.245,0
15,0,27,1,1530,38,26,15,2,1,1,25,187.56,0
11,0,15,0,6088,135,78,40,1,2,1,15,771.265,0
1,0,33,1,6540,94,12,22,4,1,1,45,195.85,0
0,0,12,0,1310,18,11,8,2,1,1,25,109.26,0
12,0,39,1,6628,106,15,12,3,1,1,30,329.36,0
2,0,41,0,628,13,17,5,4,1,2,45,58.525,1
0,1,30,0,0,0,0,0,5,1,1,55,0.0,1
14,0,36,0,3180,41,7,14,3,1,2,30,156.84,1
0,0,33,0,0,0,0,0,2,1,2,25,0.0,1
17,1,39,2,3355,50,21,20,3,1,1,30,220.2,1
1,0,40,0,213,4,10,6,3,1,2,30,48.68,1
8,0,37,0,1863,39,16,33,3,1,2,30,140.08,1
8,0,34,0,5513,92,19,22,2,1,1,25,337.725,1
7,1,30,0,2990,35,1,15,2,1,2,25,140.625,1
4,0,33,0,1848,32,0,25,3,1,2,30,75.2,1
0,0,30,0,0,0,0,0,2,1,2,25,0.0,1
6,0,6,1,1792,19,0,8,3,1,1,30,72.44,1
11,0,39,0,1643,24,24,6,4,1,2,45,101.675,1
2,1,33,0,1960,48,52,33,3,1,2,30,288.32,1
18,1,27,0,695,37,1,11,2,1,2,25,37.44,1
0,0,33,0,0,0,0,0,3,1,2,30,0.0,1
9,1,15,3,1873,27,17,13,3,1,1,30,144.0,1
0,0,34,0,513,2,11,5,4,1,2,45,40.375,1
8,1,15,2,1748,29,15,13,3,1,1,30,131.08,1
5,1,37,0,2765,37,12,18,2,1,2,25,180.09,1
4,0,34,0,1963,38,27,29,3,1,2,30,188.04,1
8,1,34,0,5513,92,19,22,2,1,1,25,337.725,1
19,1,44,0,2833,60,56,39,4,1,2,45,212.325,1
8,0,33,0,5398,86,0,18,2,1,1,25,246.78,1
5,1,32,0,5453,89,14,20,2,1,1,25,312.39,1
4,0,36,0,733,12,21,17,3,1,2,30,113.8,1
17,0,40,2,2633,53,46,35,4,1,1,45,182.15,1
5,0,32,0,305,6,7,2,3,1,2,30,40.44,1
6,1,42,0,1013,15,26,10,4,1,2,45,90.7,1
12,0,37,1,3050,44,14,18,3,1,1,30,179.76,1
0,1,30,0,0,0,0,0,4,1,2,45,0.0,1
23,1,37,0,910,51,24,21,2,1,2,25,151.245,1
0,0,37,0,0,0,0,0,2,1,2,25,0.0,1
8,1,40,2,993,16,21,8,4,1,1,45,77.725,1
0,0,39,0,0,0,0,0,2,1,2,25,0.0,1
0,0,7,0,1428,16,0,5,3,1,1,30,57.76,1
0,0,37,0,248,8,32,6,3,1,2,30,138.24,1
0,0,37,0,0,0,0,0,2,1,2,25,0.0,1
14,0,40,2,5898,100,36,28,2,1,1,25,431.91,1
0,0,36,0,0,0,0,0,3,1,2,30,0.0,1
0,0,28,0,0,0,0,0,2,1,2,25,0.0,1
30,1,35,0,1450,54,32,22,3,1,2,30,188.16,1
2,0,40,0,180,8,11,5,2,1,2,25,57.96,1
5,0,32,0,305,6,7,2,4,1,2,45,25.275,1
1,1,9,1,1243,16,0,7,3,1,1,30,50.36,1
9,1,35,0,2990,41,9,16,3,1,2,30,157.24,1
10,0,14,2,1973,33,18,14,3,1,1,30,152.24,1
11,1,35,0,3180,42,18,19,3,1,2,30,200.88,1
5,0,39,0,305,6,7,2,2,1,2,25,45.495,1
1,0,6,1,1308,11,0,2,3,1,1,30,52.76,1
0,0,37,0,743,13,41,8,4,1,2,45,121.4,1
2,0,36,0,323,3,9,5,3,1,2,30,49.04,1
7,0,36,0,2078,43,25,28,3,1,2,30,184.84,1
7,0,38,0,1123,14,25,9,4,1,2,45,90.925,1
0,0,36,0,133,2,0,2,3,1,2,30,5.4,1
28,1,39,0,1215,57,31,23,3,1,2,30,174.88,1
19,0,33,0,355,37,0,2,2,1,2,25,17.64,1
0,0,35,0,0,0,0,0,2,1,2,25,0.0,1
0,0,3,0,1182,7,0,4,2,1,1,25,53.505,1
12,0,35,0,2393,42,30,28,4,1,2,45,135.875,1
0,1,34,0,0,0,0,0,3,1,2,30,0.0,1
1,0,41,0,80,2,10,4,2,1,2,25,48.69,1
8,1,36,0,2585,36,0,18,3,1,2,30,104.84,1
0,0,8,0,777,8,0,7,3,1,1,30,31.4,1
12,0,37,0,3105,46,7,15,3,1,2,30,154.04,1
8,0,32,0,2188,42,24,27,3,1,2,30,185.2,1
25,1,33,0,1200,50,18,17,3,1,2,30,122.0,1
14,1,41,0,3250,51,24,22,3,1,2,30,228.04,1
0,0,37,0,223,2,0,6,4,1,2,45,5.625,1
4,0,13,2,1568,21,10,11,3,1,1,30,103.56,1
0,0,32,0,0,0,0,0,4,1,2,45,0.0,1
12,1,37,0,2570,60,66,37,4,1,2,45,230.75,1
7,1,7,1,1713,23,7,5,3,1,1,30,97.44,1
10,1,35,0,2673,49,35,29,3,1,2,30,248.88,1
9,0,38,0,1533,23,37,21,4,1,2,45,131.4,1
8,1,31,0,2910,39,0,12,3,1,2,30,117.96,1
8,1,11,2,1792,25,7,9,3,1,1,30,100.68,1
2,1,33,0,2495,34,0,11,2,1,2,25,113.805,1
6,1,37,0,1338,18,17,4,4,1,2,45,76.4,1
20,1,34,0,830,49,20,20,2,1,2,25,129.555,1
21,1,28,0,955,41,8,16,2,1,2,25,80.82,1
21,1,30,0,775,39,5,12,2,1,2,25,59.13,1
8,1,12,3,1908,31,39,13,3,1,1,30,233.56,1
5,0,34,0,305,6,7,2,3,1,2,30,40.44,1
0,1,37,0,503,9,13,7,4,1,2,45,45.3,1
9,0,31,0,3035,37,7,12,3,1,2,30,150.88,1
0,0,37,0,0,0,0,0,2,1,2,25,0.0,1
16,1,37,0,3485,48,25,21,3,1,2,30,241.32,1
5,0,35,0,305,6,7,2,4,1,2,45,25.275,1
6,0,39,0,1963,44,35,30,3,1,2,30,220.28,1
2,0,39,0,808,15,20,9,4,1,2,45,70.575,1
30,0,38,0,1440,61,34,24,3,1,2,30,196.04,1
2,0,34,0,1773,37,18,26,3,1,2,30,144.4,1
9,0,36,0,2268,44,34,31,3,1,2,30,228.48,1
11,0,35,0,3235,44,11,16,3,1,2,30,175.16,1
9,0,38,0,1038,18,28,19,3,1,2,30,154.24,1
10,0,44,0,698,18,22,10,3,1,2,30,116.64,1
14,0,37,0,2458,44,9,29,3,1,2,30,136.08,1
0,0,31,0,628,1,1,3,4,1,2,45,18.225,1
14,1,37,0,3295,47,16,18,3,1,2,30,197.68,1
3,1,34,0,2280,30,0,16,2,1,2,25,103.95,1
26,1,32,0,1080,45,12,14,3,1,2,30,93.0,1
11,1,36,0,2458,45,43,34,3,1,2,30,272.12,1
33,1,41,0,1520,63,38,25,3,1,2,30,215.32,1
10,0,16,3,1792,31,15,10,3,1,1,30,132.92,1
0,1,9,0,888,9,0,3,3,1,1,30,35.88,1
18,0,38,0,3173,60,62,48,4,1,2,45,235.825,1
5,0,38,0,438,8,7,4,3,1,2,30,45.84,1
7,1,36,0,2023,41,32,31,3,1,1,30,210.56,1
9,1,34,0,2875,35,0,12,2,1,2,25,130.95,1
5,0,42,0,393,12,15,8,3,1,2,30,76.2,1
0,1,33,0,0,0,0,0,2,1,2,25,0.0,1
8,0,40,2,498,11,12,6,3,1,1,30,68.36,1
16,1,40,0,3475,55,27,23,3,1,2,30,249.2,1
5,0,36,0,305,6,7,2,3,1,2,30,40.44,1
11,1,33,1,5638,90,15,19,2,1,1,25,325.26,1
3,1,8,0,1373,13,0,3,2,1,1,25,62.37,1
3,0,9,1,1488,19,0,7,3,1,1,30,60.28,1
18,0,31,0,650,41,9,15,2,1,2,25,71.595,1
9,1,39,0,2945,45,17,20,3,1,2,30,187.6,1
0,1,3,0,1228,9,0,1,2,1,1,25,55.665,1
4,1,34,0,2800,41,34,18,3,1,2,30,249.64,1
0,1,36,0,0,0,0,0,2,1,2,25,0.0,1
0,1,35,0,295,4,14,13,2,1,2,25,76.455,1
0,0,31,0,0,0,0,0,2,1,2,25,0.0,1
3,0,33,0,438,2,0,3,3,1,2,30,17.6,1
0,0,35,0,0,0,25,0,3,1,2,30,100.0,1
8,1,11,2,1793,25,7,9,3,1,1,30,100.72,1
16,0,26,0,650,35,1,14,2,1,2,25,35.325,1
0,1,7,0,1183,13,0,5,2,1,2,25,53.82,1
0,1,25,0,1010,30,186,9,2,2,1,25,883.8,1
0,0,37,0,0,0,0,0,2,1,2,25,0.0,1
0,0,35,0,0,0,2,0,2,1,2,25,9.0,1
14,1,38,0,2573,50,41,33,4,1,2,45,168.075,1
0,0,38,0,0,0,0,0,2,1,2,25,0.0,1
0,1,38,0,403,3,12,6,4,1,2,45,40.15,1
18,0,31,0,650,41,9,15,2,1,2,25,71.595,1
2,0,37,0,190,1,9,3,2,1,2,25,49.095,1
0,1,34,0,0,0,0,0,3,1,2,30,0.0,1
7,0,32,0,2810,33,0,11,3,1,2,30,113.72,1
5,0,39,0,305,6,7,2,2,1,2,25,45.495,1
0,0,3,0,0,0,0,0,2,1,1,25,0.0,1
14,1,38,0,2573,50,41,33,4,1,2,45,168.075,1
0,0,35,0,0,0,0,0,2,1,2,25,0.0,1
13,1,36,1,5818,98,26,24,2,1,1,25,383.22,1
5,0,42,0,888,17,24,10,4,1,2,45,82.625,1
0,0,37,0,0,0,0,0,2,1,2,25,0.0,1
0,0,36,0,0,0,1,0,2,1,2,25,4.5,1
0,0,39,0,0,0,1,0,3,1,2,30,4.0,1
3,0,28,0,5253,82,4,16,2,1,1,25,258.075,1
6,1,11,2,1548,22,5,9,3,1,1,30,82.8,1
24,0,32,0,1360,52,17,15,2,1,2,25,140.04,1
2,1,30,0,2505,27,0,9,2,1,2,25,113.94,1
0,0,29,0,0,0,0,0,3,1,2,30,0.0,1
0,0,28,0,0,0,0,0,3,1,2,30,0.0,1
0,0,35,0,0,0,0,0,4,1,2,45,0.0,1
12,1,32,0,3295,41,8,17,3,1,2,30,165.44,1
5,0,33,0,305,6,7,2,2,1,2,25,45.495,1
1,1,43,0,398,7,17,8,3,1,2,30,84.2,1
0,0,36,0,438,6,0,1,4,1,2,45,11.1,1
0,0,34,0,0,0,0,0,2,1,2,25,0.0,1
10,0,37,0,2695,37,7,3,3,1,2,30,137.28,1
19,1,43,0,3555,57,31,24,3,1,2,30,268.48,1
8,1,35,1,5628,98,51,26,2,1,1,25,487.17,1
1,0,9,1,1297,18,0,4,3,1,1,30,52.6,1
0,0,33,0,2085,25,0,9,2,1,2,25,94.95,1
7,0,38,0,628,9,16,7,3,1,2,30,89.48,1
5,1,38,0,305,6,7,2,3,1,2,30,40.44,1
22,0,29,0,875,45,6,13,2,1,2,25,68.4,1
0,0,40,0,88,6,8,6,3,1,2,30,35.76,1
7,1,33,0,2088,36,23,26,3,1,2,30,176.96,1
6,0,43,0,385,8,17,6,2,1,2,25,94.185,1
25,1,33,0,1145,48,25,20,2,1,2,25,166.185,1
6,0,33,0,2875,36,11,17,2,1,2,25,180.495,1
0,0,30,0,0,0,0,0,2,1,2,25,0.0,1
0,1,31,0,0,0,0,0,2,1,2,25,0.0,1
5,0,38,0,438,8,7,4,3,1,2,30,45.84,1
5,0,35,0,2390,31,0,1,3,1,2,30,96.84,1
11,1,39,0,2448,52,45,36,3,1,2,30,280.0,1
5,0,38,0,933,13,16,6,4,1,2,45,63.65,1
24,0,35,0,660,43,7,4,3,1,2,30,56.12,1
3,0,38,0,743,12,7,3,4,1,2,45,36.375,1
7,0,43,0,933,19,24,7,4,1,2,45,83.8,1
13,0,17,3,2053,35,22,15,3,1,1,30,171.52,1
0,0,34,0,0,0,0,0,3,1,2,30,0.0,1
18,0,30,0,535,35,0,11,2,1,2,25,25.65,1
20,1,38,0,4005,58,24,18,3,1,2,30,258.52,1
3,0,38,1,193,5,5,4,3,1,1,30,27.92,1
0,1,7,0,1372,14,2,8,2,1,1,25,71.37,1
14,1,42,0,2528,54,49,37,4,1,2,45,187.05,1
4,1,27,1,1315,36,193,11,2,2,1,25,929.295,1
3,0,13,1,1443,23,8,11,3,1,1,30,90.64,1
15,0,36,1,6008,99,35,27,2,1,1,25,432.315,1
10,1,44,0,1193,23,31,12,4,1,2,45,107.9,1
5,0,39,0,305,6,7,2,2,1,2,25,45.495,1
0,1,30,0,0,0,0,0,4,1,2,45,0.0,1
16,1,43,0,2573,56,49,34,4,1,2,45,188.225,1
0,0,29,0,0,0,0,0,2,1,2,25,0.0,1
11,0,40,0,1015,17,15,2,3,1,2,30,101.28,1
8,0,41,2,365,9,12,4,3,1,1,30,62.96,1
11,0,39,0,1148,19,15,4,3,1,2,30,106.68,1
0,1,5,0,1123,10,0,3,2,1,2,25,50.985,1
7,0,30,0,5433,90,9,18,2,1,1,25,289.035,1
13,0,36,1,5818,98,26,24,2,1,1,25,383.22,1
0,0,38,0,0,0,4,0,2,1,2,25,18.0,1
0,0,30,0,0,0,0,0,3,1,2,30,0.0,1
5,1,14,2,1487,25,8,8,3,1,1,30,92.48,1
0,0,7,0,1182,13,0,5,2,1,1,25,53.775,1
26,1,35,0,1070,52,14,16,3,1,2,30,100.88,1
5,1,9,1,1733,22,7,7,3,1,1,30,98.2,1
0,0,33,0,0,0,0,0,4,1,2,45,0.0,1
28,1,34,0,1145,47,7,15,2,1,2,25,85.14,1
9,1,36,0,3105,47,41,20,3,1,2,30,290.08,1
7,1,41,0,618,16,18,9,3,1,2,30,97.36,1
11,1,38,0,3170,49,20,21,3,1,2,30,208.76,1
7,0,42,0,485,14,18,7,2,1,2,25,103.455,1
28,1,35,0,1260,53,23,19,3,1,2,30,144.52,1
13,1,35,0,3590,51,30,31,3,1,2,30,265.64,1
5,0,40,0,420,12,39,6,3,1,2,30,173.28,1
5,1,38,0,933,13,16,6,4,1,2,45,63.65,1
0,0,36,0,383,4,7,4,4,1,1,45,27.175,1
0,1,10,0,1363,21,4,10,2,1,1,25,80.28,1
0,0,36,0,628,7,9,4,4,1,2,45,38.375,1
5,0,37,0,305,6,7,2,2,1,2,25,45.495,1
3,0,38,0,248,7,0,1,3,1,2,30,10.2,1
7,1,35,0,2800,40,0,13,3,1,2,30,113.6,1
11,0,40,0,2990,47,17,17,3,1,2,30,189.48,1
0,0,40,0,0,0,1,0,2,1,2,25,4.5,1
18,1,37,0,3895,57,37,33,3,1,2,30,306.08,1
0,0,35,0,0,0,0,0,2,1,2,25,0.0,1
5,1,37,0,305,6,7,2,3,1,2,30,40.44,1
22,1,30,0,1715,42,25,9,3,1,2,30,170.28,1
2,0,28,0,2685,29,0,13,2,1,2,25,122.13,1
26,1,35,1,1015,50,21,19,3,1,1,30,126.6,1
4,0,36,0,1228,17,30,19,4,1,2,45,106.125,1
20,0,36,0,650,47,17,16,3,1,2,30,95.88,1
28,1,36,0,1375,59,55,23,3,1,2,30,277.36,1
0,1,34,0,0,0,0,0,3,1,2,30,0.0,1
0,0,33,0,1253,27,2,29,3,1,2,30,59.2,1
0,0,42,0,0,0,8,0,2,1,2,25,36.0,1
0,0,34,0,0,0,2,0,3,1,2,30,8.0,1
0,0,7,0,0,0,0,0,2,1,1,25,0.0,1
0,0,4,0,1003,5,0,4,2,1,1,25,45.36,1
10,0,37,0,5693,100,30,27,2,1,1,25,395.685,1
15,1,41,0,3375,49,26,22,3,1,2,30,240.96,1
9,0,35,0,2990,41,9,16,3,1,2,30,157.24,1
18,0,32,0,765,47,41,19,3,1,2,30,196.48,1
1,1,31,0,2625,32,0,12,2,1,2,25,119.565,1
0,0,26,0,825,10,21,3,4,1,2,45,73.375,1
6,1,38,0,2685,41,10,15,3,1,2,30,149.04,1
0,1,35,0,0,0,0,0,2,1,2,25,0.0,1
0,0,6,0,472,2,0,5,2,1,1,25,21.33,1
0,0,36,0,133,2,0,2,3,1,2,30,5.4,1
0,1,28,0,0,0,0,0,4,1,1,45,0.0,1
14,1,12,3,2502,36,15,9,3,1,1,30,161.52,1
0,0,35,0,513,1,0,3,4,1,2,45,12.85,1
0,0,32,0,263,1,0,1,3,1,2,30,10.56,1
27,1,31,0,1180,51,13,15,3,1,2,30,101.24,1
0,1,11,1,1263,15,3,9,3,1,1,30,63.12,1
22,0,34,0,550,42,0,19,3,1,2,30,23.68,1
10,0,38,0,1973,40,20,18,3,1,2,30,160.52,1
7,0,43,0,438,14,15,5,3,1,2,30,78.08,1
23,1,33,0,955,47,16,17,2,1,2,25,117.09,1
3,0,38,1,688,10,14,6,4,1,1,45,52.45,1
14,0,38,0,5523,94,12,11,2,1,1,25,306.765,1
11,0,31,0,5818,92,18,23,2,1,1,25,346.95,1
25,1,38,0,955,53,24,18,3,1,2,30,136.32,1
1,1,40,0,708,9,19,8,4,1,2,45,65.425,1
4,1,30,0,2008,34,19,25,3,1,2,30,157.68,1
0,0,31,0,0,0,0,0,4,1,2,45,0.0,1
7,1,31,0,2268,38,26,30,3,1,2,30,196.24,1
1,0,4,0,1487,13,0,6,2,1,1,25,67.5,1
5,0,38,0,305,6,7,2,2,1,2,25,45.495,1
29,1,39,0,1340,55,33,23,3,1,2,30,187.8,1
0,0,32,0,0,0,0,0,2,1,2,25,0.0,1
0,0,33,0,0,0,0,0,3,1,2,30,0.0,1
21,0,33,0,765,46,7,14,2,1,2,25,67.995,1
4,0,29,0,2730,31,0,10,2,1,2,25,124.245,1
10,0,34,0,5703,93,28,25,2,1,1,25,386.82,1
13,1,36,1,5818,98,26,24,2,1,1,25,383.22,1
23,0,29,0,1000,43,8,13,2,1,2,25,82.935,1
1,0,35,0,538,7,1,1,3,1,2,30,25.8,1
6,0,33,0,2930,38,4,14,2,1,2,25,151.56,1
11,1,41,0,2268,50,42,32,4,1,2,45,162.95,1
31,1,37,2,1320,56,28,21,3,1,1,30,167.04,1
2,1,10,1,1082,14,0,9,3,1,1,30,43.84,1
3,0,30,0,1883,36,17,25,3,1,2,30,144.76,1
17,0,32,0,245,36,0,17,2,1,2,25,12.645,1
5,0,35,0,305,6,7,2,2,1,2,25,45.495,1
13,1,36,0,2868,54,55,46,3,1,2,30,336.88,1
0,0,41,0,0,0,8,0,2,1,2,25,36.0,1
0,0,37,0,0,0,0,0,3,1,2,30,0.0,1
16,1,31,0,460,40,0,12,2,1,2,25,22.5,1
0,0,34,0,568,4,4,2,4,1,2,45,24.3,1
12,1,38,1,2328,47,39,33,3,1,1,30,251.0,1
11,0,36,1,5628,97,17,21,2,1,1,25,334.125,1
13,1,25,0,390,31,0,9,2,1,2,25,18.945,1
13,0,32,1,5863,94,18,20,2,1,1,25,349.065,1
0,0,37,0,0,0,0,0,2,1,1,25,0.0,1
16,1,41,0,2753,58,52,38,4,1,2,45,200.275,1
4,0,33,0,2685,35,2,14,2,1,2,25,131.4,1
0,0,29,0,0,0,0,0,2,1,2,25,0.0,1
0,0,36,0,0,0,0,0,4,1,2,45,0.0,1
12,1,32,0,5738,96,16,20,2,1,1,25,334.53,1
0,1,32,0,0,0,0,0,3,1,2,30,0.0,1
8,0,33,0,3285,45,23,29,2,1,2,25,253.35,1
16,1,42,0,3295,53,24,19,3,1,2,30,229.92,1
14,0,38,0,3410,53,48,22,3,1,2,30,330.52,1
23,0,32,0,840,41,0,13,2,1,2,25,39.645,1
18,1,31,0,650,41,9,15,2,1,2,25,71.595,1
0,0,32,0,1975,24,0,14,2,1,2,25,89.955,1
5,1,35,0,305,6,7,2,3,1,2,30,40.44,1
6,0,34,0,5323,91,10,19,2,1,1,25,288.63,1
0,0,36,0,0,0,0,0,2,1,2,25,0.0,1
9,0,35,0,2990,41,9,16,3,1,2,30,157.24,1
9,1,36,0,2268,44,34,31,3,1,2,30,228.48,1
3,1,29,0,2605,33,0,10,2,1,2,25,118.71,1
13,1,35,0,5703,92,0,20,2,1,1,25,260.775,1
3,1,9,1,1487,19,0,7,3,1,1,30,60.24,1
0,0,34,0,0,0,0,0,2,1,2,25,0.0,1
0,0,37,0,8,4,4,5,3,1,2,30,16.48,1
9,0,10,2,2197,30,8,7,3,1,1,30,121.08,1
8,1,11,2,1792,25,7,9,3,1,1,30,100.68,1
3,1,39,1,60,3,5,2,2,1,1,25,25.335,1
12,1,11,4,2393,35,28,24,3,1,1,30,209.12,1
5,0,36,0,873,10,11,4,4,1,2,45,49.575,1
5,0,38,0,438,8,7,4,3,1,2,30,45.84,1
0,1,40,0,583,11,17,8,4,1,2,45,57.35,1
28,0,35,0,1260,53,23,19,3,1,2,30,144.52,1
9,0,37,0,2383,50,66,35,4,1,2,45,225.825,1
3,0,33,0,933,7,8,5,4,1,2,45,43.5,1
6,1,30,1,1495,44,204,16,2,2,1,25,987.255,1
2,0,5,0,1408,17,0,3,3,1,1,30,57.0,1
4,0,34,0,4913,82,0,7,2,1,1,25,224.775,1
0,0,34,0,323,1,2,2,4,1,2,45,13.1,1
5,0,39,0,1048,19,48,10,4,1,2,45,146.675,1
8,0,10,1,1678,19,7,5,3,1,1,30,95.88,1
0,0,33,0,0,0,0,0,2,1,2,25,0.0,1
6,1,8,2,1613,17,7,4,3,1,1,30,93.2,1
0,0,34,0,0,0,0,0,2,1,2,25,0.0,1
6,1,27,1,1505,37,202,14,2,2,1,25,978.39,1
6,0,29,0,5513,86,11,21,2,1,1,25,301.455,1
0,1,34,0,0,0,0,0,4,1,2,45,0.0,1
7,0,35,0,5108,87,1,24,2,1,1,25,238.275,1
12,1,34,0,3115,39,7,13,3,1,2,30,154.16,1
9,0,38,1,5593,94,29,26,2,1,1,25,386.415,1
6,0,38,0,710,11,8,2,2,1,2,25,68.445,1
0,0,36,0,628,7,9,4,4,1,2,45,38.375,1
25,1,36,0,1135,55,27,22,2,1,2,25,175.05,1
2,1,7,2,1783,23,14,20,3,1,1,30,128.24,1
0,1,6,0,1068,7,0,1,2,1,1,25,48.375,1
30,1,40,0,1260,59,31,20,3,1,2,30,176.76,1
15,0,29,0,590,38,4,13,2,1,2,25,46.26,1
0,0,35,0,0,0,0,0,3,1,2,30,0.0,1
0,0,34,0,923,11,23,17,4,1,2,45,80.85,1
2,0,41,0,133,8,8,3,3,1,2,30,37.64,1
24,1,37,0,1035,49,26,21,3,1,2,30,147.36,1
2,0,29,0,1963,32,19,28,3,1,2,30,155.8,1
7,1,9,3,2088,29,21,22,3,1,1,30,168.68,1
4,1,33,0,2685,35,2,14,2,1,2,25,131.4,1
5,1,11,1,1193,15,7,2,3,1,1,30,76.32,1
4,1,32,0,2570,29,0,10,2,1,2,25,116.955,1
14,1,39,0,2688,56,73,37,4,1,2,45,251.1,1
29,1,34,0,1665,58,24,17,3,1,2,30,164.92,1
13,1,33,0,3215,45,7,14,3,1,2,30,158.4,1
9,0,36,0,2268,44,34,31,3,1,2,30,228.48,1
21,1,33,0,710,44,14,17,2,1,1,25,96.93,1
0,0,36,0,0,0,0,0,3,1,2,30,0.0,1
0,1,8,1,1298,19,25,9,3,1,1,30,152.68,1
6,1,11,2,1602,24,0,6,3,1,1,30,65.04,1
0,0,35,0,0,0,0,0,2,1,2,25,0.0,1
9,1,32,0,2313,40,26,27,3,1,2,30,198.12,1
0,0,34,0,0,0,0,0,4,1,2,45,0.0,1
5,0,38,0,2043,40,37,33,3,1,2,30,231.32,1
1,0,35,0,1033,12,10,2,4,1,2,45,51.125,1
2,1,33,0,4803,81,0,22,2,1,1,25,219.78,1
0,0,34,0,323,1,2,2,4,1,2,45,13.1,1
26,1,30,0,1260,47,15,18,2,1,2,25,126.315,1
14,1,37,0,3295,47,16,18,3,1,2,30,197.68,1
5,0,43,0,260,10,15,6,2,1,2,25,79.65,1
15,1,36,0,3700,52,17,16,3,1,2,30,218.08,1
7,0,35,0,2745,38,7,16,3,1,1,30,139.32,1
4,0,34,0,1963,38,27,29,3,1,2,30,188.04,1
2,0,36,0,818,8,18,7,4,1,2,45,65.65,1
5,0,36,0,305,6,7,2,2,1,2,25,45.495,1
5,0,12,1,1668,27,11,12,3,1,1,30,111.8,1
10,0,45,0,565,16,22,8,3,1,2,30,111.24,1
9,1,36,0,5218,88,5,9,2,1,1,25,261.27,1
14,0,38,0,2573,50,41,33,4,1,2,45,168.075,1
6,1,34,0,2208,41,29,29,3,1,2,30,205.96,1
14,1,37,0,3295,47,16,18,3,1,2,30,197.68,1
5,0,9,1,1677,20,9,10,3,1,1,30,103.88,1
16,0,35,2,5943,96,22,21,2,1,1,25,370.755,1
0,0,37,0,875,14,0,11,2,1,2,25,40.005,1
5,0,34,0,305,6,7,2,4,1,2,45,25.275,1
8,0,34,0,5513,92,19,22,2,1,1,25,337.725,1
0,0,7,0,992,12,0,2,2,1,1,25,45.18,1
15,1,42,0,2653,52,51,37,4,1,2,45,195.125,1
0,0,39,0,0,0,3,0,2,1,2,25,13.5,1
8,1,34,0,2563,48,48,44,3,1,2,30,296.44,1
15,1,37,0,2978,55,42,31,3,1,2,30,289.32,1
9,0,35,0,2153,38,2,27,3,1,2,30,95.64,1
11,1,13,3,1853,28,12,11,3,1,1,30,123.24,1
9,0,40,0,2223,48,42,35,3,1,2,30,258.84,1
0,0,7,0,1182,13,0,5,2,1,1,25,53.775,1
34,1,36,0,1970,64,31,19,3,2,2,30,205.36,1
5,0,38,0,933,13,16,6,4,1,2,45,63.65,1
10,1,11,2,1982,26,16,12,3,1,1,30,144.32,1
13,1,34,0,2493,48,31,29,3,1,2,30,225.64,1
20,0,31,0,895,44,11,15,2,1,2,25,91.755,1
28,1,35,0,1260,53,23,19,3,1,2,30,144.52,1
5,0,32,1,305,6,7,2,5,1,1,55,15.165,1
0,0,35,0,438,7,34,6,4,1,2,45,96.125,1
0,0,35,0,0,0,0,0,2,1,2,25,0.0,1
23,0,33,0,955,47,16,17,2,1,2,25,117.09,1
5,0,39,0,305,6,7,2,2,1,2,25,45.495,1
20,0,31,0,840,42,18,18,2,1,2,25,120.69,1
32,1,35,0,1860,63,44,34,3,1,2,30,252.92,1
0,0,33,0,0,0,0,0,2,1,2,25,0.0,1
0,0,39,0,323,7,10,3,4,1,2,45,33.25,1
0,0,36,0,133,2,0,2,3,1,2,30,5.4,1
5,0,37,0,818,7,7,2,4,1,2,45,38.125,1
20,1,39,0,3283,61,49,33,4,1,2,45,206.1,1
6,0,42,0,518,10,17,8,3,1,2,30,89.12,1
2,1,39,0,313,10,11,7,3,1,2,30,56.92,1
0,1,34,0,0,0,0,0,2,1,2,25,0.0,1
22,0,31,0,1250,51,30,30,2,1,2,25,193.545,1
4,1,34,0,1963,38,27,29,3,1,2,30,188.04,1
9,1,39,0,905,16,28,17,2,1,2,25,167.445,1
4,0,33,0,2685,35,2,14,2,1,2,25,131.4,1
6,0,37,0,843,13,8,2,3,1,2,30,66.24,1
0,0,33,0,0,0,0,0,3,1,2,30,0.0,1
16,1,38,0,2763,51,50,36,4,1,2,45,195.35,1
5,1,5,0,1533,15,7,3,3,1,1,30,89.92,1
0,0,31,0,0,0,0,0,3,1,2,30,0.0,1
0,0,35,0,0,0,0,0,2,1,2,25,0.0,1
0,0,34,0,428,6,14,15,3,1,2,30,73.36,1
0,0,12,1,1182,19,1,6,3,1,1,30,52.04,1
11,1,6,0,1561,25,0,8,2,1,1,30,10.322,1
24,0,36,0,2011,75,26,1,2,1,2,30,157.624,1
1,0,37,0,2250,12,62,18,2,1,1,25,262.593,1
3,0,5,0,2616,0,44,34,4,1,2,45,177.939,1
21,1,37,0,1233,68,24,0,3,1,1,45,63.157,1
26,0,33,0,2023,0,46,7,5,1,1,30,139.411,1
18,0,35,0,1877,5,33,0,3,1,2,30,33.941,1
3,0,30,0,1093,24,25,8,2,1,2,30,0.0,1
22,0,35,2,6008,75,29,0,4,1,2,25,0.0,1
22,1,33,0,3428,8,8,9,3,1,1,30,30.573,1
20,0,34,0,4232,1,44,28,3,1,1,30,99.474,1
34,0,24,0,1137,15,37,7,3,1,2,25,464.0,1
13,0,29,0,2784,17,5,2,4,1,2,25,106.065,1
31,1,25,0,3572,0,39,2,2,1,2,30,532.301,1
22,1,33,0,1155,10,13,0,2,1,2,45,193.556,1
18,0,3,0,1840,60,31,20,5,1,2,25,187.066,1
10,0,25,1,1066,17,72,32,2,1,1,25,246.811,1
15,1,28,0,3434,32,25,25,3,1,1,30,399.135,1
34,1,25,0,1975,0,72,40,2,1,2,30,249.271,1
16,1,38,0,3943,33,51,8,3,1,1,30,53.601,1
34,0,39,2,1038,18,35,6,3,1,1,25,145.823,1
20,0,25,0,4080,18,31,17,3,1,2,30,0.0,1
34,1,37,0,3686,18,29,12,2,1,2,30,14.833,1
6,1,32,1,2023,26,10,20,4,1,2,45,357.962,1
24,0,25,0,157,63,37,13,4,1,2,30,773.407,1
11,0,43,0,3520,55,6,10,2,1,2,30,0.0,1
10,0,28,0,2421,12,1,19,2,2,2,45,69.144,1
10,0,34,0,3811,50,37,0,3,1,1,30,68.321,1
18,0,31,3,738,1,9,19,3,1,2,25,160.644,1
18,0,37,0,2654,26,23,9,4,1,2,30,0.0,1
14,0,39,1,4000,44,14,19,5,1,1,45,0.0,1
12,0,27,0,490,71,66,17,2,1,2,30,92.582,1
9,1,3,0,539,8,11,15,2,1,2,55,187.547,1
0,0,26,0,1727,51,11,22,2,1,2,30,81.468,1
3,0,35,0,2022,18,57,15,4,1,1,30,0.0,1
3,0,24,0,1728,0,15,12,2,1,1,30,0.0,1
28,0,25,0,6008,8,15,14,3,1,2,30,49.097,1
2,1,38,0,1101,63,18,0,5,1,2,45,141.047,1
0,0,11,0,2905,24,12,25,4,1,1,30,44.382,1
34,1,28,1,4249,40,0,5,3,1,1,30,86.414,1
32,0,31,0,1950,65,0,30,3,1,2,25,83.527,1
15,0,28,1,1010,88,4,22,4,1,2,30,56.581,1
3,0,12,1,1652,3,3,10,2,1,1,45,0.0,1
18,1,28,0,2294,7,12,0,3,2,1,30,0.0,1
34,0,42,0,3325,14,6,16,2,1,2,30,95.712,1
3,1,31,1,6008,100,3,5,3,2,2,30,0.0,1
34,0,38,0,3002,100,7,42,4,1,2,45,0.0,1
11,1,25,0,3127,27,35,7,2,1,1,30,0.0,1
12,0,29,0,1198,27,0,6,3,1,2,45,93.461,1
24,0,32,0,0,1,5,3,2,2,1,30,163.52,1
17,0,30,1,2432,39,4,40,2,1,2,30,0.0,1
14,0,31,0,0,11,11,11,3,1,2,45,110.46,1
3,0,32,0,1274,20,65,20,3,1,1,30,38.496,1
34,1,37,0,3489,40,9,15,2,1,2,30,177.599,1
14,0,24,0,3512,70,35,13,3,1,2,30,67.001,1
23,0,25,0,2188,7,9,24,3,1,2,45,234.913,1
5,0,24,0,591,49,18,37,3,1,1,30,77.438,1
12,1,4,0,778,0,0,47,2,1,2,25,0.0,1
2,1,25,2,3988,24,29,31,2,1,1,25,46.688,1
11,1,39,2,6008,42,71,26,4,1,2,30,184.058,1
21,1,29,0,523,0,44,22,3,1,1,25,78.564,1
20,1,24,0,439,19,0,39,3,1,2,25,0.0,1
22,0,35,0,164,76,29,11,4,1,2,45,0.0,1
10,0,33,1,67,100,8,11,3,1,2,25,242.241,1
14,1,30,0,3565,46,13,2,4,1,2,45,469.114,1
6,0,31,0,4328,65,27,29,3,1,2,30,176.519,1
7,0,35,0,6008,11,10,8,2,1,1,30,0.0,1
34,0,27,0,2343,13,8,20,3,1,1,30,0.0,1
2,0,31,0,1043,59,3,48,2,1,1,25,0.0,1
5,1,25,0,2432,51,13,38,4,1,2,25,85.865,1
12,0,26,1,237,19,22,33,3,1,1,30,0.0,1
12,1,38,1,2503,19,12,8,2,2,1,45,222.49,1
1,0,31,1,2341,13,13,0,3,1,2,25,0.0,1
14,0,38,3,2618,8,4,14,3,1,1,25,200.598,1
1,1,11,0,1994,8,13,23,2,1,1,45,48.673,1
17,1,36,0,1743,1,41,1,3,1,2,30,57.632,1
22,1,34,0,2833,67,35,4,3,1,2,30,0.0,1
33,0,32,1,3599,12,13,1,2,1,2,30,128.926,1
4,0,27,0,1132,68,40,7,2,1,2,45,14.558,1
18,1,30,0,2315,51,4,18,3,1,1,25,22.68,1
19,1,33,0,2009,56,5,24,3,1,1,25,231.106,1
10,0,42,0,2054,0,10,19,2,1,2,30,157.257,1
21,0,31,0,1199,26,0,9,2,1,2,45,0.0,1
23,0,34,0,424,13,38,0,3,1,2,30,106.53,1
0,0,43,0,3349,100,62,4,2,1,2,30,232.336,1
22,1,11,0,6008,57,3,12,3,1,1,25,0.0,1
0,1,29,0,2637,26,25,5,3,1,2,25,111.482,1
3,1,29,0,3091,15,4,20,2,1,2,25,20.644,1
34,0,36,0,3134,55,7,0,3,1,2,25,7.652,1
3,1,29,0,6008,45,8,2,2,1,2,30,5.111,1
11,1,45,0,741,23,71,1,2,1,2,30,0.0,1
25,1,19,0,653,15,2,7,4,1,1,25,501.615,1
30,1,30,0,6008,21,0,6,3,1,2,25,135.509,1
7,0,30,0,2602,11,7,17,2,1,2,30,392.043,1
6,1,36,0,4363,60,10,35,4,1,2,25,0.0,1
4,0,32,1,5868,18,12,6,4,1,1,25,65.694,1
34,1,29,0,837,27,9,30,3,1,2,30,26.713,1
9,0,42,0,2057,19,5,11,3,1,1,25,54.073,1
20,0,30,0,2073,4,5,36,3,2,1,30,196.761,1
22,1,24,1,3100,11,74,19,4,1,2,30,88.403,1
34,1,28,2,3534,42,11,11,3,1,2,30,0.0,1
15,1,26,1,2793,10,24,19,3,2,2,30,0.0,1
13,0,32,3,6008,0,5,24,2,1,2,30,189.89,1
4,0,23,0,6008,15,16,34,3,1,2,30,126.281,1
19,0,31,0,2463,15,12,6,2,1,1,45,128.725,1
4,0,35,0,3630,10,6,2,5,1,2,45,1.475,1
17,0,25,0,1137,51,204,2,2,1,2,30,40.067,1
5,0,39,0,2204,22,7,8,3,2,2,30,41.769,1
11,1,34,3,3338,25,1,1,2,1,2,25,61.314,1
3,0,34,0,1691,49,12,5,3,1,2,25,157.399,1
7,0,35,0,2727,62,9,35,2,1,1,25,0.0,1
13,0,38,0,1518,3,8,22,3,1,1,30,394.341,1
11,1,30,0,4275,21,27,29,3,2,1,30,0.0,1
11,0,27,0,1819,64,0,0,2,1,2,30,169.03,1
33,0,42,0,2437,36,10,29,2,1,2,30,266.8,1
4,0,32,0,510,71,21,0,3,1,1,30,94.368,1
3,0,25,0,2235,35,5,10,3,1,2,25,0.0,1
26,0,32,0,2649,56,31,1,4,1,2,25,252.463,1
3,0,33,0,451,24,13,8,3,1,1,25,0.0,1
13,0,33,0,2259,22,29,3,2,1,1,25,228.199,1
15,1,45,0,2739,28,0,10,2,1,2,25,0.0,1
2,1,28,0,693,73,4,16,3,1,2,45,229.762,1
20,0,25,0,2979,19,31,9,3,1,2,30,0.0,1
6,0,35,0,1129,47,35,3,2,1,1,30,55.999,1
3,1,39,0,78,29,7,29,2,1,1,30,250.538,1
8,0,37,0,2748,0,0,2,3,1,2,45,0.0,1
23,1,26,0,679,0,0,18,2,1,1,30,0.0,1
4,0,28,0,3632,44,18,8,3,1,2,30,63.202,1
34,1,36,0,1017,74,15,0,3,1,2,45,192.227,1
2,0,27,2,1534,13,0,25,3,1,2,30,176.337,1
7,0,31,0,0,66,40,4,4,1,1,45,237.662,1
7,0,34,3,944,64,41,18,2,2,2,25,134.97,1
3,0,34,1,6008,14,14,20,3,2,1,25,0.0,1
2,1,24,1,812,0,18,7,3,1,2,45,0.0,1
7,0,3,0,0,10,10,5,2,1,2,45,124.734,1
13,0,40,0,1604,55,7,16,3,1,2,45,62.255,1
10,0,24,2,323,100,29,3,3,1,2,25,54.868,1
34,0,33,0,2130,59,46,0,3,1,1,25,0.0,1
3,0,6,0,969,6,2,23,2,1,2,30,193.247,1
11,1,27,0,2411,32,56,5,3,1,1,30,304.919,1
2,1,27,0,4520,52,72,11,3,1,1,25,105.068,1
13,1,29,0,1842,14,9,30,3,1,2,45,348.798,1
27,1,30,0,1090,4,0,25,3,1,2,30,371.592,1
14,0,34,1,2652,11,30,5,3,1,1,30,0.0,1
4,1,32,0,1537,23,17,34,3,1,2,30,40.726,1
11,1,28,0,1034,65,20,15,3,2,2,25,242.435,1
22,1,29,0,4401,27,9,0,2,1,2,45,0.0,1
2,0,31,0,6008,12,9,22,2,1,2,45,0.0,1
22,0,36,0,3494,22,3,34,3,1,2,30,9.376,1
15,0,39,0,693,46,43,20,4,1,2,25,2.43,1
31,1,41,0,1815,62,20,0,3,1,2,25,74.139,1
11,0,28,0,1406,2,26,10,3,1,2,45,101.99,1
12,1,32,0,5448,0,45,30,3,1,1,30,326.233,1
11,0,25,0,4514,22,12,6,4,1,2,30,138.904,1
24,1,26,1,3712,64,29,25,3,1,1,45,190.596,1
3,0,29,2,2751,23,10,4,2,1,2,25,150.361,1
24,0,26,1,36,100,20,29,5,1,2,30,0.0,1
18,0,36,0,836,17,8,2,4,1,2,30,159.331,1
4,1,23,0,951,100,6,0,2,1,2,30,0.0,1
34,0,30,0,0,63,7,17,3,1,1,45,64.283,1
10,1,28,0,126,64,41,0,3,1,2,25,143.463,1
10,1,31,1,1767,69,9,14,4,1,1,30,234.826,1
24,0,3,0,3525,11,30,26,3,1,2,25,0.0,1
3,0,33,2,2252,4,11,28,2,1,2,45,66.361,1
25,1,37,2,2530,71,25,17,2,1,2,30,0.0,1
0,0,28,0,2747,13,13,19,2,1,2,25,34.69,1
23,0,29,0,2003,4,26,9,3,1,2,25,48.006,1
5,0,25,1,922,51,20,10,2,1,2,45,72.521,1
9,1,30,0,1837,65,21,28,3,1,2,30,178.625,1
5,0,30,0,2412,4,8,26,2,1,2,25,98.079,1
6,0,29,0,3296,24,36,24,3,1,1,25,5.0,1
27,1,23,0,5889,21,4,12,2,1,1,45,0.0,1
2,1,28,1,1873,70,21,16,2,1,2,30,124.966,1
17,0,39,0,3227,54,68,26,2,1,2,45,306.423,1
13,0,34,0,3833,13,19,2,4,1,2,25,44.031,1
13,0,31,0,628,53,17,35,2,1,2,30,0.0,1
7,0,24,0,2127,12,10,19,2,1,2,25,113.403,1
4,0,24,3,627,11,33,21,2,1,1,25,146.311,1
4,1,23,0,3630,0,0,19,2,1,1,25,109.169,1
22,0,35,0,49,13,13,16,3,1,1,30,0.0,1
2,0,39,0,2352,20,57,4,3,1,2,30,60.086,1
22,0,32,1,2591,18,13,6,2,1,2,30,243.986,1
3,0,25,0,6008,0,9,0,3,1,2,30,0.0,1
10,0,31,0,2838,62,0,24,2,1,2,30,0.0,1
9,0,26,1,6008,27,11,42,3,1,2,30,257.859,1
18,0,33,0,422,0,16,24,4,1,2,30,64.297,1
8,0,3,0,675,27,28,31,2,1,2,25,192.63,1
22,1,37,0,2744,10,10,5,4,1,1,25,77.634,1
3,0,27,0,6008,21,65,3,2,1,1,30,64.312,1
16,0,27,0,904,14,64,31,3,1,2,25,0.0,1
11,0,27,1,2291,14,34,7,3,1,1,45,0.0,1
7,0,30,0,2491,5,1,1,3,1,1,25,223.502,1
23,1,34,0,4141,28,31,0,3,1,2,45,107.879,1
11,0,34,0,2652,41,0,47,3,1,2,30,0.0,1
16,1,44,0,2357,0,6,21,3,1,2,30,18.722,1
21,0,45,0,595,28,19,4,4,1,1,25,14.348,1
31,1,27,2,480,16,29,0,3,1,2,30,40.639,1
6,1,34,0,4016,13,8,1,4,1,2,55,95.881,1
4,0,30,0,2512,22,1,10,3,1,1,30,119.855,1
3,0,31,0,4366,100,5,10,3,1,2,30,24.134,1
17,0,41,0,2044,3,0,2,4,1,2,25,26.082,1
3,0,36,0,2227,13,11,1,3,1,1,25,129.446,1
26,0,41,0,3740,12,21,1,2,1,2,30,0.0,1
1,0,38,0,6008,23,1,2,3,1,2,25,157.255,1
1,1,19,0,291,5,19,7,4,1,2,45,0.0,1
13,1,26,0,1857,73,6,1,2,1,2,30,0.0,1
1,1,36,0,606,0,6,9,3,1,2,30,49.1,1
20,0,37,0,3885,3,35,14,3,1,2,25,117.382,1
18,0,42,0,3042,68,9,0,2,1,2,45,120.554,1
34,0,18,0,671,18,12,21,3,1,2,30,311.25,1
8,0,35,0,2132,0,11,18,2,1,2,30,0.0,1
7,0,36,0,3295,50,9,0,2,1,1,30,41.58,1
12,0,27,0,3173,15,203,0,3,1,2,25,0.0,1
34,0,3,2,3747,47,13,33,4,1,1,25,94.975,1
16,1,30,0,470,14,43,2,5,1,1,45,51.961,1
5,1,33,0,1072,32,12,2,2,1,2,25,47.94,1
29,0,37,0,4125,19,0,15,2,1,2,45,0.0,1
21,1,27,0,2556,1,1,22,3,1,1,25,13.656,1
22,0,40,0,3230,73,7,0,2,1,1,30,96.047,1
4,1,33,0,4642,14,12,6,2,1,1,30,9.908,1
21,1,36,0,0,52,5,0,2,1,1,45,47.942,1
10,0,27,2,3475,91,36,0,2,1,1,30,7.261,1
11,0,30,1,3451,23,15,33,2,1,2,30,0.211,1
22,0,28,0,2135,25,4,21,4,1,1,25,0.008,1
34,1,37,0,2507,89,28,20,4,1,1,30,438.741,1
2,0,42,0,2473,56,5,17,2,1,2,25,0.0,1
12,0,31,0,3528,20,18,6,2,1,1,30,0.0,1
0,1,3,0,66,18,3,16,2,1,1,25,52.366,1
25,0,25,0,1549,18,37,19,3,1,2,25,59.031,1
34,1,39,1,2083,53,34,13,3,1,2,45,156.64,1
0,0,33,0,1647,57,10,28,2,1,1,25,0.0,1
16,0,34,0,0,31,15,5,3,1,1,25,127.523,1
22,0,36,0,3115,45,26,4,2,1,2,45,987.255,1
11,1,23,0,677,11,38,20,3,1,2,55,213.541,1
3,1,22,0,2683,0,4,28,2,1,2,30,56.049,1
10,1,29,0,2200,26,1,6,2,2,2,25,0.0,1
4,1,35,1,3795,32,10,0,2,2,2,25,45.66,1
18,0,23,2,2654,22,11,0,3,1,1,30,0.0,1
30,0,37,0,3951,24,9,2,2,1,1,30,4.151,1
16,0,28,0,6008,29,33,4,2,1,2,25,46.34,1
29,0,25,0,1814,10,23,47,2,1,1,45,75.033,1
34,1,3,0,2673,43,0,1,3,1,1,25,40.608,1
21,0,30,2,493,31,2,1,3,1,1,25,29.227,1
11,0,27,0,346,23,46,24,4,1,2,30,2.42,1
8,1,32,0,1690,57,6,22,4,1,2,25,0.0,1
1,0,28,2,4261,16,3,20,3,1,1,25,0.0,1
0,0,31,0,0,69,31,32,4,1,2,30,0.0,1
4,0,24,0,266,17,1,14,3,1,2,30,0.0,1
21,1,36,3,3216,0,45,15,2,1,2,30,27.166,1
20,0,30,3,1124,100,204,17,3,1,1,45,328.129,1
34,0,28,0,2859,19,20,12,3,1,1,25,0.0,1
15,1,3,0,315,79,17,16,3,1,2,30,0.0,1
5,0,37,0,3106,24,29,29,4,1,2,25,33.755,1
10,1,38,0,0,24,21,9,2,1,2,25,0.0,1
16,0,27,2,6008,18,13,0,3,1,1,45,145.891,1
25,1,29,1,3207,100,38,7,4,1,2,30,0.0,1
34,1,32,0,3496,36,33,35,5,1,2,25,174.201,1
17,0,29,0,524,75,22,17,3,1,1,30,129.443,1
28,0,31,0,804,20,2,14,4,1,1,30,22.78,1
12,0,30,0,0,14,14,1,3,1,2,30,279.372,1
4,0,41,1,6008,26,0,46,5,1,1,25,0.0,1
3,0,30,1,2201,29,40,48,3,1,1,30,0.0,1
6,0,29,0,1738,22,15,38,3,1,1,25,179.135,1
4,0,32,0,1359,52,5,0,2,1,2,30,11.151,1
25,0,36,0,3306,67,48,4,4,1,2,25,58.403,1
9,1,27,0,2313,6,12,2,4,1,1,30,13.129,1
25,1,31,0,2362,30,8,34,3,1,2,25,141.244,1
12,0,3,0,1524,50,78,7,3,1,2,55,147.473,1
11,1,31,0,2186,76,42,11,3,1,1,45,5.733,1
19,0,24,0,3659,59,31,25,3,1,2,30,104.266,1
11,0,31,0,1705,54,68,24,4,1,2,30,34.279,1
4,0,36,0,2117,6,2,13,3,2,1,30,0.0,1
12,1,23,0,2641,22,9,34,3,1,1,25,0.0,1
32,1,32,0,2913,9,10,1,3,1,1,25,56.13,1
2,0,24,0,2522,8,61,11,2,1,1,45,25.531,1
2,0,33,0,3384,35,13,28,3,1,2,30,94.891,1
6,1,24,0,6008,7,7,15,3,1,1,30,333.637,1
12,1,30,2,1015,21,16,0,3,1,1,45,136.331,1
25,1,38,2,1169,80,22,6,2,1,1,25,71.126,1
26,1,39,0,4071,25,0,34,3,1,1,30,15.061,1
7,1,29,0,1761,0,39,31,3,1,1,30,81.438,1
0,0,28,0,3766,3,32,21,3,1,2,25,130.153,1
12,0,26,0,737,15,0,31,2,1,2,30,57.721,1
2,1,28,0,4599,39,9,8,3,2,2,30,388.812,1
1,0,25,2,1352,69,8,11,4,1,1,30,13.544,1
14,1,30,1,1635,52,0,25,3,1,1,30,28.625,1
11,1,25,0,3086,14,11,13,4,1,1,45,19.853,1
0,0,32,0,1146,14,6,32,3,1,2,30,0.0,1
34,0,23,0,1626,24,0,24,2,1,2,25,0.0,1
11,0,31,2,2434,17,21,0,2,1,2,30,3.66,1
19,0,43,4,4370,33,7,18,2,1,1,30,13.568,1
0,1,41,0,3503,13,44,22,3,1,2,45,51.434,1
31,0,38,2,2060,56,21,10,3,1,1,30,187.302,1
1,0,31,0,2397,19,24,14,3,1,2,25,98.785,1
19,0,25,1,240,75,44,3,4,1,1,30,0.0,1
4,1,31,0,6008,40,0,13,5,1,2,25,154.112,1
20,1,23,0,2238,23,5,2,2,1,2,45,5.36,1
11,0,34,0,2326,11,1,8,3,1,2,25,30.184,1
13,0,37,0,768,72,1,23,3,1,1,25,0.0,1
2,0,33,0,1345,60,40,9,2,1,2,25,129.383,1
12,0,43,0,2329,25,18,10,4,1,2,25,0.0,1
11,1,27,0,3083,23,16,22,2,1,1,30,41.289,1
14,0,31,0,4731,14,23,6,3,1,1,30,52.491,1
7,1,34,0,2683,18,39,13,3,1,2,25,237.431,1
34,0,28,0,6008,31,9,46,2,1,2,25,0.0,1
24,1,23,0,3798,12,1,11,2,1,2,30,269.575,1
13,0,33,0,2237,0,0,13,2,1,2,25,0.0,1
5,0,24,0,3071,44,20,29,2,1,1,30,0.0,1
25,1,29,0,6008,15,10,6,4,1,1,25,0.0,1
4,0,34,0,3082,25,0,6,3,1,2,30,25.199,1
34,0,24,0,1984,23,30,2,3,1,2,45,38.179,1
32,0,27,0,792,0,12,14,3,1,2,25,196.803,1
32,1,24,1,3151,45,28,8,3,1,2,25,0.0,1
10,0,27,0,0,56,32,10,3,1,2,30,0.0,1
34,0,32,2,1555,50,13,34,2,1,1,30,89.635,1
16,1,30,1,2389,0,11,31,2,1,2,25,0.0,1
13,0,23,0,6008,21,6,33,3,1,1,45,49.163,1
15,1,29,0,771,18,24,0,2,1,1,30,71.598,1
34,0,30,0,910,0,9,9,3,1,1,25,0.0,1
34,1,29,0,2381,28,7,8,2,1,2,30,0.0,1
9,1,41,0,0,13,19,14,2,1,2,30,54.68,1
15,0,24,2,4366,22,8,24,2,1,1,30,0.0,1
4,0,19,0,4191,20,10,1,2,1,1,30,60.366,1
5,1,29,4,0,24,10,9,4,1,2,25,79.788,1
13,0,34,2,2493,19,12,18,3,1,2,30,173.589,1
34,0,29,0,2348,13,5,8,3,1,2,30,64.266,1
27,0,26,2,2512,8,14,19,3,1,2,30,328.44,1
31,0,33,0,4416,19,32,2,2,1,2,25,263.963,1
9,0,32,0,2269,22,21,24,4,1,2,25,0.0,1
0,1,25,2,1933,72,1,48,2,1,2,25,220.435,1
13,1,27,1,204,49,0,24,4,1,1,25,268.464,1
5,1,3,0,6008,58,35,48,2,1,2,30,13.913,1
20,0,36,1,2438,0,29,5,3,1,2,30,23.786,1
3,0,45,0,32,13,39,4,2,1,2,30,126.392,1
0,0,28,0,410,27,12,28,3,1,2,25,261.724,1
27,1,35,0,4117,17,36,8,3,1,2,25,145.059,1
30,0,25,3,2754,7,3,11,4,1,2,30,143.294,1
8,1,33,0,1397,67,13,27,3,1,1,45,16.504,1
30,1,24,0,4645,41,17,7,3,1,2,25,201.196,1
10,0,29,0,2176,58,32,14,3,1,1,45,166.876,1
28,0,30,2,1863,13,26,30,3,1,2,55,102.788,1
8,1,30,0,2740,11,32,25,3,1,2,25,0.0,1
14,0,37,0,1631,29,4,10,4,1,1,25,0.0,1
23,0,29,0,1438,21,9,0,2,1,2,45,85.38,1
10,1,23,0,3219,60,24,6,2,1,2,45,0.0,1
2,0,33,0,1932,10,33,3,3,1,2,25,123.841,1
10,0,38,0,6008,20,19,8,2,1,2,25,0.0,1
12,1,44,0,318,14,38,25,4,1,1,25,295.605,1
2,0,22,0,3607,15,15,12,2,1,1,55,468.577,1
10,0,28,0,681,11,51,38,3,1,2,25,124.536,1
3,0,27,0,3209,60,20,0,4,1,2,25,21.402,1
17,1,27,0,882,9,49,15,3,1,1,30,91.936,1
0,0,37,0,670,19,28,42,3,1,2,30,0.0,1
19,1,39,0,2594,53,69,19,3,1,2,30,62.934,1
20,0,33,0,118,20,13,37,3,1,1,25,90.711,1
14,1,24,0,689,22,24,6,4,1,2,25,34.695,1
0,0,32,0,220,61,12,0,3,1,2,30,75.76,1
14,1,33,0,2223,71,58,2,4,1,2,30,168.464,1
17,0,29,0,4329,5,73,18,4,1,2,30,220.167,1
6,1,25,0,1692,0,19,48,3,1,2,25,160.182,1
8,1,36,0,2519,11,19,15,2,1,1,45,88.131,1
20,0,32,2,1563,4,6,16,2,1,2,30,0.0,1
2,0,45,0,4665,12,7,22,2,1,1,30,0.0,1
5,0,32,0,3456,14,6,8,3,1,2,25,6.789,1
2,0,34,0,3823,16,0,29,2,1,1,25,0.0,1
7,0,28,0,4396,69,36,5,3,1,1,45,16.627,1
22,1,35,2,1616,11,35,11,3,1,2,30,59.97,1
24,1,28,2,4323,62,36,13,2,1,1,30,74.635,1
18,0,41,0,2967,58,70,9,4,1,1,30,56.273,1
11,1,5,0,3808,13,0,33,3,1,2,30,5.997,1
34,0,35,2,4432,62,34,17,2,1,2,30,236.313,1
34,0,36,1,1108,23,22,11,3,1,2,30,0.0,1
22,0,29,0,1619,64,3,13,2,1,2,45,0.0,1
0,0,26,0,1073,27,7,21,4,1,2,30,39.225,1
1,1,40,1,2648,10,10,7,3,1,1,30,228.914,1
6,0,26,3,4137,65,42,17,3,1,1,25,35.098,1
31,1,24,1,3288,45,24,3,2,1,2,25,0.0,1
12,1,28,0,4036,41,57,22,4,1,1,25,462.519,1
6,0,39,0,6008,23,0,2,3,1,1,30,0.0,1
15,1,36,3,4138,55,0,3,2,1,2,30,319.954,1
15,1,39,0,2191,19,19,1,4,1,1,30,19.722,1
34,0,37,1,2164,100,3,16,2,1,2,45,99.268,1
21,0,39,0,3630,70,35,12,3,1,2,30,455.51,1
10,0,34,0,2624,14,67,0,2,1,2,30,0.0,1
34,1,38,0,2641,7,50,7,2,2,2,30,130.072,1
30,0,31,0,4393,40,41,11,4,1,1,30,110.622,1
9,0,37,0,808,24,25,0,2,1,2,45,7.201,1
25,1,33,1,3577,24,48,5,3,1,2,30,18.778,1
3,0,34,1,1079,59,8,20,2,1,1,30,363.975,1
23,0,32,4,2426,18,4,8,2,2,2,30,0.0,1
8,0,23,1,147,53,27,32,4,1,2,25,80.804,1
9,0,37,0,436,20,28,29,3,1,2,30,0.445,1
12,0,35,2,1501,48,48,0,4,1,2,30,506.524,1
34,0,34,0,3140,45,6,5,2,1,2,30,9.509,1
25,1,27,2,3768,43,3,22,2,1,2,25,0.0,1
19,0,24,1,2868,5,10,3,3,1,2,30,0.0,1
34,1,25,0,906,19,10,13,2,1,2,25,0.0,1
1,0,29,0,953,20,11,31,3,1,1,30,42.427,1
7,0,24,1,1564,2,7,6,2,1,2,45,76.212,1
10,0,32,0,1956,0,45,0,3,1,2,55,146.601,1
15,0,31,0,2128,29,78,12,4,1,2,30,4.588,1
12,0,36,0,6008,72,55,4,2,1,2,30,80.026,1
23,1,30,0,4409,14,41,0,3,1,1,30,148.854,1
15,0,28,0,1847,20,59,47,3,1,1,30,56.099,1
16,0,3,0,1810,0,8,25,2,1,2,30,84.543,1
10,1,27,0,2246,7,34,11,3,1,1,30,297.112,1
34,0,36,0,978,25,6,3,2,1,1,25,126.343,1
25,1,22,0,3953,17,11,21,4,1,2,30,230.887,1
3,1,12,0,532,6,2,0,4,1,2,25,5.039,1
14,0,32,0,426,16,3,15,3,1,2,45,218.851,1
5,1,43,0,2025,4,50,19,2,1,1,25,20.906,1
2,0,28,0,0,68,21,1,2,1,1,25,125.102,1
34,0,30,0,1815,27,2,0,2,1,1,25,169.152,1
16,0,23,0,607,0,0,35,3,1,1,55,403.884,1
4,0,26,0,875,28,40,7,3,1,2,30,12.618,1
1,0,38,0,332,3,48,0,2,1,1,30,0.0,1
12,0,40,0,3707,67,4,25,3,1,2,45,0.0,1
34,1,27,0,3765,10,23,20,2,1,1,45,120.016,1
19,0,24,0,869,25,0,6,2,1,2,25,21.729,1
3,1,24,0,598,95,5,25,2,1,2,25,0.0,1
14,0,37,2,568,16,3,36,3,1,2,45,246.806,1
20,0,30,2,1824,6,61,3,3,1,1,30,38.58,1
2,1,27,0,1471,68,18,11,3,1,2,30,17.629,1
34,1,31,0,5363,26,0,6,2,1,2,25,10.302,1
34,0,30,0,1953,25,23,13,2,1,2,30,5.177,1
19,1,24,0,2408,65,9,22,3,1,2,25,0.0,1
9,0,23,0,1656,11,6,22,3,1,2,25,0.0,1
12,1,39,1,1037,44,19,26,4,1,1,25,118.596,1
12,0,25,0,273,28,10,48,2,1,2,30,0.0,1
9,1,31,1,2827,12,11,2,2,2,2,45,125.039,1
19,0,32,0,3242,43,10,16,3,1,2,25,181.111,1
27,0,26,0,3360,16,6,48,3,2,2,45,138.806,1
17,1,44,0,3477,71,149,20,2,1,2,25,77.525,1
10,1,23,0,3770,0,11,27,2,1,2,30,0.0,1
30,0,32,0,319,18,9,48,2,1,2,30,105.427,1
12,0,24,0,87,63,42,17,3,1,2,25,2.641,1
0,0,35,0,2232,27,5,3,2,1,2,30,116.814,1
33,0,38,0,3513,64,5,0,3,1,1,25,0.355,1
29,0,24,0,6008,7,17,20,4,1,2,30,290.85,1
29,0,39,2,1581,0,20,0,3,1,1,25,0.0,1
16,1,36,0,3693,58,20,0,3,1,2,25,1.871,1
34,1,32,0,1313,10,21,3,3,1,2,30,61.048,1
30,1,41,0,586,25,34,14,3,1,1,25,288.359,1
34,1,25,1,832,24,25,24,2,1,2,45,166.587,1
13,0,29,2,6008,8,0,36,3,1,2,30,41.777,1
21,0,27,0,0,18,3,15,3,1,2,45,280.556,1
34,0,23,0,1945,77,11,3,4,1,1,30,208.091,1
19,1,3,0,308,36,5,6,2,1,2,30,0.0,1
16,0,39,0,2602,45,44,30,3,1,2,25,208.29,1
8,1,34,1,5136,44,36,8,3,1,1,30,138.608,1
15,1,29,1,2225,52,29,15,2,1,2,25,0.0,1
21,0,30,2,1989,65,5,7,2,1,2,25,0.0,1
13,0,27,0,683,68,77,0,5,1,2,25,0.0,1
11,0,33,0,0,11,10,39,2,1,2,30,327.26,1
34,0,25,0,1740,73,57,22,5,1,1,25,103.511,1
12,1,33,0,3081,30,13,32,3,1,1,45,86.069,1
31,0,37,0,2466,52,15,5,3,1,1,30,0.0,1
34,0,37,0,805,28,27,1,3,1,2,45,322.435,1
23,0,39,0,2619,63,4,13,3,1,2,30,158.912,1
21,0,25,0,3065,0,11,25,3,1,1,30,54.623,1
2,0,31,0,3965,18,25,7,2,1,2,45,41.245,1
4,0,29,0,3959,72,5,16,4,1,2,30,0.0,1
18,0,25,0,3363,71,0,8,3,1,2,30,20.754,1
15,0,32,0,6008,19,58,41,3,1,2,30,294.507,1
9,0,29,0,2159,33,11,29,3,1,1,30,0.0,1
4,1,39,0,2771,22,64,12,2,1,1,25,213.074,1
3,0,36,1,6008,65,26,44,3,1,2,30,8.027,1
2,1,26,0,1474,74,24,30,4,1,2,25,141.781,1
20,0,28,0,757,61,35,11,2,1,2,45,31.925,1
2,0,31,2,682,17,0,41,3,1,2,30,113.968,1
17,0,30,1,3273,63,26,25,3,1,2,30,44.886,1
17,1,34,1,3064,14,65,0,2,1,2,30,26.952,1
17,1,31,0,6008,0,49,4,3,1,2,30,28.239,1
27,1,37,0,0,18,41,24,3,1,1,25,40.078,1
13,0,28,0,2461,21,33,48,2,1,2,55,257.489,1
2,1,36,0,3305,51,0,1,3,1,1,30,0.0,1
29,1,38,0,3929,49,7,35,2,1,2,30,9.11,1
34,1,35,3,2074,100,3,7,3,1,1,30,0.0,1
13,0,24,0,4218,2,10,13,3,1,1,45,83.442,1
2,1,44,4,6008,26,14,0,3,1,2,25,501.599,1
6,0,3,0,326,15,16,43,2,1,1,25,66.036,1
34,0,28,0,1198,12,8,14,2,1,1,25,149.395,1
13,1,29,0,1304,8,71,18,3,1,2,30,123.486,1
14,0,27,1,284,36,52,9,3,1,2,30,0.0,1
22,0,25,1,0,25,31,4,2,1,1,25,0.0,1
34,0,37,0,684,6,31,8,3,1,1,30,176.266,1
6,0,27,0,1080,3,13,34,2,1,1,25,67.304,1
31,1,34,0,1335,8,46,12,2,1,2,25,142.471,1
34,0,31,0,790,9,10,28,3,1,1,25,0.0,1
10,1,31,0,2303,69,9,1,3,1,1,25,88.088,1
27,1,7,0,1918,8,22,10,3,1,2,30,60.978,1
24,0,29,0,0,18,204,16,4,2,1,25,69.996,1
12,1,32,0,2307,17,8,34,2,1,2,25,12.546,1
10,0,34,3,5060,2,39,24,2,1,2,30,161.802,1
24,1,28,0,1598,27,8,2,3,1,2,30,0.0,1
7,0,24,0,2694,53,23,5,3,1,1,55,29.429,1
4,0,29,0,1441,25,22,31,2,1,2,45,439.539,1
25,0,37,1,5694,24,9,10,4,1,2,30,30.784,1
15,0,34,0,1278,59,22,42,3,1,2,45,140.016,1
34,0,23,0,2239,0,9,48,3,1,2,25,0.0,1
11,1,36,0,1939,20,20,0,2,1,2,45,0.0,1
34,1,29,3,2509,35,2,17,3,1,1,30,189.728,1
0,0,30,0,3517,35,6,24,2,1,1,30,0.0,1
32,0,3,0,1099,16,4,4,3,1,1,30,22.657,1
3,0,44,1,561,74,3,7,3,1,1,30,157.225,1
25,1,42,0,1934,17,3,33,3,2,1,30,0.0,1
11,0,36,0,1832,100,27,22,3,1,2,25,27.715,1
7,0,25,0,3146,13,7,17,2,1,2,30,66.38,1
11,0,28,0,3347,18,10,48,3,1,1,30,5.112,1
9,1,27,0,1607,100,0,11,3,1,1,30,0.0,1
11,1,34,0,2854,17,8,0,2,1,2,55,7.158,1
7,0,44,0,1371,35,37,24,2,1,1,55,168.222,1
13,0,33,0,4464,44,29,4,2,1,2,30,37.149,1
14,1,33,1,6008,21,8,5,3,1,2,30,362.888,1
34,0,34,1,4481,0,19,3,4,1,2,30,47.855,1
12,0,37,0,2747,28,20,8,3,1,1,25,0.0,1
11,1,30,0,2386,1,18,13,4,1,2,45,2.934,1
12,0,26,0,1828,14,9,47,3,1,2,30,72.998,1
17,1,6,0,1174,44,2,22,3,1,2,30,0.0,1
7,0,31,1,1093,19,0,12,2,1,1,25,90.941,1
14,0,28,0,4265,64,62,7,4,1,1,30,140.925,1
3,0,36,0,418,57,12,0,2,1,2,30,353.168,1
18,1,36,0,3007,55,0,9,2,1,2,25,19.395,1
34,1,40,0,1909,100,7,39,3,1,2,25,208.187,1
30,0,31,0,2496,0,84,1,4,2,2,30,92.449,1
21,1,31,2,6008,49,80,12,3,1,2,30,188.515,1
22,1,30,0,2840,64,21,11,4,1,2,25,24.729,1
9,0,28,2,3885,44,5,11,4,1,2,25,140.859,1
29,0,27,0,2304,5,4,16,3,1,2,30,0.0,1
16,0,40,3,4609,11,7,20,2,1,2,45,237.532,1
14,0,28,0,2840,2,2,30,4,1,2,30,97.207,1
24,0,45,0,4106,62,7,11,2,1,2,25,0.0,1
13,1,39,0,2543,68,5,17,3,1,2,30,0.0,1
34,0,28,1,518,13,6,23,2,1,2,30,60.588,1
16,1,30,0,6008,61,7,12,2,1,1,30,60.914,1
24,0,45,0,2964,47,14,7,4,1,2,25,126.517,1
18,1,27,0,1171,2,10,29,2,1,1,30,51.052,1
1,0,40,0,197,14,39,11,3,1,1,30,10.226,1
15,0,29,0,0,39,42,11,3,1,1,25,7.018,1
19,1,35,0,6008,47,7,25,2,1,2,45,47.739,1
1,1,34,0,2708,23,10,1,2,1,2,45,0.0,1
6,0,32,1,1035,3,32,26,5,1,1,30,243.457,1
20,0,35,0,2627,13,2,0,3,1,2,30,209.616,1
9,0,26,2,2270,6,14,32,2,1,2,30,0.0,1
4,0,38,0,2688,10,27,11,3,1,2,45,0.0,1
1,1,3,0,3806,10,23,10,4,1,2,25,0.0,1
18,0,28,0,209,13,9,7,3,1,1,25,72.005,1
8,0,28,1,589,14,17,41,2,1,1,25,0.0,1
7,1,35,1,0,10,14,9,4,1,1,25,0.0,1
32,1,42,1,3155,15,32,6,3,1,2,25,130.67,1
4,0,34,0,3105,48,31,12,3,1,1,25,91.512,1
0,1,23,0,1283,25,40,15,2,1,2,45,86.353,1
7,0,44,0,888,43,83,0,3,1,2,30,101.818,1
11,1,27,0,647,79,7,19,2,1,1,30,0.0,1
30,1,29,0,1053,18,38,18,3,1,2,30,198.791,1
2,0,28,0,243,100,39,0,3,1,2,45,57.192,1
14,0,29,0,0,5,5,27,2,1,2,25,362.538,1
5,0,38,0,4297,16,7,16,2,1,1,45,0.0,1
6,0,31,0,4059,25,33,19,3,2,1,25,41.559,1
25,1,26,0,1432,55,3,5,4,1,2,25,0.0,1
0,1,43,0,766,61,6,1,3,1,2,30,0.0,1
5,1,25,0,0,6,5,0,2,1,2,30,67.619,1
10,0,23,0,3710,75,0,8,3,1,1,45,161.332,1
8,0,26,1,332,44,0,23,3,2,2,25,36.274,1
3,1,28,1,3086,71,24,17,3,1,1,45,0.0,1
16,0,26,0,0,2,29,34,3,1,2,30,0.0,1
9,0,33,0,1760,53,67,20,2,1,1,45,113.581,1
13,0,25,2,56,68,15,5,3,1,1,45,0.0,1
14,1,32,1,6008,20,5,9,3,1,2,30,37.457,1
5,1,3,0,5376,19,49,24,3,1,2,25,83.104,1
21,1,24,0,1229,76,11,31,3,1,2,25,123.938,1
15,0,33,0,2410,26,1,5,3,1,2,25,136.424,1
34,1,37,0,2015,58,30,16,2,1,2,25,53.638,1
4,0,25,0,221,12,7,0,5,1,2,25,88.386,1
17,1,25,0,2084,13,10,0,2,1,1,30,85.884,1
13,1,32,0,2684,7,52,0,3,1,2,30,87.04,1
6,1,25,4,787,18,2,3,3,1,1,30,10.229,1
1,0,29,0,0,17,26,13,3,1,1,30,0.0,1
18,1,32,0,3499,0,0,37,3,1,2,30,201.536,1
0,1,30,0,3324,6,3,29,3,1,1,25,6.218,1
22,0,8,0,900,26,63,0,3,1,1,30,422.513,1
15,0,38,0,1680,28,15,0,2,1,1,30,0.0,1
34,0,31,0,76,8,15,0,2,1,2,25,0.0,1
24,1,25,0,1300,21,8,21,3,1,1,30,63.22,1
33,1,24,4,297,0,63,0,3,1,2,45,0.0,1
6,0,31,0,2121,68,9,12,3,1,1,30,74.463,1
13,0,5,0,2680,2,0,0,3,1,2,25,162.171,1
16,0,24,0,2256,17,29,5,4,1,1,45,0.0,1
9,0,33,0,3596,24,160,43,4,1,2,30,94.341,1
13,1,33,0,2383,25,0,7,2,1,2,25,55.431,1
6,1,28,0,3527,62,7,2,3,1,1,30,13.039,1
0,1,28,0,1804,25,0,26,4,1,2,25,303.913,1
18,0,29,0,1129,4,72,12,3,1,2,25,61.603,1
30,1,30,0,1486,54,9,23,4,1,2,30,176.386,1
1,0,29,3,1652,73,15,0,3,1,2,30,83.529,1
4,0,33,0,4557,64,7,17,5,1,1,30,53.201,1
6,1,37,0,4464,79,0,40,3,1,1,25,30.797,1
9,1,32,0,663,5,31,33,4,1,2,25,113.282,1
25,0,38,0,1017,58,16,3,2,1,2,30,330.899,1
0,0,25,0,695,42,20,22,2,1,2,30,85.524,1
20,1,38,0,2677,47,59,28,3,1,2,30,16.537,1
17,0,34,0,3340,17,122,15,5,2,1,25,132.584,1
3,1,29,0,334,29,7,1,2,1,2,30,92.217,1
9,0,26,0,0,5,0,43,3,1,2,30,0.0,1
15,1,23,2,2151,12,7,6,2,1,1,25,28.615,1
10,0,25,3,3442,10,9,6,2,1,1,30,39.708,1
10,1,38,0,1531,33,39,23,3,1,1,25,326.387,1
22,1,26,2,2734,50,15,19,3,1,1,25,42.723,1
19,0,35,0,2714,20,11,1,2,1,2,45,17.794,1
17,0,24,0,668,28,9,6,4,1,2,30,0.0,1
13,1,31,0,794,50,45,9,4,1,1,30,451.288,1
18,0,28,0,1528,21,11,9,3,1,2,30,47.511,1
2,1,3,0,1341,44,11,28,2,1,1,45,31.594,1
3,0,16,0,2386,13,23,21,2,1,1,25,0.0,1
7,0,43,0,1069,12,10,21,2,1,1,45,1.835,1
3,0,24,0,2168,15,21,5,3,1,1,45,0.0,1
34,0,27,0,843,23,2,7,2,1,1,55,123.582,1
24,0,37,0,221,10,18,25,2,1,2,25,449.267,1
12,1,27,0,1620,0,6,21,3,1,1,30,45.842,1
9,1,34,1,1534,55,9,48,2,1,2,45,59.201,1
12,1,27,1,1566,19,39,4,4,1,2,30,72.91,1
25,0,26,0,2237,7,8,21,3,1,2,30,123.794,1
32,0,27,0,636,26,28,5,3,1,1,30,28.529,1
26,0,23,0,965,13,7,8,4,1,1,30,93.794,1
34,0,23,0,864,11,8,9,3,1,2,25,0.0,1
6,1,30,0,995,22,12,0,2,1,2,30,22.032,1
5,0,27,0,2559,58,8,14,2,1,1,30,137.87,1
2,0,7,0,932,11,9,4,2,1,1,25,30.151,1
23,0,42,1,1372,17,49,8,3,1,2,30,105.806,1
13,1,38,0,1849,17,9,23,2,2,2,45,167.798,1
6,0,28,1,835,79,11,7,3,1,2,25,81.047,1
28,1,36,0,1373,60,5,0,4,1,1,25,32.636,1
12,1,30,0,3008,63,11,14,2,1,2,45,170.376,1
34,0,29,0,1163,14,4,29,2,1,2,25,0.0,1
25,1,27,0,2241,58,29,0,3,1,2,25,0.0,1
14,1,36,2,2578,54,31,11,3,1,2,45,122.962,1
3,1,39,0,2233,45,46,10,2,1,1,45,53.828,1
20,1,44,2,3643,67,69,1,3,1,2,30,0.0,1
2,0,38,0,3332,20,48,33,3,1,2,30,0.0,1
13,0,39,0,3138,3,20,39,5,1,2,45,987.255,1
5,0,30,0,815,12,8,22,3,1,2,45,45.754,1
12,0,37,2,1202,15,1,18,2,1,1,55,15.373,1
7,0,27,2,2354,26,14,3,4,1,2,25,53.703,1
13,0,31,0,863,77,10,16,3,1,2,25,293.127,1
24,0,41,1,1169,18,38,5,3,1,1,30,92.268,1
1,0,34,0,6008,44,30,30,2,1,2,30,0.0,1
21,1,25,1,1000,24,28,23,3,1,2,30,11.568,1
9,1,29,2,373,42,72,25,2,1,2,45,175.864,1
23,0,33,0,3272,15,34,8,2,1,2,45,22.643,1
24,1,26,0,1239,28,35,21,3,1,1,25,29.81,1
5,0,25,2,161,67,5,31,3,1,1,25,40.562,1
19,0,25,0,1616,45,10,8,3,1,2,25,125.831,1
6,0,37,0,3805,20,4,0,2,1,1,30,219.153,1
15,0,25,0,873,12,27,35,3,2,2,30,0.0,1
34,0,31,0,0,6,129,0,3,1,1,30,129.143,1
5,0,34,0,269,20,13,0,3,1,1,30,0.0,1
20,0,30,0,3553,6,10,3,2,1,2,30,321.151,1
12,1,28,0,2325,100,10,1,4,1,1,25,54.189,1
22,0,35,0,2801,42,55,17,3,1,1,30,296.401,1
14,0,36,1,1417,18,4,3,2,1,2,30,0.0,1
4,1,37,0,1972,16,20,0,4,1,1,30,48.947,1
4,1,36,0,2231,0,11,17,4,1,2,25,59.679,1
12,0,29,1,2720,61,14,20,4,1,2,45,73.612,1
11,1,31,1,3434,100,4,29,5,1,2,30,15.247,1
34,0,32,0,3319,8,11,26,4,1,2,25,0.0,1
10,0,29,0,3354,26,17,9,3,1,2,25,0.0,1
34,0,35,0,4474,6,50,1,3,1,1,55,0.0,1
34,0,36,1,2531,0,3,0,2,2,1,25,16.224,1
1,0,26,0,821,63,27,4,2,1,1,25,0.0,1
22,0,24,0,4420,10,10,44,2,1,2,30,148.339,1
23,1,26,0,1501,39,0,11,3,1,2,30,14.77,1
20,0,39,1,2767,40,32,0,2,1,2,55,102.158,1
6,0,29,0,2674,55,5,16,3,1,1,30,233.05,1
14,0,36,0,6008,14,15,17,2,1,2,45,198.455,1
22,0,34,1,2576,13,33,0,3,1,1,25,64.219,1
3,0,32,1,1438,72,0,7,2,1,1,45,22.412,1
4,1,29,0,6008,6,9,25,3,1,2,30,36.398,1
20,0,43,0,3153,6,9,4,3,1,1,30,987.255,1
3,1,30,0,0,58,14,0,2,1,2,45,361.044,1
7,0,35,2,4141,23,6,27,3,1,1,30,778.506,1
26,0,32,0,899,0,16,9,3,1,2,30,0.0,1
3,0,37,0,6008,21,10,16,3,1,2,30,88.191,1
34,1,3,0,405,15,8,8,2,1,1,25,43.022,1
23,0,26,1,6008,2,14,20,2,1,2,45,77.775,1
19,0,41,0,4733,46,35,30,3,1,2,30,0.0,1
0,0,29,0,1911,60,7,0,4,1,2,30,58.155,1
20,1,31,2,381,53,15,0,3,1,2,25,0.0,1
17,0,35,0,2024,12,0,24,3,1,2,45,1.724,1
20,0,34,0,5985,29,10,6,2,1,2,45,159.864,1
20,0,30,0,0,15,41,0,3,1,2,45,0.0,1
21,0,10,0,3025,34,5,20,3,1,1,25,0.0,1
4,0,29,0,0,28,8,1,4,1,2,30,180.995,1
5,0,5,0,1533,9,10,3,4,1,2,30,0.0,1
22,0,26,1,2066,43,2,15,5,1,2,30,31.822,1
29,0,12,0,4675,18,7,8,2,1,1,30,109.008,1
10,0,28,0,3642,53,0,7,3,1,2,45,223.085,1
16,0,29,0,579,58,30,14,3,1,2,25,43.907,1
16,1,7,1,1365,21,0,25,3,1,1,30,11.822,1
29,0,4,0,1983,42,37,16,2,1,1,25,211.584,1
24,0,41,2,3566,64,2,8,2,1,2,25,141.0,1
1,0,25,0,1922,37,61,18,2,1,1,30,75.16,1
1,0,23,0,1876,40,29,22,2,1,2,25,81.284,1
19,0,32,0,349,64,0,12,3,1,2,25,175.136,1
3,0,30,0,6008,7,62,13,3,1,2,30,0.0,1
5,1,33,0,2582,30,30,22,3,1,2,25,105.747,1
22,1,42,0,1945,63,32,7,3,1,1,30,111.661,1
8,0,23,0,1017,100,8,6,2,1,2,30,268.637,1
19,0,23,2,2474,18,0,10,2,1,2,30,0.0,1
19,1,34,0,889,59,15,23,4,2,2,45,819.736,1
8,1,3,0,1250,20,204,6,3,1,2,25,163.218,1
11,0,36,1,4143,15,9,29,3,1,1,25,50.853,1
23,0,37,0,6008,27,14,0,2,1,1,30,0.0,1
31,0,28,0,1893,21,15,15,3,1,1,30,0.0,1
2,0,38,0,6008,11,8,27,3,1,1,30,0.0,1
0,0,32,0,2257,9,17,38,3,1,1,30,236.186,1
31,0,24,0,3461,100,0,0,2,1,1,25,33.096,1
11,1,25,1,1417,25,5,9,3,1,1,30,29.938,1
10,0,3,0,1451,41,25,19,3,1,1,45,259.117,1
18,0,26,1,2708,27,3,13,2,1,1,25,0.0,1
34,1,26,0,2357,14,15,45,3,1,2,30,203.251,1
5,1,29,0,0,48,25,3,2,1,1,30,0.0,1
10,0,30,0,3102,92,25,0,2,1,2,45,164.008,1
8,0,11,0,973,17,32,0,3,1,2,30,77.35,1
34,0,35,1,648,26,10,18,3,1,1,30,147.191,1
23,1,35,0,2239,35,13,13,2,1,2,45,294.973,1
15,0,43,0,2295,33,25,13,3,1,1,25,53.639,1
27,0,39,0,1106,53,16,6,4,1,2,25,100.701,1
3,0,40,3,1516,8,17,11,4,1,2,30,331.727,1
3,0,33,2,1725,19,26,26,3,1,1,25,69.554,1
29,1,29,0,2484,30,13,0,3,1,1,30,175.148,1
29,0,37,0,2443,6,196,4,4,1,1,45,0.0,1
19,0,38,0,0,19,9,35,2,1,2,25,0.0,1
9,0,30,0,3418,4,66,21,4,1,2,30,0.0,1
25,0,29,0,721,28,24,8,2,1,2,30,269.778,1
18,0,29,1,2726,32,5,23,2,1,1,25,194.531,1
11,0,33,0,3453,70,3,7,3,1,2,25,52.789,1
29,0,22,0,1780,61,33,44,4,1,2,25,6.066,1
1,0,30,0,292,6,74,25,3,1,2,30,85.507,1
12,0,26,0,1206,0,32,11,2,1,2,25,227.656,1
9,1,41,0,456,27,12,11,2,1,1,25,0.0,1
0,1,29,0,2751,74,0,2,3,1,1,30,0.0,1
15,1,34,1,1365,100,21,21,4,1,2,30,84.645,1
22,0,30,0,2775,71,0,18,2,1,1,25,0.0,1
1,0,22,0,2125,63,10,0,2,1,2,30,113.293,1
12,0,24,0,500,50,7,0,2,1,2,30,45.15,1
19,1,29,0,660,44,27,10,3,1,1,30,67.545,1
4,0,29,3,436,23,1,31,4,1,1,25,0.0,1
17,1,40,0,922,23,17,12,3,1,2,25,0.0,1
23,1,26,1,1849,9,9,19,3,1,2,30,113.817,1
18,1,27,1,3224,2,22,29,3,1,1,25,188.956,1
34,1,29,0,1457,23,4,1,3,1,1,55,0.0,1
18,0,36,1,645,31,18,9,4,1,1,45,201.36,1
3,0,10,2,3393,1,53,2,2,1,1,30,0.0,1
24,1,27,0,4562,19,29,16,3,1,2,25,375.732,1
1,1,41,2,3133,19,18,22,2,1,2,25,64.429,1
11,1,35,1,2223,0,17,13,4,1,2,30,230.03,1
3,1,25,1,2203,14,40,13,2,1,2,30,186.196,1
10,1,29,2,449,14,13,28,4,1,1,30,70.715,1
2,0,29,0,3172,13,0,7,4,1,2,25,0.0,1
16,0,28,0,3412,0,19,20,2,1,2,30,77.411,1
3,1,34,0,1103,20,50,18,3,1,1,25,470.637,1
16,1,41,0,478,48,16,0,2,1,1,30,0.0,1
13,1,32,0,1363,2,0,21,2,1,2,30,0.0,1
19,1,29,0,2540,3,2,22,2,1,1,25,275.461,1
13,1,39,0,1815,79,7,4,4,1,2,45,136.07,1
34,1,38,0,6008,24,25,15,3,1,1,25,97.941,1
19,0,26,0,2346,12,74,47,2,1,2,25,60.845,1
12,1,27,0,2935,54,9,5,2,1,2,30,53.411,1
34,0,38,0,2541,24,1,0,3,1,2,55,0.0,1
34,0,30,1,6008,20,69,31,4,1,1,45,0.0,1
3,0,3,0,842,32,5,2,3,1,1,25,60.086,1
2,1,28,0,1814,70,2,17,2,1,2,30,45.964,1
13,1,18,2,1424,63,38,46,3,1,2,30,180.862,1
6,0,27,0,468,56,5,5,3,1,1,25,171.331,1
0,0,38,0,798,25,24,3,4,1,2,30,95.1,1
2,0,31,0,1483,13,27,11,3,1,2,30,222.42,1
18,0,35,0,4595,64,17,25,3,1,1,30,50.383,1
0,0,31,0,2657,61,72,9,2,1,2,30,0.0,1
2,0,31,0,3028,63,20,40,2,1,2,45,124.155,1
28,0,28,0,1554,22,32,12,3,1,1,25,0.0,1
19,0,28,0,3397,86,17,20,2,1,2,30,120.0,1
34,1,29,0,2697,16,11,20,3,1,2,45,184.839,1
18,1,37,0,1014,15,46,12,3,1,1,45,78.026,1
9,0,34,0,2526,21,11,13,3,1,1,30,0.0,1
16,1,27,0,1102,19,17,22,2,1,2,55,84.833,1
34,1,29,0,0,19,27,22,3,1,1,25,0.0,1
12,1,23,0,658,100,3,13,2,1,2,25,130.371,1
34,0,25,0,767,20,1,2,3,1,2,25,71.643,1
34,0,30,1,3720,68,30,37,2,1,1,25,29.092,1
3,1,30,0,855,15,47,0,3,1,2,30,66.899,1
13,0,36,0,927,67,12,20,4,1,2,30,314.664,1
27,1,28,0,641,23,31,7,3,1,2,25,0.0,1
13,0,37,0,539,65,25,3,4,1,1,30,68.574,1
1,0,23,0,1795,22,24,23,3,1,1,25,27.186,1
17,1,30,0,3963,23,17,20,3,1,2,30,0.0,1
13,1,3,0,3766,100,22,31,4,1,2,25,58.223,1
2,0,31,3,3484,23,67,22,3,1,2,45,0.0,1
3,0,26,0,6008,36,33,19,4,1,2,45,65.162,1
24,0,35,0,665,10,25,27,3,1,2,30,0.0,1
12,1,24,3,1119,9,0,4,3,1,2,25,15.846,1
12,1,31,3,624,0,46,37,2,1,1,25,4.443,1
33,0,28,0,2789,0,4,26,3,1,1,55,181.157,1
32,0,35,0,724,53,55,15,4,2,2,45,156.197,1
17,1,29,0,2215,58,29,13,4,1,2,55,32.471,1
2,0,32,1,2434,31,51,20,3,1,2,25,219.633,1
7,0,24,0,71,14,62,40,3,1,1,25,122.231,1
14,0,27,0,2021,32,0,22,3,1,2,30,21.607,1
13,1,34,0,799,13,41,22,2,1,2,30,121.524,1
21,1,28,1,3695,0,3,23,2,1,2,45,36.875,1
14,0,24,0,1130,20,4,1,2,1,1,45,23.823,1
0,0,26,0,419,0,13,27,3,1,2,30,5.725,1
13,0,37,0,6008,51,28,6,2,1,1,30,248.784,1
2,0,24,0,1457,17,7,22,3,1,2,30,0.0,1
5,0,34,0,0,70,33,4,3,1,2,30,27.629,1
34,0,32,3,713,69,11,5,3,1,1,25,73.666,1
27,1,30,1,890,45,2,11,2,1,2,30,0.0,1
8,0,30,0,3993,97,33,28,4,1,2,30,0.0,1
1,0,31,1,2801,57,42,4,4,1,1,30,164.061,1
4,0,23,0,3154,7,4,32,3,1,2,30,0.0,1
8,0,29,0,1340,42,6,36,2,1,2,25,0.0,1
15,0,32,0,6008,25,32,20,4,1,1,25,0.0,1
20,0,36,0,3202,68,10,0,3,1,1,25,55.108,1
4,0,25,0,2956,28,39,2,2,1,2,30,0.0,1
22,0,30,0,808,58,32,5,3,1,1,25,137.093,1
21,0,32,0,433,3,34,29,2,1,1,30,179.459,1
4,0,33,3,1048,14,3,13,4,1,2,25,69.952,1
3,1,33,0,4166,18,4,30,3,1,2,30,0.0,1
6,0,25,0,1813,14,0,0,3,1,1,25,0.0,1
3,1,33,0,736,59,12,13,3,1,2,30,84.562,1
17,1,3,0,3310,58,32,22,2,1,2,45,434.941,1
4,0,31,0,3144,55,7,21,2,1,2,30,100.433,1
33,1,30,0,1073,11,17,4,3,1,1,30,105.718,1
27,0,32,0,2116,27,27,27,2,1,2,30,8.979,1
9,0,28,0,726,100,73,1,3,1,2,30,173.121,1
34,0,35,0,3565,26,28,6,4,1,2,45,0.0,1
9,0,33,0,1143,28,50,4,4,1,2,25,224.827,1
33,1,38,0,501,65,31,7,2,1,2,30,0.0,1
2,0,29,0,1825,0,1,31,3,1,1,25,77.735,1
24,0,40,0,1718,12,31,2,2,1,2,25,0.0,1
2,0,24,0,1004,5,0,13,3,2,2,25,69.974,1
8,0,32,2,6008,29,6,0,2,1,2,25,0.562,1
9,1,38,0,399,100,27,9,2,1,2,30,23.191,1
9,0,26,1,1849,66,11,12,2,1,2,25,27.351,1
13,0,25,0,2030,43,39,1,2,1,1,25,56.723,1
22,0,36,0,1029,1,13,16,2,1,2,25,198.017,1
14,0,16,1,6008,30,70,14,3,1,2,30,10.565,1
34,1,28,0,5331,76,2,5,3,1,2,30,177.113,1
12,0,35,0,6008,22,15,8,2,1,2,25,68.533,1
16,0,28,0,2193,4,3,28,3,1,2,30,126.428,1
34,1,40,2,869,30,11,20,4,1,2,30,464.427,1
21,0,38,1,4317,69,0,13,2,1,2,30,69.829,1
24,0,26,0,3707,13,13,0,2,1,2,45,44.854,1
14,0,34,0,3287,0,0,1,3,1,2,25,0.0,1
9,1,26,1,1428,8,15,4,3,1,2,45,199.177,1
21,0,34,0,2300,34,61,3,3,1,2,25,15.42,1
33,1,31,0,1597,15,38,26,3,1,2,30,122.335,1
1,1,25,1,2014,0,8,19,4,1,2,25,415.261,1
33,0,37,0,2295,20,55,27,4,1,1,30,187.502,1
6,1,3,0,2568,56,5,9,3,1,2,30,42.237,1
8,1,30,0,3283,21,33,18,2,1,1,25,97.779,1
1,0,32,1,506,30,26,16,4,1,1,45,306.703,1
2,0,38,0,815,53,29,2,3,1,2,30,158.188,1
18,1,39,1,1748,73,14,0,3,1,2,30,0.0,1
16,0,32,0,3848,2,41,48,3,1,1,45,0.0,1
24,1,31,0,1226,26,7,0,3,1,1,30,227.854,1
19,0,29,1,629,75,6,21,4,1,1,25,116.476,1
4,0,32,0,1082,18,33,2,2,1,2,45,247.774,1
21,0,29,0,3234,49,37,27,4,1,1,30,305.234,1
34,0,31,0,4016,9,57,0,3,1,2,25,67.717,1
34,0,26,0,3784,41,1,26,3,1,2,30,241.021,1
14,0,32,0,1730,29,9,0,4,1,2,45,158.132,1
8,0,31,0,2843,1,31,12,4,1,2,30,4.066,1
34,0,28,0,1430,55,21,3,4,1,2,25,18.62,1
28,0,44,0,4720,52,8,0,3,1,2,30,284.578,1
22,0,27,0,1328,0,1,4,3,1,1,30,18.805,1
12,1,3,0,2353,100,53,5,3,1,2,30,109.301,1
25,0,25,1,758,16,3,6,2,1,2,25,18.674,1
18,0,38,2,2347,31,57,0,2,1,2,30,0.0,1
34,1,35,0,2250,17,28,14,2,1,2,30,34.011,1
6,0,3,0,2198,0,5,20,4,1,2,30,0.0,1
22,0,29,0,1478,55,204,8,2,1,1,30,5.136,1
21,0,27,2,2966,45,5,6,5,1,2,45,0.0,1
1,0,29,0,1111,12,43,12,3,1,2,30,398.631,1
2,0,3,0,0,39,6,26,2,1,2,25,0.0,1
12,0,32,0,3170,13,8,10,2,2,2,25,66.189,1
3,0,34,0,2229,20,5,0,2,1,2,30,28.078,1
12,0,34,0,2358,55,44,2,2,1,1,30,0.0,1
34,1,23,0,2088,12,103,30,3,1,1,30,0.0,1
6,1,39,0,1507,48,36,2,3,1,2,25,0.0,1
18,1,45,0,4477,48,32,22,2,1,2,30,281.849,1
16,0,11,0,974,17,17,4,2,1,1,30,0.0,1
20,0,10,0,1568,100,1,33,4,1,1,25,0.0,1
6,1,29,1,853,24,13,0,4,1,2,30,11.014,1
2,1,38,0,0,18,10,33,3,1,2,55,0.0,1
6,0,38,0,4161,18,15,41,3,1,1,30,0.0,1
8,0,29,0,0,69,8,4,3,1,1,30,200.85,1
1,1,39,1,738,15,7,17,4,1,2,25,91.067,1
5,1,36,0,339,28,20,4,4,1,1,30,271.273,1
24,1,27,0,1645,16,17,4,3,1,2,30,19.577,1
21,0,29,0,4583,57,8,20,2,1,1,30,146.154,1
8,1,37,0,4542,14,5,40,3,1,2,30,23.025,1
6,0,30,2,4224,24,40,18,2,1,2,30,0.0,1
14,0,27,0,813,10,13,5,4,1,1,30,108.268,1
34,0,33,0,3817,4,29,13,3,1,2,30,0.0,1
1,0,32,0,1083,6,19,29,3,1,1,45,11.7,1
17,0,24,0,3277,19,31,27,3,1,2,55,99.923,1
17,1,42,0,917,17,21,10,2,1,2,30,60.997,1
0,1,29,1,2487,30,54,37,4,2,2,30,25.625,1
3,0,26,0,2814,16,52,19,3,1,1,30,251.564,1
20,0,37,0,3871,15,15,7,2,1,2,45,90.952,1
13,0,25,2,252,29,69,6,3,1,1,30,52.966,1
3,0,27,0,450,14,15,36,4,2,1,25,26.422,1
13,0,27,0,1066,23,49,3,2,1,1,30,0.647,1
34,0,33,0,1670,14,26,16,3,1,2,25,91.957,1
12,0,30,0,2929,12,39,7,2,1,1,25,0.0,1
34,1,28,0,2756,18,0,19,3,1,1,30,1.947,1
2,0,25,0,1148,15,4,8,3,1,1,25,0.0,1
7,0,36,0,2899,100,204,4,3,1,1,30,0.0,1
22,0,37,0,1514,12,4,21,3,1,2,25,135.142,1
16,0,40,0,6008,67,12,3,2,1,1,30,188.454,1
0,0,23,0,2343,30,35,22,2,1,1,25,192.051,1
20,1,31,0,6008,27,4,7,3,1,2,30,0.0,1
7,1,29,1,2856,33,12,7,2,1,2,25,0.0,1
17,0,41,0,2852,18,15,12,3,1,2,25,83.374,1
3,0,40,0,2840,74,31,1,3,2,2,25,259.8,1
13,1,28,0,2031,35,19,3,3,1,2,30,127.326,1
0,0,29,0,1794,10,16,4,3,1,2,30,6.396,1
3,0,33,3,2926,38,7,4,3,1,2,30,30.919,1
11,0,26,0,742,14,17,26,4,1,2,25,45.825,1
29,1,28,1,976,17,11,5,3,1,2,25,227.369,1
4,1,31,0,6008,27,6,11,3,1,1,30,33.454,1
14,1,26,0,2431,20,21,33,2,1,2,25,57.003,1
17,1,42,0,1184,8,21,14,4,1,1,25,207.714,1
17,0,40,0,2880,43,5,9,4,1,2,30,96.941,1
4,0,28,0,482,67,34,0,2,1,2,30,72.233,1
9,0,23,0,3674,8,12,4,2,1,2,30,260.978,1
33,0,28,0,2773,0,6,29,3,1,2,30,34.101,1
0,1,31,0,1370,54,37,16,3,1,1,25,254.381,1
21,1,37,0,2706,100,6,4,3,1,1,25,0.0,1
14,0,35,0,1015,74,4,4,3,1,2,45,0.0,1
17,0,25,0,1270,53,13,15,2,2,2,25,419.191,1
19,0,33,0,3016,23,6,1,3,1,2,25,0.0,1
34,1,42,0,1114,9,10,0,4,1,2,30,0.0,1
19,0,29,0,619,20,43,20,3,1,2,30,412.336,1
20,0,36,0,2009,9,15,4,4,1,2,30,216.549,1
12,0,38,0,2254,42,6,2,3,1,2,25,54.375,1
8,1,28,0,988,59,37,7,2,1,2,30,177.349,1
15,1,25,2,6008,90,32,6,3,2,1,45,387.284,1
21,0,30,0,0,22,72,16,3,1,1,30,222.795,1
29,0,28,0,2659,11,22,46,2,1,2,25,13.256,1
32,1,26,2,698,25,37,48,2,1,1,30,191.405,1
22,1,33,0,505,28,17,13,3,1,2,30,0.0,1
2,1,27,0,4374,19,7,4,2,1,1,30,0.0,1
18,0,34,0,2926,0,30,43,4,1,2,30,96.068,1
5,0,27,1,6008,8,63,8,3,1,2,30,313.3,1
14,0,31,0,3562,46,2,30,3,1,2,30,120.905,1
12,0,32,0,2375,37,15,23,3,1,2,30,118.567,1
5,1,30,0,2668,19,10,48,3,1,1,25,106.6,1
12,0,33,0,1605,41,35,19,3,1,1,25,0.0,1
2,1,35,0,3043,69,16,31,5,1,1,25,0.0,1
16,0,32,0,2602,67,9,33,2,1,1,25,93.228,1
10,1,34,0,0,57,16,12,3,1,1,45,46.712,1
12,1,32,0,3102,12,18,6,3,1,2,30,0.0,1
1,1,8,0,6008,100,204,16,2,1,1,25,86.368,1
17,1,38,0,1438,0,56,0,3,1,1,25,45.851,1
34,0,23,0,1933,21,0,16,3,1,1,30,0.0,1
2,1,30,2,2237,12,9,8,2,1,2,25,21.045,1
6,0,24,0,3847,3,16,30,2,1,2,30,0.0,1
2,0,28,0,1232,61,11,11,2,1,2,25,126.378,1
16,1,35,0,586,16,10,8,3,1,2,30,176.335,1
22,0,40,0,1796,70,11,19,2,1,1,45,306.618,1
34,1,43,2,1522,65,11,15,3,1,2,25,0.0,1
26,0,7,0,6008,16,10,6,2,1,2,30,162.442,1
14,0,25,0,4021,74,45,20,3,1,2,30,186.43,1
9,0,27,0,2427,28,13,17,3,1,2,30,31.401,1
20,0,12,0,2616,30,3,0,3,1,2,30,149.665,1
0,0,28,0,790,14,17,22,3,1,2,30,32.8,1
9,1,33,2,2624,52,55,16,2,1,2,30,14.093,1
15,0,24,2,590,41,3,16,2,1,2,30,99.811,1
12,0,25,0,2050,14,1,15,2,1,1,55,152.578,1
11,0,23,0,852,6,15,20,3,1,1,25,0.0,1
10,0,23,0,1188,0,0,10,2,1,2,25,81.258,1
21,0,27,0,4090,27,0,19,3,1,2,25,0.0,1
9,0,26,0,1942,32,12,37,3,1,1,45,9.776,1
22,0,31,0,4250,18,29,8,3,1,1,55,93.255,1
6,1,26,0,2348,0,70,31,2,1,1,25,76.837,1
19,0,32,0,300,24,51,6,2,1,2,25,0.0,1
21,0,41,0,3994,45,8,16,3,1,1,25,0.0,1
11,1,33,1,199,12,8,20,3,1,2,25,142.968,1
11,0,31,1,2987,13,19,9,3,1,2,45,0.0,1
15,1,41,0,3220,48,22,0,2,1,2,30,120.491,1
19,0,28,0,3933,2,15,16,3,1,2,25,128.805,1
17,1,31,0,4200,23,8,12,4,2,2,30,0.0,1
20,0,36,0,2647,61,12,31,2,1,2,30,202.715,1
13,0,24,0,1328,13,5,27,3,1,1,30,29.804,1
33,0,24,0,1017,6,6,34,3,1,2,25,28.45,1
28,0,37,0,1952,74,13,15,2,1,1,30,34.793,1
1,1,30,2,3993,57,0,14,2,2,1,45,0.0,1
10,0,30,0,0,27,27,0,3,1,2,30,0.0,1
18,0,3,0,3782,13,85,9,3,1,2,30,132.083,1
12,0,41,1,4515,52,2,22,3,1,2,30,38.436,1
24,1,38,1,2796,26,2,0,3,1,1,30,208.679,1
10,0,29,0,3893,2,6,0,2,1,2,45,0.0,1
0,0,43,2,6008,20,31,0,3,1,2,45,97.697,1
10,0,39,0,1969,10,74,14,2,1,2,45,276.358,1
4,1,28,0,4233,31,29,17,4,1,1,45,138.993,1
23,0,29,0,4407,0,3,18,2,1,1,25,76.758,1
18,0,29,0,2857,29,204,1,3,1,1,30,0.0,1
9,1,39,1,2280,49,24,28,3,1,1,30,0.0,1
34,0,25,2,1670,6,9,16,3,1,2,30,70.288,1
18,0,24,0,291,23,8,20,2,1,1,25,77.403,1
34,0,31,0,3357,47,11,42,5,2,2,30,32.934,1
11,1,27,0,2453,23,5,13,3,1,2,30,1.895,1
3,1,29,0,3045,54,7,3,2,1,1,25,41.176,1
34,0,32,1,1542,11,31,7,3,1,1,25,351.746,1
15,1,30,0,44,11,78,19,3,1,2,25,272.269,1
4,1,24,2,3452,0,60,26,3,1,2,30,37.054,1
13,0,24,0,3572,28,23,41,2,1,1,30,3.645,1
16,1,33,0,1813,39,39,7,3,1,2,45,113.983,1
11,0,29,0,2354,63,20,5,3,1,1,25,0.0,1
8,0,25,0,2884,16,0,15,4,1,2,55,199.07,1
0,0,28,0,6008,41,13,7,3,1,2,45,32.396,1
10,1,32,2,1304,42,13,19,2,1,2,30,64.589,1
0,0,31,3,4661,51,36,5,4,1,2,25,357.575,1
4,0,16,0,1410,48,34,23,3,1,2,30,117.679,1
33,1,30,0,6008,75,2,8,4,1,2,30,0.0,1
24,0,31,0,0,25,12,11,2,1,2,25,0.0,1
23,0,26,0,6008,2,11,23,2,1,1,30,0.0,1
34,1,25,0,297,11,14,18,2,1,2,45,163.195,1
3,1,36,0,3551,41,9,16,2,1,1,30,0.0,1
19,0,30,0,2002,21,7,15,3,1,1,25,44.501,1
13,1,28,0,6008,70,19,26,3,1,1,55,0.0,1
34,1,31,2,3295,48,77,20,4,1,2,55,344.898,1
34,0,37,0,1866,57,9,6,2,2,1,25,0.0,1
10,0,29,0,2630,28,27,24,2,1,2,30,70.15,1
26,1,32,2,468,15,204,19,5,1,2,25,24.426,1
32,0,32,2,332,17,29,4,2,1,2,25,266.769,1
20,0,26,0,0,56,9,14,3,1,2,30,0.0,1
4,1,34,0,2810,36,7,1,3,1,2,25,48.096,1
32,0,32,0,0,24,36,15,2,1,1,25,0.988,1
1,0,36,2,2868,51,25,8,2,1,2,25,152.832,1
34,1,39,0,3812,18,9,13,3,1,2,30,447.323,1
14,0,24,0,2873,100,7,6,2,1,1,30,0.0,1
7,0,33,1,6008,50,10,24,2,1,2,25,118.998,1
4,0,23,1,2968,5,43,27,4,1,2,25,48.634,1
0,0,24,0,877,51,12,5,3,1,2,30,397.146,1
7,0,45,1,3146,0,11,0,3,1,1,30,40.505,1
4,0,27,0,1419,64,23,30,2,1,2,30,38.466,1
25,1,31,0,1058,22,30,23,2,1,1,45,0.0,1
0,1,32,0,893,20,10,2,4,1,2,30,224.602,1
8,1,25,0,3403,13,44,13,2,1,2,30,0.47,1
1,0,28,0,3286,65,6,6,2,1,2,30,91.746,1
12,1,34,0,1160,10,69,4,4,1,2,25,0.0,1
4,0,29,1,913,59,10,1,3,1,2,45,0.0,1
11,0,31,0,4151,71,79,8,2,1,1,45,33.041,1
11,0,27,1,613,26,49,13,2,1,2,25,0.0,1
19,0,26,0,2001,35,80,2,2,1,2,30,357.951,1
3,0,31,0,1729,16,10,11,2,1,1,30,255.281,1
3,0,34,0,2987,42,27,20,2,1,1,30,25.152,1
3,0,31,3,2766,0,31,8,2,1,2,25,257.863,1
19,0,38,0,6008,14,5,2,3,1,1,25,0.0,1
0,1,30,2,2953,46,12,19,2,1,2,30,0.0,1
3,1,32,0,3601,0,12,26,2,1,2,25,149.806,1
6,0,3,0,2501,6,12,6,3,1,1,25,24.321,1
12,1,34,2,2386,12,32,0,4,1,2,25,0.0,1
34,0,39,3,4422,5,12,21,3,1,2,30,83.157,1
21,0,26,1,4522,55,2,38,2,1,1,30,0.0,1
5,0,38,0,2461,0,28,20,2,1,1,25,0.0,1
13,1,29,2,300,18,0,0,3,1,1,30,16.804,1
14,1,36,0,4376,17,12,0,3,1,1,25,74.737,1
23,1,26,0,3558,48,158,0,3,1,2,25,0.0,1
15,0,28,0,2038,57,21,24,2,1,1,25,108.328,1
2,0,33,0,1714,28,7,7,3,1,2,45,66.03,1
30,1,35,0,2530,13,57,12,4,1,1,25,217.551,1
17,0,39,0,6008,29,24,17,3,1,2,25,309.647,1
3,1,25,0,2472,100,9,20,2,1,2,25,200.34,1
22,0,36,0,3894,30,27,14,2,1,2,30,131.891,1
12,0,31,0,2983,77,20,3,3,1,2,30,0.0,1
17,1,33,0,2570,10,6,2,3,1,1,30,0.0,1
2,0,37,1,2846,47,61,4,2,1,2,30,0.0,1
12,0,23,0,0,59,15,0,2,1,2,45,987.255,1
22,0,30,0,1309,76,4,6,3,1,1,30,0.0,1
23,0,28,0,0,100,12,26,3,1,2,25,0.0,1
15,0,33,1,3322,79,23,4,2,1,2,45,46.557,1
3,1,30,0,1109,19,8,7,4,1,2,30,1.741,1
8,1,27,0,2485,39,20,18,4,1,1,45,0.0,1
23,1,31,2,2876,57,26,10,3,1,2,30,271.131,1
3,0,35,0,5967,48,31,41,3,1,1,30,230.732,1
2,1,41,0,2749,0,13,15,2,1,2,30,189.49,1
14,0,41,2,2591,0,28,4,3,1,2,30,281.118,1
0,0,37,0,567,78,16,7,2,1,2,25,224.062,1
15,0,3,1,434,15,43,17,3,1,2,25,199.952,1
3,0,25,0,1662,43,35,2,2,1,1,30,65.437,1
1,1,34,0,2620,72,12,1,2,1,1,25,86.669,1
1,0,23,0,3345,0,1,37,2,1,2,45,78.692,1
19,0,33,1,2620,19,62,15,3,1,1,45,209.86,1
19,0,36,0,657,55,4,8,2,1,2,30,0.0,1
5,0,34,2,2191,38,23,20,3,1,2,25,23.179,1
8,0,33,0,2722,7,38,45,3,2,1,30,159.776,1
18,0,35,0,1052,23,12,0,2,1,1,30,43.696,1
21,0,23,0,2010,10,4,48,3,1,1,25,25.851,1
28,0,28,0,2305,67,37,33,2,1,1,45,125.877,1
11,1,23,0,688,1,57,31,2,1,2,55,173.372,1
19,0,26,0,1530,0,37,21,3,1,2,45,128.124,1
1,0,22,0,830,57,0,7,3,1,2,30,16.991,1
22,1,25,1,1103,42,17,31,2,1,1,30,0.0,1
10,0,29,0,3050,15,11,21,3,1,1,45,258.746,1
22,0,45,0,862,24,0,4,4,1,2,45,0.0,1
17,1,35,0,5532,67,5,14,4,1,2,30,8.348,1
12,0,29,0,859,45,9,4,3,1,1,25,44.527,1
2,1,28,0,862,4,61,17,3,1,1,45,46.852,1
11,0,3,0,0,0,25,10,2,1,1,25,16.396,1
21,1,40,0,2261,39,4,6,4,1,1,55,16.87,1
3,0,28,0,6008,26,38,5,4,1,2,25,36.764,1
19,0,31,0,746,67,1,29,3,1,1,30,26.152,1
12,0,33,0,4385,30,12,25,4,1,2,30,111.984,1
20,0,34,1,924,53,0,14,4,1,1,30,0.0,1
3,1,33,0,4190,63,4,1,3,1,2,25,0.0,1
15,0,28,3,3632,69,35,42,2,1,2,25,116.61,1
4,1,28,0,3572,35,39,5,4,1,2,25,136.468,1
4,0,24,0,397,18,57,35,3,1,1,25,175.479,1
13,0,28,0,1476,7,26,13,3,1,1,25,29.071,1
21,1,33,0,6008,16,15,18,4,1,1,30,40.745,1
18,0,31,1,2468,100,12,4,3,1,1,45,130.025,1
14,0,39,0,2754,62,11,4,2,2,1,25,343.259,1
30,0,28,0,597,24,32,29,4,2,2,25,89.283,1
14,1,24,0,382,13,24,14,2,1,2,25,154.041,1
10,1,38,0,824,13,28,0,4,1,2,25,10.815,1
13,0,29,0,2864,16,58,3,3,1,2,45,65.075,1
7,0,18,0,1122,49,8,38,4,1,1,30,35.488,1
6,0,41,0,913,16,15,25,3,1,2,45,33.178,1
8,0,31,0,617,48,6,35,3,1,1,25,166.195,1
34,0,40,0,2643,22,14,2,5,1,2,45,0.0,1
33,0,28,0,2258,16,2,11,3,1,1,25,5.241,1
23,0,3,0,3104,15,0,11,2,1,2,30,0.0,1
13,0,27,0,6008,14,7,8,3,1,1,30,227.164,1
19,0,32,0,3818,22,9,38,2,1,2,25,55.78,1
8,0,27,0,3245,25,41,7,3,1,2,25,0.0,1
1,0,34,0,6008,32,68,22,2,2,1,30,165.371,1
2,1,45,0,3740,66,3,8,2,1,2,45,0.0,1
34,1,34,0,3764,100,15,0,2,1,2,45,61.362,1
18,0,31,0,3597,37,36,31,3,1,2,30,0.0,1
9,0,36,0,1269,13,51,21,2,1,2,30,153.142,1
1,1,29,0,3226,75,32,27,3,1,2,30,11.276,1
6,1,29,0,316,8,0,8,2,1,1,45,0.0,1
2,0,25,2,619,4,73,38,4,1,2,30,14.316,1
34,1,26,0,1248,67,10,26,2,1,1,30,6.802,1
22,0,25,0,3259,10,81,14,2,1,1,45,0.0,1
34,0,30,0,2945,31,7,3,2,1,1,25,38.231,1
23,0,37,0,6008,67,10,7,2,1,2,30,24.621,1
6,0,30,0,3229,36,10,30,4,1,1,45,47.109,1
10,0,31,3,1110,75,15,2,3,1,1,45,497.824,1
34,1,34,1,1134,2,43,14,3,1,2,25,0.0,1
0,0,29,2,5371,47,32,11,2,1,2,45,0.0,1
0,0,27,1,4082,54,36,32,3,1,1,25,299.13,1
13,0,29,0,4309,84,24,42,4,1,2,25,268.821,1
34,0,26,3,3439,43,32,8,2,1,2,45,9.669,1
9,0,33,1,3098,0,36,0,3,1,2,30,153.504,1
15,0,41,0,5144,24,48,14,2,1,1,30,290.192,1
2,0,31,0,0,64,51,12,2,1,1,45,0.0,1
3,0,41,0,1438,17,41,11,2,1,1,25,24.382,1
3,0,25,0,788,49,0,4,3,1,1,45,0.0,1
11,1,23,0,0,17,32,15,3,1,1,30,32.407,1
1,0,34,3,2600,100,7,28,3,1,1,45,143.631,1
20,1,38,1,1911,22,10,17,3,1,2,30,71.124,1
2,1,24,0,6008,8,4,22,3,1,1,25,234.392,1
6,0,29,1,1706,59,0,37,3,1,1,30,327.226,1
16,0,32,0,2874,24,41,0,4,1,2,25,0.0,1
23,1,27,1,1988,20,10,3,3,1,1,30,0.0,1
14,1,42,0,966,68,31,2,3,2,2,25,0.0,1
14,0,34,0,3136,0,3,6,3,1,1,30,173.403,1
24,0,45,3,2906,7,20,7,3,1,1,30,277.359,1
10,1,34,1,1357,23,25,8,2,1,1,30,0.0,1
0,1,28,3,997,26,25,6,2,1,2,30,250.771,1
13,1,37,0,3340,0,26,11,3,1,1,45,36.548,1
9,0,28,0,4122,17,33,25,3,1,1,30,43.775,1
17,0,32,1,1830,42,36,13,3,1,2,30,44.19,1
10,1,36,0,2496,26,3,30,3,1,2,25,85.114,1
2,1,42,0,496,90,66,17,2,1,2,30,19.967,1
25,0,5,0,599,23,2,2,2,2,1,45,125.071,1
1,1,31,3,4116,67,1,48,2,1,2,25,0.0,1
13,0,35,0,3887,71,21,1,2,1,2,30,351.633,1
25,0,28,0,4045,64,0,0,3,1,2,30,58.307,1
26,0,40,2,6008,57,10,0,2,1,1,30,17.947,1
6,0,29,1,2203,9,7,21,4,1,1,25,0.0,1
4,0,28,0,937,55,49,19,2,1,1,30,1.473,1
34,1,10,2,2028,15,0,28,3,1,1,25,0.0,1
32,1,30,0,2283,4,77,21,4,1,2,45,150.039,1
20,0,3,0,1403,9,72,4,4,1,2,45,69.987,1
16,1,29,0,2059,100,53,35,3,1,2,30,193.758,1
12,0,33,0,4199,40,14,46,3,1,2,45,18.917,1
0,0,3,0,6008,57,0,19,4,1,1,45,266.858,1
17,0,25,0,3381,74,11,7,2,1,1,25,0.0,1
25,1,35,0,6008,3,23,12,3,1,1,25,15.94,1
16,0,41,0,3963,60,1,22,2,1,1,30,0.0,1
3,0,26,0,942,70,10,27,3,1,1,30,0.0,1
1,1,28,0,2200,48,34,29,3,1,1,25,0.0,1
9,0,30,2,1437,46,31,23,4,1,2,45,245.277,1
12,1,40,0,437,62,28,10,3,1,1,30,0.0,1
5,0,36,0,2731,16,0,0,2,1,1,25,0.0,1
22,0,41,0,639,0,15,14,3,1,2,25,449.438,1
26,0,30,0,3888,38,19,18,2,1,2,30,90.8,1
11,0,34,0,1196,14,9,31,3,1,2,45,220.511,1
9,0,30,0,3807,27,0,0,2,1,1,45,115.111,1
34,0,30,0,2903,48,81,9,4,1,1,30,93.28,1
5,0,37,0,1114,16,57,3,2,1,2,30,173.344,1
19,1,24,0,1210,42,14,8,3,1,2,30,25.496,1
2,0,26,0,338,52,69,8,3,1,1,25,0.0,1
11,0,29,2,3291,100,11,47,2,1,2,30,3.18,1
10,1,29,0,1340,63,4,15,4,1,2,30,0.0,1
13,0,38,0,2551,15,31,25,2,1,1,30,177.167,1
9,1,32,1,1615,10,3,24,2,1,1,45,0.0,1
16,0,26,0,2886,76,28,5,4,1,2,25,0.0,1
25,0,29,0,3895,22,0,7,3,1,1,30,0.0,1
34,0,35,0,2807,25,7,0,3,1,2,30,0.0,1
1,0,40,1,1119,22,61,19,3,1,2,45,63.142,1
12,1,30,0,1812,11,0,19,2,1,2,45,7.593,1
20,0,29,1,996,47,25,1,3,1,2,25,0.0,1
11,0,28,1,2640,0,22,16,3,1,2,30,21.259,1
12,1,26,0,702,24,17,41,4,1,2,30,46.967,1
13,1,34,0,2038,71,5,30,4,1,2,45,0.0,1
1,1,33,0,3024,18,12,6,2,1,1,25,0.0,1
17,1,30,0,1014,47,9,1,3,1,2,30,8.819,1
15,0,4,0,3108,18,41,4,3,1,2,30,0.0,1
18,0,29,0,1256,57,9,17,3,1,1,30,24.475,1
14,1,36,0,2974,19,26,5,3,1,2,25,92.909,1
4,0,36,1,2766,21,52,1,4,1,1,45,176.857,1
13,1,33,3,2721,0,50,25,4,1,1,25,192.805,1
10,0,3,0,506,54,33,7,3,1,1,30,0.0,1
7,0,28,0,99,64,15,2,2,1,2,25,0.556,1
4,0,31,0,1803,8,11,27,3,1,1,25,185.072,1
22,0,37,0,4097,22,78,25,2,1,2,30,15.248,1
14,0,34,0,4306,60,6,26,3,1,2,25,0.0,1
8,0,3,0,1757,50,15,31,2,1,2,25,0.0,1
17,1,29,0,2986,73,0,31,3,1,1,25,159.961,1
7,0,24,2,760,22,24,25,4,2,2,25,0.0,1
17,1,26,0,2641,53,18,22,3,1,1,25,12.261,1
24,1,31,0,3532,4,4,0,2,1,1,25,138.454,1
12,0,33,0,2634,15,20,19,3,1,1,30,80.825,1
22,1,32,0,1104,28,4,8,3,2,2,25,114.298,1
1,0,38,4,2607,56,77,17,3,1,2,25,0.0,1
17,1,27,0,306,10,2,2,2,1,2,30,190.913,1
14,1,37,0,2780,100,87,6,2,1,2,25,201.833,1
3,1,39,2,1027,22,5,25,3,1,2,30,53.069,1
2,0,28,0,1359,26,20,36,2,1,2,45,0.0,1
5,0,34,0,2610,19,15,24,2,1,2,25,257.291,1
27,0,23,0,1088,24,1,13,3,1,1,30,229.847,1
10,0,29,0,3698,19,42,34,4,1,1,45,885.839,1
8,0,25,0,4275,0,13,28,4,1,1,25,77.766,1
17,1,34,2,1825,22,28,4,4,1,2,30,105.15,1
21,1,12,0,470,11,8,5,2,1,2,30,103.98,1
4,0,34,0,3630,25,8,6,2,1,2,30,352.6,1
13,0,25,0,1656,37,45,19,3,1,1,30,10.949,1
34,0,24,1,582,16,13,17,3,1,2,30,135.291,1
1,0,28,0,6008,69,1,1,3,1,2,25,0.0,1
34,0,27,1,2232,41,4,19,3,1,2,25,0.0,1
3,0,24,3,916,0,0,12,2,1,2,30,0.0,1
17,1,25,0,910,9,21,1,2,1,2,25,20.521,1
11,0,3,0,3351,47,8,16,2,1,2,25,84.485,1
7,0,25,0,998,43,0,0,4,1,2,45,0.0,1
34,0,24,0,2792,43,10,14,3,1,1,25,0.0,1
24,0,32,1,2815,21,0,7,4,1,2,30,61.768,1
27,1,28,1,3289,44,16,1,3,1,2,45,0.0,1
12,1,27,0,2333,10,15,10,4,1,2,25,351.251,1
14,0,25,1,3621,100,2,5,3,2,2,25,23.55,1
0,1,34,0,5833,14,55,6,3,1,1,30,0.0,1
14,0,29,0,1661,5,6,0,2,1,2,45,88.665,1
34,0,32,1,3779,22,18,21,2,2,2,25,987.255,1
1,0,35,0,2164,14,10,35,2,1,1,30,257.626,1
15,0,31,0,89,0,14,19,2,1,1,25,96.782,1
15,0,26,0,2324,5,11,10,4,1,2,25,0.0,1
23,1,28,0,1057,27,26,20,2,1,1,45,70.193,1
0,1,3,0,2467,0,15,27,3,1,2,25,178.481,1
15,0,35,3,477,58,2,0,3,1,1,45,31.348,1
6,0,24,0,4063,15,1,0,3,1,1,45,0.0,1
3,0,33,0,6008,38,30,1,2,1,2,25,271.538,1
34,1,33,1,6008,11,0,3,3,1,2,30,0.0,1
13,0,29,0,3959,12,0,2,2,1,2,30,0.0,1
22,0,37,0,1087,17,12,13,3,1,2,30,73.935,1
23,0,37,0,2949,75,31,7,2,1,2,25,18.378,1
14,0,31,1,2816,15,14,43,2,1,2,30,147.33,1
4,0,28,0,48,30,27,11,2,1,2,25,70.024,1
34,0,41,0,438,6,11,14,2,1,1,30,0.0,1
20,0,36,0,3247,37,10,7,4,1,1,30,303.405,1
34,0,45,3,3632,71,0,17,4,2,2,25,64.697,1
16,0,26,0,2817,0,13,32,3,1,1,30,49.515,1
13,1,27,0,505,24,4,0,2,1,1,30,139.251,1
10,0,25,1,3448,43,26,30,3,1,2,45,25.203,1
12,1,32,1,2424,23,23,7,2,1,1,45,38.365,1
11,0,31,0,1650,18,96,8,4,1,2,25,171.982,1
22,1,22,1,2903,11,6,23,3,1,2,30,0.0,1
34,0,27,0,479,58,50,0,2,1,2,25,21.597,1
12,0,39,0,3817,18,20,6,3,1,2,45,2.235,1
7,0,29,0,2387,63,10,9,2,1,1,25,47.345,1
12,0,31,0,580,14,17,16,3,1,1,30,284.206,1
11,0,34,0,1468,66,76,16,4,1,1,30,82.408,1
20,0,43,1,2021,17,10,0,2,1,2,45,338.499,1
0,0,40,0,2526,9,2,28,3,1,1,30,206.288,1
5,0,28,0,2572,0,6,18,4,1,2,30,236.818,1
3,0,32,1,3869,84,21,15,3,1,2,25,80.794,1
9,0,30,1,2878,9,6,24,3,1,1,30,21.819,1
14,0,31,0,3309,0,10,0,2,1,2,30,176.901,1
0,0,36,0,946,21,20,0,3,1,2,30,0.0,1
10,0,29,0,4159,14,51,13,4,1,2,45,15.299,1
0,0,35,0,113,29,20,17,2,1,1,25,0.0,1
3,0,40,0,3895,16,1,4,3,1,2,25,0.0,1
10,1,34,0,651,26,23,4,2,1,2,30,0.0,1
14,0,31,0,1429,51,3,0,3,1,1,55,0.0,1
0,1,26,0,3434,21,6,19,3,1,2,25,14.873,1
10,1,26,0,2236,71,48,0,3,1,2,45,214.035,1
22,0,29,2,4762,12,79,22,4,1,2,30,133.526,1
18,0,31,2,4953,100,8,40,4,1,1,25,0.0,1
13,0,28,1,1061,6,26,1,2,1,2,45,50.144,1
13,0,29,0,3951,58,5,18,2,1,2,30,75.393,1
12,0,36,0,2211,84,16,6,3,1,2,30,65.497,1
0,0,36,0,1400,16,74,26,3,1,2,25,110.677,1
12,0,40,3,4375,20,28,3,4,2,2,30,25.143,1
13,0,30,0,3575,18,56,26,3,1,1,30,53.614,1
2,0,40,0,2704,0,39,24,2,1,2,30,373.653,1
12,0,31,0,3377,64,4,0,3,1,2,25,33.123,1
23,0,31,3,1884,5,34,24,4,1,2,30,48.283,1
2,0,29,4,281,59,11,45,2,1,2,25,179.304,1
17,1,29,1,3502,40,11,38,3,1,2,25,205.131,1
30,0,28,0,2019,47,55,17,4,1,1,25,194.501,1
12,0,28,0,1934,90,36,31,2,1,2,45,50.513,1
30,1,30,0,796,69,10,0,3,1,1,30,0.0,1
21,1,28,0,3666,3,60,45,2,1,2,30,54.372,1
33,1,41,4,1177,0,204,23,2,1,2,25,76.736,1
10,0,32,0,1683,22,4,8,3,1,2,30,0.0,1
10,1,28,1,1997,32,30,10,3,1,2,55,0.0,1
3,1,33,1,1488,24,34,18,3,1,2,25,0.0,1
16,0,25,0,2674,41,0,13,3,1,2,25,0.0,1
0,0,40,0,2655,59,7,24,3,1,1,25,0.0,1
3,1,28,1,6008,100,0,1,4,1,1,25,97.655,1
21,0,27,0,747,48,5,3,2,1,1,30,50.617,1
14,0,29,1,3135,11,6,37,2,1,1,25,4.899,1
19,0,30,0,1117,15,8,17,2,1,2,25,0.0,1
9,0,31,0,608,8,40,4,4,1,2,25,0.0,1
16,1,32,0,5376,67,44,5,2,1,2,25,519.054,1
8,0,36,1,2707,90,23,20,2,1,2,30,31.023,1
10,0,3,3,388,0,0,4,3,1,2,45,0.0,1
34,1,45,0,921,72,11,26,2,1,2,45,190.601,1
3,1,32,0,1658,29,30,4,2,1,2,25,0.0,1
5,1,28,0,1042,0,43,13,3,1,2,45,141.482,1
14,0,27,0,4006,18,15,16,2,1,1,45,0.0,1
15,0,31,2,6008,2,34,0,2,1,2,25,0.0,1
18,0,35,0,1818,78,35,25,2,1,1,45,16.046,1
10,0,36,0,70,45,1,0,4,1,2,25,0.0,1
14,0,38,1,2962,56,0,42,4,2,2,30,18.984,1
32,0,34,0,4526,13,12,35,3,1,2,25,25.791,1
26,1,28,0,4655,62,38,24,3,1,2,25,0.0,1
7,1,27,1,1588,5,4,14,3,2,2,30,0.0,1
24,1,34,0,292,13,7,16,2,1,2,55,303.45,1
32,0,40,0,1181,44,4,13,2,1,2,45,164.933,1
1,0,27,1,3228,43,5,0,4,1,2,25,134.762,1
22,0,37,0,3058,26,204,29,3,1,2,45,67.038,1
14,0,27,0,504,0,0,9,3,1,2,25,0.0,1
8,1,28,1,1695,25,34,42,2,1,1,25,11.116,1
18,0,27,0,684,61,5,29,2,1,1,30,93.085,1
21,0,30,0,1278,25,5,21,3,1,2,25,0.0,1
34,0,45,1,3224,21,0,0,3,1,1,45,20.601,1
0,1,37,0,4341,52,0,18,2,2,2,30,18.766,1
2,0,27,0,6008,0,66,21,3,1,2,30,134.27,1
6,1,24,1,1667,25,36,39,4,1,1,45,349.493,1
1,1,26,1,3521,15,43,9,3,1,1,45,0.0,1
19,0,39,1,1266,72,15,6,3,1,1,30,186.437,1
20,0,36,0,0,65,21,5,3,1,2,30,0.0,1
3,0,23,0,999,20,9,9,4,1,1,30,39.303,1
4,0,39,0,672,48,26,12,2,2,2,45,71.48,1
20,1,30,0,0,5,43,18,3,2,1,30,302.258,1
19,1,45,0,4554,66,60,6,2,1,1,30,400.748,1
22,1,36,0,6008,20,0,11,3,1,1,30,56.298,1
13,1,32,0,2763,21,16,46,2,1,1,25,70.373,1
10,0,40,1,377,0,14,0,2,1,1,30,0.0,1
8,0,34,0,5937,24,0,9,3,1,2,25,237.841,1
12,0,27,1,408,77,15,7,2,1,2,25,70.589,1
6,1,26,0,2694,62,47,14,3,1,2,45,0.0,1
10,1,35,1,2793,14,23,16,2,1,2,30,17.299,1
34,0,37,0,100,32,10,22,3,1,2,25,0.0,1
10,1,37,2,152,49,42,0,3,1,1,30,123.989,1
1,0,40,0,0,100,18,7,5,1,2,30,72.521,1
0,0,29,0,575,69,69,13,2,1,1,25,163.548,1
0,0,14,0,3727,68,29,20,2,1,2,30,14.591,1
9,1,25,0,3591,23,0,21,2,1,2,25,5.631,1
24,1,26,0,780,14,3,26,3,1,2,30,0.0,1
24,1,29,0,0,25,1,17,3,1,1,30,121.499,1
14,0,30,0,3689,3,80,24,2,1,1,45,146.752,1
4,0,35,1,4192,20,12,2,4,1,2,25,233.468,1
8,0,37,1,3435,15,204,20,3,1,2,30,79.822,1
9,1,39,0,3775,68,61,13,4,1,2,30,42.328,1
15,0,36,0,4096,6,14,21,3,1,2,30,194.469,1
6,1,31,0,6008,54,18,19,4,1,1,25,220.373,1
6,0,31,0,1159,59,41,15,2,1,2,25,135.97,1
19,0,23,0,3182,79,36,18,3,1,1,25,357.732,1
10,0,42,0,712,43,5,21,2,2,2,45,65.326,1
0,0,27,1,200,55,41,13,4,2,2,30,0.0,1
21,0,27,2,2771,13,14,2,2,1,2,30,67.647,1
3,1,25,1,1219,12,24,14,3,1,2,45,0.0,1
29,0,33,0,2246,65,23,19,3,1,2,30,130.256,1
21,1,9,0,4284,20,35,4,3,1,2,25,0.0,1
14,0,36,0,1426,16,13,27,4,2,2,30,91.293,1
14,1,43,0,0,61,14,14,3,1,1,25,55.362,1
3,1,41,1,2719,18,4,8,2,1,2,45,92.383,1
28,0,29,0,393,7,27,12,2,1,2,25,123.55,1
8,0,30,0,249,21,13,47,3,1,2,30,377.636,1
2,1,35,0,5270,15,5,20,4,1,2,30,65.595,1
23,0,25,0,3492,20,18,23,2,1,2,30,55.405,1
13,1,35,1,730,12,8,5,3,1,1,25,0.0,1
34,0,30,0,3837,15,0,13,2,1,1,25,204.133,1
25,0,31,1,6008,0,6,9,2,1,2,30,177.171,1
3,1,25,0,1091,18,0,15,3,1,2,45,0.0,1
9,0,25,0,504,17,71,27,3,1,1,30,0.0,1
20,1,25,0,726,17,22,30,2,1,2,30,48.088,1
11,0,26,0,811,13,1,4,3,1,2,30,279.29,1
15,1,30,1,576,13,4,7,4,1,1,30,221.461,1
24,0,35,0,3945,27,32,11,3,1,2,25,0.0,1
2,0,31,0,423,68,27,22,4,1,1,45,0.0,1
3,0,39,0,2267,4,15,6,4,1,2,25,224.653,1
8,1,30,0,3746,27,0,1,3,1,1,25,42.357,1
18,1,30,2,3387,42,35,22,3,1,1,45,212.293,1
11,0,31,0,3555,5,4,28,2,1,2,30,35.631,1
0,0,24,0,2407,67,29,47,3,1,1,25,55.273,1
2,1,34,0,9,9,8,32,2,1,1,25,0.0,1
16,1,34,0,4198,5,57,5,4,1,1,30,0.0,1
19,1,24,0,3550,8,28,28,4,1,2,30,0.0,1
18,0,3,1,4349,100,31,5,2,1,1,30,0.0,1
18,1,34,0,431,64,60,0,3,1,1,30,318.574,1
12,0,29,1,2663,11,26,4,2,1,2,45,140.756,1
14,1,38,0,48,20,4,8,3,1,2,25,30.25,1
34,0,36,2,1528,14,6,40,3,1,2,25,0.0,1
14,1,28,1,2484,43,11,12,2,1,2,30,0.0,1
23,1,29,0,1803,29,6,47,3,1,2,25,249.584,1
2,0,29,0,1460,54,32,2,3,1,1,30,13.833,1
10,1,27,1,6008,7,8,48,2,1,2,30,278.271,1
34,1,14,0,6008,0,43,19,3,1,2,25,282.817,1
0,0,37,0,1484,18,14,6,2,1,2,30,0.0,1
10,0,30,0,2965,62,8,11,2,1,1,25,59.014,1
23,0,24,2,2770,59,55,15,2,1,2,30,221.168,1
21,1,16,0,3477,16,67,17,4,1,2,45,0.0,1
14,0,35,4,3109,73,3,27,3,1,1,55,0.0,1
2,1,38,0,2101,17,18,22,4,1,1,25,45.547,1
19,0,30,0,3394,33,10,4,2,1,2,30,54.503,1
17,0,31,1,3641,55,19,15,2,1,2,30,55.505,1
20,0,43,0,1739,23,11,5,4,1,2,25,393.208,1
2,0,28,0,3433,49,34,24,2,1,2,45,66.446,1
2,1,25,1,2698,22,34,25,3,1,2,30,0.0,1
19,0,23,1,2519,75,0,21,3,1,1,30,203.49,1
9,0,36,0,4041,7,2,13,2,1,2,25,35.635,1
18,0,29,0,226,3,30,29,3,1,2,25,367.542,1
12,0,3,1,2069,26,0,23,3,1,2,30,0.0,1
10,1,25,1,3434,41,43,30,3,1,2,45,48.43,1
2,0,33,1,1231,6,7,8,3,1,2,30,464.533,1
1,0,35,0,2517,79,4,0,2,1,1,25,102.336,1
13,0,38,0,3798,13,20,0,2,1,1,30,267.382,1
34,1,32,0,0,25,25,2,3,1,2,30,157.328,1
10,0,25,0,263,29,11,21,2,2,2,30,46.915,1
18,1,41,0,2273,28,3,9,3,2,1,45,0.0,1
34,0,36,0,3386,42,11,0,3,1,2,25,24.712,1
1,0,29,0,1916,2,34,13,2,1,2,30,0.0,1
0,1,26,3,2433,30,29,24,4,1,2,25,119.014,1
12,0,36,1,0,5,5,22,3,1,2,25,124.488,1
16,0,27,0,500,2,0,16,3,2,1,25,80.522,1
11,0,30,2,3585,50,8,6,3,1,2,25,87.348,1
19,1,38,0,2872,20,43,21,2,1,2,30,0.0,1
5,0,35,1,941,71,7,27,2,1,2,30,151.035,1
14,0,43,0,2721,20,4,11,4,1,1,30,43.584,1
7,1,36,1,3638,100,57,7,3,1,2,30,150.25,1
13,0,34,1,1763,25,10,18,5,1,2,30,34.32,1
9,1,34,2,2665,49,62,3,2,1,2,25,0.0,1
10,1,28,0,2081,15,79,13,2,1,2,45,1.932,1
15,1,32,0,3223,20,11,13,3,1,2,25,228.886,1
23,1,36,0,2426,52,5,11,3,1,2,30,0.0,1
11,1,26,0,157,24,9,10,3,1,2,30,118.651,1
13,1,27,0,362,0,69,17,3,1,2,25,0.0,1
22,1,33,0,421,15,8,1,3,1,2,45,57.778,1
0,0,3,0,645,13,5,17,2,1,2,30,23.685,1
26,0,40,0,3271,13,0,4,2,1,1,25,65.203,1
15,0,30,0,281,23,33,3,3,1,1,45,34.312,1
34,1,42,0,4613,31,8,0,3,1,2,45,253.351,1
34,1,37,2,3681,0,20,33,2,1,2,30,224.453,1
24,0,39,0,825,13,5,4,2,1,1,30,0.0,1
11,1,26,2,1802,15,1,40,3,1,2,25,0.0,1
34,1,29,0,1312,21,67,22,4,1,2,25,63.14,1
21,1,37,0,3647,42,29,29,3,1,2,25,12.692,1
19,0,31,0,1831,55,0,1,2,1,1,45,0.0,1
18,1,30,0,740,60,6,10,2,1,2,30,727.493,1
29,1,39,0,4343,12,41,41,2,1,1,30,249.609,1
13,1,29,0,1798,75,11,45,4,1,2,25,186.753,1
11,0,37,0,3033,25,17,27,3,1,2,25,161.918,1
11,0,33,0,8,7,8,11,3,1,1,45,121.001,1
9,1,26,1,3391,14,36,37,2,1,1,30,86.288,1
1,0,41,0,2585,46,204,1,3,1,1,30,273.225,1
24,0,41,0,3328,13,12,0,4,1,2,30,0.0,1
34,1,31,0,2357,26,0,0,3,1,2,25,54.55,1
15,0,28,0,2872,30,36,26,2,1,1,30,867.026,1
12,1,27,0,3376,1,39,8,2,1,1,30,6.131,1
19,1,32,0,911,46,27,27,3,1,1,30,416.024,1
6,1,25,0,1071,68,13,20,3,1,2,25,0.0,1
2,0,37,0,0,0,26,43,2,1,2,45,0.0,1
16,1,32,1,3980,53,0,13,4,2,2,25,0.0,1
34,1,36,0,0,30,82,0,2,1,2,30,27.848,1
18,0,3,0,847,20,6,26,2,1,2,30,94.066,1
26,1,9,1,4111,6,0,34,3,1,1,25,185.993,1
3,0,34,2,3437,28,12,6,2,1,2,30,7.671,1
20,0,29,0,2398,8,5,30,3,1,2,25,188.878,1
23,0,29,0,2043,26,23,22,3,1,1,25,49.425,1
2,0,31,0,3084,19,3,16,4,1,2,30,14.235,1
13,0,27,0,3184,21,17,21,2,1,2,30,38.972,1
10,0,28,0,2852,3,22,11,3,1,2,45,166.821,1
2,1,32,0,982,39,6,10,2,1,2,45,5.184,1
3,0,40,0,6008,64,12,4,2,1,1,45,0.0,1
3,0,28,2,4743,69,31,10,2,1,2,30,103.635,1
2,0,29,2,3981,7,11,20,3,1,2,45,241.272,1
9,1,38,0,2282,17,29,14,4,1,2,25,549.656,1
15,1,36,0,2184,21,2,26,3,1,1,30,28.134,1
21,0,32,0,2333,21,8,39,3,2,2,25,216.048,1
15,0,42,0,6008,28,36,18,5,1,1,25,139.945,1
34,0,24,3,1295,2,65,19,3,1,2,25,433.979,1
2,0,33,0,1177,3,12,0,4,1,2,25,0.0,1
4,0,32,0,902,17,19,0,3,1,2,30,0.0,1
14,0,21,0,2057,18,0,20,3,1,1,25,216.407,1
0,1,45,0,1697,61,44,2,2,1,1,30,0.0,1
30,1,40,1,1189,17,10,0,3,1,1,30,9.636,1
17,0,36,1,2561,0,0,20,3,1,2,25,29.479,1
21,1,27,1,1835,14,3,23,3,1,2,25,0.0,1
12,0,28,1,0,14,78,18,4,1,2,45,237.509,1
14,0,28,0,3756,14,4,16,3,1,2,30,0.0,1
1,1,26,0,4434,31,5,11,2,1,2,25,0.0,1
11,0,31,1,804,26,4,8,4,2,1,45,96.049,1
18,1,41,0,2543,50,62,30,4,1,1,45,0.0,1
16,0,33,2,2242,27,3,0,4,1,1,30,115.173,1
14,0,25,0,1574,68,15,10,2,1,2,30,51.427,1
30,0,32,3,571,21,44,22,3,1,1,30,0.0,1
33,0,31,1,3868,23,50,2,3,1,1,30,482.776,1
18,0,42,0,749,61,15,9,2,1,2,30,197.605,1
16,0,32,0,1683,19,3,13,3,1,1,45,133.837,1
10,1,25,0,2776,44,40,19,2,1,1,25,39.211,1
21,1,25,3,4068,14,20,6,2,1,2,25,0.0,1
2,1,29,0,4189,72,40,22,2,1,2,30,322.856,1
21,1,29,0,3896,61,49,14,2,1,1,25,26.693,1
15,0,30,0,3369,14,56,8,2,1,1,45,160.121,1
12,0,26,0,2918,65,21,12,3,1,2,25,11.831,1
11,1,30,0,2352,7,52,47,4,1,1,25,246.267,1
3,1,40,0,1069,73,62,16,4,1,2,30,5.576,1
0,1,25,1,780,56,11,9,3,1,2,30,240.056,1
9,0,41,0,1993,25,21,24,3,1,1,30,0.0,1
18,0,35,1,2668,58,26,17,3,1,2,45,0.0,1
34,1,29,0,1143,17,9,9,3,1,1,25,0.0,1
4,1,30,0,1676,31,33,27,4,1,2,30,0.0,1
21,1,27,1,3590,24,71,27,2,1,1,30,184.319,1
9,0,41,0,1182,3,1,8,4,1,2,25,23.382,1
10,1,44,0,2411,13,8,0,3,1,2,25,194.374,1
27,1,29,0,664,26,13,0,4,1,2,55,39.439,1
7,1,33,3,1794,21,35,20,4,1,2,30,134.555,1
11,1,37,0,1643,20,0,4,4,1,1,25,122.755,1
1,1,36,1,4131,70,10,20,2,1,1,30,30.789,1
13,0,24,0,1421,8,14,10,2,1,2,30,204.675,1
4,0,43,0,972,7,7,11,3,1,1,30,0.0,1
0,0,27,0,822,45,12,22,4,1,2,25,159.46,1
22,1,34,0,3971,42,25,16,3,1,2,25,320.198,1
10,1,27,0,2565,68,12,18,4,1,2,30,218.784,1
20,0,32,1,2044,24,22,11,3,1,2,25,19.26,1
0,1,26,1,2498,18,19,16,2,1,2,25,0.0,1
22,0,36,0,4579,61,5,0,2,1,2,25,107.685,1
10,1,31,0,4034,28,0,19,2,1,1,30,269.205,1
13,0,35,0,4899,4,11,19,4,1,1,25,2.958,1
13,0,44,0,4286,47,56,21,3,1,1,30,98.69,1
18,0,22,0,3564,24,30,21,3,1,2,25,110.168,1
20,1,29,0,2866,9,1,10,3,1,2,30,0.0,1
10,1,35,0,3064,28,7,29,2,2,2,55,127.232,1
31,1,26,0,3250,58,58,21,3,1,1,45,282.659,1
13,1,37,0,2953,92,25,21,2,1,2,25,193.697,1
8,1,29,0,572,20,20,4,3,1,2,30,22.942,1
3,0,24,0,399,66,35,9,2,1,2,25,118.585,1
34,0,36,3,1050,12,27,4,4,1,2,30,84.921,1
23,0,16,1,2721,29,5,15,4,1,1,30,139.405,1
12,0,25,1,168,52,35,8,2,1,1,25,37.991,1
0,0,29,0,4045,21,31,5,2,1,2,30,34.938,1
34,1,27,0,1182,1,7,20,4,1,1,25,96.45,1
25,0,37,0,557,17,54,0,2,1,2,45,24.09,1
9,0,39,0,3720,8,194,15,3,1,2,30,0.0,1
9,1,24,1,2221,49,70,9,3,1,1,25,31.694,1
9,0,29,0,4228,45,56,3,4,1,2,45,65.107,1
3,0,28,0,2603,13,34,0,2,1,2,25,0.0,1
34,1,23,0,1959,49,6,14,2,1,2,45,63.108,1
9,1,33,0,1032,2,7,19,3,2,1,45,138.742,1
22,0,28,0,3626,1,7,40,3,1,1,30,0.0,1
3,1,37,0,1088,42,204,18,3,1,2,25,278.451,1
11,0,31,0,3025,14,3,27,3,1,2,45,0.0,1
3,1,32,0,3885,19,12,2,3,1,1,30,0.0,1
22,0,27,0,1982,0,7,21,4,1,1,30,148.672,1
13,1,27,0,2923,14,12,11,4,1,1,30,19.885,1
8,0,22,2,2770,73,31,0,5,1,1,30,93.812,1
3,0,32,0,818,31,10,0,3,1,1,30,987.255,1
25,0,34,0,1275,6,204,20,3,1,1,45,388.568,1
34,0,37,0,2165,16,54,16,2,1,2,30,82.614,1
19,0,26,3,2808,20,8,34,3,1,2,25,197.7,1
3,0,31,0,0,0,31,12,3,1,2,25,43.368,1
12,0,35,3,3725,16,15,35,3,1,1,45,18.119,1
19,0,27,0,2424,25,21,15,3,1,2,30,105.582,1
25,0,26,0,6008,35,51,9,3,1,2,30,237.419,1
21,0,36,0,1859,60,9,0,2,1,2,25,0.0,1
13,0,25,0,502,56,29,19,5,1,1,30,22.659,1
1,1,26,0,2911,0,33,32,3,1,2,30,0.0,1
3,0,15,0,3601,23,10,10,2,1,1,45,198.252,1
7,1,30,0,0,70,20,18,2,1,2,30,194.161,1
19,1,37,0,2138,18,4,1,4,1,2,30,61.137,1
5,0,36,0,504,39,35,15,2,1,2,30,1.089,1
15,0,23,0,3531,69,35,13,2,1,2,30,0.0,1
19,1,27,0,3837,41,5,38,3,1,2,30,26.39,1
1,0,26,0,2140,18,35,48,2,1,1,25,0.0,1
16,0,45,1,3793,29,5,2,2,1,1,30,136.923,1
1,0,31,0,1903,3,11,25,3,1,2,25,118.134,1
22,0,33,3,2438,0,10,0,2,1,1,30,53.394,1
3,0,42,2,5918,24,7,6,4,1,1,30,0.0,1
21,1,26,0,2027,38,1,12,3,1,2,30,0.0,1
19,1,29,0,3520,20,1,11,4,1,2,45,157.775,1
12,1,39,0,3370,74,10,20,2,1,1,30,49.887,1
16,0,25,0,851,8,10,24,4,1,1,45,49.35,1
3,0,26,0,339,29,61,16,2,1,2,30,131.858,1
2,1,30,0,2234,70,28,20,3,1,2,30,55.16,1
27,0,25,0,2427,6,6,21,2,1,2,30,91.091,1
5,0,34,0,2030,71,15,31,2,1,2,45,204.142,1
20,0,33,0,879,70,7,10,2,1,1,30,0.0,1
32,0,26,0,2985,7,14,10,3,1,1,30,141.908,1
9,1,23,0,1417,46,5,1,2,1,2,55,53.033,1
34,0,26,1,1698,21,62,38,3,1,2,25,28.5,1
12,0,30,0,1276,28,0,3,2,1,2,30,0.0,1
13,0,31,0,6008,21,11,12,3,1,2,30,165.202,1
9,1,28,0,1219,61,16,14,3,1,2,25,0.0,1
1,1,32,2,4110,25,6,18,2,1,2,30,319.827,1
24,1,33,1,6008,39,21,6,3,1,2,30,19.322,1
34,0,42,0,2933,62,10,8,2,1,2,30,0.0,1
17,1,35,1,1898,19,37,15,3,1,1,45,115.287,1
2,1,36,0,466,8,11,0,4,1,2,25,51.672,1
5,1,27,0,3067,56,1,5,3,1,1,30,0.0,1
34,1,34,0,6008,15,3,7,2,1,1,55,24.234,1
11,1,35,1,478,55,65,5,3,1,2,25,60.702,1
14,1,30,0,1277,16,42,26,2,1,2,45,284.149,1
0,0,34,0,1339,55,22,20,3,1,2,25,186.74,1
6,0,32,0,0,66,10,20,3,1,1,30,0.0,1
25,1,25,0,3603,13,2,0,3,1,2,30,128.848,1
34,0,32,0,3081,15,17,7,2,1,1,30,0.0,1
20,0,31,1,826,13,7,4,3,1,1,30,164.38,1
7,0,44,0,1087,21,67,22,2,1,2,25,102.129,1
34,1,29,1,746,0,5,8,3,1,2,25,0.0,1
1,0,29,0,387,12,2,8,2,1,2,30,76.351,1
12,1,34,0,2369,78,35,4,3,1,1,45,67.123,1
23,0,34,1,2766,29,15,22,4,1,2,55,164.025,1
12,1,33,0,1095,16,67,0,3,1,2,25,124.885,1
13,0,43,0,3147,58,68,7,3,1,2,25,87.993,1
33,1,4,0,1163,19,27,21,3,1,2,45,8.963,1
0,0,23,0,3807,61,13,32,3,1,1,25,109.137,1
2,0,27,2,6008,13,3,18,2,1,2,25,0.0,1
34,1,8,0,3892,9,23,21,2,1,2,30,116.966,1
13,0,26,0,6008,17,38,23,3,1,1,30,62.355,1
19,1,31,0,2414,0,21,8,3,1,2,25,69.782,1
8,0,34,0,3438,12,4,12,3,1,2,30,3.038,1
21,1,24,0,2179,11,26,25,2,1,2,25,283.654,1
4,0,33,0,0,11,30,0,2,1,1,25,18.87,1
12,1,35,1,618,30,10,19,4,1,1,25,0.0,1
26,1,28,0,3947,13,10,17,3,1,1,30,0.0,1
19,0,26,0,2068,22,10,15,2,1,2,25,0.0,1
10,0,25,0,6008,14,15,17,4,1,2,55,0.0,1
7,0,35,0,5761,4,4,5,2,1,1,30,194.805,1
20,1,5,0,3710,68,7,0,2,1,1,25,42.8,1
4,0,31,0,1477,9,10,29,4,1,2,25,0.0,1
25,0,30,3,1764,20,11,3,4,1,2,45,295.815,1
18,0,39,1,0,75,13,9,2,1,2,25,318.032,1
34,1,16,1,3705,21,19,5,3,1,2,30,65.391,1
0,0,38,0,2884,22,2,14,4,1,2,25,0.0,1
12,1,43,0,2440,24,10,7,3,1,1,25,133.589,1
34,0,11,0,2647,12,10,4,3,1,1,45,0.0,1
19,0,25,3,955,10,18,35,3,2,1,25,266.556,1
10,0,30,3,3065,27,32,0,3,1,2,30,227.214,1
5,0,27,1,2693,25,28,25,3,1,2,30,21.368,1
13,1,12,1,447,28,12,4,4,1,1,25,66.276,1
34,0,35,0,2965,48,9,24,2,1,2,55,39.156,1
0,0,32,0,3111,68,48,40,3,1,2,30,345.791,1
31,0,29,0,344,3,9,22,3,1,2,25,61.172,1
18,1,29,0,46,66,6,16,3,1,2,30,57.241,1
19,0,29,0,2820,10,31,16,3,1,2,25,84.744,1
4,0,37,1,941,64,0,10,2,1,2,30,0.0,1
25,1,38,0,3768,25,13,34,3,1,2,30,175.823,1
21,1,33,0,836,0,7,12,3,1,1,25,88.414,1
9,1,25,0,1409,54,4,3,2,1,2,25,0.0,1
1,1,28,0,730,15,24,8,2,1,2,30,138.361,1
0,0,33,0,1035,19,71,8,4,1,1,30,17.481,1
18,1,36,1,1372,6,35,17,2,1,2,30,214.791,1
4,0,30,1,0,63,7,8,3,1,2,25,0.0,1
20,0,24,0,2469,37,6,8,2,2,1,30,0.0,1
4,1,35,0,1271,14,8,5,2,1,2,30,27.868,1
34,0,22,0,3072,16,7,7,4,1,2,45,287.899,1
5,0,34,0,1823,49,54,11,4,1,2,25,215.621,1
33,0,42,0,2270,70,13,3,3,1,2,45,0.0,1
15,0,25,0,1229,11,29,0,2,1,1,45,192.927,1
18,0,37,0,2491,63,33,0,4,1,1,25,5.215,1
3,0,22,0,1186,5,14,10,2,1,2,30,83.22,1
19,0,29,0,27,8,12,0,3,1,2,25,399.668,1
4,1,26,0,2906,25,13,15,3,1,2,25,0.0,1
20,1,28,1,3791,0,11,5,2,1,1,30,86.807,1
13,0,31,0,5752,49,35,27,2,1,2,25,167.103,1
14,0,28,0,0,15,12,17,2,1,2,25,31.904,1
21,0,26,0,305,13,5,0,4,1,2,25,38.07,1
21,0,31,0,2658,49,48,26,3,1,2,30,334.099,1
33,0,34,1,989,25,113,0,4,1,1,25,318.624,1
19,0,25,0,1819,61,6,22,3,1,2,45,72.204,1
10,0,28,0,2902,14,6,13,3,1,1,30,371.583,1
14,1,36,0,1899,62,11,4,2,1,1,45,56.666,1
9,1,32,0,2327,9,12,7,3,1,2,25,279.252,1
1,0,30,1,2157,15,9,7,2,1,2,25,167.878,1
8,1,28,0,1746,12,13,28,3,1,2,30,120.564,1
18,0,36,0,1796,47,204,10,4,1,1,30,0.0,1
22,0,3,2,1032,7,7,10,3,1,1,30,55.993,1
10,1,23,3,1143,12,9,3,2,1,2,25,35.361,1
8,0,35,0,1837,17,204,25,4,1,2,30,93.031,1
18,0,30,2,4109,56,74,39,2,1,1,25,0.0,1
34,1,25,0,2212,29,0,22,2,1,1,45,8.561,1
34,0,26,0,273,100,5,0,3,1,2,25,178.458,1
7,0,39,0,2303,72,28,22,3,1,1,30,0.0,1
33,1,32,1,1922,0,7,17,2,1,2,45,198.579,1
0,0,29,0,102,53,53,5,3,1,2,30,110.205,1
11,1,29,0,2005,15,0,9,2,1,2,30,45.889,1
12,0,33,0,2820,67,35,4,3,1,1,30,0.0,1
14,1,3,0,3476,33,8,26,2,1,2,30,257.548,1
15,0,25,2,5178,10,11,31,3,1,1,30,29.741,1
15,0,34,0,1700,63,41,12,2,1,2,45,186.058,1
20,0,27,0,1744,61,26,26,3,1,2,25,0.0,1
24,0,30,0,485,20,0,15,3,1,2,30,37.1,1
3,1,26,0,4004,0,2,48,3,1,1,25,154.167,1
5,1,42,0,2601,75,57,7,2,1,2,30,32.93,1
1,1,32,0,3619,59,15,7,2,1,1,55,34.769,1
34,0,25,2,2399,13,8,27,2,1,2,30,56.013,1
34,0,36,0,703,10,14,0,2,1,1,25,0.0,1
18,0,37,2,3738,20,14,8,3,1,2,45,0.171,1
7,0,33,0,2669,6,11,2,2,1,1,45,68.475,1
0,1,27,0,2055,24,1,14,2,1,1,25,0.0,1
7,0,27,2,2167,43,63,2,3,1,2,45,182.437,1
12,0,24,0,0,21,2,4,3,1,2,25,0.0,1
20,0,3,0,384,11,44,18,4,1,2,25,891.783,1
25,1,38,0,2379,52,15,26,2,1,2,25,107.104,1
25,0,29,0,5296,18,30,26,3,1,1,30,281.534,1
19,1,28,0,1324,22,38,11,3,1,2,30,0.0,1
0,0,27,0,2606,2,24,20,2,1,1,30,14.291,1
31,0,31,0,2219,10,35,22,3,1,1,30,0.0,1
15,0,37,0,133,20,40,39,3,2,2,45,272.021,1
3,1,39,0,1109,32,41,23,4,1,1,45,115.98,1
34,1,35,0,2155,46,44,16,3,1,2,25,52.263,1
34,0,31,0,6008,3,69,7,3,1,2,25,282.227,1
33,0,35,0,956,28,37,10,2,1,2,30,0.0,1
2,0,27,0,3833,12,0,14,3,1,1,30,19.916,1
23,0,27,0,2357,50,52,18,3,1,2,30,78.968,1
4,1,3,0,3154,74,5,19,2,1,2,30,0.0,1
32,0,37,0,1634,26,3,10,3,1,2,30,159.888,1
5,1,40,0,2749,0,37,24,5,1,2,25,250.128,1
3,0,40,3,924,30,57,19,3,1,2,30,0.0,1
34,1,43,2,1081,0,33,14,4,1,2,45,49.508,1
0,1,33,0,4152,70,0,0,2,1,1,30,0.0,1
17,1,33,0,643,16,27,0,3,1,2,30,2.114,1
3,0,25,0,4432,15,33,39,2,1,2,25,17.347,1
3,0,30,1,3731,19,18,0,3,1,1,45,22.465,1
29,0,30,0,1559,5,36,9,2,1,2,30,77.563,1
2,1,3,0,3002,25,38,34,3,1,2,25,28.481,1
2,0,8,0,2747,21,13,28,3,1,1,45,0.0,1
18,0,25,1,0,16,14,0,2,1,1,30,16.704,1
21,0,24,0,1089,18,0,5,2,1,2,30,211.27,1
34,1,25,0,1611,19,5,13,3,1,2,25,139.494,1
6,0,36,0,3662,59,21,3,3,1,1,25,68.79,1
1,0,23,0,1664,9,40,10,2,1,1,30,117.699,1
13,1,26,0,0,11,0,20,4,1,1,45,70.552,1
6,1,26,0,0,1,12,26,2,1,2,30,42.3,1
17,0,3,2,3184,26,48,26,3,1,2,30,106.623,1
2,0,31,1,557,3,14,9,2,1,2,30,101.76,1
6,0,27,0,549,29,10,18,3,1,2,25,415.513,1
21,1,40,1,2153,100,7,42,3,1,2,30,39.262,1
34,1,28,0,1617,0,10,16,2,1,2,25,141.943,1
13,1,31,2,3860,22,7,12,3,1,2,25,0.0,1
21,1,32,0,1654,5,13,16,3,1,2,45,56.039,1
10,0,28,0,3503,8,48,19,3,1,2,45,417.074,1
19,1,30,0,3156,42,6,12,2,1,2,45,213.431,1
12,0,37,0,3036,25,5,12,4,1,1,25,0.0,1
10,0,31,0,5982,10,34,27,4,1,1,25,54.574,1
2,0,8,1,4100,27,1,11,2,1,1,25,75.989,1
15,1,24,0,6008,41,8,29,4,1,2,30,208.134,1
34,0,16,2,899,25,29,21,3,1,1,25,72.987,1
6,0,33,1,3849,14,0,7,2,1,2,25,169.451,1
34,0,27,1,958,11,37,8,2,1,2,30,188.245,1
2,1,30,0,0,1,8,26,2,1,2,25,51.176,1
17,0,33,1,1698,20,34,48,3,1,1,30,106.921,1
22,0,27,0,4224,44,57,17,5,1,1,45,148.912,1
9,1,27,0,1844,0,5,47,5,1,1,30,46.13,1
8,1,33,0,2663,67,29,10,3,1,2,30,0.0,1
6,1,35,0,1604,0,0,20,4,1,1,30,185.602,1
23,1,24,1,1243,3,41,30,4,1,2,45,35.214,1
27,1,37,0,155,4,15,28,4,1,1,25,166.183,1
24,0,38,0,2140,11,37,5,5,1,1,30,13.548,1
9,0,29,1,1765,16,13,28,4,1,1,45,271.252,1
2,0,36,0,2982,59,204,25,3,1,1,30,155.279,1
5,0,39,0,2094,20,40,12,4,1,2,30,442.947,1
11,0,30,0,3955,28,4,3,2,1,1,30,114.951,1
34,1,24,1,2038,47,48,21,5,1,1,30,8.714,1
7,0,38,4,796,27,7,8,2,1,2,30,53.297,1
15,0,39,0,2672,32,4,33,2,1,1,30,136.672,1
17,0,29,0,6008,18,63,18,2,1,1,30,143.823,1
32,1,26,0,3549,19,7,28,2,1,2,45,99.656,1
1,0,30,0,586,42,12,9,4,1,2,25,68.008,1
0,1,33,3,3658,70,2,44,2,1,1,25,0.0,1
14,1,31,1,97,21,24,3,3,1,1,25,37.355,1
5,0,23,0,63,27,15,23,2,1,2,30,987.255,1
3,0,33,0,2241,100,2,6,2,1,2,30,242.624,1
17,0,35,0,3545,25,7,7,3,1,2,45,80.782,1
20,0,31,0,1962,3,10,21,2,1,2,45,97.273,1
17,1,24,0,3990,6,16,10,4,1,1,25,87.293,1
24,1,33,0,2629,16,37,8,3,1,2,30,58.002,1
25,1,35,0,1560,73,9,7,3,1,2,25,90.434,1
25,1,38,0,2640,73,66,0,3,1,2,25,176.521,1
0,0,41,0,908,0,12,4,4,1,2,25,41.853,1
11,0,32,0,1699,46,54,24,3,1,2,25,0.0,1
15,0,10,0,2435,78,14,10,2,2,1,25,0.0,1
10,0,26,0,1639,17,25,5,3,1,1,45,0.0,1
8,0,43,2,3382,21,12,4,4,1,2,25,311.534,1
12,0,31,0,4181,12,19,13,3,1,1,25,191.151,1
13,0,39,2,114,26,12,17,2,1,1,30,151.198,1
34,1,25,1,969,19,10,23,4,1,1,25,49.896,1
11,1,27,0,2700,26,29,11,3,1,1,55,275.672,1
2,0,24,0,2784,0,42,3,2,1,1,30,0.0,1
16,0,33,0,2536,52,41,48,3,1,2,30,43.504,1
2,0,41,0,3011,15,13,7,2,1,2,30,135.811,1
4,0,25,0,3650,45,20,5,2,1,1,25,137.244,1
3,1,31,0,3860,0,23,9,4,1,2,30,262.366,1
13,0,27,0,674,22,6,23,2,1,1,45,290.777,1
19,1,29,0,1158,17,31,5,2,1,2,30,0.0,1
7,0,6,0,2392,36,25,8,2,1,2,25,52.866,1
24,0,39,0,1551,17,7,25,2,1,1,30,0.0,1
11,1,24,1,217,2,40,25,3,1,1,30,263.673,1
1,0,36,0,6008,7,2,11,2,1,1,30,67.296,1
11,0,26,2,1876,29,2,26,4,1,1,30,0.0,1
4,1,30,0,2978,26,30,15,3,1,1,25,116.78,1
22,1,30,0,3463,23,0,39,3,1,2,25,98.462,1
15,0,30,0,758,12,25,30,2,1,2,45,0.0,1
18,1,32,0,3281,24,27,1,3,1,1,45,8.262,1
30,0,29,0,331,7,2,0,2,1,2,25,0.0,1
34,0,27,0,44,14,33,0,4,1,2,30,77.335,1
21,0,35,0,2708,13,21,5,3,1,2,25,0.0,1
34,0,24,0,60,63,3,34,3,1,2,30,0.0,1
16,0,26,0,1946,23,32,10,3,1,2,30,424.089,1
25,1,31,0,319,9,10,21,3,1,1,30,35.161,1
14,1,31,1,324,72,27,27,3,1,1,45,68.089,1
7,0,24,0,3097,55,5,17,3,1,1,45,67.917,1
3,1,29,0,3042,0,38,9,2,1,2,30,96.946,1
27,1,28,0,2592,21,0,10,4,1,2,30,186.65,1
17,1,31,0,706,55,21,1,3,2,2,30,86.611,1
1,0,27,0,3094,21,3,20,3,1,1,30,60.067,1
34,0,34,0,169,8,36,7,3,1,2,30,43.402,1
15,0,26,0,0,13,1,3,4,1,2,25,0.0,1
16,1,31,0,6008,15,43,27,4,1,2,30,0.0,1
6,0,40,0,2416,100,11,20,4,1,2,30,128.533,1
1,0,43,3,367,11,8,15,5,1,1,30,3.807,1
0,0,24,0,2540,19,16,21,2,1,1,25,14.793,1
10,0,9,0,3198,22,32,22,3,1,1,30,0.0,1
23,0,36,0,2286,53,22,28,3,1,1,30,52.031,1
21,0,39,0,1174,46,51,0,2,1,2,30,142.743,1
21,0,39,4,847,100,0,0,3,2,1,25,74.081,1
12,1,28,0,1417,12,68,43,2,1,1,25,220.389,1
8,1,7,0,1544,51,23,8,3,1,1,25,0.0,1
19,1,33,0,3633,15,18,0,2,1,2,45,0.0,1
0,0,30,0,928,40,23,21,2,1,2,30,0.0,1
5,0,4,0,2334,12,19,8,4,1,2,25,0.0,1
12,1,15,0,3003,100,21,33,3,1,2,25,204.782,1
34,0,33,0,3509,23,47,0,4,1,2,30,93.642,1
5,0,40,0,369,58,30,0,3,1,2,30,0.0,1
10,0,33,1,2740,70,15,12,4,1,2,25,202.212,1
4,0,3,0,4350,46,40,11,3,1,1,25,170.457,1
16,1,38,0,6008,23,27,10,2,1,1,30,34.421,1
1,1,38,1,2334,64,2,0,3,1,2,30,793.954,1
24,0,34,0,0,62,6,8,2,1,1,25,71.581,1
3,0,29,0,2585,74,40,0,2,1,1,30,205.13,1
21,1,39,0,1506,2,9,1,3,1,2,25,0.0,1
21,1,33,0,2493,31,3,11,2,1,1,30,180.013,1
17,1,33,1,1078,25,26,14,2,1,1,55,156.931,1
34,0,31,0,3316,57,10,11,2,1,1,55,123.531,1
25,0,30,0,2167,100,28,1,3,1,2,30,0.0,1
33,1,27,2,1943,58,41,14,3,1,1,30,0.0,1
34,0,3,0,2147,27,4,6,3,1,2,30,0.0,1
2,0,37,1,5162,61,20,19,2,1,1,30,38.948,1
0,1,33,0,799,25,25,5,5,1,1,55,22.888,1
19,1,34,0,1907,13,76,8,3,1,2,30,104.14,1
2,0,3,0,2229,5,7,17,3,1,2,30,0.0,1
31,0,23,0,861,22,10,3,3,1,2,30,98.469,1
20,0,34,0,3163,24,40,16,4,1,1,30,468.394,1
21,1,40,0,4184,37,3,8,2,1,1,30,139.459,1
3,0,4,0,3203,28,0,3,3,1,2,30,336.733,1
17,0,33,0,327,9,7,17,2,1,1,30,71.706,1
22,0,23,3,6008,8,19,10,2,1,1,25,0.0,1
9,1,26,0,710,15,16,12,3,1,2,30,54.669,1
22,0,29,0,1749,26,3,4,3,1,2,30,105.464,1
6,1,32,0,3567,100,0,0,2,1,1,25,0.0,1
1,0,33,1,2260,17,7,2,3,1,2,25,358.091,1
18,0,23,2,2113,73,13,2,3,1,2,45,7.633,1
12,1,33,0,1016,11,6,48,3,1,2,25,53.14,1
34,0,9,0,3599,14,31,4,2,1,1,25,96.569,1
24,0,25,1,1950,62,3,18,2,1,2,30,0.0,1
4,0,5,1,1553,71,19,15,3,1,2,30,42.847,1
21,1,26,0,2675,26,33,3,4,1,1,45,0.0,1
34,1,31,0,2735,15,0,1,5,1,2,25,22.798,1
29,1,36,0,5821,28,2,20,3,1,1,25,0.0,1
34,0,27,0,798,9,3,30,3,1,2,45,0.0,1
7,0,29,2,4090,25,8,10,3,1,2,25,350.311,1
20,0,31,0,4127,21,3,7,3,1,2,25,204.93,1
2,0,31,0,2865,72,37,18,2,2,2,30,66.795,1
34,0,34,0,501,63,2,40,3,2,1,30,50.529,1
15,0,40,0,2427,1,0,15,2,1,2,30,170.615,1
2,1,27,1,1995,29,28,13,2,1,2,30,473.877,1
9,1,37,0,479,7,3,28,2,1,1,30,0.0,1
7,1,11,0,1467,53,19,14,3,1,2,25,0.0,1
34,1,36,0,4138,20,5,2,3,1,1,25,19.859,1
33,0,24,0,4674,70,0,35,2,1,1,25,0.0,1
34,0,28,0,2229,19,9,11,2,1,1,30,0.0,1
4,0,27,0,4493,0,43,29,2,1,2,30,8.328,1
8,1,32,0,197,48,42,2,3,1,2,30,59.837,1
7,1,32,2,1176,71,9,15,3,1,2,30,22.698,1
32,0,27,0,1373,45,13,0,3,1,2,25,0.0,1
2,0,30,0,4217,58,0,3,2,1,1,25,0.0,1
17,1,33,0,6008,48,11,1,2,1,2,30,47.131,1
32,1,25,0,1527,0,9,9,2,1,2,25,0.0,1
2,1,33,0,807,27,27,4,3,1,2,25,176.703,1
21,0,31,2,2965,15,0,15,2,1,1,25,306.084,1
10,0,24,0,2851,100,4,26,2,1,2,30,3.126,1
2,1,32,0,3257,63,21,9,3,1,2,30,78.908,1
19,0,24,0,2695,21,14,13,4,1,1,25,197.483,1
2,1,24,0,2511,15,26,11,3,1,2,25,103.48,1
8,1,29,0,3295,61,8,42,3,1,2,25,0.0,1
20,0,33,0,2036,73,49,2,3,1,1,30,42.565,1
15,0,28,3,1456,19,1,15,2,1,2,45,99.394,1
6,1,35,0,4303,41,14,3,2,1,2,25,0.0,1
2,0,29,0,2948,78,11,4,4,1,2,30,0.0,1
7,1,30,0,2087,42,204,13,4,1,2,25,186.511,1
24,1,28,2,1632,63,3,24,4,1,2,30,0.0,1
18,0,31,0,0,11,3,15,3,2,2,30,5.827,1
6,1,25,1,2314,56,12,34,2,1,1,45,14.889,1
0,1,40,0,1159,59,27,0,2,1,2,25,86.24,1
34,0,31,0,0,25,182,0,3,1,1,45,179.96,1
32,0,27,0,4830,31,204,17,3,1,2,30,0.0,1
14,0,31,0,4341,99,4,5,3,1,2,30,0.0,1
4,0,30,0,2533,10,21,5,3,1,2,30,230.274,1
12,0,33,0,4399,25,1,14,3,1,1,30,167.423,1
30,1,42,2,3564,6,57,22,2,1,2,25,0.0,1
4,0,44,0,3703,20,11,0,3,1,2,30,0.0,1
16,0,35,0,2437,58,34,13,3,1,1,30,0.0,1
23,1,23,0,745,71,0,8,2,1,2,25,2.819,1
34,0,28,0,4445,18,74,24,3,1,2,25,48.808,1
23,0,23,0,3836,13,7,39,3,1,1,30,68.485,1
17,0,33,0,463,61,20,21,2,1,1,30,0.0,1
24,1,31,0,1713,0,16,10,4,1,2,30,31.653,1
21,1,40,1,1058,25,11,30,4,1,2,25,83.298,1
14,0,29,0,0,57,6,24,3,1,1,30,63.574,1
15,0,42,0,1243,22,34,28,4,2,1,25,66.22,1
0,0,27,0,492,71,48,25,2,1,1,30,397.882,1
8,0,29,0,2935,65,13,9,4,1,2,25,0.0,1
