14,0,40,3,7515,103,201,28,3,1,1,30,1108.72,0
3,0,37,0,7508,127,384,43,2,1,1,25,2071.575,0
0,0,28,0,3153,66,0,20,2,1,1,25,144.855,0
21,0,33,3,15850,234,3,82,2,1,1,25,737.28,0
23,0,18,2,9947,188,88,42,5,1,1,55,284.025,0
13,0,33,2,9160,117,136,39,3,1,1,30,915.08,0
5,0,11,2,4505,45,213,9,3,1,1,30,1034.0,0
0,0,28,0,1343,35,33,70,4,1,1,45,116.95,0
5,0,11,1,4095,36,201,25,3,1,1,30,969.24,0
0,0,34,0,455,2,0,5,2,1,2,25,20.565,0
18,0,24,5,3418,61,53,27,4,2,1,45,219.475,0
1,0,33,0,3885,57,0,10,2,1,1,25,177.39,0
25,0,37,2,15025,219,22,28,3,1,1,30,697.76,0
0,0,23,0,950,27,181,7,2,2,1,25,858.465,0
11,0,37,1,4495,69,7,14,3,1,1,30,210.56,0
7,0,38,1,4023,88,9,30,3,1,1,30,200.44,0
5,0,36,1,305,6,7,2,5,1,1,55,15.165,0
2,0,34,0,11045,142,0,41,3,1,1,30,447.48,0
0,0,32,0,2345,15,0,9,3,1,1,30,94.4,0
0,0,34,0,0,0,6,0,5,1,1,55,9.0,0
12,0,38,1,4443,69,7,35,1,1,1,15,286.66,0
9,0,41,0,1223,21,35,21,3,1,2,30,189.76,0
5,0,32,0,1085,20,36,9,4,1,2,45,117.625,0
4,0,43,0,710,20,21,9,3,1,2,30,113.2,0
0,0,38,0,0,0,0,0,2,1,2,25,0.0,0
2,0,38,0,710,14,13,8,3,1,2,30,80.96,0
8,0,41,2,11545,156,21,51,4,1,1,45,345.025,0
3,0,34,0,2665,48,177,24,2,1,1,25,918.585,0
6,0,42,3,723,12,21,8,5,1,1,55,42.525,0
13,0,39,1,2568,65,357,23,3,1,1,30,1533.32,0
10,0,38,1,8990,123,148,46,3,1,1,30,956.52,0
3,0,39,0,1620,48,46,24,3,1,2,30,250.72,0
5,0,38,2,643,10,11,4,5,1,1,55,26.295,0
5,0,38,1,2638,61,7,33,2,1,1,25,152.955,0
6,0,39,0,2113,56,12,20,3,1,2,30,134.76,0
21,0,18,1,6583,141,60,40,1,2,1,15,699.82,0
20,0,35,1,14720,213,15,26,2,1,1,25,739.485,0
14,0,39,2,11960,161,27,52,4,1,1,45,370.525,0
7,0,13,0,8627,165,66,38,4,1,1,45,384.8,0
3,0,32,2,6905,113,266,31,2,2,1,25,1512.81,0
19,0,19,2,6507,146,83,41,2,2,1,25,672.885,0
11,0,40,1,6223,101,14,14,3,1,1,30,308.96,0
7,0,35,0,2393,57,354,22,2,1,1,25,1703.25,0
7,0,34,0,15305,174,139,25,2,1,1,25,1322.055,0
17,0,18,2,9353,183,112,46,5,1,1,55,311.04,0
18,0,26,2,15590,224,0,73,2,1,1,25,711.63,0
0,0,32,0,2415,44,163,19,2,1,1,25,844.155,0
0,0,34,0,1553,20,2,7,3,1,1,30,70.92,0
6,0,36,0,3470,76,25,26,2,1,1,25,272.07,0
18,0,42,2,4563,75,13,39,1,1,1,15,326.59,0
17,0,39,4,7623,91,136,54,2,2,1,25,959.13,0
10,0,15,0,8688,168,71,40,4,1,1,45,398.9,0
2,0,32,0,4255,73,0,19,3,1,1,30,173.12,0
27,0,42,10,10820,101,18,48,5,1,1,55,190.815,0
5,0,22,1,1613,35,22,64,4,1,1,45,96.2,0
11,0,29,1,1305,34,29,17,2,1,1,25,190.755,0
3,0,22,1,1775,28,38,18,2,1,1,25,252.135,0
0,0,38,0,3493,78,5,30,2,1,1,25,183.195,0
0,0,17,0,2660,45,0,15,3,1,1,30,108.2,0
2,0,18,0,1695,26,28,14,2,1,1,25,203.445,0
2,0,35,0,14990,175,134,25,2,1,1,25,1285.425,0
10,0,16,0,5682,130,60,42,1,2,1,15,649.66,0
0,0,37,0,0,0,0,0,2,1,2,25,0.0,0
3,0,41,1,1668,31,8,7,4,1,1,45,62.475,0
11,0,40,0,1890,31,15,13,2,1,2,25,153.945,0
15,0,44,3,7023,87,123,40,3,1,1,30,776.4,0
16,0,39,3,9230,126,142,42,3,1,1,30,942.24,0
7,0,39,0,3965,66,0,19,3,1,1,30,161.24,0
6,0,36,2,4318,92,23,43,3,1,1,30,268.4,0
18,0,45,3,7283,91,130,45,2,1,1,25,916.83,0
8,0,22,0,1045,24,8,8,2,1,1,25,84.105,0
0,0,25,0,635,10,46,5,4,1,2,45,131.125,0
17,0,18,6,3758,61,59,36,3,2,1,30,388.76,0
1,0,36,0,2980,22,485,9,3,1,1,30,2060.08,0
2,0,33,0,2360,33,277,17,3,1,1,30,1203.72,0
0,0,36,1,6480,97,15,21,5,1,1,55,121.155,0
10,0,23,0,620,23,0,3,2,1,2,25,28.935,0
13,0,46,2,2958,74,24,41,2,1,1,25,244.44,0
0,0,34,0,6080,74,147,20,3,1,1,30,834.16,0
5,0,29,1,6830,93,7,18,5,1,1,55,114.345,0
0,0,23,0,3110,56,10,24,3,1,1,30,166.64,0
1,0,24,0,1508,36,25,66,4,1,1,45,101.1,0
10,0,28,0,295,20,0,9,3,1,2,30,12.6,0
7,0,9,0,8673,161,58,34,4,1,1,45,365.85,0
4,0,31,0,15225,172,135,24,2,1,1,25,1300.365,0
7,0,23,0,1110,27,21,14,2,1,1,25,145.665,0
0,0,33,0,4030,69,0,18,3,1,1,30,163.96,0
20,0,29,2,15770,232,0,78,2,1,1,25,720.09,0
9,0,44,1,2620,49,300,24,3,1,1,30,1306.76,0
9,0,40,0,4075,67,7,4,3,1,1,30,193.68,0
9,0,34,0,4118,64,0,31,1,1,1,15,230.01,0
0,0,32,2,6470,109,255,28,2,2,1,25,1443.555,0
7,0,15,2,4650,50,230,16,3,1,1,30,1108.0,0
3,0,41,1,378,8,12,6,3,1,1,30,63.44,0
8,0,33,0,15405,180,140,26,2,1,1,25,1331.325,0
7,0,40,2,3155,30,488,10,3,1,1,30,2079.4,0
19,0,20,1,9418,185,91,47,5,1,1,55,280.545,0
11,0,40,1,4485,76,3,16,3,1,1,30,194.44,0
3,0,29,0,8550,105,122,35,3,1,1,30,834.2,0
0,0,33,0,0,0,0,0,5,1,1,55,0.0,0
6,0,38,0,4125,68,3,17,2,1,1,25,202.185,0
13,0,39,1,2513,63,364,26,3,1,1,30,1559.04,0
0,0,13,0,1695,20,20,13,2,1,1,25,167.175,0
0,0,33,0,0,0,0,0,2,1,2,25,0.0,0
0,0,34,0,1875,37,147,6,2,1,1,25,747.54,0
0,0,21,0,930,28,176,5,2,2,1,25,835.11,0
5,0,38,2,643,10,11,4,5,1,1,55,26.295,0
5,0,17,2,2728,47,35,22,3,1,1,30,251.0,0
15,0,12,0,9237,171,72,41,4,1,1,45,415.2,0
10,0,39,2,11525,157,16,49,4,2,1,45,332.05,0
10,0,24,0,1110,26,0,9,2,1,1,25,51.12,0
13,0,24,1,1350,30,15,10,2,1,1,25,129.6,0
0,0,17,0,985,15,3,14,2,1,1,25,58.5,0
3,0,36,0,623,5,6,5,2,1,2,25,55.26,0
7,0,26,2,1440,34,189,8,3,2,1,30,814.96,0
9,0,38,1,3530,79,30,28,3,1,1,30,264.36,0
8,0,40,2,7928,139,423,49,3,1,1,30,2014.68,0
0,0,36,0,1865,32,269,13,3,1,1,30,1151.88,0
0,0,36,0,1478,24,0,3,3,1,1,30,60.08,0
7,0,20,1,2000,32,35,16,3,1,1,30,221.28,0
9,0,32,1,1828,49,45,74,5,1,1,55,95.655,0
0,0,24,0,520,4,14,1,4,1,2,45,48.1,0
0,0,38,0,7383,129,388,46,2,1,1,25,2084.04,0
12,0,38,2,4970,81,26,32,3,1,1,30,306.04,0
10,0,21,1,1270,28,11,9,2,1,1,25,107.91,0
15,0,42,3,9115,127,152,44,3,1,1,30,977.68,0
8,0,38,3,3695,37,504,23,3,1,1,30,2165.28,0
16,0,29,0,1005,31,17,9,3,1,2,30,109.44,0
7,0,12,3,4810,52,254,16,3,1,1,30,1210.48,0
2,0,39,0,825,20,45,12,3,1,2,30,213.8,0
1,0,37,0,5728,95,32,14,3,1,1,30,360.92,0
9,0,37,0,2123,48,0,13,3,1,2,30,86.84,0
0,0,38,0,470,9,0,13,2,1,2,25,21.555,0
0,0,16,0,1635,23,23,12,2,1,1,25,178.11,0
0,0,31,0,3718,76,0,27,2,1,1,25,170.73,0
16,0,17,1,6393,141,85,42,2,2,1,25,676.53,0
20,0,44,4,9420,133,159,46,3,1,1,30,1018.12,0
0,0,19,0,2965,51,0,17,3,1,1,30,120.64,0
15,0,41,3,11830,163,23,51,4,1,1,45,357.325,0
0,0,36,0,3610,67,0,8,3,1,1,30,147.08,0
0,0,18,0,1095,16,7,6,2,1,1,25,81.495,0
21,0,36,8,10435,93,1,42,5,1,1,55,159.42,0
11,0,41,1,2533,62,369,28,3,1,1,30,1579.8,0
0,0,30,0,5770,80,0,20,4,1,1,45,146.25,0
8,0,38,0,4370,71,5,17,3,1,1,30,197.64,0
18,0,33,2,14655,211,36,25,3,1,1,30,738.64,0
8,0,36,0,6603,69,76,33,2,1,1,25,642.24,0
5,0,35,0,13593,161,0,39,3,1,1,30,550.16,0
6,0,37,0,1780,49,36,19,3,1,2,30,217.16,0
0,0,34,0,0,0,0,0,2,1,2,25,0.0,0
5,0,20,1,1810,31,26,13,3,1,1,30,177.64,0
3,0,36,1,6528,75,133,39,2,1,1,25,895.635,0
0,0,29,0,0,0,0,0,2,1,2,25,0.0,0
12,0,37,1,3490,64,183,23,2,1,1,25,983.43,0
0,0,11,0,1390,14,13,11,2,1,1,25,121.68,0
0,0,36,1,338,4,4,2,5,1,1,55,11.13,0
8,0,34,0,2158,52,0,13,3,1,2,30,88.4,0
17,0,40,3,5275,87,33,34,3,1,1,30,346.48,0
9,0,37,0,15485,182,150,30,2,1,1,25,1380.015,0
5,0,27,1,3285,64,13,25,3,1,1,30,185.96,0
5,0,32,0,3390,74,15,22,2,1,1,25,223.38,0
0,0,8,1,2288,29,9,11,3,1,1,30,128.68,0
5,0,41,0,2573,66,13,38,1,1,1,15,216.645,0
8,0,44,1,2653,68,17,39,2,1,1,25,198.945,0
0,0,34,0,1363,19,0,4,3,1,1,30,55.28,0
2,0,10,2,4505,46,247,14,3,1,1,30,1170.04,0
7,1,38,4,7045,118,281,37,2,2,1,25,1586.835,0
13,0,40,1,4675,77,12,19,3,1,1,30,238.08,0
13,0,32,6,10070,84,0,38,4,1,1,45,253.85,0
6,0,45,0,703,13,24,10,3,1,2,30,124.64,0
12,0,37,3,7318,85,129,52,2,1,1,25,913.635,0
0,0,34,0,5485,69,154,24,3,1,1,30,838.16,0
0,0,35,0,2080,10,451,6,3,1,1,30,1887.6,0
10,0,41,0,2408,64,367,28,3,1,1,30,1566.88,0
19,0,19,5,3867,62,46,21,3,1,1,30,341.16,0
18,0,43,3,9375,131,159,49,3,1,1,30,1016.24,0
0,0,32,0,0,0,0,0,2,1,2,25,0.0,0
0,0,35,0,0,0,0,0,5,1,1,55,0.0,0
1,0,31,1,6545,104,232,27,2,2,1,25,1343.205,0
12,0,16,1,9048,177,105,44,5,1,1,55,295.875,0
6,0,37,0,5803,89,0,8,2,1,1,25,265.14,0
9,0,33,0,3775,76,24,27,2,1,1,25,281.295,0
5,0,32,1,3065,26,7,12,3,1,1,30,151.64,0
3,0,36,1,2655,43,299,31,3,1,1,30,1303.92,0
13,0,41,1,3265,67,193,30,2,1,1,25,1018.44,0
0,0,38,0,1360,44,39,19,3,1,2,30,212.16,0
4,0,31,1,1270,40,201,15,2,2,1,25,963.45,0
10,0,40,0,1943,50,7,4,3,1,2,30,107.72,0
0,0,18,0,0,0,0,0,4,1,2,45,0.0,0
5,0,9,1,4635,43,217,10,3,1,1,30,1055.12,0
4,0,35,0,11405,151,6,45,3,1,1,30,486.24,0
13,0,22,0,1530,32,18,14,2,1,1,25,151.29,0
11,0,40,0,1615,30,41,25,3,1,2,30,229.8,0
4,0,37,0,3488,55,0,35,1,1,1,15,194.865,0
6,0,25,0,395,19,3,5,2,1,2,25,32.13,0
10,0,44,3,6805,98,201,29,4,1,1,45,675.075,0
2,0,23,0,1388,31,19,63,4,1,1,45,82.975,0
7,0,20,1,2000,32,35,16,3,1,1,30,221.28,0
5,0,31,2,1395,38,203,15,2,2,1,25,977.985,0
0,0,35,0,3355,54,0,15,2,1,1,25,153.405,0
3,0,31,0,15100,174,133,24,2,1,1,25,1285.83,0
18,0,46,2,4935,87,27,25,3,1,1,30,308.88,0
7,0,37,0,15240,179,148,30,2,1,1,25,1359.855,0
12,0,43,2,11725,164,26,53,4,1,1,45,362.225,0
5,0,39,0,1180,20,7,13,2,1,2,25,85.5,0
5,0,45,0,578,15,22,10,3,1,2,30,111.72,0
8,0,39,0,2960,61,186,28,2,1,1,25,972.945,0
5,0,35,3,6560,111,253,35,2,2,1,25,1438.695,0
5,0,38,0,6593,77,112,40,2,1,1,25,804.15,0
9,0,43,2,4515,89,10,26,3,1,1,30,224.16,0
0,0,34,0,1438,43,327,22,2,1,1,25,1538.145,0
7,0,41,2,823,18,22,9,5,1,1,55,45.615,0
11,0,11,0,8853,169,63,36,4,1,1,45,383.05,0
2,0,38,0,2555,49,178,25,2,1,1,25,918.18,0
10,0,42,2,1075,23,25,12,3,1,1,30,143.92,0
11,0,40,1,6223,101,14,14,3,1,1,30,308.96,0
17,0,17,1,9237,177,80,42,5,1,1,55,261.21,0
0,0,22,0,3045,53,0,18,3,1,1,30,123.92,0
14,0,40,2,3890,87,30,27,3,1,1,30,279.08,0
9,0,38,1,15600,188,182,34,2,1,1,25,1529.46,0
5,0,23,0,920,26,12,11,2,1,1,25,96.57,0
7,0,37,1,2378,36,8,6,4,1,1,45,80.35,0
12,0,41,3,4935,95,41,31,4,1,1,45,228.25,0
4,0,41,1,4210,83,3,24,3,1,1,30,183.72,0
9,0,20,1,2190,33,44,19,3,1,1,30,264.92,0
2,0,38,1,2920,24,10,18,3,1,1,30,157.76,0
11,0,39,2,3890,88,64,32,3,1,1,30,415.12,0
10,0,37,1,6963,78,110,37,2,1,1,25,811.845,0
0,0,36,0,1455,23,257,1,3,1,1,30,1087.12,0
18,0,41,2,14788,186,15,46,3,1,1,30,658.96,0
16,0,31,2,1610,40,36,19,2,1,1,25,236.25,0
0,0,31,0,13468,157,0,41,3,1,1,30,545.0,0
8,0,39,0,1420,25,21,8,3,1,2,30,141.8,0
4,0,34,3,6720,113,269,33,2,2,1,25,1517.985,0
5,0,41,0,4065,71,6,16,3,1,1,30,189.44,0
18,0,32,0,1185,39,28,14,3,1,2,30,160.96,0
3,0,36,0,4065,65,0,15,2,1,1,25,185.85,0
9,0,41,3,3515,39,522,14,4,1,1,45,1393.85,0
0,0,35,0,2715,24,4,17,3,1,1,30,125.56,0
16,0,41,3,7083,84,120,41,2,1,1,25,862.515,0
7,0,32,0,15485,176,142,29,2,1,1,25,1343.745,0
5,0,8,2,4515,38,211,7,3,1,1,30,1026.12,0
9,0,37,0,8515,111,123,28,3,1,1,30,837.04,0
17,0,16,1,6797,146,86,40,1,2,1,15,854.865,0
5,0,43,0,1135,24,15,17,2,1,2,25,119.655,0
13,0,19,1,9013,173,83,44,5,1,1,55,262.29,0
18,0,34,0,1005,37,25,10,3,1,2,30,141.68,0
7,0,29,2,1375,39,198,13,3,2,1,30,848.56,0
28,0,28,3,16380,238,0,81,2,1,1,25,747.81,0
2,0,42,0,665,18,21,12,3,1,2,30,111.32,0
4,0,36,1,2955,27,0,13,3,1,1,30,119.28,0
19,0,37,2,14430,214,29,32,3,1,1,30,701.76,0
4,0,35,0,5738,87,0,7,3,1,1,30,233.0,0
11,0,27,0,700,25,10,7,2,1,2,25,77.625,0
0,0,37,2,453,10,36,6,5,1,1,55,60.945,0
26,0,37,8,10625,93,7,40,4,1,1,45,285.45,0
1,0,34,0,2840,22,0,14,3,1,1,30,114.48,0
17,0,46,2,14338,185,22,52,3,1,1,30,668.92,0
12,0,39,0,13963,169,7,42,3,1,1,30,593.28,0
9,0,15,3,3257,50,32,17,3,1,1,30,260.28,0
4,0,35,0,15180,176,143,28,2,1,1,25,1334.52,0
12,0,42,3,3460,36,495,12,4,1,1,45,1324.9,0
0,0,19,0,1263,27,15,65,4,1,1,45,69.75,0
3,0,31,0,6458,65,93,31,2,1,1,25,712.035,0
5,0,30,1,2885,18,7,10,3,1,1,30,144.12,0
2,0,37,1,4325,83,27,27,3,1,1,30,284.32,0
19,0,33,8,10255,85,0,37,5,1,1,55,155.1,0
22,0,39,2,15015,227,58,35,3,1,1,30,841.68,0
5,0,40,1,770,17,18,10,3,1,1,30,103.48,0
8,0,31,2,3610,69,25,29,3,1,1,30,247.16,0
5,0,40,0,2065,35,271,5,3,1,1,30,1168.0,0
12,0,42,2,3165,61,192,29,2,1,1,25,1009.17,0
17,0,37,4,9715,131,165,58,3,2,1,30,1053.84,0
12,0,41,2,14193,181,39,50,3,1,1,30,730.96,0
7,0,46,0,623,17,22,7,3,1,2,30,113.6,0
17,0,43,1,4683,80,19,42,1,1,1,15,366.465,0
16,0,40,2,4080,88,39,30,3,1,1,30,322.72,0
18,0,39,3,6238,110,65,30,3,1,1,30,513.92,0
1,0,41,0,955,16,10,15,2,1,2,25,88.695,0
11,0,20,3,2600,42,56,31,3,1,1,30,329.68,0
2,0,36,1,528,5,13,5,5,1,1,55,27.495,0
5,0,34,1,1893,29,7,4,4,1,1,45,65.55,0
0,0,5,0,4025,31,203,6,3,1,1,30,974.24,0
0,0,24,0,1263,33,23,66,4,1,1,45,89.9,0
0,0,30,0,3950,67,0,17,3,1,1,30,160.68,0
19,0,45,2,16050,198,172,38,2,1,1,25,1505.16,0
14,0,40,0,2543,60,15,19,3,1,2,30,164.12,0
14,1,39,0,2428,54,7,15,3,1,2,30,127.28,0
11,0,15,0,6087,135,78,40,1,2,1,15,771.21,0
3,0,36,0,5803,90,9,13,2,1,1,25,305.685,0
10,0,34,1,11770,154,10,48,3,1,1,30,516.96,0
9,0,43,0,1195,28,31,15,3,1,2,30,172.92,0
0,0,32,0,6075,86,0,22,4,1,1,45,154.025,0
2,0,19,1,1810,32,60,18,3,1,1,30,313.68,0
0,0,36,0,2190,11,455,5,3,1,1,30,1908.04,0
0,0,31,0,6480,91,7,20,4,1,1,45,181.775,0
7,0,44,0,803,19,25,11,3,1,2,30,132.88,0
0,0,39,0,318,5,7,4,2,1,2,25,46.035,0
8,0,40,1,2698,64,9,35,2,1,1,25,164.79,0
2,0,44,0,318,11,15,5,3,1,2,30,73.16,0
23,0,28,3,15895,230,0,75,2,1,1,25,725.625,0
6,0,35,2,6845,100,19,24,5,1,1,55,132.675,0
31,0,44,5,15525,233,71,38,3,1,1,30,914.32,0
4,0,11,0,8568,162,61,36,4,1,1,45,370.75,0
0,0,23,0,2920,55,1,21,3,1,1,30,123.0,0
0,0,34,0,695,6,0,6,2,1,2,25,31.545,0
15,0,41,2,3375,56,300,20,4,1,1,45,835.775,0
20,0,17,3,6993,151,106,57,2,2,1,25,798.48,0
0,0,35,0,2070,42,150,23,2,1,1,25,770.04,0
9,0,31,3,7270,116,270,34,2,2,1,25,1547.37,0
9,0,40,1,11645,162,22,52,4,1,1,45,350.175,0
15,0,18,1,5987,136,67,44,2,2,1,25,577.035,0
0,0,15,0,1275,14,0,8,2,1,1,25,58.005,0
12,0,26,0,1105,30,11,5,2,1,2,25,100.575,0
0,0,33,0,1170,37,22,15,3,1,2,30,136.28,0
24,0,21,3,6758,150,97,46,2,2,1,25,747.36,0
6,0,27,0,1000,28,22,15,2,1,1,25,145.26,0
6,0,40,0,15180,182,151,29,2,1,1,25,1370.79,0
0,0,40,0,2135,35,288,20,3,1,1,30,1238.8,0
0,0,28,0,6300,83,0,15,4,1,1,45,159.575,0
4,0,34,0,2070,49,39,18,3,1,2,30,240.76,0
5,0,26,1,1720,41,194,9,2,2,1,25,952.245,0
0,0,36,0,0,0,0,0,5,1,1,55,0.0,0
5,0,15,0,2000,26,27,15,2,1,1,25,212.67,0
5,0,18,1,1940,29,30,14,2,1,1,25,223.605,0
5,0,38,0,2583,59,11,36,1,1,1,15,205.81,0
25,0,34,3,15185,221,46,28,3,1,1,30,800.24,0
7,0,35,0,2058,46,0,12,3,1,2,30,84.16,0
2,0,37,0,3660,60,0,17,2,1,1,25,167.4,0
6,0,32,0,1970,44,37,21,3,1,2,30,228.56,0
9,0,33,4,7090,114,267,30,3,2,1,30,1356.16,0
0,0,30,0,11160,142,0,44,3,1,1,30,452.08,0
6,0,16,1,1920,30,25,12,2,1,1,25,200.25,0
5,0,36,2,2268,35,21,21,4,1,1,45,110.075,0
26,0,35,4,16155,240,10,84,2,1,1,25,782.775,0
18,0,17,1,6582,142,94,45,2,2,1,25,725.58,0
5,0,33,0,8750,112,132,39,3,1,1,30,882.48,0
9,0,37,1,11655,155,20,50,4,1,1,45,345.25,0
11,0,37,0,3660,76,0,24,2,1,1,25,168.12,0
14,0,43,3,7103,83,125,43,2,1,1,25,885.87,0
30,0,33,4,16380,244,7,82,2,2,1,25,779.58,0
5,0,33,0,4515,77,0,24,3,1,1,30,183.68,0
4,0,36,0,3908,83,11,31,2,1,1,25,229.095,0
4,0,28,0,3405,69,19,28,3,1,1,30,214.96,0
0,0,35,0,0,0,0,0,2,1,2,25,0.0,0
12,0,35,0,2543,54,7,18,3,1,2,30,131.88,0
26,0,42,4,15220,227,64,36,3,2,1,30,873.88,0
4,0,36,1,6905,91,187,24,3,1,1,30,1027.84,0
2,0,9,1,4390,40,215,10,3,1,1,30,1037.2,0
1,0,30,1,6605,89,3,17,5,1,1,55,104.91,0
8,0,38,0,3953,63,0,35,1,1,1,15,220.88,0
2,0,24,1,1135,28,182,6,2,2,1,25,871.335,0
22,0,34,3,15770,238,1,79,2,1,1,25,724.86,0
0,0,36,0,2615,18,3,16,3,1,1,30,117.32,0
3,0,35,0,1665,44,38,20,3,1,2,30,220.36,0
0,0,32,0,2535,16,0,12,3,1,1,30,102.04,0
0,0,7,0,4275,35,217,11,3,1,1,30,1040.4,0
3,0,33,1,6785,97,14,22,5,1,1,55,124.23,0
2,0,35,0,11160,148,4,45,3,1,1,30,468.32,0
15,0,39,1,2758,66,366,26,3,1,1,30,1576.96,0
25,0,38,3,15140,225,54,32,3,1,1,30,830.6,0
12,0,40,5,7350,124,288,39,3,2,1,30,1450.96,0
22,1,40,9,10515,95,11,46,5,1,1,55,175.65,0
27,0,38,3,15385,228,56,32,3,1,1,30,848.52,0
17,0,21,1,9193,181,88,46,5,1,1,55,272.61,0
0,0,28,0,2580,12,0,8,3,1,1,30,103.68,0
0,0,20,0,1183,31,13,62,4,1,1,45,62.85,0
0,0,38,0,1760,29,264,3,3,1,1,30,1127.56,0
6,0,42,1,1928,35,15,12,4,1,1,45,86.575,0
8,0,41,2,2813,70,41,39,2,1,1,25,314.235,0
5,0,34,1,3140,23,475,4,3,1,1,30,2026.52,0
14,0,28,1,15060,221,0,78,2,1,1,25,687.645,0
27,0,43,4,15140,231,62,33,3,1,1,30,862.84,0
0,0,39,0,650,10,3,13,2,1,2,25,43.2,0
5,0,39,0,580,10,7,2,2,1,2,25,58.05,0
6,0,38,0,4180,70,0,14,3,1,1,30,170.0,0
13,0,38,3,9230,127,176,47,3,1,1,30,1078.28,0
0,0,12,1,4085,40,216,9,3,1,1,30,1029.0,0
5,0,37,0,835,12,9,5,3,1,2,30,69.88,0
8,0,36,0,2533,58,22,30,3,1,2,30,191.64,0
24,1,38,9,10495,96,6,44,5,2,1,55,167.865,0
5,0,39,0,5513,90,0,14,3,1,1,30,224.12,0
2,0,9,1,4390,40,215,10,3,1,1,30,1037.2,0
10,0,36,0,2338,54,327,20,2,1,1,25,1579.14,0
5,0,33,1,6975,98,23,25,5,1,1,55,140.595,0
0,0,34,0,0,0,0,0,2,1,2,25,0.0,0
11,0,36,0,2858,65,360,22,2,1,1,25,1751.535,0
11,0,34,1,3820,78,24,24,3,1,1,30,251.92,0
0,0,19,0,1570,28,32,17,2,1,1,25,215.91,0
8,0,34,0,2273,52,348,19,3,1,1,30,1485.0,0
13,0,15,0,6277,136,87,43,1,2,1,15,831.215,0
10,0,40,1,2888,65,18,38,2,1,1,25,213.885,0
0,0,36,0,1488,42,0,16,1,1,1,15,84.15,0
11,0,37,0,2970,53,150,21,2,1,1,25,811.035,0
5,0,40,0,2013,50,11,19,3,1,2,30,126.52,0
15,0,40,3,6823,111,35,29,3,1,1,30,417.36,0
9,0,43,2,7893,135,401,49,3,1,1,30,1925.12,0
5,0,35,0,1910,47,40,20,3,1,2,30,238.28,0
24,0,36,4,15435,229,68,45,3,2,1,30,898.56,0
21,0,46,3,4340,98,54,36,3,1,1,30,393.52,0
9,1,38,0,2238,54,8,17,3,1,2,30,123.68,0
3,0,35,0,6413,69,101,35,2,1,1,25,746.19,0
3,0,36,0,1858,26,9,9,3,1,1,30,111.36,0
6,1,36,0,2123,49,10,18,3,1,2,30,126.88,0
5,0,42,1,7508,133,392,44,3,1,1,30,1873.64,0
0,0,22,0,830,22,175,4,2,2,1,25,825.84,0
2,0,31,0,1933,42,0,14,3,1,2,30,79.0,0
8,0,43,1,5918,101,15,13,3,1,1,30,300.76,0
7,0,28,1,1683,44,28,67,5,1,1,55,67.905,0
11,0,38,0,2483,57,10,17,3,1,2,30,141.6,0
0,0,39,0,0,0,0,0,2,1,2,25,0.0,0
5,0,28,0,305,6,7,2,4,1,2,45,25.275,0
18,0,38,2,6123,104,33,26,2,1,1,25,428.715,0
3,0,22,0,1488,37,20,64,4,1,1,45,88.125,0
7,1,33,0,2238,48,0,16,3,1,2,30,91.44,0
0,0,35,0,760,9,2,12,2,1,2,25,43.605,0
10,0,37,0,2453,60,359,24,3,1,1,30,1536.52,0
3,0,32,0,1853,46,0,11,3,1,2,30,75.96,0
8,0,36,1,2585,43,282,16,3,1,1,30,1233.12,0
5,0,35,0,3778,54,0,29,1,1,1,15,210.76,0
2,0,18,0,1695,26,28,14,2,1,1,25,203.445,0
5,0,38,0,1638,44,0,2,3,1,2,30,67.28,0
16,0,29,0,1005,31,17,9,3,1,2,30,109.44,0
13,0,32,0,700,31,18,8,3,1,2,30,101.24,0
9,0,38,2,3205,31,12,18,3,1,1,30,177.44,0
0,0,26,0,6480,85,0,19,4,1,1,45,164.125,0
6,0,35,0,2665,47,143,19,2,1,1,25,765.54,0
21,0,41,2,5213,83,16,37,1,1,1,15,379.28,0
5,0,35,0,6603,70,110,38,2,1,1,25,795.285,0
11,0,36,4,7270,122,278,35,3,2,1,30,1407.68,0
5,0,41,0,305,6,7,2,3,1,2,30,40.44,0
4,0,36,0,13713,166,0,42,3,1,1,30,555.16,0
8,0,34,1,4415,67,7,13,3,1,1,30,207.28,0
0,0,34,0,0,0,0,0,4,1,1,45,0.0,0
11,0,39,3,1353,21,19,4,5,1,1,55,49.11,0
0,0,16,0,1390,20,21,12,2,1,1,25,157.95,0
12,0,39,2,11770,160,18,49,4,1,1,45,343.25,0
8,0,38,0,2085,56,77,26,4,1,2,45,246.025,0
14,0,22,5,3238,53,48,25,3,2,1,30,323.64,0
11,0,34,1,7023,75,107,38,2,1,1,25,800.91,0
15,0,15,2,6688,145,99,55,1,2,1,15,920.315,0
32,0,39,10,11450,110,16,44,5,1,1,55,197.4,0
14,0,35,1,6223,103,27,22,2,1,1,25,406.17,0
5,0,29,0,1245,22,60,9,4,1,2,45,181.675,0
6,0,40,1,2508,63,0,32,2,1,1,25,115.695,0
7,0,40,1,2420,42,290,20,3,1,1,30,1258.48,0
0,0,25,0,820,29,177,6,2,2,1,25,834.705,0
19,0,42,3,6203,106,43,30,3,1,1,30,424.36,0
8,0,35,2,7090,103,21,24,5,1,1,55,139.395,0
20,0,19,2,9298,180,85,44,5,1,1,55,269.67,0
0,0,39,0,3413,82,3,27,3,1,1,30,151.8,0
0,0,26,0,0,0,0,0,2,1,2,25,0.0,0
0,0,36,0,3118,72,0,13,2,1,1,25,143.55,0
3,0,39,1,2508,64,34,37,2,1,1,25,268.74,0
8,0,39,0,11170,150,7,34,4,1,1,45,300.5,0
8,0,38,1,6163,98,9,12,3,1,1,30,286.44,0
5,0,35,1,3843,80,7,25,3,1,1,30,184.92,0
2,0,26,0,1015,11,30,6,4,1,2,45,100.65,0
6,0,39,1,7568,130,389,45,3,1,1,30,1863.92,0
11,0,40,2,3590,34,499,13,3,1,1,30,2140.96,0
1,0,24,0,1453,34,32,69,4,1,1,45,117.175,0
1,0,32,0,1485,36,27,15,3,1,2,30,168.84,0
13,0,39,2,7023,81,115,39,2,1,1,25,837.18,0
9,0,40,2,3400,33,490,10,3,1,1,30,2097.32,0
10,0,38,0,4198,66,1,35,1,1,1,15,240.02,0
4,0,32,0,3813,58,0,29,1,1,1,15,212.905,0
3,0,38,2,6615,92,218,30,3,1,1,30,1140.28,0
0,0,32,0,2835,17,468,2,3,1,1,30,1986.08,0
24,0,27,2,15995,236,0,76,2,1,1,25,730.395,0
13,0,41,3,7350,113,36,30,5,1,1,55,165.945,0
4,0,34,3,6775,115,262,30,2,2,1,25,1489.05,0
6,1,36,0,2178,51,3,15,3,1,2,30,101.16,0
2,0,22,0,1650,30,36,18,2,1,1,25,237.6,0
10,0,36,2,4070,86,46,41,3,1,1,30,350.24,0
5,0,35,0,2148,54,352,22,2,1,1,25,1683.09,0
11,0,35,1,11690,158,8,45,4,1,1,45,316.2,0
5,0,23,0,920,26,12,11,2,1,1,25,96.57,0
0,0,37,1,2905,27,508,10,3,1,1,30,2149.28,0
3,0,35,0,1958,53,343,19,2,1,1,25,1633.995,0
11,0,28,6,9870,77,0,34,4,2,1,45,248.675,0
9,0,38,1,4760,86,7,25,3,1,1,30,221.84,0
11,0,31,0,655,29,18,11,2,1,2,25,111.78,0
10,0,15,0,8742,170,64,37,4,1,1,45,382.8,0
5,0,35,0,2148,54,352,22,2,1,1,25,1683.09,0
11,0,41,0,2418,62,19,22,3,1,2,30,175.2,0
0,0,34,0,3658,79,0,26,2,1,1,25,168.165,0
0,0,25,0,0,0,0,0,2,1,2,25,0.0,0
8,0,42,2,4103,90,19,34,3,1,1,30,243.72,0
13,0,39,2,5225,94,10,25,3,1,1,30,252.76,0
11,0,44,2,2233,41,22,14,4,1,1,45,111.85,0
2,0,40,0,1055,22,11,16,2,1,2,25,97.965,0
0,0,40,0,570,14,1,10,2,1,2,25,30.78,0
1,0,36,0,1668,25,0,6,3,1,1,30,67.72,0
7,0,37,1,2485,37,281,15,3,1,1,30,1224.88,0
23,0,31,3,15830,235,0,80,2,1,1,25,722.925,0
6,0,34,3,6965,116,271,33,2,2,1,25,1538.145,0
5,0,34,1,11285,146,0,42,4,1,1,45,285.775,0
5,0,34,1,3075,57,189,36,2,1,1,25,991.44,0
10,0,38,2,6518,105,28,27,3,1,1,30,376.92,0
2,0,25,0,3225,61,8,23,3,1,1,30,163.44,0
9,0,38,1,2840,56,180,25,2,1,1,25,940.32,0
0,0,35,0,958,14,0,6,3,1,1,30,38.88,0
1,0,35,0,6223,68,92,32,2,1,1,25,697.095,0
2,0,38,0,710,14,13,8,3,1,2,30,80.96,0
5,0,42,2,598,14,19,8,5,1,1,55,37.68,0
4,0,25,0,3415,62,17,26,3,1,1,30,207.08,0
1,0,25,0,1230,15,22,1,4,1,2,45,86.125,0
14,0,45,3,4820,95,17,28,4,1,1,45,165.375,0
15,0,29,2,2583,56,45,70,5,1,1,55,107.085,0
14,1,40,0,2543,60,15,19,3,1,2,30,164.12,0
21,0,31,1,15475,228,0,65,2,1,1,25,706.635,0
12,0,35,4,7690,113,42,39,5,1,1,55,180.045,0
2,0,21,0,1568,33,22,67,4,1,1,45,95.025,0
6,0,36,2,6625,84,182,23,3,1,1,30,996.36,0
19,0,37,2,6528,109,34,24,2,1,1,25,451.665,0
1,0,32,0,6500,80,178,25,3,1,1,30,975.2,0
0,0,26,0,825,10,21,3,4,1,2,45,73.375,0
9,0,22,0,700,19,2,6,2,1,2,25,41.355,0
6,0,39,2,6615,91,184,25,3,1,1,30,1004.24,0
0,0,35,0,5595,70,158,9,3,1,1,30,858.6,0
10,0,36,1,6143,99,7,10,3,1,1,30,277.68,0
12,0,30,2,1933,48,42,72,5,1,1,55,92.715,0
7,0,36,1,2618,62,7,31,2,1,1,25,152.1,0
15,0,30,3,2330,53,208,13,3,2,1,30,927.32,0
7,0,33,0,6638,73,98,33,2,1,1,25,742.995,0
0,0,25,0,2625,51,0,8,3,1,1,30,107.04,0
18,0,37,7,10310,95,5,45,4,2,1,45,272.625,0
13,0,44,2,14158,177,17,50,3,1,1,30,641.4,0
9,0,38,1,3585,81,23,25,3,1,1,30,238.64,0
10,0,42,2,6985,100,204,33,3,1,1,30,1099.4,0
4,0,38,0,2360,39,285,18,3,1,1,30,1235.96,0
0,0,23,0,2730,54,0,18,3,1,1,30,111.36,0
8,0,43,2,1973,37,15,9,4,1,1,45,87.75,0
4,0,37,0,2798,63,3,31,1,1,1,15,173.855,0
0,0,7,0,3895,33,199,5,3,1,1,30,953.12,0
4,0,37,0,6118,65,87,22,2,1,1,25,669.735,0
7,0,38,1,4023,88,9,30,3,1,1,30,200.44,0
0,0,36,0,405,8,6,6,2,1,2,25,45.585,0
10,0,41,0,4550,79,16,22,3,1,1,30,249.16,0
10,0,16,3,3098,48,33,19,3,1,1,30,257.84,0
5,0,23,1,1360,32,185,7,2,2,1,25,895.14,0
2,0,39,0,508,6,16,7,2,1,2,25,95.13,0
6,0,30,0,8810,109,129,40,3,1,1,30,872.76,0
6,0,35,0,3030,22,7,12,3,1,1,30,150.08,0
16,0,21,1,6348,145,93,46,2,2,1,25,710.685,0
7,0,19,0,1885,26,7,12,2,1,1,25,117.495,0
5,0,38,0,3423,78,7,15,3,1,1,30,168.04,0
28,0,43,10,10740,105,16,45,5,2,1,55,186.675,0
0,0,35,0,7203,121,377,41,2,1,1,25,2026.08,0
25,0,34,8,10660,97,7,40,5,1,1,55,171.855,0
26,0,30,3,16480,243,1,78,2,1,1,25,757.035,0
1,0,35,0,2590,53,200,25,2,1,1,25,1018.935,0
0,0,29,0,2475,41,160,20,2,1,1,25,833.22,0
0,0,26,0,2275,6,0,6,3,1,1,30,91.24,0
20,0,46,2,4763,82,23,43,1,1,1,15,392.975,0
2,0,33,0,7428,125,374,39,2,1,1,25,2022.885,0
4,0,41,0,890,22,24,13,3,1,2,30,132.48,0
13,0,40,1,4313,71,0,34,1,1,1,15,241.12,0
12,0,17,3,4955,56,237,18,3,1,1,30,1148.44,0
16,0,43,2,2838,68,376,30,3,1,1,30,1620.24,0
0,0,33,0,1875,25,267,11,3,1,1,30,1144.0,0
2,0,42,0,498,13,18,9,2,1,2,25,103.995,0
3,0,14,2,2548,39,24,17,3,1,1,30,199.48,0
0,0,32,0,2710,19,466,2,3,1,1,30,1973.16,0
6,0,27,1,1560,39,195,11,2,2,1,25,949.455,0
15,0,27,0,1300,35,31,22,3,1,2,30,177.4,0
9,0,30,1,3710,75,26,30,3,1,1,30,255.4,0
6,0,9,3,4990,50,236,25,3,1,1,30,1145.6,0
11,0,29,2,1810,43,209,16,3,2,1,30,910.12,0
5,0,34,0,5838,93,0,8,2,1,1,25,266.895,0
14,0,17,4,3562,56,39,19,3,2,1,30,300.72,0
0,0,40,0,2168,54,5,35,1,1,1,15,149.71,0
10,0,38,0,4560,72,14,20,3,1,1,30,241.28,0
5,0,40,1,6680,94,197,31,3,1,1,30,1058.96,0
0,0,7,0,4085,34,208,8,3,1,1,30,996.76,0
2,0,38,1,2850,24,481,8,3,1,1,30,2038.96,0
1,0,35,0,1475,43,29,17,3,1,2,30,176.72,0
22,0,38,4,6723,114,54,41,3,1,1,30,489.48,0
0,0,22,0,2210,44,0,21,3,1,1,30,90.16,0
11,0,34,2,8935,113,133,38,3,1,1,30,893.92,0
5,0,33,0,920,10,7,7,2,1,2,25,73.35,0
2,0,39,0,1988,53,0,35,2,1,1,25,91.845,0
20,0,42,3,9600,135,162,50,3,1,1,30,1037.4,0
14,0,15,1,9178,174,75,40,5,1,1,55,252.78,0
6,0,32,2,6910,95,10,19,5,1,1,55,120.075,0
0,0,35,0,10970,147,0,42,3,1,1,30,444.68,0
13,0,37,2,9115,121,144,43,3,1,1,30,945.44,0
7,0,40,0,1015,20,20,10,3,1,2,30,121.4,0
0,0,34,2,633,8,18,15,5,1,1,55,36.615,0
1,0,31,0,4065,59,0,14,2,1,1,25,185.58,0
1,0,34,1,6320,78,175,21,3,1,1,30,955.92,0
0,0,37,0,2170,39,310,20,3,1,1,30,1328.36,0
6,0,31,1,1568,45,38,69,5,1,1,55,81.195,0
11,0,38,1,3085,59,182,25,2,1,1,25,960.48,0
15,0,38,1,16195,193,158,30,2,1,1,25,1448.46,0
0,0,37,0,630,11,0,11,2,1,1,25,28.845,0
30,1,37,4,16335,248,15,86,2,1,1,25,813.735,0
11,0,29,0,1840,27,36,5,4,1,2,45,136.675,0
0,0,31,0,6480,91,7,20,4,1,1,45,181.775,0
15,0,17,1,8993,174,78,42,5,1,1,55,254.505,0
12,0,35,3,9410,125,158,56,3,1,1,30,1013.4,0
14,0,40,2,5010,90,18,30,3,1,1,30,276.0,0
18,0,31,1,14835,213,39,29,2,1,1,25,852.66,0
9,0,43,2,4023,94,17,31,3,1,1,30,232.68,0
4,0,40,0,4145,67,8,19,2,1,1,25,225.54,0
3,0,39,0,1955,34,267,20,3,1,1,30,1147.56,0
8,0,38,0,7698,127,359,41,2,1,1,25,1967.625,0
20,0,40,4,4680,98,60,45,3,1,1,30,431.12,0
1,0,29,0,1263,39,31,67,4,1,1,45,110.05,0
0,0,36,0,2333,55,0,31,1,1,1,15,131.34,0
14,0,38,0,15675,182,125,28,2,1,1,25,1276.065,0
19,0,36,8,10190,90,0,42,4,1,1,45,257.0,0
2,0,36,0,13468,163,0,42,3,1,1,30,545.24,0
13,0,43,2,3775,88,40,29,3,1,1,30,314.52,0
7,0,34,1,13818,165,7,40,3,1,1,30,587.32,0
0,0,18,0,1505,25,19,11,2,1,1,25,154.35,0
4,0,39,1,6493,71,111,39,2,1,1,25,794.88,0
4,0,19,0,840,24,2,7,2,1,1,25,47.88,0
7,0,33,1,11510,150,7,43,4,1,1,45,309.0,0
5,0,37,0,2375,48,157,25,2,1,1,25,815.535,0
0,0,24,0,520,4,14,1,4,1,2,45,48.1,0
1,0,36,0,1668,25,0,6,3,1,1,30,67.72,0
10,0,27,1,2278,50,38,68,4,1,1,45,153.2,0
0,0,36,0,685,14,25,13,2,1,2,25,143.955,0
4,0,38,0,5673,92,5,12,2,1,1,25,281.925,0
8,0,39,2,6805,92,193,28,3,1,1,30,1047.88,0
32,1,40,4,15635,232,70,37,3,1,1,30,914.68,0
10,0,25,0,1225,32,19,13,2,1,1,25,142.065,0
13,0,37,2,16085,192,171,45,2,1,1,25,1501.965,0
19,0,42,3,4140,91,44,32,3,1,1,30,345.24,0
31,1,39,4,15850,236,62,32,3,1,1,30,891.44,0
9,0,44,2,2778,66,19,39,2,1,1,25,213.48,0
0,0,36,0,215,7,0,3,2,1,2,25,9.99,0
4,0,35,0,15180,176,143,28,2,1,1,25,1334.52,0
24,0,34,2,15060,223,44,28,3,1,1,30,787.32,0
25,0,38,3,15140,225,54,32,3,1,1,30,830.6,0
1,0,10,1,3985,35,197,12,3,1,1,30,948.8,0
12,0,46,0,1275,30,35,16,3,1,2,30,192.2,0
5,0,36,0,3893,60,0,33,1,1,1,15,217.415,0
0,0,38,0,1443,21,3,8,3,1,1,30,70.56,0
4,0,33,0,3290,68,14,21,2,1,1,25,214.11,0
0,0,26,0,635,9,12,1,4,1,2,45,46.1,0
8,0,36,1,3335,29,16,19,3,1,1,30,198.56,0
0,0,4,0,4390,34,207,9,3,1,1,30,1004.96,0
3,0,38,0,3915,73,0,10,3,1,1,30,159.52,0
2,0,17,0,1580,20,0,10,2,1,1,25,72.0,0
8,0,17,4,2968,51,63,23,3,2,1,30,372.76,0
9,0,39,1,3285,27,458,6,3,1,1,30,1964.48,0
1,0,34,0,1873,45,0,13,3,1,2,30,76.72,0
0,0,30,0,1673,38,0,9,3,1,2,30,68.44,0
19,0,38,3,9825,132,152,43,3,1,1,30,1006.28,0
8,0,38,1,2163,32,16,11,4,1,1,45,94.875,0
9,0,37,0,15485,182,150,30,2,1,1,25,1380.015,0
13,0,41,0,1725,31,28,10,3,1,2,30,182.24,0
21,0,37,9,10550,99,33,46,5,1,1,55,209.235,0
18,0,38,2,6123,104,33,26,2,1,1,25,428.715,0
12,0,34,0,15790,182,149,31,2,1,1,25,1389.24,0
5,0,24,1,3350,59,7,20,3,1,1,30,164.36,0
9,0,40,1,2665,45,292,20,3,1,1,30,1276.4,0
17,0,40,1,4693,73,17,40,1,1,1,15,355.63,0
13,0,41,2,9070,125,152,47,3,1,1,30,975.8,0
0,0,33,0,760,28,10,3,3,1,2,30,71.52,0
18,0,34,7,10375,90,0,40,4,1,1,45,261.625,0
1,0,11,2,2368,31,13,12,3,1,1,30,147.96,0
6,0,33,0,11385,152,1,43,3,1,1,30,465.48,0
15,0,39,1,2758,66,366,26,3,1,1,30,1576.96,0
9,0,41,0,13953,177,11,49,3,1,1,30,609.2,0
5,0,35,1,1793,23,7,3,4,1,1,45,62.9,0
30,0,40,4,15445,231,61,34,3,2,1,30,871.04,0
9,0,15,0,5897,134,69,37,1,2,1,15,711.205,0
3,0,13,1,2433,33,0,13,3,1,1,30,98.64,0
12,0,44,2,4775,93,17,31,3,1,1,30,262.72,0
32,0,45,5,15445,237,69,35,3,2,1,30,903.28,0
9,0,33,1,15530,178,142,26,2,1,1,25,1345.86,0
0,0,30,0,3805,55,0,9,2,1,1,25,173.7,0
5,0,36,0,1000,12,7,8,2,1,2,25,77.04,0
8,0,35,2,7090,103,21,24,5,1,1,55,139.395,0
2,0,38,0,2115,36,283,18,3,1,1,30,1218.04,0
0,0,35,0,1940,27,246,12,3,1,1,30,1062.68,0
0,0,23,0,2920,55,1,21,3,1,1,30,123.0,0
14,0,35,1,4080,82,31,29,3,1,1,30,290.48,0
5,0,5,1,4435,36,207,6,3,1,1,30,1006.84,0
8,0,38,2,2960,49,306,33,3,1,1,30,1344.36,0
29,0,38,5,15740,235,75,47,3,1,1,30,939.0,0
14,0,40,0,2543,60,15,19,3,1,2,30,164.12,0
0,0,23,0,0,0,0,0,4,1,2,45,0.0,0
0,0,35,0,290,2,0,2,2,1,2,25,13.14,0
1,0,39,0,2970,29,487,11,3,1,1,30,2067.96,0
11,0,34,3,1620,48,208,14,3,2,1,30,898.72,0
24,0,29,4,16370,242,14,93,2,1,1,25,810.54,0
5,0,22,0,305,6,13,2,4,1,2,45,40.275,0
3,0,37,1,6500,86,186,26,3,1,1,30,1007.44,0
3,0,28,0,940,15,19,2,4,1,2,45,71.375,0
4,0,24,0,515,21,0,13,2,1,1,25,24.12,0
10,0,40,2,4575,86,7,27,3,1,1,30,214.44,0
21,0,35,0,1265,41,32,15,3,1,2,30,180.24,0
10,0,35,0,14078,169,0,45,3,1,1,30,569.88,0
0,0,35,0,6005,79,170,21,3,1,1,30,923.36,0
0,0,32,0,1935,6,0,2,3,1,1,30,77.64,0
32,1,36,4,16560,252,18,87,2,2,1,25,837.54,0
6,0,34,1,5963,91,7,8,3,1,1,30,270.16,0
15,0,37,2,9305,122,153,46,3,1,1,30,989.08,0
4,0,42,1,3050,31,491,12,3,1,1,30,2087.24,0
18,0,22,2,6392,147,93,43,2,2,1,25,712.755,0
6,0,25,0,625,22,0,2,2,1,1,25,29.115,0
9,0,38,1,8218,138,392,43,3,1,1,30,1902.24,0
4,0,36,0,4400,78,4,26,3,1,1,30,195.12,0
7,0,42,1,4470,87,10,29,3,1,1,30,222.28,0
9,0,16,0,8808,173,77,43,4,1,1,45,417.025,0
5,0,27,0,2930,57,7,10,3,1,1,30,147.48,0
6,0,35,0,3355,70,0,22,2,1,1,25,154.125,0
9,0,36,1,4493,70,15,48,1,1,1,15,333.465,0
1,0,32,2,6660,110,264,31,2,2,1,25,1492.65,0
3,0,28,1,910,31,175,13,2,2,1,25,829.845,0
0,0,37,0,213,6,8,5,5,1,1,55,15.285,0
19,0,16,2,6518,139,81,39,2,2,1,25,664.065,0
0,0,29,0,520,10,22,2,4,1,2,45,68.25,0
4,0,36,0,1933,48,1,15,3,1,2,30,83.24,0
0,0,33,0,3538,74,0,23,2,1,1,25,162.54,0
28,0,41,9,10920,107,19,49,5,2,1,55,193.905,0
5,0,32,0,2700,51,165,19,2,1,1,25,866.295,0
0,0,31,0,2295,39,157,16,2,1,1,25,811.53,0
4,0,36,0,4455,80,0,23,3,1,1,30,181.4,0
20,0,29,2,15770,232,0,78,2,1,1,25,720.09,0
17,0,41,2,15850,191,162,34,2,1,1,25,1450.845,0
5,0,42,2,3175,29,493,12,3,1,1,30,2100.16,0
9,0,33,2,1575,46,208,17,3,2,1,30,896.84,0
0,0,27,0,420,5,3,5,4,1,2,45,18.125,0
15,0,43,1,2713,70,374,30,3,1,1,30,1607.32,0
0,0,38,0,465,11,11,8,2,1,1,25,70.92,0
1,0,25,0,1200,31,195,12,2,2,1,25,932.895,0
0,0,33,0,710,8,5,7,2,1,2,25,54.81,0
4,0,31,0,2780,47,167,22,2,1,1,25,878.715,0
7,0,26,0,1100,34,23,16,2,1,1,25,154.53,0
0,0,29,0,3413,70,0,25,2,1,1,25,156.735,0
16,0,34,7,10130,87,0,40,4,1,1,45,255.425,0
0,0,29,0,1280,36,21,14,3,1,2,30,136.64,0
1,0,36,0,3293,50,0,18,1,1,1,15,183.865,0
11,0,43,1,2845,53,303,25,3,1,1,30,1327.92,0
5,0,36,1,1913,28,7,6,4,1,1,45,66.025,0
7,0,41,0,813,12,23,9,3,1,2,30,125.0,0
29,0,36,3,15365,229,51,30,3,1,1,30,827.76,0
34,1,40,6,16045,241,82,49,3,2,1,30,979.44,0
10,0,21,4,2852,51,39,20,3,1,1,30,272.12,0
3,0,37,0,2655,55,179,26,2,1,1,25,927.45,0
14,0,26,0,825,23,7,4,3,1,2,30,61.92,0
13,0,38,0,2838,64,29,32,3,1,2,30,232.08,0
14,0,46,2,2925,55,307,26,4,1,1,45,842.0,0
5,0,36,0,2263,60,384,26,3,1,1,30,1628.92,0
14,0,41,3,9195,123,154,47,3,1,1,30,988.72,0
0,0,33,0,1360,38,31,18,3,1,2,30,179.92,0
0,0,31,0,2088,46,0,30,1,1,1,15,117.37,0
18,0,39,8,10130,93,2,41,5,1,1,55,156.345,0
3,0,23,0,1235,34,183,7,2,2,1,25,880.605,0
1,0,36,0,1668,25,0,6,3,1,1,30,67.72,0
3,0,39,1,11240,150,14,49,3,1,1,30,511.6,0
1,0,21,0,3145,59,0,19,3,1,1,30,128.16,0
5,0,36,0,4310,68,0,15,2,1,1,25,197.01,0
0,0,31,0,6240,76,171,20,3,1,1,30,936.64,0
6,0,38,0,5918,95,7,12,3,1,1,30,268.52,0
34,0,33,6,16980,254,28,97,2,2,1,25,901.53,0
9,0,38,4,1243,20,32,19,5,1,1,55,66.945,0
6,0,36,0,3470,76,25,26,2,1,1,25,272.07,0
14,1,44,0,2498,64,23,23,3,1,2,30,194.48,0
13,0,39,2,7023,81,115,39,2,1,1,25,837.18,0
18,0,24,1,15770,226,0,77,2,1,1,25,719.82,0
17,0,21,2,6473,143,95,46,2,2,1,25,725.22,0
0,0,33,0,653,8,0,4,3,1,1,30,26.44,0
35,0,39,5,16640,254,22,88,2,2,1,25,859.23,0
2,0,40,1,1748,27,10,10,4,1,1,45,69.375,0
8,0,39,4,6965,122,279,34,3,2,1,30,1399.48,0
12,0,30,1,1225,38,27,14,2,1,1,25,178.335,0
11,0,23,0,745,21,7,3,2,1,2,25,65.97,0
0,0,31,0,5880,81,0,5,4,1,1,45,149.025,0
6,0,36,0,2780,53,175,23,2,1,1,25,914.985,0
6,0,21,0,440,15,0,1,2,1,2,25,20.475,0
0,0,32,0,1303,16,0,2,3,1,1,30,52.76,0
0,0,33,0,1765,36,143,21,2,1,1,25,724.545,0
0,0,9,1,4200,39,206,7,3,1,1,30,993.56,0
2,0,21,0,860,23,7,9,2,1,1,25,71.235,0
27,0,38,3,15330,226,63,35,3,1,1,30,874.24,0
7,0,33,3,7385,107,35,37,5,1,1,55,164.88,0
12,0,43,1,4198,72,9,36,1,1,1,15,284.35,0
5,0,38,2,643,10,11,4,5,1,1,55,26.295,0
0,0,33,0,1908,44,0,26,1,1,1,15,107.36,0
0,0,4,0,3905,26,197,3,3,1,1,30,945.24,0
18,0,40,0,3143,70,36,34,3,1,2,30,272.52,0
8,0,25,0,585,20,12,8,2,1,2,25,81.225,0
23,0,26,2,16075,232,0,79,2,1,1,25,733.815,0
11,0,18,4,2967,50,29,18,3,1,1,30,236.68,0
8,0,36,1,3320,31,480,6,3,1,1,30,2054.04,0
8,0,25,0,1035,31,10,10,2,1,1,25,92.97,0
7,0,40,1,5623,91,7,17,3,1,1,30,256.56,0
0,0,36,0,2600,20,467,3,3,1,1,30,1972.8,0
1,0,32,2,6660,110,264,31,2,2,1,25,1492.65,0
0,0,31,0,6290,90,0,17,4,1,1,45,159.5,0
15,0,40,1,4503,72,8,37,1,1,1,15,295.625,0
7,0,12,2,2773,43,21,15,3,1,1,30,196.64,0
14,0,38,2,7428,86,116,37,2,1,1,25,860.13,0
1,0,34,0,2840,22,0,14,3,1,1,30,114.48,0
14,0,41,2,3408,75,17,35,2,1,1,25,233.235,0
10,0,35,1,4820,83,1,26,3,1,1,30,200.12,0
3,0,10,2,2593,35,16,13,3,1,1,30,169.12,0
0,0,24,0,300,19,161,9,2,2,1,25,738.855,0
10,0,34,1,4243,62,7,31,2,1,1,25,225.225,0
13,0,38,1,3965,83,41,31,3,1,1,30,325.92,0
0,0,30,0,1795,23,263,10,3,1,1,30,1124.72,0
0,0,36,1,338,4,4,2,5,1,1,55,11.13,0
7,0,36,1,8405,110,119,43,3,1,1,30,816.6,0
13,0,40,1,6413,102,23,17,3,1,1,30,352.6,0
12,0,38,1,11655,154,7,45,3,1,1,30,500.36,0
0,0,36,0,3473,79,0,28,2,1,1,25,159.84,0
3,0,37,0,1528,43,0,17,3,1,2,30,62.84,0
14,0,36,2,9520,126,145,41,3,1,1,30,965.84,0
0,0,35,0,0,0,0,0,4,1,1,45,0.0,0
8,0,37,0,2208,57,357,24,2,1,1,25,1708.425,0
14,0,14,1,6213,133,74,37,2,2,1,25,618.57,0
2,0,37,0,595,8,0,4,2,1,2,25,27.135,0
15,0,30,1,14575,209,32,24,2,1,1,25,809.28,0
8,0,13,0,6028,132,73,38,1,2,1,15,740.3,0
3,0,23,0,335,16,0,3,2,1,2,25,15.795,0
13,0,18,4,3157,51,38,21,3,1,1,30,280.32,0
5,0,14,2,2737,40,33,20,3,1,1,30,243.08,0
4,0,23,1,1695,32,36,15,3,1,1,30,213.08,0
11,0,37,5,7385,128,310,39,3,2,1,30,1540.52,0
4,0,16,1,2253,35,10,4,3,1,1,30,131.52,0
8,0,35,1,8810,115,137,41,3,1,1,30,905.0,0
9,0,44,2,3355,37,498,14,3,1,1,30,2127.68,0
27,0,20,3,7407,158,100,44,2,2,1,25,790.425,0
16,0,34,7,10130,87,0,40,4,1,1,45,255.425,0
12,0,41,0,4378,74,12,40,1,1,1,15,310.86,0
12,0,42,1,2453,66,367,25,3,1,1,30,1568.76,0
6,0,34,0,13693,167,0,40,3,1,1,30,554.4,0
4,0,37,0,2980,21,451,4,3,1,1,30,1924.04,0
8,0,16,3,2852,45,31,19,3,1,1,30,239.88,0
21,0,41,4,9480,130,156,47,3,1,1,30,1008.4,0
0,0,31,0,2420,10,0,8,3,1,1,30,97.2,0
2,0,31,0,6333,67,91,31,2,1,1,25,697.5,0
1,0,31,0,11080,146,0,41,3,1,1,30,449.04,0
0,0,35,0,3183,49,0,33,1,1,1,15,177.76,0
15,0,28,2,1645,44,58,19,2,1,1,25,337.005,0
16,0,39,3,9175,124,149,45,3,1,1,30,967.96,0
12,0,14,3,3078,49,28,17,3,1,1,30,237.08,0
11,1,43,0,2238,60,16,18,3,1,2,30,155.92,0
0,0,37,0,0,0,0,0,2,1,2,25,0.0,0
8,0,36,0,1855,44,13,18,3,1,2,30,127.96,0
9,1,39,0,2353,60,40,21,3,1,2,30,256.52,0
11,0,36,1,4740,87,7,23,3,1,1,30,221.08,0
0,0,32,0,1588,23,0,2,3,1,1,30,64.44,0
5,0,28,0,1273,35,16,55,4,1,1,45,72.7,0
0,0,34,0,0,0,0,0,5,1,1,55,0.0,0
7,0,43,3,643,16,19,5,5,1,1,55,38.385,0
0,0,27,0,715,26,172,1,2,2,1,25,807.345,0
0,0,34,0,3603,77,4,29,2,1,1,25,183.6,0
10,0,36,3,3745,38,28,31,3,1,1,30,263.32,0
6,0,34,0,7813,127,383,44,2,1,1,25,2080.8,0
6,0,39,1,6033,101,39,16,3,1,1,30,401.36,0
11,0,37,2,8925,120,135,40,3,1,1,30,901.8,0
2,0,36,3,6740,112,274,35,2,2,1,25,1541.34,0
8,0,15,2,2738,39,0,15,3,1,1,30,111.08,0
0,0,39,1,33,4,5,1,5,1,1,55,8.055,0
21,1,40,8,10390,97,9,46,5,2,1,55,170.805,0
25,0,19,4,7298,157,113,59,2,2,1,25,843.975,0
0,0,34,0,4150,74,0,21,3,1,1,30,168.96,0
11,0,38,1,3775,82,32,28,3,1,1,30,282.28,0
7,0,36,0,11350,148,0,43,3,1,1,30,459.92,0
0,0,30,0,5353,79,0,4,2,1,1,25,244.44,0
10,0,39,1,4313,72,33,39,1,1,1,15,422.675,0
3,0,41,0,433,10,5,3,3,1,2,30,37.72,0
4,0,35,0,8210,105,116,26,3,1,1,30,796.6,0
2,0,9,1,4390,40,215,10,3,1,1,30,1037.2,0
0,0,29,0,14920,166,128,22,2,1,1,25,1254.87,0
0,0,36,0,1898,51,0,28,1,1,1,15,107.195,0
5,0,33,0,4023,82,1,29,2,1,1,25,189.225,0
11,0,36,4,7270,122,278,35,3,2,1,30,1407.68,0
0,0,17,0,1505,26,53,16,2,1,1,25,307.395,0
9,0,24,0,520,17,0,2,2,1,2,25,24.165,0
3,0,38,0,13173,159,0,29,3,1,1,30,533.28,0
4,0,27,1,1683,45,62,72,5,1,1,55,118.92,0
0,0,37,0,1440,40,41,22,3,1,2,30,223.2,0
6,0,25,0,395,19,3,5,2,1,2,25,32.13,0
5,0,39,3,758,16,43,8,5,1,1,55,76.11,0
0,0,41,0,830,18,8,15,2,1,2,25,74.16,0
6,0,38,3,6920,120,279,37,2,2,1,25,1572.3,0
3,0,18,0,920,20,4,10,1,1,1,15,73.7,0
3,0,32,0,6670,91,0,18,4,1,1,45,169.025,0
7,0,38,0,2328,62,363,27,2,1,1,25,1741.05,0
4,0,36,3,938,14,25,17,5,1,1,55,51.78,0
0,0,20,0,1470,22,31,16,2,1,1,25,206.64,0
1,0,26,0,2820,56,0,25,3,1,1,30,115.04,0
16,0,39,4,12370,170,39,64,4,1,1,45,411.0,0
15,0,39,1,2758,66,366,26,3,1,1,30,1576.96,0
5,0,33,1,7030,100,16,22,5,1,1,55,130.95,0
11,0,15,0,6087,135,78,40,1,2,1,15,771.21,0
10,0,39,1,3070,50,293,18,3,1,1,30,1296.8,0
0,0,33,0,6185,87,0,7,4,1,1,45,156.8,0
5,0,14,0,5377,124,53,40,1,2,1,15,594.055,0
13,0,39,1,14483,180,8,44,3,1,1,30,618.52,0
1,0,37,0,7318,126,375,40,2,1,1,25,2022.48,0
0,0,27,0,2535,10,0,11,3,1,1,30,101.8,0
0,0,37,0,1543,27,4,9,3,1,1,30,78.8,0
13,0,45,2,8073,143,406,51,3,1,1,30,1952.64,0
0,0,10,0,4265,42,219,13,3,1,1,30,1048.28,0
0,0,35,1,148,4,29,4,5,1,1,55,45.78,0
5,0,25,1,3470,64,10,23,3,1,1,30,181.36,0
9,0,33,0,3085,53,174,24,2,1,1,25,924.21,0
7,0,26,0,3415,61,7,21,3,1,1,30,167.04,0
1,0,23,1,3520,65,22,36,3,1,1,30,231.4,0
8,0,41,2,1240,23,12,15,2,1,1,25,110.835,0
0,0,24,0,0,0,5,0,4,1,2,45,12.5,0
0,0,17,0,660,16,0,5,2,1,1,25,30.42,0
10,0,44,2,2745,47,302,24,4,1,1,45,824.8,0
10,0,39,2,6995,93,202,31,3,1,1,30,1091.52,0
3,0,35,0,3950,59,0,11,2,1,1,25,180.405,0
13,0,22,4,3113,55,46,25,3,1,1,30,310.72,0
6,0,32,1,8630,107,126,36,3,1,1,30,853.48,0
7,0,38,0,13773,169,0,44,3,1,1,30,557.68,0
7,0,41,1,11420,158,19,51,4,1,1,45,336.95,0
2,0,37,0,13583,169,25,46,3,1,1,30,650.08,0
0,0,40,1,2870,23,486,10,3,1,1,30,2059.72,0
18,0,39,3,16390,198,178,47,2,1,1,25,1547.46,0
2,0,24,0,3110,55,0,19,3,1,1,30,126.6,0
9,0,18,0,8627,171,74,39,5,1,1,55,242.97,0
19,0,25,1,15690,230,0,74,2,1,1,25,716.4,0
5,0,37,0,7698,128,393,46,2,1,1,25,2120.67,0
6,0,34,0,1790,42,34,17,3,1,2,30,209.28,0
5,0,24,0,1035,32,44,15,2,1,1,25,246.015,0
0,0,35,0,1378,41,0,31,1,1,1,15,78.045,0
20,0,29,0,1605,41,38,24,3,1,2,30,217.84,0
9,0,14,2,4875,54,233,17,3,1,1,30,1129.16,0
1,0,35,0,1548,44,331,7,2,1,1,25,1561.14,0
6,0,35,0,15370,177,152,31,2,1,1,25,1383.615,0
1,0,30,0,1665,38,30,19,3,1,2,30,188.12,0
3,0,38,2,453,9,2,1,5,1,1,55,9.93,0
8,0,25,0,640,22,5,5,2,1,2,25,52.29,0
2,0,22,0,1315,30,185,10,2,2,1,25,893.025,0
0,0,32,0,2725,17,2,15,3,1,1,30,117.68,0
11,0,39,2,3200,65,214,29,3,1,1,30,986.6,0
7,0,37,0,15295,181,141,27,2,1,1,25,1330.92,0
0,0,32,0,6015,72,168,19,3,1,1,30,915.48,0
0,0,36,0,595,9,15,9,2,1,2,25,94.68,0
3,0,37,0,4180,71,30,19,3,1,1,30,290.04,0
2,0,35,0,2180,31,274,13,3,1,1,30,1184.44,0
0,0,35,0,570,8,0,9,2,1,2,25,26.01,0
10,0,42,0,1970,56,53,23,4,1,2,45,183.15,0
0,0,34,0,1173,18,0,1,3,1,1,30,47.64,0
12,0,16,5,3453,55,52,34,3,1,1,30,348.32,0
5,0,19,0,965,22,4,7,2,1,1,25,62.415,0
14,0,34,2,2133,55,52,76,5,1,1,55,110.82,0
0,0,31,0,338,5,0,1,4,1,1,45,8.575,0
17,0,33,0,1085,33,27,13,3,1,2,30,152.72,0
5,0,32,0,3938,56,0,29,1,1,1,15,219.67,0
0,0,36,0,0,0,0,0,2,1,2,25,0.0,0
11,0,37,0,15675,183,159,33,2,1,1,25,1429.11,0
0,0,31,0,2790,15,468,5,3,1,1,30,1984.2,0
16,0,35,8,10245,93,26,44,5,2,1,55,194.07,0
5,0,38,1,3833,87,0,27,3,1,1,30,156.8,0
9,1,36,4,7025,119,276,35,3,2,1,30,1389.76,0
5,0,34,1,305,6,7,2,5,1,1,55,15.165,0
0,0,25,0,0,0,0,0,4,1,2,45,0.0,0
9,1,38,0,2238,54,8,17,3,1,2,30,123.68,0
2,0,31,0,825,16,29,4,4,1,2,45,93.525,0
8,0,38,0,15080,177,132,32,2,1,1,25,1280.565,0
5,0,38,0,305,6,7,2,3,1,2,30,40.44,0
13,0,41,2,4790,83,44,23,3,1,1,30,370.92,0
6,0,38,0,15360,184,154,33,2,1,1,25,1392.48,0
16,0,33,0,960,35,25,13,3,1,2,30,139.8,0
10,0,22,2,2060,35,40,18,3,1,1,30,243.8,0
0,0,28,0,600,6,24,5,4,1,2,45,75.15,0
3,0,37,0,2278,52,0,29,1,1,1,15,128.15,0
0,0,36,0,165,3,0,11,2,1,2,25,7.56,0
9,0,39,0,6423,71,94,24,2,1,1,25,715.23,0
6,0,38,1,3340,30,485,8,3,1,1,30,2074.8,0
0,0,27,0,700,12,25,6,4,1,2,45,80.3,0
10,0,42,2,6718,81,116,38,2,1,1,25,827.955,0
21,0,17,3,9838,187,101,57,5,1,1,55,301.875,0
8,0,38,0,4370,71,5,17,3,1,1,30,197.64,0
0,0,13,0,1210,12,10,7,2,1,1,25,99.99,0
24,0,39,3,6833,115,41,26,3,1,1,30,441.92,0
0,0,34,0,2595,19,0,14,3,1,1,30,104.56,0
0,0,31,0,0,0,0,0,2,1,2,25,0.0,0
14,0,44,2,4755,79,22,23,3,1,1,30,281.36,0
6,0,9,0,5828,125,63,34,1,2,1,15,673.915,0
0,0,23,0,2320,45,0,6,3,1,1,30,94.6,0
0,0,31,0,4210,71,0,22,3,1,1,30,171.24,0
8,0,34,0,8695,109,105,37,3,1,1,30,772.16,0
1,0,36,0,1005,18,27,21,2,1,2,25,167.535,0
7,0,38,1,4515,83,2,25,3,1,1,30,191.92,0
8,0,41,0,6098,103,18,17,3,1,1,30,320.04,0
9,0,29,2,1988,51,69,74,5,1,1,55,134.085,0
20,0,36,2,14835,219,47,30,3,1,1,30,790.16,0
14,0,37,2,3900,80,28,25,3,1,1,30,271.2,0
4,0,20,0,395,13,0,4,2,1,2,25,18.36,0
0,0,12,0,1435,16,13,8,2,1,1,25,123.795,0
3,0,35,0,1665,44,38,20,3,1,2,30,220.36,0
0,0,32,0,2535,16,0,12,3,1,1,30,102.04,0
10,0,37,0,2643,59,9,15,3,1,2,30,144.08,0
0,0,29,0,2355,8,0,7,3,1,1,30,94.52,0
0,0,3,0,4005,32,198,4,3,1,1,30,953.48,0
1,0,36,0,3035,24,478,6,3,1,1,30,2034.36,0
2,0,40,0,5693,91,10,14,2,1,1,25,305.28,0
0,0,21,0,1390,26,29,13,2,1,1,25,194.22,0
5,0,38,1,3778,85,7,30,3,1,1,30,182.52,0
21,0,40,3,6183,107,38,28,3,1,1,30,403.6,0
9,0,37,0,15485,182,150,30,2,1,1,25,1380.015,0
15,0,21,4,3338,59,49,26,3,1,1,30,331.88,0
17,0,41,2,6933,112,22,14,3,1,1,30,369.8,0
6,0,27,0,1535,21,29,3,4,1,2,45,111.4,0
1,0,19,0,1290,21,10,16,2,1,1,25,103.995,0
8,0,31,1,8855,111,129,37,3,1,1,30,874.64,0
27,1,34,3,16255,246,11,85,2,1,1,25,792.045,0
0,0,23,0,2920,55,1,21,3,1,1,30,123.0,0
10,0,11,0,6008,133,68,36,1,2,1,15,711.755,0
0,0,35,0,570,8,0,9,2,1,2,25,26.01,0
6,0,18,2,2295,36,49,29,2,1,1,25,325.395,0
9,0,39,2,8890,117,147,45,3,1,1,30,948.28,0
20,0,37,8,10030,88,0,44,5,1,1,55,151.77,0
3,0,40,0,13548,165,3,46,3,1,1,30,560.52,0
5,0,35,0,1100,18,7,9,2,1,2,25,81.81,0
0,0,35,0,380,7,0,6,2,1,2,25,17.415,0
6,0,40,1,3100,32,15,20,3,1,1,30,185.28,0
8,0,26,2,2168,49,51,83,4,1,1,45,182.925,0
5,0,40,0,1295,26,39,17,3,1,2,30,208.84,0
13,0,27,0,890,26,19,10,2,1,2,25,126.72,0
1,0,14,2,2357,38,15,14,3,1,1,30,155.8,0
0,0,35,0,7013,120,368,38,2,1,1,25,1976.985,0
19,0,43,4,9500,129,161,49,3,1,1,30,1029.16,0
3,0,37,1,6740,101,22,26,5,1,1,55,135.615,0
5,0,35,0,1015,14,12,9,2,1,2,25,100.305,0
2,0,36,0,13468,163,0,42,3,1,1,30,545.24,0
32,0,33,4,16570,245,16,85,2,2,1,25,828.675,0
3,0,34,0,6298,63,69,31,2,1,1,25,596.745,0
14,0,43,1,14258,183,18,51,3,1,1,30,649.64,0
0,0,36,0,2790,21,476,6,3,1,1,30,2016.44,0
0,0,24,0,1073,32,14,63,4,1,1,45,62.625,0
12,0,42,2,3855,84,42,32,3,1,1,30,325.56,0
0,0,32,0,2133,48,0,27,1,1,1,15,119.955,0
5,0,36,0,3893,60,0,33,1,1,1,15,217.415,0
30,0,34,5,16495,250,39,86,2,2,1,25,929.025,0
0,0,23,0,1148,27,0,62,4,1,1,45,29.375,0
10,0,35,2,7280,104,30,27,5,1,1,55,155.76,0
17,0,46,3,5080,99,24,33,4,1,1,45,189.475,0
0,0,32,1,3135,26,14,27,3,1,1,30,182.44,0
1,0,35,1,2955,28,32,18,3,1,1,30,247.32,0
4,0,35,0,15180,176,143,28,2,1,1,25,1334.52,0
8,0,39,0,2583,58,7,31,1,1,1,15,183.755,0
14,0,40,1,14268,176,16,49,3,1,1,30,641.76,0
16,0,29,0,15170,222,0,63,2,1,1,25,692.64,0
8,0,41,1,6673,79,116,41,2,1,1,25,825.84,0
4,0,30,1,3225,67,16,24,3,1,1,30,195.68,0
1,0,39,0,2235,41,289,21,3,1,1,30,1247.04,0
8,0,43,1,7768,137,399,49,3,1,1,30,1912.2,0
1,0,35,0,1553,19,0,2,3,1,1,30,62.88,0
25,1,31,3,16075,238,0,80,2,1,1,25,734.085,0
8,0,41,0,1925,54,53,26,3,1,2,30,291.16,0
7,0,31,1,7010,101,11,20,5,1,1,55,123.165,0
3,0,32,0,4110,61,0,11,2,1,1,25,187.695,0
6,0,36,2,4810,87,16,38,3,1,1,30,259.88,0
0,0,35,0,7203,121,377,41,2,1,1,25,2026.08,0
0,0,41,0,405,14,14,7,3,1,2,30,72.76,0
0,0,33,0,0,0,0,0,2,1,2,25,0.0,0
6,0,39,2,6560,89,191,28,3,1,1,30,1029.96,0
8,0,24,1,1793,43,27,66,4,1,1,45,113.4,0
17,0,28,0,1410,36,18,7,3,1,2,30,129.84,0
0,0,34,0,5703,58,76,35,2,1,1,25,601.245,0
9,0,41,2,2780,51,324,24,4,1,1,45,880.775,0
12,0,37,2,3855,39,15,16,3,1,1,30,215.76,0
2,0,29,0,6705,95,4,18,4,1,1,45,180.0,0
6,0,38,0,3598,56,0,20,1,1,1,15,200.97,0
0,0,29,0,1888,44,337,16,2,1,1,25,1603.44,0
5,0,36,1,6213,99,21,25,2,1,1,25,378.54,0
20,0,37,3,14950,225,79,34,3,1,1,30,923.0,0
3,0,38,0,2393,58,2,33,1,1,1,15,145.805,0
5,0,40,0,1665,50,46,21,4,1,2,45,157.875,0
18,0,34,7,10320,88,3,43,4,1,1,45,267.7,0
15,0,39,1,5998,106,37,29,2,1,1,25,441.18,0
0,0,3,0,3825,24,193,2,2,1,1,25,1041.705,0
5,0,34,1,3085,25,7,14,3,1,1,30,152.4,0
0,0,22,0,210,15,0,11,2,1,1,25,10.125,0
4,0,36,0,1933,48,1,15,3,1,2,30,83.24,0
2,0,34,1,6380,92,0,24,5,1,1,55,97.08,0
0,0,34,0,318,4,0,3,2,1,2,25,14.49,0
6,0,38,0,1585,25,8,11,2,1,2,25,108.45,0
0,0,37,0,5208,84,0,12,2,1,1,25,238.14,0
0,0,36,0,1068,15,0,3,3,1,1,30,43.32,0
0,0,32,0,5533,87,0,6,2,1,1,25,252.9,0
3,0,34,0,1550,38,6,16,3,1,2,30,87.52,0
0,0,31,0,7123,119,367,37,2,1,1,25,1977.39,0
3,0,40,1,3798,84,12,32,3,1,1,30,203.28,0
0,0,36,0,0,0,0,0,2,1,2,25,0.0,0
0,0,36,0,12868,153,0,27,3,1,1,30,520.84,0
10,0,40,2,4630,88,0,24,3,1,1,30,188.72,0
15,0,30,6,10050,85,0,36,4,1,1,45,253.375,0
9,0,40,2,2033,34,12,10,4,1,1,45,81.675,0
13,0,36,1,9000,115,112,39,3,1,1,30,812.6,0
9,0,35,1,2748,64,373,37,2,1,1,25,1805.04,0
0,0,36,0,1540,46,42,23,3,1,2,30,231.44,0
13,0,44,3,4900,91,19,31,3,1,1,30,275.64,0
7,0,35,0,2665,39,284,19,3,1,1,30,1244.16,0
12,0,40,1,14078,175,7,46,3,1,1,30,598.12,0
21,1,36,8,10435,93,1,42,5,2,1,55,159.42,0
8,0,42,1,13853,171,10,48,3,1,1,30,600.96,0
15,0,39,0,2948,65,16,17,3,1,2,30,184.52,0
4,0,36,0,1743,49,334,24,2,1,1,25,1583.64,0
14,0,36,3,7800,114,29,24,5,1,1,55,162.21,0
0,0,35,1,6560,93,17,24,4,1,1,45,208.825,0
0,0,15,0,1515,18,17,9,2,1,1,25,145.485,0
30,0,33,4,16380,244,7,82,2,2,1,25,779.58,0
1,0,33,0,2393,52,0,32,1,1,1,15,134.475,0
15,0,35,7,9725,82,0,42,4,1,1,45,245.175,0
8,0,39,1,7813,133,391,45,3,1,1,30,1881.84,0
17,0,39,2,3795,70,190,25,2,1,1,25,1028.925,0
4,0,32,0,1978,44,0,11,3,1,2,30,80.88,0
0,0,9,0,3790,30,194,23,3,1,1,30,928.8,0
8,0,40,1,2698,64,9,35,2,1,1,25,164.79,0
0,0,32,0,2100,29,270,12,3,1,1,30,1165.16,0
11,0,42,1,3040,63,190,29,2,1,1,25,994.635,0
4,0,18,0,1885,27,37,17,2,1,1,25,252.54,0
2,0,32,0,13513,159,0,38,3,1,1,30,546.88,0
5,0,21,1,3270,57,7,19,3,1,1,30,161.08,0
0,0,38,0,128,5,32,6,3,1,2,30,133.32,0
17,0,17,1,9237,177,80,42,5,1,1,55,261.21,0
6,0,24,0,280,13,0,1,2,1,2,25,13.185,0
1,0,37,0,13063,158,0,44,3,1,1,30,528.84,0
6,0,37,1,1725,47,43,22,3,1,1,30,242.88,0
13,0,37,1,4323,64,7,32,1,1,1,15,279.785,0
24,0,40,4,10130,138,159,45,3,1,1,30,1046.72,0
22,0,38,7,10140,89,7,29,5,1,1,55,163.935,0
7,0,37,1,11465,154,11,47,4,1,1,45,317.975,0
4,0,38,1,3095,27,483,8,3,1,1,30,2056.88,0
27,0,37,9,11145,104,9,42,5,2,1,55,182.235,0
9,0,43,1,13773,175,8,45,3,1,1,30,589.92,0
11,0,39,0,6108,95,7,10,2,1,1,25,310.635,0
5,0,37,0,14885,172,129,15,2,1,1,25,1258.065,0
5,0,35,1,4335,75,0,20,3,1,1,30,176.4,0
2,0,36,0,4210,77,0,23,3,1,1,30,171.48,0
6,0,40,0,2735,57,183,27,2,1,1,25,949.14,0
10,0,44,3,903,20,26,10,5,1,1,55,52.845,0
2,0,33,0,1753,40,0,10,3,1,2,30,71.72,0
0,0,29,0,10900,138,0,39,3,1,1,30,441.52,0
7,0,40,1,2475,44,283,17,3,1,1,30,1232.76,0
0,0,32,0,6060,100,243,16,2,2,1,25,1370.7,0
2,0,39,1,518,12,15,7,5,1,1,55,30.45,0
0,0,35,0,6195,80,179,24,3,1,1,30,967.0,0
30,0,41,5,15560,237,93,38,3,1,1,30,1003.88,0
23,0,22,2,6878,155,103,49,2,2,1,25,779.985,0
16,1,43,0,2723,68,26,24,3,1,2,30,215.64,0
1,0,9,1,2547,33,16,16,3,1,1,30,167.2,0
2,0,36,0,13468,163,0,42,3,1,1,30,545.24,0
10,0,38,1,2568,66,391,28,3,1,1,30,1669.36,0
7,0,13,0,8628,165,66,38,4,1,1,45,384.825,0
6,0,38,1,11060,149,0,49,4,1,1,45,280.225,0
7,0,38,0,13773,169,0,44,3,1,1,30,557.68,0
28,0,35,3,15445,225,53,33,3,1,1,30,838.8,0
0,0,31,0,615,4,0,5,2,1,2,25,27.855,0
0,0,21,0,0,0,3,0,4,1,2,45,7.5,0
8,0,36,0,3715,79,27,26,3,1,1,30,259.76,0
13,0,27,0,945,28,12,7,3,1,2,30,86.92,0
7,0,23,0,1165,29,14,11,2,1,1,25,116.73,0
5,0,35,0,6658,72,103,35,2,1,1,25,766.35,0
9,0,23,1,2180,40,46,21,3,1,1,30,272.8,0
6,0,39,0,13368,164,0,46,3,1,1,30,541.28,0
0,0,22,0,1203,30,18,64,4,1,1,45,75.825,0
0,0,31,0,6480,91,7,20,4,1,1,45,181.775,0
7,0,38,2,833,11,20,7,5,1,1,55,42.66,0
12,0,38,2,8710,116,126,45,3,1,1,30,857.04,0
0,0,35,0,6440,83,181,24,3,1,1,30,984.92,0
0,0,35,0,6603,111,356,26,2,1,1,25,1904.13,0
12,0,44,2,6303,103,24,18,3,1,1,30,352.24,0
9,0,38,0,2048,55,341,26,3,1,1,30,1448.12,0
21,0,19,2,6697,147,92,44,2,2,1,25,721.98,0
18,0,29,2,15580,231,0,75,2,1,1,25,711.495,0
5,0,36,0,3893,60,0,33,1,1,1,15,217.415,0
10,0,40,2,4083,91,14,32,3,1,1,30,222.96,0
0,0,27,0,940,16,53,7,4,1,2,45,156.4,0
11,0,39,2,2030,53,50,24,4,1,1,45,177.075,0
10,0,28,2,2025,47,201,11,3,2,1,30,886.88,0
2,0,34,0,8100,104,112,41,3,1,1,30,776.16,0
6,0,32,0,1210,18,38,9,4,1,2,45,125.7,0
8,0,35,1,8810,115,137,41,3,1,1,30,905.0,0
3,0,34,0,3015,25,473,4,3,1,1,30,2013.6,0
22,0,41,3,14835,225,55,31,3,1,1,30,822.4,0
10,0,43,1,4370,77,13,18,3,1,1,30,229.88,0
8,0,40,0,4220,79,7,12,3,1,1,30,199.96,0
4,0,36,0,15295,182,175,32,2,1,1,25,1483.965,0
7,0,35,0,2338,55,361,25,2,1,1,25,1732.185,0
5,0,34,1,2405,35,277,14,3,1,1,30,1205.6,0
16,0,44,2,15790,194,165,33,3,1,1,30,1299.36,0
13,0,39,2,4733,99,17,30,3,1,1,30,261.28,0
11,0,35,0,4675,71,4,18,2,1,1,25,231.57,0
2,0,29,0,3180,65,16,27,3,1,1,30,193.8,0
26,0,42,9,10695,103,16,48,5,2,1,55,185.97,0
11,0,39,2,6778,78,113,39,2,1,1,25,817.02,0
28,0,30,4,16200,236,7,77,2,2,1,25,771.12,0
1,0,34,0,2475,47,168,21,2,1,1,25,869.49,0
4,0,21,0,1875,34,39,19,2,1,1,25,261.405,0
25,0,32,4,16190,244,32,84,2,2,1,25,883.53,0
7,0,36,0,4083,61,3,36,1,1,1,15,244.42,0
26,0,38,9,10740,99,8,44,5,1,1,55,174.585,0
6,0,38,1,1973,31,7,8,4,1,1,45,67.6,0
4,0,38,0,3770,61,0,2,2,1,1,25,172.395,0
5,0,22,0,3530,61,7,24,3,1,1,30,171.64,0
14,0,23,1,1450,36,16,11,2,1,1,25,138.87,0
6,0,30,1,7090,97,13,23,4,1,1,45,212.175,0
0,0,36,0,0,0,0,0,2,1,2,25,0.0,0
1,0,32,0,4130,75,0,19,3,1,1,30,168.2,0
14,0,45,2,14078,181,15,47,3,1,1,30,630.36,0
5,0,26,0,1070,13,23,3,4,1,2,45,84.575,0
10,0,34,0,3695,80,22,24,3,1,1,30,239.0,0
23,0,31,3,15885,237,0,77,2,1,1,25,725.49,0
7,0,37,2,3220,25,479,5,3,1,1,30,2045.8,0
1,0,36,0,1280,19,1,9,2,1,2,25,62.955,0
8,0,10,2,5100,51,223,10,3,1,1,30,1098.04,0
2,0,33,0,3245,27,1,12,3,1,1,30,134.88,0
6,0,39,1,7623,132,382,42,3,1,1,30,1838.2,0
4,0,37,0,2048,54,33,19,3,1,2,30,216.08,0
5,0,38,0,1845,52,49,25,3,1,2,30,271.88,0
3,0,13,2,4470,42,225,14,3,1,1,30,1080.48,0
3,0,36,0,4065,65,0,15,2,1,1,25,185.85,0
11,0,28,0,815,31,42,11,3,1,2,30,201.84,0
0,0,37,0,6908,117,363,28,2,1,1,25,1949.625,0
17,0,16,0,9123,171,48,38,4,1,1,45,352.35,0
0,0,33,0,1488,17,0,1,3,1,1,30,60.2,0
20,0,29,2,15770,232,0,78,2,1,1,25,720.09,0
12,0,33,1,9035,119,134,39,3,1,1,30,902.16,0
4,0,26,0,1425,20,42,18,4,1,2,45,141.125,0
15,0,40,1,4503,72,8,37,1,1,1,15,295.625,0
9,0,40,1,2665,45,292,20,3,1,1,30,1276.4,0
8,0,20,0,1225,26,11,12,2,1,1,25,105.795,0
0,0,31,0,1300,35,26,16,3,1,2,30,157.4,0
0,0,32,0,3353,73,0,24,2,1,1,25,154.17,0
0,0,34,0,14470,165,118,28,2,1,1,25,1189.575,0
0,0,30,0,6195,74,171,23,3,1,1,30,934.76,0
10,0,47,0,883,21,29,12,3,1,2,30,152.16,0
3,0,39,0,5793,97,11,15,2,1,1,25,314.55,0
28,0,33,4,16135,241,5,82,2,1,1,25,759.42,0
19,0,40,3,5103,82,29,52,1,1,1,15,444.675,0
20,0,15,1,6618,145,82,40,2,2,1,25,673.335,0
7,0,37,1,11465,154,11,47,4,1,1,45,317.975,0
3,0,25,2,1610,40,207,24,2,2,1,25,1005.75,0
1,0,36,0,2245,34,287,19,3,1,1,30,1239.16,0
0,0,16,0,1580,21,30,15,2,1,1,25,207.045,0
8,0,39,0,3650,84,36,31,2,1,1,25,330.03,0
3,0,34,0,1180,14,0,12,2,1,2,25,53.73,0
9,0,28,1,1873,45,37,70,5,1,1,55,84.27,0
3,0,33,1,643,4,3,3,5,1,1,55,14.205,0
21,1,36,8,10435,93,1,42,5,1,1,55,159.42,0
31,1,32,4,16785,249,8,80,2,1,1,25,802.53,0
0,0,7,0,4085,34,208,8,3,1,1,30,996.76,0
5,0,42,1,2440,41,295,22,3,1,1,30,1279.24,0
9,0,36,0,2375,55,46,20,3,1,2,30,281.2,0
7,0,11,2,4695,46,222,12,3,1,1,30,1077.64,0
14,0,39,1,8820,117,130,30,3,1,1,30,877.48,0
8,0,40,3,6920,98,225,32,4,1,1,45,737.95,0
10,0,40,0,2150,58,56,27,3,1,2,30,312.32,0
3,0,33,0,3713,52,0,28,1,1,1,15,207.075,0
9,0,38,1,4213,89,18,33,3,1,1,30,244.08,0
11,0,38,2,14373,179,21,59,3,1,1,30,666.08,0
7,0,17,3,2447,40,13,21,3,1,1,30,151.48,0
12,0,40,1,14078,175,7,46,3,1,1,30,598.12,0
0,0,36,0,2055,33,278,16,3,1,1,30,1195.52,0
0,0,37,0,1650,28,260,18,3,1,1,30,1107.12,0
29,0,29,3,16300,242,7,78,2,1,1,25,775.89,0
9,0,36,4,7080,121,269,32,3,2,1,30,1364.04,0
5,0,36,1,6965,105,25,27,5,1,1,55,143.55,0
2,0,15,2,2142,34,6,19,3,1,1,30,111.04,0
7,0,37,0,6323,100,8,10,2,1,1,25,325.035,0
7,0,40,0,1015,20,20,10,3,1,2,30,121.4,0
1,0,37,1,6310,85,177,23,3,1,1,30,963.8,0
18,0,39,3,9420,127,151,45,3,1,1,30,985.88,0
5,0,35,0,1855,45,47,23,3,1,2,30,264.0,0
13,0,19,5,3273,57,70,25,4,1,1,45,258.25,0
0,0,19,0,2840,53,0,17,3,1,1,30,115.72,0
6,0,32,0,3515,72,17,22,2,1,1,25,237.915,0
6,0,34,0,4435,81,0,21,3,1,1,30,180.64,0
2,0,35,0,4095,71,0,19,3,1,1,30,166.64,0
15,0,25,0,925,29,7,5,3,1,2,30,66.16,0
18,0,38,2,6123,104,33,26,2,1,1,25,428.715,0
4,0,35,0,11350,149,13,48,3,1,1,30,511.96,0
8,0,37,1,4428,93,10,28,3,1,1,30,220.84,0
10,0,39,0,15190,178,136,17,2,1,1,25,1303.56,0
0,0,37,0,0,0,0,0,2,1,2,25,0.0,0
3,0,41,0,5613,95,8,11,3,1,1,30,260.32,0
9,0,29,2,1620,42,200,13,3,2,1,30,866.48,0
1,0,30,0,905,12,31,7,4,1,2,45,100.425,0
3,0,8,1,4795,45,216,8,3,1,1,30,1057.6,0
13,0,18,4,3158,51,38,21,3,2,1,30,280.36,0
0,0,31,0,6115,78,169,20,3,1,1,30,923.72,0
29,0,31,5,16675,248,21,95,2,1,1,25,856.035,0
0,0,36,0,5790,75,161,26,3,1,1,30,878.6,0
5,0,37,1,305,6,7,2,5,1,1,55,15.165,0
0,0,35,0,1345,22,253,16,3,1,1,30,1066.68,0
12,0,19,1,6168,137,88,44,1,2,1,15,830.775,0
2,0,30,0,15180,170,135,27,2,1,1,25,1298.25,0
8,0,38,2,6833,81,140,41,2,1,1,25,941.13,0
0,0,37,0,3593,84,6,31,2,1,1,25,192.465,0
2,0,25,0,3225,61,8,23,3,1,1,30,163.44,0
0,0,35,0,0,0,0,0,2,1,2,25,0.0,0
16,0,36,0,14235,209,26,15,3,1,1,30,681.76,0
2,0,37,1,3833,88,34,32,3,1,1,30,292.84,0
8,0,37,0,1970,50,45,22,3,1,2,30,260.8,0
13,0,38,1,3275,60,191,28,2,1,1,25,1009.575,0
15,0,27,1,1530,38,26,15,2,1,1,25,187.56,0
13,0,37,2,9115,121,144,43,3,1,1,30,945.44,0
12,0,37,1,2698,63,361,24,3,1,1,30,1554.44,0
17,0,39,2,4485,93,40,28,3,1,1,30,343.12,0
6,0,13,3,2673,37,20,14,3,1,1,30,188.4,0
8,0,35,2,7090,103,21,24,5,1,1,55,139.395,0
6,0,41,0,1933,54,9,16,3,1,2,30,115.48,0
3,0,31,0,3893,54,0,32,1,1,1,15,217.085,0
28,0,40,4,15255,230,52,31,3,1,1,30,827.4,0
10,0,37,1,13898,167,7,41,3,1,1,30,590.6,0
10,0,36,0,15890,187,151,28,2,1,1,25,1402.965,0
10,0,40,1,13888,174,0,43,3,1,1,30,562.48,0
4,0,18,3,2628,41,34,21,3,1,1,30,242.76,0
7,0,24,1,1955,36,43,20,3,1,1,30,251.64,0
7,0,14,4,3148,49,45,32,3,1,1,30,307.88,0
4,0,28,2,1430,42,225,15,3,2,1,30,958.88,0
0,0,25,0,1903,20,165,8,2,2,1,25,829.035,0
1,0,32,2,6660,110,264,31,2,2,1,25,1492.65,0
7,0,21,2,2115,38,67,20,3,1,1,30,354.12,0
6,0,36,1,7633,125,380,40,3,1,1,30,1830.32,0
11,0,42,2,3405,38,22,22,4,1,1,45,141.075,0
0,0,39,0,585,16,17,11,2,1,2,25,103.545,0
0,0,31,0,2660,14,0,9,3,1,1,30,106.96,0
2,0,34,1,6365,106,250,18,2,2,1,25,1416.195,0
0,0,36,0,2088,52,0,31,1,1,1,15,117.7,0
9,0,39,0,1780,30,28,28,2,1,2,25,207.45,0
7,0,36,2,6670,112,257,20,3,2,1,30,1299.28,0
0,0,34,0,0,0,0,0,5,1,1,55,0.0,0
7,0,40,0,1015,20,20,10,3,1,2,30,121.4,0
33,0,35,5,16440,247,12,84,2,2,1,25,804.915,0
6,0,34,1,6538,67,97,32,2,1,1,25,733.725,0
23,0,19,2,6887,148,101,47,2,2,1,25,771.075,0
7,0,11,2,4695,46,222,12,3,1,1,30,1077.64,0
0,0,36,0,5423,88,0,7,2,1,1,25,247.995,0
4,0,39,1,2475,45,317,22,4,1,1,45,855.5,0
14,0,43,2,5000,97,20,32,3,1,1,30,283.88,0
1,0,35,0,5498,83,0,6,2,1,1,25,251.145,0
3,0,39,0,990,19,0,10,2,1,2,25,45.405,0
0,0,16,0,1390,20,21,12,2,1,1,25,157.95,0
7,0,38,2,11580,160,43,51,4,1,1,45,401.0,0
12,0,40,0,2633,68,370,29,3,1,1,30,1588.04,0
3,0,28,1,885,13,26,5,4,1,1,45,87.45,0
14,0,40,2,15905,194,189,36,3,1,1,30,1399.96,0
0,0,33,0,11100,145,0,43,3,1,1,30,449.8,0
19,0,14,1,6697,141,84,43,1,2,1,15,838.09,0
0,0,30,0,3333,74,0,22,2,1,1,25,153.315,0
7,0,20,1,2000,32,35,16,3,1,1,30,221.28,0
5,0,37,1,6745,89,188,26,3,1,1,30,1025.36,0
0,0,24,0,0,0,0,0,4,1,2,45,0.0,0
26,0,33,2,15780,234,7,67,2,1,1,25,752.13,0
10,0,16,3,3042,46,40,22,3,1,1,30,283.52,0
5,0,37,0,1370,40,24,7,3,1,2,30,152.4,0
0,0,3,0,4130,30,200,4,3,1,1,30,966.4,0
9,0,13,0,8817,166,75,41,4,1,1,45,412.075,0
10,0,42,1,7993,141,402,50,3,1,1,30,1933.36,0
16,0,34,2,9420,121,143,44,3,1,1,30,953.64,0
23,0,45,4,9680,137,166,51,3,1,1,30,1056.68,0
4,0,36,0,2535,50,173,23,2,1,1,25,894.825,0
0,0,36,0,2088,52,0,31,1,1,1,15,117.7,0
2,0,36,1,11275,154,36,49,4,1,1,45,375.725,0
36,0,41,5,16155,242,69,34,3,2,1,30,931.88,0
4,0,30,0,1523,43,38,72,4,1,1,45,134.15,0
5,0,39,0,7213,123,370,30,3,1,1,30,1773.44,0
14,0,38,2,4798,76,22,50,1,1,1,15,389.07,0
0,0,37,0,2385,16,458,8,3,1,1,30,1928.04,0
8,0,25,1,1540,40,190,9,3,2,1,30,823.2,0
2,0,36,0,4210,77,0,23,3,1,1,30,171.48,0
6,0,36,0,2780,53,175,23,2,1,1,25,914.985,0
16,0,45,0,2543,66,23,20,4,1,2,45,122.725,0
25,0,31,3,16075,238,0,80,2,1,1,25,734.085,0
0,0,36,0,2790,21,476,6,3,1,1,30,2016.44,0
8,0,39,1,7813,133,391,45,3,1,1,30,1881.84,0
0,0,28,1,6580,108,254,27,2,2,1,25,1443.96,0
17,0,42,2,2603,63,20,21,4,1,1,45,116.65,0
4,0,26,0,1568,39,30,68,4,1,1,45,115.175,0
0,0,30,0,1180,30,20,13,3,1,2,30,128.4,0
0,0,23,0,0,0,0,0,4,1,2,45,0.0,0
4,0,41,1,7588,129,394,47,3,1,1,30,1884.68,0
1,0,30,0,3210,66,10,20,2,1,1,25,192.42,0
4,0,36,0,2590,52,166,20,2,1,1,25,865.89,0
0,0,33,0,1550,39,40,21,3,1,2,30,223.56,0
7,0,29,2,1430,41,191,10,3,2,1,30,822.84,0
0,0,35,0,14580,166,122,13,2,1,1,25,1212.57,0
1,0,34,0,2475,47,168,21,2,1,1,25,869.49,0
6,0,33,2,6850,110,239,29,2,2,1,25,1388.7,0
13,0,36,4,7460,123,287,38,3,2,1,30,1451.32,0
0,0,24,0,1263,33,23,66,4,1,1,45,89.9,0
6,0,26,0,510,25,35,9,3,1,2,30,161.4,0
5,0,21,0,315,17,0,1,2,1,2,25,14.94,0
13,0,43,1,6403,109,25,19,3,1,1,30,360.48,0
0,0,25,0,6220,81,0,14,4,1,1,45,157.525,0
1,0,37,1,1783,31,32,10,4,1,1,45,125.35,0
0,0,29,0,0,0,0,0,4,1,1,45,0.0,0
16,0,26,1,1935,43,27,13,2,1,1,25,210.51,0
0,0,25,0,2980,58,6,23,3,1,1,30,145.52,0
1,0,28,0,6785,91,6,21,4,1,1,45,186.9,0
8,0,42,2,4595,85,12,29,3,1,1,30,235.2,0
0,0,31,0,6670,92,16,23,4,1,1,45,209.05,0
2,0,35,0,2073,30,1,4,3,1,1,30,88.12,0
8,0,12,3,2898,41,23,15,3,1,1,30,209.56,0
12,0,40,1,2298,57,13,19,3,1,1,30,146.2,0
18,0,17,1,6638,144,87,42,2,2,1,25,696.69,0
2,0,36,0,1260,39,20,22,3,1,2,30,131.96,0
24,1,32,3,15670,233,0,82,2,1,1,25,715.635,0
3,0,13,0,8028,155,45,23,4,1,1,45,317.075,0
2,0,25,0,3225,61,8,23,3,1,1,30,163.44,0
36,0,34,5,17090,255,15,82,2,2,1,25,848.025,0
1,0,16,1,1990,30,42,27,2,1,1,25,279.9,0
14,0,39,1,15790,188,157,32,2,1,1,25,1425.51,0
2,0,35,0,11160,148,4,45,3,1,1,30,468.32,0
13,0,40,1,4258,69,6,37,1,1,1,15,270.985,0
13,0,40,3,7138,87,147,43,3,1,1,30,877.0,0
12,0,44,1,14033,179,15,50,3,1,1,30,628.48,0
7,0,38,0,3175,72,11,13,3,1,1,30,173.88,0
8,0,32,0,2453,54,351,23,2,1,1,25,1692.315,0
5,0,35,0,305,6,7,2,2,1,2,25,45.495,0
1,0,34,0,630,12,3,4,2,1,2,25,42.39,0
15,0,41,2,5818,104,34,25,3,1,1,30,372.88,0
0,0,35,0,1223,37,0,15,3,1,2,30,50.4,0
13,0,18,4,3157,51,38,21,3,1,1,30,280.32,0
22,0,23,2,9498,187,95,48,5,1,1,55,287.775,0
0,0,18,0,1003,23,8,60,4,1,1,45,45.65,0
5,0,38,0,305,6,7,2,5,1,1,55,15.165,0
0,0,31,0,490,6,0,5,2,1,2,25,22.32,0
11,0,27,3,4130,77,36,40,3,1,1,30,312.28,0
8,0,37,1,4920,88,3,23,3,1,1,30,212.32,0
0,0,7,0,3485,24,187,21,3,1,1,30,888.36,0
15,0,42,3,4880,92,14,29,4,1,1,45,159.3,0
8,0,36,2,8925,121,169,45,3,1,1,30,1037.84,0
0,0,29,0,1363,13,0,3,3,1,1,30,55.04,0
6,0,32,0,6718,69,100,36,2,1,1,25,755.415,0
9,0,25,2,2000,38,43,17,3,1,1,30,253.52,0
0,0,35,0,4903,78,0,10,2,1,1,25,224.145,0
0,0,34,0,3413,76,0,26,2,1,1,25,157.005,0
16,0,13,1,9158,175,70,38,5,1,1,55,244.995,0
1,0,38,0,2795,26,8,18,3,1,1,30,144.84,0
8,0,34,3,7210,119,273,33,2,2,1,25,1558.305,0
0,0,24,0,710,5,23,4,4,1,2,45,75.375,0
26,1,37,3,15545,230,55,30,3,1,1,30,851.0,0
35,0,46,5,15705,241,76,40,3,1,1,30,941.84,0
7,0,39,0,4073,68,5,38,1,1,1,15,255.255,0
13,0,28,2,4240,78,23,25,3,1,1,30,264.72,0
13,0,45,3,7065,102,208,34,4,1,1,45,699.175,0
5,0,37,1,3500,32,484,6,3,1,1,30,2077.28,0
0,0,34,0,2730,18,471,4,3,1,1,30,1993.92,0
4,0,38,1,3095,27,483,8,3,1,1,30,2056.88,0
11,0,16,0,8527,166,55,42,5,1,1,55,212.895,0
13,0,40,4,4000,43,511,25,4,1,1,45,1378.575,0
4,0,12,1,4570,48,226,15,3,1,1,30,1088.72,0
6,0,35,4,7080,122,303,37,3,2,1,30,1500.08,0
0,0,8,0,3680,29,190,10,3,1,1,30,908.36,0
1,0,38,0,2203,57,0,30,1,1,1,15,124.3,0
0,0,24,0,895,24,154,5,2,2,1,25,734.355,0
15,0,31,1,1485,42,34,19,2,1,1,25,221.715,0
13,0,15,0,6333,138,80,40,1,2,1,15,795.905,0
16,0,30,7,10175,83,0,36,4,1,1,45,256.45,0
23,0,36,8,10680,96,7,42,5,1,1,55,172.14,0
0,0,33,0,6135,77,174,22,3,1,1,30,944.48,0
3,0,32,0,1968,46,341,17,2,1,1,25,1625.13,0
10,0,37,0,2453,60,359,24,3,1,1,30,1536.52,0
22,0,36,2,15025,220,56,33,3,1,1,30,833.8,0
21,0,32,8,10480,89,7,38,5,1,1,55,169.035,0
0,0,20,0,1308,29,15,62,4,1,1,45,70.925,0
17,0,44,2,2758,72,374,27,3,1,1,30,1609.2,0
0,0,33,0,2130,11,0,14,3,1,1,30,85.64,0
8,0,43,2,6760,96,201,32,3,1,1,30,1078.24,0
0,0,33,0,2610,13,465,1,3,1,1,30,1964.92,0
13,0,43,2,6978,85,123,43,2,1,1,25,871.335,0
14,0,15,0,9122,172,82,43,4,1,1,45,437.35,0
1,0,14,0,1615,24,18,10,2,1,1,25,154.755,0
22,0,41,3,4790,99,47,30,3,1,1,30,383.56,0
1,0,36,0,5613,89,0,10,2,1,1,25,256.59,0
9,0,36,1,7123,80,109,35,2,1,1,25,814.635,0
6,0,43,2,3095,33,491,9,4,1,1,45,1305.7,0
5,0,40,1,6413,75,109,36,2,1,1,25,782.46,0
8,0,41,2,3145,34,15,17,4,1,1,45,116.975,0
13,0,40,1,4675,77,12,19,3,1,1,30,238.08,0
1,0,33,0,15120,173,138,26,2,1,1,25,1309.185,0
10,0,33,3,1700,44,210,17,3,2,1,30,909.76,0
13,0,44,1,4630,81,20,23,3,1,1,30,268.44,0
2,0,35,1,2915,19,472,3,3,1,1,30,2005.36,0
12,0,17,0,5793,131,64,27,1,2,1,15,677.82,0
0,0,21,0,2860,52,0,19,3,1,1,30,116.48,0
2,0,27,1,1125,35,184,8,2,2,1,25,880.2,0
1,0,32,0,5658,85,0,6,2,1,1,25,258.435,0
8,0,26,1,3935,72,16,23,3,1,1,30,224.28,0
5,0,41,0,623,11,14,6,3,1,2,30,81.36,0
3,0,37,1,6500,86,186,26,3,1,1,30,1007.44,0
12,0,40,1,14078,175,7,46,3,1,1,30,598.12,0
6,0,37,1,6528,74,99,34,2,1,1,25,742.59,0
4,0,38,0,11340,156,15,50,3,1,1,30,519.84,0
10,0,39,1,8003,134,400,48,3,1,1,30,1925.48,0
3,0,24,1,1863,43,44,81,4,1,1,45,157.65,0
14,1,41,0,2658,66,47,23,4,1,2,45,185.6,0
0,0,36,0,3465,55,0,10,2,1,1,25,158.4,0
11,0,15,4,2978,43,27,16,3,1,1,30,228.84,0
6,0,41,1,3275,35,494,13,3,1,1,30,2108.4,0
0,0,36,1,338,4,4,2,5,1,1,55,11.13,0
1,0,40,2,418,6,14,6,5,1,1,55,27.36,0
2,0,36,0,3718,82,2,28,2,1,1,25,180.0,0
5,0,39,0,1180,20,7,13,2,1,2,25,85.5,0
0,0,14,0,1330,17,16,10,2,1,1,25,132.615,0
10,0,33,6,9420,76,0,40,4,1,1,45,237.4,0
0,0,40,0,7203,127,385,42,3,1,1,30,1833.2,0
6,0,37,1,6473,72,106,37,2,1,1,25,771.525,0
7,0,40,1,2860,55,185,27,2,1,1,25,963.675,0
3,0,36,0,7393,121,352,39,2,1,1,25,1922.13,0
5,0,6,1,4695,40,214,11,3,1,1,30,1045.4,0
0,0,30,0,2475,13,0,10,3,1,1,30,99.52,0
0,0,32,0,0,0,0,0,4,1,1,45,0.0,0
16,0,36,3,9240,119,140,40,3,1,1,30,934.36,0
7,0,35,1,7733,131,381,41,3,1,1,30,1838.56,0
9,0,36,0,15370,176,118,26,2,1,1,25,1230.57,0
3,0,36,2,3390,31,497,21,3,1,1,30,2124.84,0
0,0,32,0,0,0,0,0,2,1,2,25,0.0,0
0,0,36,0,0,0,0,0,2,1,2,25,0.0,0
2,0,18,0,1695,26,28,14,2,1,1,25,203.445,0
0,0,33,2,6255,105,246,33,2,2,1,25,1393.2,0
10,0,40,1,6898,83,119,42,2,1,1,25,849.645,0
6,0,25,0,395,19,3,5,2,1,2,25,32.13,0
31,0,37,5,16460,246,17,86,2,1,1,25,828.27,0
2,0,26,1,3340,67,40,27,3,1,1,30,296.28,0
8,0,36,0,2970,54,184,26,2,1,1,25,964.08,0
10,0,32,3,7190,120,268,31,3,2,1,30,1364.4,0
0,0,33,0,1605,41,33,18,3,1,2,30,197.84,0
1,0,28,2,6705,106,256,27,2,2,1,25,1458.495,0
4,0,31,0,3470,70,17,25,2,1,1,25,235.8,0
13,0,30,0,880,33,21,12,2,1,2,25,135.585,0
32,0,38,5,16380,250,15,83,2,2,1,25,815.85,0
5,0,38,1,4270,80,0,25,3,1,1,30,174.0,0
7,0,35,0,3185,58,176,21,2,1,1,25,937.935,0
0,0,31,0,405,2,0,5,2,1,2,25,18.315,0
9,0,38,1,2895,58,173,22,2,1,1,25,911.385,0
4,0,38,0,5728,94,0,9,3,1,1,30,232.88,0
4,0,26,0,1568,39,30,68,4,1,1,45,115.175,0
3,0,35,0,6413,69,101,35,2,1,1,25,746.19,0
24,0,33,8,10740,93,0,43,4,1,1,45,270.825,0
0,0,36,0,1333,38,0,4,3,1,2,30,54.84,0
11,0,13,3,3157,45,30,20,3,1,1,30,248.08,0
0,0,16,0,0,0,0,0,2,1,1,25,0.0,0
5,0,42,0,738,17,46,10,3,1,2,30,214.2,0
23,0,38,3,14895,222,52,32,3,1,1,30,812.68,0
7,0,37,3,7100,96,207,41,3,1,1,30,1115.84,0
0,0,36,0,5013,79,0,13,2,1,1,25,229.14,0
17,0,38,8,10210,89,4,44,4,2,1,45,267.475,0
11,0,40,1,6223,101,14,14,3,1,1,30,308.96,0
8,0,39,2,6805,92,193,28,3,1,1,30,1047.88,0
15,0,42,2,7203,89,126,44,2,1,1,25,895.14,0
6,0,36,1,14068,173,14,57,3,1,1,30,625.64,0
8,0,38,1,6690,86,161,24,3,1,1,30,915.04,0
1,0,38,0,2148,55,0,33,1,1,1,15,121.165,0
8,0,38,0,6108,96,16,15,3,1,1,30,312.16,0
7,0,27,1,3530,67,15,25,3,1,1,30,203.88,0
0,0,21,0,1055,26,178,5,2,2,1,25,849.645,0
2,0,33,0,6420,84,176,22,3,1,1,30,964.16,0
0,0,36,1,6310,86,211,28,3,1,1,30,1099.84,0
0,0,30,0,780,14,29,7,4,1,2,45,92.35,0
17,0,19,0,6098,137,71,29,2,2,1,25,600.075,0
20,0,40,2,16500,199,165,32,2,1,1,25,1493.955,0
19,0,22,2,9237,183,88,43,5,1,1,55,273.3,0
5,0,8,0,8627,159,58,37,4,1,1,45,364.65,0
0,0,23,0,0,0,0,0,2,1,1,25,0.0,0
7,0,13,0,8627,165,66,38,4,1,1,45,384.8,0
21,0,19,2,6697,147,92,44,2,2,1,25,721.98,0
15,0,41,2,4618,78,40,41,1,1,1,15,478.28,0
2,0,42,0,875,20,8,12,2,1,2,25,76.275,0
0,0,36,0,405,8,6,6,2,1,2,25,45.585,0
9,0,29,2,1620,42,200,13,3,2,1,30,866.48,0
18,0,42,2,6078,108,41,30,2,1,1,25,462.87,0
10,0,45,0,1440,30,22,19,3,1,2,30,146.8,0
9,0,38,2,7210,97,194,26,3,1,1,30,1068.28,0
0,0,37,0,258,2,2,2,2,1,2,25,20.7,0
0,0,37,0,613,9,21,17,2,1,2,25,122.49,0
13,0,43,2,3085,65,190,26,3,1,1,30,886.0,0
9,0,41,2,6798,77,118,41,2,1,1,25,840.375,0
10,0,35,1,9055,118,139,41,3,1,1,30,922.92,0
5,0,37,0,1120,17,7,11,2,1,2,25,82.665,0
7,0,35,2,7013,79,122,50,2,1,1,25,868.14,0
8,0,37,0,1970,50,45,22,3,1,2,30,260.8,0
12,0,35,1,6943,79,105,35,2,1,1,25,788.49,0
9,0,40,2,3400,33,490,10,3,1,1,30,2097.32,0
0,0,35,0,0,0,0,0,2,1,2,25,0.0,0
5,0,33,1,6545,82,178,22,3,1,1,30,977.08,0
12,0,39,2,11770,160,18,49,4,1,1,45,343.25,0
31,0,44,10,11000,109,23,50,5,1,1,55,201.135,0
11,0,43,2,3580,41,501,15,3,1,1,30,2148.84,0
18,0,38,2,9305,121,119,41,3,1,1,30,853.04,0
14,0,35,1,14125,208,22,30,2,1,1,25,743.985,0
21,0,23,2,6653,151,100,48,2,2,1,25,756.18,0
23,0,38,3,14950,224,45,29,3,1,1,30,786.96,0
12,0,34,2,6113,102,40,37,2,1,1,25,459.675,0
20,0,33,2,1790,48,41,21,2,1,1,25,267.21,0
12,0,39,2,2683,42,15,8,4,1,1,45,105.625,0
0,0,37,0,1263,20,0,8,4,1,1,45,32.075,0
10,0,34,1,3005,57,172,21,2,1,1,25,911.79,0
2,0,31,2,7080,101,28,35,4,1,1,45,249.525,0
7,0,39,2,4138,94,41,34,3,1,1,30,333.28,0
8,0,35,1,15780,186,164,43,2,1,1,25,1456.47,0
18,0,39,3,9420,127,151,45,3,1,1,30,985.88,0
18,0,36,2,14645,218,38,27,3,1,1,30,746.52,0
4,0,22,0,215,11,0,3,2,1,2,25,10.17,0
0,0,33,0,6353,66,96,33,2,1,1,25,720.855,0
10,0,38,3,2573,41,28,23,4,1,1,45,135.35,0
1,0,34,0,2475,47,168,21,2,1,1,25,869.49,0
14,0,38,5,7330,125,283,37,3,2,1,30,1430.2,0
6,0,34,1,3943,86,7,26,3,1,1,30,189.16,0
12,0,26,2,2260,42,50,22,3,1,1,30,292.08,0
9,0,35,1,3595,74,21,23,3,1,1,30,230.76,0
11,0,32,1,9115,115,136,42,3,1,1,30,913.2,0
14,0,39,1,15790,188,157,32,2,1,1,25,1425.51,0
14,0,35,1,2678,64,356,22,3,1,1,30,1533.68,0
15,0,40,1,4503,72,8,37,1,1,1,15,295.625,0
11,0,18,4,2913,48,36,21,3,1,1,30,262.44,0
25,0,35,3,16030,242,8,84,2,1,1,25,768.24,0
28,0,37,4,15265,223,50,29,3,2,1,30,819.52,0
0,0,25,0,3035,60,0,20,3,1,1,30,123.8,0
6,0,43,1,2360,45,293,19,4,1,1,45,792.625,0
13,0,45,2,6223,107,22,15,3,1,1,30,341.2,0
5,0,38,1,1373,21,7,2,4,1,1,45,52.35,0
1,0,34,1,4013,86,16,41,2,1,1,25,256.455,0
17,0,35,2,9340,125,141,41,3,1,1,30,942.6,0
6,0,43,0,1260,22,17,17,2,1,2,25,134.19,0
7,0,42,0,1360,28,18,18,2,1,2,25,143.46,0
0,0,7,0,4330,37,210,8,3,1,1,30,1014.68,0
33,0,42,5,15505,234,66,36,3,2,1,30,893.56,0
14,0,36,1,4423,70,7,33,2,1,1,25,233.685,0
3,0,41,1,6455,90,194,30,3,1,1,30,1037.8,0
12,0,25,0,1415,33,28,16,2,1,1,25,191.16,0
0,0,27,0,1100,28,16,12,3,1,2,30,109.12,0
9,0,10,0,6087,129,70,39,1,2,1,15,726.88,0
5,0,34,1,2438,54,7,29,1,1,1,15,175.56,0
5,0,32,1,305,6,7,2,3,1,1,30,40.44,0
13,0,39,4,7450,130,289,40,3,2,1,30,1459.2,0
15,0,36,6,7870,132,299,50,3,2,1,30,1516.08,0
0,0,39,0,128,4,0,1,2,1,2,25,5.94,0
9,0,27,1,3720,68,24,28,3,1,1,30,247.52,0
2,0,36,0,6008,64,83,37,2,1,1,25,646.74,0
4,0,36,0,13658,164,2,45,3,1,1,30,560.88,0
5,0,37,0,3065,71,7,28,3,1,1,30,153.44,0
7,0,38,2,2993,68,23,48,2,1,1,25,241.245,0
14,0,42,2,11950,168,29,54,4,1,1,45,375.45,0
9,0,38,1,14018,172,7,44,3,1,1,30,595.6,0
16,0,41,3,4195,94,71,34,3,1,1,30,455.56,0
8,0,15,3,4775,48,232,16,3,1,1,30,1120.92,0
3,0,42,0,790,16,23,12,3,1,2,30,124.24,0
1,0,33,1,6595,96,5,19,5,1,1,55,107.865,0
6,0,42,0,5873,99,15,16,3,1,1,30,298.88,0
8,0,33,1,6763,71,100,33,2,1,1,25,757.53,0
3,0,14,2,2547,39,24,17,3,1,1,30,199.44,0
5,0,19,3,2547,45,32,18,3,1,1,30,231.68,0
5,0,34,0,2033,48,320,18,2,1,1,25,1533.645,0
6,0,37,1,2895,59,207,27,2,1,1,25,1064.43,0
0,0,40,0,193,7,11,7,2,1,2,25,58.5,0
8,0,16,3,2852,45,31,19,3,1,1,30,239.88,0
5,0,36,0,4255,66,7,18,2,1,1,25,225.945,0
11,0,27,0,700,25,10,7,2,1,2,25,77.625,0
25,0,31,3,16075,238,0,80,2,2,1,25,734.085,0
7,0,34,1,4560,79,7,21,3,1,1,30,213.56,0
9,0,28,1,1505,36,168,9,2,2,1,25,825.345,0
0,0,28,0,0,0,0,0,3,1,1,30,0.0,0
11,0,42,0,1333,22,22,6,3,1,2,30,142.2,0
11,0,36,1,13998,173,7,42,3,1,1,30,594.84,0
16,0,28,0,890,25,7,5,2,1,2,25,72.675,0
7,0,42,2,2053,33,17,12,4,1,1,45,94.65,0
7,0,37,0,4400,77,0,21,3,1,1,30,179.08,0
0,0,36,1,93,1,2,2,5,1,1,55,4.41,0
0,0,23,0,0,0,10,0,4,1,2,45,25.0,0
5,0,37,1,6690,87,195,29,3,1,1,30,1051.08,0
21,0,28,2,2240,49,34,15,2,1,1,25,256.005,0
6,0,25,2,3825,71,29,38,3,1,1,30,271.84,0
1,0,32,0,13388,161,0,38,3,1,1,30,541.96,0
0,0,43,0,273,9,15,8,2,1,2,25,80.19,0
12,0,40,3,11885,166,50,53,4,1,1,45,426.275,0
11,0,32,2,1800,50,211,18,3,2,1,30,918.0,0
3,0,42,0,2348,62,10,37,1,1,1,15,187.55,0
2,0,31,0,1585,42,28,16,3,1,2,30,177.08,0
0,0,33,0,2703,65,0,26,2,1,1,25,124.56,0
0,0,40,0,433,11,39,8,3,1,2,30,173.76,0
3,0,37,0,10865,144,0,32,3,1,1,30,440.36,0
1,0,37,0,3313,77,0,30,3,1,1,30,135.6,0
0,0,38,1,0,0,7,0,5,1,1,55,10.5,0
2,1,27,1,1070,33,191,11,2,2,1,25,909.135,0
12,0,37,1,4180,87,33,26,3,1,1,30,302.68,0
5,0,37,1,11275,153,2,44,4,1,1,45,290.7,0
0,0,36,0,3528,81,0,25,2,1,1,25,162.405,0
1,0,36,0,3875,64,0,12,2,1,1,25,177.255,0
10,0,40,1,13833,172,5,46,3,1,1,30,580.2,0
10,0,26,1,1340,38,51,17,2,1,1,25,291.51,0
10,0,42,0,4153,70,9,39,1,1,1,15,281.765,0
0,0,28,0,2215,37,153,15,2,1,1,25,789.84,0
15,0,40,1,4865,78,21,22,3,1,1,30,281.72,0
7,0,39,0,1370,21,16,16,2,1,2,25,134.595,0
0,0,36,0,2088,52,0,31,1,1,1,15,117.7,0
6,0,7,1,4615,44,212,8,3,1,1,30,1034.36,0
0,0,25,0,858,28,5,68,4,1,1,45,34.65,0
10,0,40,3,7090,109,29,25,5,1,1,55,151.485,0
0,0,37,0,1683,47,0,33,1,1,1,15,95.15,0
15,0,41,3,4110,44,498,10,4,1,1,45,1348.85,0
0,0,30,0,1283,17,0,5,3,1,1,30,52.0,0
5,0,33,1,2965,20,7,11,3,1,1,30,147.4,0
12,0,25,1,1470,35,21,13,2,1,1,25,162.225,0
9,0,37,1,6043,93,7,9,3,1,1,30,273.44,0
19,0,27,3,2130,48,47,30,2,1,1,25,309.51,0
8,0,25,0,980,29,17,13,2,1,1,25,121.905,0
2,0,38,0,2170,38,276,15,3,1,1,30,1192.32,0
14,0,17,1,6202,140,76,39,2,2,1,25,627.39,0
11,0,13,1,9228,175,87,53,4,1,1,45,452.575,0
5,0,25,0,1973,44,31,66,4,1,1,45,127.925,0
10,0,38,2,7270,111,32,29,5,1,1,55,158.715,0
11,0,42,2,2758,67,14,37,2,1,1,25,190.125,0
24,0,38,9,10550,98,0,41,5,1,1,55,159.72,0
0,0,38,0,2495,17,462,7,3,1,1,30,1948.48,0
9,0,11,2,4885,47,231,15,3,1,1,30,1121.28,0
7,0,42,0,13728,173,8,48,3,1,1,30,588.04,0
3,0,36,0,14775,171,125,30,2,1,1,25,1235.07,0
0,0,39,0,2268,60,6,36,1,1,1,15,161.04,0
3,0,15,3,2663,45,56,21,3,1,1,30,332.32,0
15,0,45,2,4675,83,20,20,3,1,1,30,270.32,0
5,0,38,0,13528,166,0,44,3,1,1,30,547.76,0
9,0,42,1,4450,73,15,21,3,1,1,30,240.92,0
6,0,34,1,6805,86,185,27,3,1,1,30,1015.64,0
0,0,30,0,0,0,0,0,3,1,1,30,0.0,0
4,0,38,0,2360,39,285,18,3,1,1,30,1235.96,0
0,0,37,0,0,0,0,0,2,1,2,25,0.0,0
0,0,24,0,2515,50,0,23,3,1,1,30,102.6,0
1,0,37,0,3805,72,0,25,3,1,1,30,155.08,0
10,0,41,1,15565,184,160,34,2,1,1,25,1428.705,0
20,0,34,9,10730,97,15,55,4,1,1,45,308.175,0
4,0,39,0,918,15,28,19,3,1,2,30,149.32,0
9,1,42,0,2193,58,16,21,3,1,2,30,154.04,0
7,0,38,0,1993,51,6,17,3,1,1,30,105.76,0
0,0,30,0,2395,45,158,17,2,1,1,25,820.8,0
4,0,25,0,205,18,0,2,2,1,2,25,10.035,0
17,0,27,1,1720,39,35,18,2,1,1,25,236.655,0
8,0,35,1,8810,115,137,41,3,1,1,30,905.0,0
4,0,41,0,13468,169,1,43,3,1,1,30,549.48,0
20,0,32,2,14880,215,39,26,3,1,1,30,759.8,0
2,0,41,2,338,10,12,3,5,1,1,55,23.22,0
0,0,41,0,93,1,10,6,2,1,2,25,49.23,0
6,0,32,1,2825,49,167,19,2,1,1,25,880.83,0
16,0,34,7,10130,87,0,40,4,1,1,45,255.425,0
12,0,11,1,8978,167,65,36,4,1,1,45,391.125,0
6,0,40,1,2453,61,7,35,2,1,1,25,144.63,0
8,0,36,1,11870,159,12,45,3,1,1,30,529.16,0
0,0,37,0,0,0,9,0,2,1,2,25,40.5,0
9,0,16,3,4695,52,230,13,3,1,1,30,1109.88,0
6,0,36,0,2780,53,175,23,2,1,1,25,914.985,0
13,0,43,3,11850,162,28,53,4,1,1,45,370.3,0
0,0,10,0,1130,10,6,6,2,1,1,25,78.3,0
11,0,28,1,2063,46,46,73,5,1,1,55,100.635,0
7,0,42,1,3978,92,17,34,3,1,1,30,230.8,0
20,0,38,2,6313,105,42,29,2,1,1,25,477.81,0
0,0,34,0,1363,19,0,4,3,1,1,30,55.28,0
0,0,39,0,318,5,7,4,2,1,2,25,46.035,0
4,0,26,0,1568,39,30,68,4,1,1,45,115.175,0
13,0,41,5,7270,128,286,36,3,2,1,30,1439.92,0
9,0,28,1,1873,45,37,70,5,1,1,55,84.27,0
15,0,23,1,15510,222,0,72,2,1,1,25,707.94,0
0,0,33,0,1360,38,31,18,3,1,2,30,179.92,0
0,0,20,0,0,0,6,0,4,1,2,45,15.0,0
5,0,14,2,2793,42,26,17,3,1,1,30,217.4,0
32,0,43,4,15625,239,72,39,3,1,1,30,922.56,0
11,0,37,2,8870,118,142,43,3,1,1,30,927.52,0
4,0,14,2,4390,46,223,11,3,1,1,30,1069.44,0
0,0,37,0,875,14,0,11,2,1,2,25,40.005,0
9,0,28,0,1730,26,49,20,4,1,2,45,166.4,0
11,1,38,0,2428,55,17,20,3,1,2,30,167.32,0
10,0,37,0,2453,60,359,24,3,1,1,30,1536.52,0
16,0,42,1,15970,196,168,37,2,1,1,25,1483.47,0
9,0,18,2,2558,41,17,6,3,1,1,30,171.96,0
7,0,28,0,1320,17,37,8,4,1,2,45,125.925,0
0,0,39,0,1363,25,1,5,4,1,1,45,37.2,0
18,0,41,3,5530,100,17,27,4,1,1,45,183.25,0
6,0,40,0,3973,62,4,37,2,1,1,25,199.575,0
0,0,24,0,0,0,0,0,2,1,2,25,0.0,0
21,0,40,2,3468,77,374,26,3,1,1,30,1637.8,0
6,0,38,1,2605,42,287,18,3,1,1,30,1253.88,0
12,0,31,3,1680,45,205,15,3,2,1,30,889.0,0
7,0,35,1,3550,33,8,14,3,1,1,30,175.32,0
28,0,33,4,16190,243,0,79,2,2,1,25,739.485,0
0,0,26,0,605,25,168,11,2,2,1,25,784.35,0
7,0,38,0,2485,49,161,10,2,1,1,25,838.53,0
12,0,39,2,11770,160,18,49,4,1,1,45,343.25,0
4,0,39,0,3898,90,13,33,2,1,1,25,237.96,0
5,0,34,0,755,10,7,4,3,1,2,30,58.6,0
5,0,29,1,1020,32,179,2,3,2,1,30,758.08,0
7,0,35,1,6725,90,183,24,3,1,1,30,1004.6,0
6,0,35,0,2698,58,1,34,1,1,1,15,157.08,0
0,0,34,0,955,33,13,20,3,1,2,30,91.52,0
30,0,39,3,15330,225,29,30,3,1,1,30,738.2,0
8,0,39,1,7813,133,391,45,3,1,1,30,1881.84,0
0,0,40,1,293,8,12,6,5,1,1,55,22.515,0
7,0,33,3,7370,121,272,31,2,2,1,25,1561.095,0
0,0,35,0,3008,71,0,28,2,1,1,25,138.555,0
0,0,38,0,990,20,32,15,2,1,2,25,189.45,0
0,0,41,0,2088,58,3,32,2,1,1,25,110.07,0
19,0,39,3,3358,76,387,41,3,1,1,30,1685.36,0
11,0,16,1,6203,141,110,44,2,2,1,25,780.48,0
27,0,31,3,16320,241,7,80,2,1,1,25,776.745,0
3,0,23,0,730,25,3,8,2,1,1,25,47.475,0
0,0,34,0,6660,99,18,25,4,1,1,45,213.975,0
13,0,17,0,8638,167,59,27,5,1,1,55,220.575,0
4,0,38,1,3095,27,483,8,3,1,1,30,2056.88,0
17,0,45,3,12030,170,33,55,4,1,1,45,387.5,0
9,0,40,1,6033,100,5,11,3,1,1,30,265.32,0
8,0,20,3,2808,49,39,23,3,1,1,30,270.28,0
13,0,41,1,3955,90,43,33,3,1,1,30,333.8,0
0,0,25,0,1378,39,55,70,4,1,1,45,172.925,0
6,0,34,3,6965,116,271,33,2,2,1,25,1538.145,0
27,0,41,3,15320,233,65,37,3,1,1,30,882.12,0
11,0,11,0,6133,131,70,36,1,2,1,15,729.52,0
7,0,27,1,3530,67,15,25,3,1,1,30,203.88,0
26,0,39,10,10855,105,40,48,5,2,1,55,224.4,0
7,0,38,0,2048,53,0,14,3,1,2,30,84.04,0
6,0,38,0,5918,95,7,12,3,1,1,30,268.52,0
5,0,25,0,305,6,17,2,4,1,2,45,50.275,0
5,0,39,0,1180,20,7,13,2,1,2,25,85.5,0
0,0,27,1,6660,104,256,30,2,2,1,25,1456.38,0
0,0,20,0,3225,55,0,22,3,1,1,30,131.2,0
18,0,45,3,4080,94,47,31,3,1,1,30,354.96,0
5,0,20,1,1755,29,33,16,2,1,1,25,228.78,0
0,0,34,0,1608,22,0,4,3,1,1,30,65.2,0
16,0,46,2,6483,111,29,20,3,1,1,30,379.76,0
9,0,37,0,4775,76,23,15,2,1,1,25,321.795,0
11,0,40,1,2855,46,301,23,3,1,1,30,1320.04,0
1,0,35,1,743,9,5,1,5,1,1,55,18.78,0
10,0,44,3,3480,35,500,14,4,1,1,45,1337.875,0
0,0,40,1,6195,86,187,25,3,1,1,30,999.24,0
2,0,35,0,13353,157,0,38,3,1,1,30,540.4,0
0,0,37,0,275,4,0,1,2,1,2,25,12.555,0
10,0,40,2,8810,121,145,42,3,1,1,30,937.24,0
8,0,38,0,4370,71,5,17,3,1,1,30,197.64,0
5,0,37,1,11220,151,9,47,3,1,1,30,490.84,0
1,0,34,0,7328,119,373,38,2,1,1,25,2013.615,0
0,0,34,0,3413,76,0,26,2,1,1,25,157.005,0
22,0,23,3,6778,149,102,48,2,2,1,25,770.715,0
5,0,22,0,805,20,0,7,1,1,1,15,45.375,0
10,0,39,2,11580,159,9,46,4,1,1,45,315.975,0
1,0,32,0,6233,61,90,30,2,1,1,25,688.23,0
6,0,39,0,2228,56,362,26,2,1,1,25,1731.78,0
0,0,34,0,7088,115,345,37,2,1,1,25,1876.635,0
7,0,44,0,1180,26,15,14,3,1,2,30,108.24,0
0,0,34,0,10450,137,0,45,3,1,1,30,423.48,0
8,0,43,2,683,14,19,8,3,1,1,30,103.88,0
9,0,42,2,11465,160,19,48,4,1,1,45,338.125,0
0,0,13,1,1837,28,0,17,3,1,1,30,74.6,0
8,0,39,0,1833,49,0,19,3,1,2,30,75.28,0
0,0,11,1,4165,36,218,12,3,1,1,30,1040.04,0
13,0,35,1,15710,186,147,28,2,1,1,25,1376.82,0
6,0,35,2,6900,102,12,21,5,1,1,55,123.03,0
19,0,31,2,1065,34,22,11,3,1,1,30,131.96,0
7,0,10,1,4580,40,190,8,3,1,1,30,944.8,0
12,0,15,0,8932,171,73,40,4,1,1,45,410.075,0
1,0,30,1,1010,36,194,10,2,2,1,25,920.07,0
3,0,36,0,6385,80,154,22,3,1,1,30,874.6,0
8,0,37,0,1970,50,45,22,3,1,2,30,260.8,0
15,0,38,3,3685,69,203,40,2,1,1,25,1082.43,0
7,0,11,2,4695,46,222,12,3,1,1,30,1077.64,0
5,0,35,0,2148,54,352,22,2,1,1,25,1683.09,0
9,0,41,0,15440,186,158,34,2,1,1,25,1414.17,0
0,0,42,0,13,5,8,3,3,1,2,30,32.72,0
5,0,33,1,7553,123,376,39,2,1,1,25,2037.42,0
5,0,39,0,6205,82,172,13,3,1,1,30,939.48,0
8,0,41,1,3470,82,33,27,3,1,1,30,274.08,0
3,0,41,0,7463,131,392,47,2,1,1,25,2105.73,0
1,0,39,0,305,9,0,10,3,1,2,30,12.56,0
10,0,32,2,1953,47,47,74,5,1,1,55,100.5,0
3,0,37,0,3020,30,11,19,3,1,1,30,166.0,0
8,0,37,0,14178,174,1,42,3,1,1,30,578.08,0
20,0,25,2,15815,228,0,74,2,1,1,25,721.935,0
23,0,44,3,6383,114,48,32,3,1,1,30,451.88,0
0,0,37,0,2203,58,27,35,2,1,1,25,223.245,0
18,0,40,3,12480,171,26,49,4,1,1,45,381.275,0
3,0,24,0,3630,66,9,21,3,1,1,30,183.84,0
16,1,42,5,7530,132,293,41,3,2,1,30,1478.48,0
15,0,40,2,2873,72,398,30,3,1,1,30,1709.8,0
10,0,29,0,1180,36,27,17,2,1,1,25,176.22,0
2,0,31,0,11205,144,0,41,3,1,1,30,453.96,0
0,0,36,0,7318,127,409,45,3,1,1,30,1933.8,0
30,0,38,1,11340,109,29,59,5,1,1,55,215.235,0
1,0,36,0,5613,89,0,10,2,1,1,25,256.59,0
5,0,37,1,7753,130,386,43,3,1,1,30,1859.32,0
16,0,33,6,10015,81,0,36,4,1,1,45,252.4,0
11,0,24,0,1630,37,20,11,2,1,1,25,165.015,0
11,0,44,1,6178,105,22,18,3,1,1,30,339.32,0
0,0,24,0,1263,33,23,66,4,1,1,45,89.9,0
6,0,26,0,1758,40,39,71,4,1,1,45,142.45,0
0,0,38,0,0,0,0,0,2,1,2,25,0.0,0
1,0,25,0,1255,33,188,9,2,2,1,25,903.96,0
3,0,37,0,1115,19,14,6,2,1,2,25,114.03,0
12,0,34,5,9530,77,0,25,4,1,1,45,240.175,0
0,0,31,0,7248,117,369,37,2,1,1,25,1991.925,0
12,0,38,0,4388,67,10,38,1,1,1,15,300.025,0
11,0,38,1,3085,59,182,25,2,1,1,25,960.48,0
11,0,38,3,4623,98,30,45,3,1,1,30,308.84,0
7,0,39,1,13888,175,32,48,3,1,1,30,690.52,0
14,0,40,2,3145,62,187,27,2,1,1,25,985.815,0
22,0,36,2,15080,222,49,30,3,1,1,30,808.08,0
19,0,36,8,10245,92,0,39,5,2,1,55,155.055,0
12,0,40,3,3298,74,30,50,2,1,1,25,286.74,0
15,0,38,0,2643,60,334,22,2,1,1,25,1624.635,0
22,0,32,2,15950,240,4,83,2,1,1,25,746.55,0
17,0,42,1,2938,74,377,31,3,1,1,30,1628.48,0
14,0,24,0,1005,25,9,8,2,1,2,25,86.85,0
0,0,33,0,13288,155,0,37,3,1,1,30,537.72,0
14,0,29,0,815,30,8,6,3,1,2,30,65.8,0
14,0,20,1,8932,177,81,41,5,1,1,55,258.135,0
3,0,29,1,3305,63,18,27,3,1,1,30,206.72,0
2,0,32,0,15000,168,132,23,2,1,1,25,1276.56,0
6,0,14,0,8222,160,48,40,4,1,1,45,329.55,0
3,0,35,0,6413,69,101,35,2,1,1,25,746.19,0
0,0,35,0,1478,25,25,8,4,1,1,45,100.075,0
0,0,36,0,650,11,8,6,2,1,2,25,65.745,0
16,0,16,0,6278,135,53,38,1,2,1,15,644.215,0
4,0,40,1,11160,154,12,46,4,1,1,45,312.85,0
10,0,38,0,4198,66,1,35,1,1,1,15,240.02,0
16,0,38,2,5878,101,31,26,2,1,1,25,408.555,0
4,0,36,0,3280,75,16,23,2,1,1,25,222.975,0
6,0,38,0,1310,24,34,23,3,1,2,30,189.36,0
11,0,38,1,3775,82,32,28,3,1,1,30,282.28,0
8,0,17,0,8708,167,76,42,4,1,1,45,411.875,0
0,0,36,0,6798,116,359,43,2,1,1,25,1926.63,0
0,0,36,0,2790,21,476,6,3,1,1,30,2016.44,0
9,0,21,0,1145,30,9,9,2,1,1,25,93.375,0
10,0,33,1,2498,56,351,20,3,1,1,30,1506.16,0
0,0,34,0,5553,86,0,8,2,1,1,25,253.755,0
5,0,20,1,1400,22,14,2,2,1,1,25,126.99,0
6,0,37,1,3585,82,57,30,3,1,1,30,374.68,0
13,0,39,2,7023,81,115,39,2,1,1,25,837.18,0
0,0,23,0,553,22,0,66,4,1,1,45,14.375,0
8,0,39,1,3325,36,18,21,3,1,1,30,206.44,0
0,0,31,0,1825,5,0,12,3,1,1,30,73.2,0
2,0,36,0,1743,47,0,12,3,1,2,30,71.6,0
11,0,42,1,3730,86,40,32,3,1,1,30,312.64,0
0,0,24,0,1120,14,35,16,4,1,2,45,115.85,0
5,0,31,0,1710,40,30,16,3,1,2,30,190.0,0
0,0,20,0,2740,47,0,16,3,1,1,30,111.48,0
3,0,36,0,5858,92,2,10,2,1,1,25,276.75,0
7,0,40,2,3225,30,17,20,3,1,1,30,198.2,0
16,0,44,2,3345,69,197,31,2,1,1,25,1040.13,0
0,0,33,0,7143,118,372,39,2,1,1,25,2000.745,0
13,0,29,4,2220,52,221,28,3,2,1,30,974.88,0
0,0,32,0,0,0,0,0,5,1,1,55,0.0,0
3,0,39,1,935,17,5,13,2,1,1,25,65.34,0
15,0,17,1,9047,176,71,39,5,1,1,55,244.845,0
18,0,29,2,1590,41,31,17,2,1,1,25,212.895,0
0,0,35,0,1065,34,17,5,3,1,2,30,111.96,0
0,0,32,0,2780,19,0,12,3,1,1,30,111.96,0
30,0,33,4,16380,244,7,82,2,2,1,25,779.58,0
0,0,32,0,2008,50,0,27,1,1,1,15,113.19,0
10,0,37,0,2160,51,54,25,3,1,2,30,304.44,0
13,0,28,3,2473,55,58,85,5,1,1,55,124.92,0
6,0,38,1,1973,31,7,8,4,1,1,45,67.6,0
0,0,32,0,2535,16,0,12,3,1,1,30,102.04,0
10,0,34,5,7565,126,292,48,2,2,1,25,1660.095,0
0,0,35,0,1973,46,0,27,1,1,1,15,111.045,0
7,0,40,2,3210,32,481,7,3,1,1,30,2053.68,0
6,0,39,2,2088,37,39,12,4,1,1,45,150.625,0
7,0,14,0,8743,171,98,42,5,1,1,55,280.71,0
3,0,33,1,6785,97,14,22,5,1,1,55,124.23,0
6,0,37,2,1048,15,12,2,5,1,1,55,33.945,0
2,0,40,0,3673,86,10,32,2,1,1,25,214.155,0
5,0,24,0,305,6,18,2,4,1,2,45,52.775,0
11,0,40,0,15665,190,161,35,2,1,1,25,1437.975,0
6,0,36,1,3145,28,7,16,3,1,1,30,154.92,0
25,0,36,10,11035,103,22,57,5,2,1,55,200.07,0
0,0,34,0,2240,12,0,4,3,1,1,30,90.08,0
0,0,34,0,2650,21,0,11,3,1,1,30,106.84,0
14,0,40,2,3835,85,37,30,3,2,1,30,304.8,0
4,0,26,0,1200,30,161,7,2,2,1,25,779.85,0
5,0,31,0,2193,50,344,18,2,1,1,25,1648.935,0
15,0,26,0,1415,32,7,11,2,1,1,25,96.615,0
15,0,39,2,7213,82,124,42,2,1,1,25,886.275,0
6,0,36,0,3470,76,25,26,2,1,1,25,272.07,0
0,0,27,0,6400,89,0,16,4,1,1,45,162.225,0
0,0,29,0,1405,34,23,14,3,1,2,30,149.56,0
8,0,16,3,2853,45,31,19,3,2,1,30,239.92,0
1,0,36,0,2300,36,280,16,3,1,1,30,1213.44,0
0,0,34,0,1363,19,0,4,3,1,1,30,55.28,0
9,1,41,0,2050,52,55,26,4,1,2,45,190.05,0
15,1,44,0,2623,62,25,23,3,1,2,30,207.4,0
0,0,18,0,1450,23,26,14,2,1,1,25,183.285,0
10,0,37,2,4640,81,7,22,3,1,1,30,216.84,0
18,0,21,2,9318,179,90,46,5,1,1,55,277.455,0
0,0,28,0,1360,32,23,17,3,1,2,30,147.68,0
3,0,36,0,3703,59,0,30,2,1,1,25,169.29,0
0,0,39,0,73,2,5,4,2,1,1,25,25.875,0
17,0,36,6,9835,83,0,27,4,1,1,45,247.95,0
9,0,39,3,7170,105,31,28,5,1,1,55,155.625,0
5,0,27,0,1015,10,7,2,4,1,2,45,43.125,0
10,0,37,0,4083,60,0,31,1,1,1,15,227.865,0
0,0,21,0,1083,25,12,61,4,1,1,45,57.7,0
20,0,41,2,6303,112,44,31,2,1,1,25,486.675,0
9,0,40,1,5978,98,12,14,3,1,1,30,291.04,0
7,0,23,0,1873,39,29,69,4,1,1,45,120.3,0
10,0,37,1,6908,76,117,40,2,1,1,25,840.78,0
13,0,27,1,1285,35,24,15,2,1,1,25,167.4,0
2,0,37,0,1065,15,9,14,2,1,2,25,89.1,0
3,0,39,0,2475,53,176,22,2,1,1,25,905.76,0
8,0,39,2,7045,107,29,28,5,1,1,55,150.78,0
0,0,35,0,7393,122,386,44,2,1,1,25,2075.175,0
9,0,41,1,4695,91,13,30,3,1,1,30,243.44,0
3,0,35,0,4123,87,3,26,2,1,1,25,202.95,0
0,0,15,0,680,9,0,12,2,1,1,25,31.005,0
4,0,33,0,5918,89,0,11,2,1,1,25,270.315,0
15,0,42,2,14138,178,12,48,3,1,1,30,620.64,0
20,0,39,3,9610,128,160,48,3,1,1,30,1029.52,0
10,0,25,0,1225,32,19,13,2,1,1,25,142.065,0
29,1,40,10,10800,102,13,46,5,2,1,55,183.03,0
2,0,34,0,2313,56,0,29,1,1,1,15,130.295,0
14,0,31,7,9950,79,0,35,4,1,1,45,250.725,0
13,0,40,1,4675,77,12,19,3,1,1,30,238.08,0
0,0,37,0,2535,22,1,13,3,1,1,30,106.28,0
3,0,34,0,2720,50,170,21,2,1,1,25,889.65,0
10,0,10,0,8932,165,65,39,4,1,1,45,389.925,0
11,0,37,3,7150,106,26,26,5,1,1,55,147.84,0
5,0,33,0,13773,163,0,43,3,1,1,30,557.44,0
0,0,26,0,0,0,0,0,4,1,2,45,0.0,0
3,0,37,0,7508,127,384,43,2,1,1,25,2071.575,0
9,0,34,0,2283,50,7,13,3,1,2,30,121.32,0
4,0,41,2,6580,88,196,30,3,1,1,30,1050.72,0
1,0,5,0,4310,38,205,6,3,1,1,30,993.92,0
0,0,36,0,405,8,6,6,2,1,2,25,45.585,0
10,0,12,0,8753,163,62,35,4,1,1,45,377.9,0
0,0,30,0,13208,153,0,36,3,1,1,30,534.44,0
21,0,19,2,6698,147,92,44,2,2,1,25,722.025,0
1,0,40,0,1623,29,8,10,3,1,1,30,98.08,0
8,0,40,1,2698,64,9,35,2,1,1,25,164.79,0
16,0,42,2,4735,80,17,21,3,1,1,30,260.6,0
4,0,31,3,6785,108,260,28,2,2,1,25,1480.185,0
12,0,36,1,15610,180,146,27,2,1,1,25,1367.55,0
0,0,3,0,4085,28,200,7,2,1,1,25,1085.085,0
23,0,33,2,15140,219,46,31,3,1,1,30,798.36,0
1,0,32,0,3638,80,0,24,2,1,1,25,167.31,0
9,0,27,0,1758,39,7,66,4,1,1,45,62.425,0
0,0,31,1,5950,99,239,31,2,2,1,25,1347.705,0
7,0,44,0,970,24,28,14,3,1,2,30,151.76,0
5,0,32,0,11465,148,3,46,3,1,1,30,476.52,0
11,0,41,3,6865,95,198,30,3,1,1,30,1070.4,0
4,0,33,0,2600,45,164,18,2,1,1,25,857.025,0
23,0,36,8,10625,94,10,45,5,1,1,55,175.785,0
5,0,39,0,563,8,9,4,3,1,2,30,58.84,0
15,0,27,1,1530,38,26,15,2,1,1,25,187.56,0
17,0,39,1,2948,67,375,29,3,1,1,30,1620.6,0
13,0,39,0,4560,71,7,15,2,1,1,25,239.895,0
9,0,40,1,2665,45,292,20,3,1,1,30,1276.4,0
0,0,6,1,4210,32,204,5,3,1,1,30,985.68,0
0,0,32,0,7023,113,366,36,2,1,1,25,1968.12,0
0,0,37,0,685,13,0,8,2,1,2,25,31.41,0
0,0,7,0,4085,34,208,8,3,1,1,30,996.76,0
1,0,38,0,723,10,8,2,2,1,2,25,68.985,0
3,0,38,2,398,7,9,4,5,1,1,55,19.575,0
0,0,33,0,5433,81,0,5,2,1,1,25,248.13,0
0,0,28,0,2920,61,9,22,3,1,1,30,155.24,0
3,0,36,0,4065,65,0,15,2,1,1,25,185.85,0
5,0,34,2,3440,32,21,29,3,1,1,30,222.88,0
0,0,38,0,110,4,0,1,2,1,2,25,5.13,0
1,0,35,0,2213,50,0,28,1,1,1,15,124.465,0
8,0,37,3,7145,124,282,38,2,2,1,25,1596.105,0
16,0,40,0,2733,61,24,22,3,1,2,30,207.76,0
18,0,41,2,2818,69,371,28,3,1,1,30,1599.48,0
20,0,30,3,15885,238,25,82,2,1,1,25,838.035,0
0,0,40,0,0,0,0,0,3,1,2,30,0.0,0
7,0,29,0,475,21,13,9,2,1,2,25,80.82,0
28,0,40,4,15200,228,59,34,3,1,1,30,853.12,0
16,0,38,1,3163,71,367,24,3,1,1,30,1597.36,0
3,0,23,0,1130,10,20,4,4,1,2,45,78.5,0
12,0,40,0,3480,78,18,15,3,1,1,30,214.32,0
19,0,32,1,14755,217,37,26,3,1,1,30,746.88,0
20,0,32,7,10355,91,0,38,4,1,1,45,261.15,0
10,0,29,2,3590,70,20,27,3,1,1,30,226.4,0
23,0,39,8,10615,101,12,47,5,1,1,55,178.74,0
7,0,41,0,1130,26,52,14,3,1,2,30,254.24,0
24,0,39,3,14735,220,36,34,3,1,1,30,742.2,0
8,0,34,1,6975,97,7,20,4,1,1,45,194.3,0
11,0,39,2,6833,80,106,36,2,1,1,25,788.085,0
7,0,38,1,4515,83,2,25,3,1,1,30,191.92,0
3,0,17,0,2100,31,29,12,2,1,1,25,226.395,0
0,0,20,0,1010,24,178,8,2,2,1,25,847.53,0
5,0,38,0,13583,168,0,41,3,1,1,30,550.04,0
16,0,44,2,4035,92,47,34,3,1,1,30,353.08,0
0,0,37,0,520,14,38,10,3,1,2,30,173.36,0
6,0,29,0,1748,47,41,73,4,1,1,45,147.375,0
0,0,33,0,1360,38,31,18,3,1,2,30,179.92,0
13,0,14,0,9337,176,74,38,4,1,1,45,422.825,0
2,0,26,0,1378,38,21,65,4,1,1,45,87.9,0
11,0,27,0,700,25,10,7,2,1,2,25,77.625,0
0,0,26,0,968,29,9,53,4,1,1,45,47.425,0
3,0,27,0,1163,34,12,70,4,1,1,45,59.925,0
0,0,29,0,6153,59,86,29,2,1,1,25,666.54,0
14,1,17,1,6148,138,83,42,1,2,1,15,802.23,0
4,0,38,0,900,15,22,11,3,1,2,30,124.6,0
15,0,40,2,9295,129,155,48,3,1,1,30,996.96,0
2,0,38,0,710,14,13,8,3,1,2,30,80.96,0
0,0,30,0,3633,50,0,27,1,1,1,15,202.565,0
2,0,36,0,3718,82,2,28,2,1,1,25,180.0,0
11,0,37,3,12065,164,32,62,4,1,1,45,385.725,0
2,0,7,0,8368,155,51,32,4,1,1,45,340.575,0
18,0,40,2,4270,89,48,33,3,1,1,30,366.36,0
0,0,32,0,1975,31,268,12,3,1,1,30,1152.24,0
0,0,16,0,1390,20,21,12,2,1,1,25,157.95,0
2,0,36,0,2870,66,4,11,2,1,1,25,150.12,0
13,0,38,1,6908,75,83,35,2,1,1,25,687.735,0
2,0,32,0,3985,63,0,11,2,1,1,25,182.16,0
4,0,31,0,2068,52,342,18,2,1,1,25,1634.4,0
4,0,38,1,1728,28,5,8,4,1,1,45,56.4,0
11,0,42,1,15485,188,158,31,2,1,1,25,1416.285,0
7,0,40,0,2148,60,360,23,3,1,1,30,1528.32,0
9,0,37,1,11710,157,13,47,4,1,1,45,329.175,0
16,0,39,1,15980,189,166,35,2,1,1,25,1474.605,0
16,0,40,2,4080,88,39,30,3,1,1,30,322.72,0
22,0,29,2,16015,235,0,78,2,1,1,25,731.25,0
9,0,27,0,455,22,8,7,2,1,1,25,57.465,0
19,0,30,2,15365,227,0,80,2,1,1,25,701.64,0
23,0,41,9,10435,99,9,43,5,2,1,55,171.51,0
5,0,39,0,15260,178,153,32,2,1,1,25,1383.21,0
0,0,38,0,1793,48,0,18,1,1,1,15,101.255,0
9,0,40,2,3400,33,490,10,3,1,1,30,2097.32,0
26,0,25,3,6958,157,107,50,2,2,1,25,801.675,0
1,0,12,0,7917,154,41,38,4,1,1,45,304.275,0
6,0,30,3,7010,112,263,29,2,2,1,25,1503.99,0
0,0,35,0,12758,152,0,42,3,1,1,30,516.4,0
0,0,26,1,6400,100,249,25,2,2,1,25,1413.0,0
8,0,19,1,2405,37,36,14,2,1,1,25,271.89,0
14,0,39,1,15790,188,157,32,2,1,1,25,1425.51,0
24,0,35,9,10560,91,7,39,5,1,1,55,170.265,0
20,0,28,1,15655,226,0,74,2,1,1,25,714.645,0
9,0,39,0,2550,39,260,16,3,1,1,30,1143.56,0
3,0,39,1,2690,22,465,10,3,1,1,30,1968.48,0
11,0,27,1,930,28,7,2,2,1,1,25,74.61,0
12,0,37,0,2643,61,368,27,3,1,1,30,1580.16,0
4,0,27,1,1315,36,193,11,2,2,1,25,929.295,0
11,0,38,1,3085,59,182,25,2,1,1,25,960.48,0
2,0,38,1,2905,26,474,5,3,1,1,30,2013.24,0
14,0,29,1,760,28,15,9,3,1,1,30,91.52,0
5,0,41,0,623,11,14,6,3,1,2,30,81.36,0
7,0,40,1,3550,78,35,30,3,1,1,30,285.12,0
11,0,39,0,2158,56,345,11,3,1,1,30,1468.56,0
7,0,39,0,900,14,7,6,2,1,2,25,72.63,0
3,0,34,0,3410,73,20,24,2,1,1,25,246.735,0
13,0,40,1,5773,102,34,28,2,1,1,25,417.375,0
0,0,33,0,795,12,0,7,2,1,2,25,36.315,0
2,0,38,0,5318,85,0,15,2,1,1,25,243.135,0
0,0,30,0,6365,85,0,16,4,1,1,45,161.25,0
8,0,40,0,13478,165,7,31,3,1,1,30,573.72,0
1,0,41,0,2055,39,286,17,3,1,1,30,1227.76,0
0,0,19,0,750,20,171,3,2,2,1,25,804.15,0
2,0,35,1,7803,131,398,56,2,1,1,25,2148.03,0
13,0,43,0,2230,60,60,28,4,1,2,45,207.25,0
9,0,35,0,6223,95,6,13,2,1,1,25,311.31,0
10,0,25,0,995,29,24,20,2,1,2,25,154.08,0
0,0,40,0,485,10,16,10,2,1,2,25,94.275,0
0,0,38,0,750,16,4,14,2,1,2,25,52.47,0
5,0,38,0,955,17,15,8,3,1,2,30,98.88,0
0,0,12,1,2488,36,19,15,3,1,1,30,176.96,0
9,0,23,1,1520,36,33,26,2,1,1,25,218.52,0
7,0,25,1,1693,37,26,65,5,1,1,55,64.95,0
10,0,38,0,4198,66,1,35,1,1,1,15,240.02,0
6,0,33,0,4370,65,0,16,2,1,1,25,199.575,0
5,0,30,2,6885,114,261,29,2,2,1,25,1489.455,0
0,0,36,1,0,0,0,0,5,1,1,55,0.0,0
5,0,28,0,1130,16,28,5,4,1,2,45,98.65,0
0,0,34,0,1995,30,273,14,3,1,1,30,1173.0,0
16,0,39,1,3965,82,7,26,3,1,1,30,189.88,0
16,0,13,1,6438,137,77,38,2,2,1,25,642.375,0
3,0,40,1,4290,79,5,27,3,1,1,30,194.76,0
0,0,35,0,6195,80,179,24,3,1,1,30,967.0,0
12,0,42,2,2725,48,297,22,4,1,1,45,811.825,0
20,0,36,2,14835,219,47,30,3,1,1,30,790.16,0
0,0,34,0,345,5,1,4,2,1,2,25,20.25,0
3,0,20,0,740,18,1,6,2,1,1,25,38.61,0
11,0,40,0,3903,62,7,22,1,1,1,15,256.575,0
12,1,35,4,7675,127,279,33,3,2,1,30,1428.08,0
0,0,23,0,3165,58,3,21,3,1,1,30,140.92,0
9,0,29,2,1620,42,200,13,3,2,1,30,866.48,0
14,0,39,1,5080,82,30,17,3,1,1,30,326.48,0
0,0,38,0,520,13,4,5,3,1,2,30,37.32,0
17,0,37,5,7980,133,286,35,3,2,1,30,1468.52,0
13,0,36,1,2578,58,355,21,3,1,1,30,1525.44,0
14,0,43,1,15745,192,165,36,2,1,1,25,1459.665,0
4,0,36,1,2900,25,5,16,3,1,1,30,137.0,0
17,0,30,1,1710,46,37,20,2,1,1,25,245.52,0
18,0,20,1,6573,149,96,47,2,2,1,25,734.49,0
15,0,36,1,6063,101,28,24,2,1,1,25,403.38,0
7,0,33,0,1130,22,36,6,4,1,2,45,118.8,0
14,0,18,0,9113,179,84,45,4,1,1,45,442.3,0
0,0,29,0,5935,70,164,18,3,1,1,30,896.2,0
5,0,35,0,6490,93,7,9,5,1,1,55,109.245,0
11,0,37,0,4603,71,2,33,1,1,1,15,268.07,0
16,0,18,2,6508,147,117,46,2,2,1,25,825.975,0
12,0,40,2,4820,89,9,27,3,1,1,30,232.36,0
6,0,9,0,8548,163,56,34,4,1,1,45,357.775,0
1,0,30,0,6413,63,93,34,2,1,1,25,709.92,0
16,0,40,2,4080,88,39,30,3,1,1,30,322.72,0
1,0,7,2,4685,44,229,23,3,1,1,30,1105.16,0
3,0,35,0,1665,44,38,20,3,1,2,30,220.36,0
18,0,40,4,9535,133,183,49,3,1,1,30,1118.72,0
7,0,27,1,3530,67,15,25,3,1,1,30,203.88,0
9,0,30,3,1735,48,232,17,3,2,1,30,999.32,0
0,0,35,0,5813,59,80,20,2,1,1,25,624.24,0
6,0,26,1,1813,42,32,68,4,1,1,45,126.375,0
6,0,37,1,2518,56,7,30,2,1,1,25,147.33,0
7,0,28,0,920,32,20,12,2,1,1,25,132.84,0
3,0,34,0,3030,23,9,17,3,1,1,30,158.12,0
23,0,35,3,14960,217,43,27,3,1,1,30,779.08,0
0,0,35,0,1170,18,14,24,2,1,2,25,116.46,0
3,0,39,1,2840,28,8,15,3,1,1,30,146.72,0
0,0,36,0,760,8,0,7,2,1,2,25,34.56,0
6,0,35,0,15425,179,145,28,2,1,1,25,1354.68,0
0,0,35,0,530,6,2,3,3,1,2,30,29.44,0
0,0,33,0,2650,22,25,16,3,1,1,30,206.88,0
11,0,36,4,7270,122,278,35,3,2,1,30,1407.68,0
7,0,28,1,1628,42,35,70,4,1,1,45,129.25,0
0,0,34,0,0,0,0,0,5,1,1,55,0.0,0
8,0,33,0,4198,60,0,34,1,1,1,15,234.19,0
15,0,14,1,9058,169,69,37,5,1,1,55,241.905,0
0,0,32,1,6595,97,39,24,5,1,1,55,158.88,0
9,0,38,0,2238,54,8,17,3,1,2,30,123.68,0
5,0,14,1,1740,22,20,10,2,1,1,25,169.29,0
11,1,40,4,7225,126,286,39,3,2,1,30,1438.04,0
0,0,35,0,570,8,0,9,2,1,2,25,26.01,0
0,0,22,0,0,0,9,0,4,1,2,45,22.5,0
8,0,28,0,575,27,14,10,2,1,2,25,90.09,0
9,0,32,2,3530,73,23,26,4,1,1,45,147.575,0
17,0,32,2,1530,44,34,16,2,1,1,25,223.83,0
12,0,39,1,4705,83,7,23,3,1,1,30,219.52,0
1,0,33,0,2360,41,136,17,2,1,1,25,720.045,0
6,0,40,0,1028,16,15,4,3,1,2,30,101.76,0
15,0,37,2,9360,124,146,43,3,1,1,30,963.36,0
22,0,18,2,7102,152,93,42,2,2,1,25,744.93,0
16,0,15,2,9533,181,94,55,5,1,1,55,286.71,0
15,0,36,1,4000,86,29,26,3,1,1,30,279.44,0
0,0,34,0,0,0,0,0,5,1,1,55,0.0,0
0,0,30,0,3458,72,0,22,2,1,1,25,158.85,0
0,0,37,0,5900,76,165,11,3,1,1,30,899.04,0
2,0,13,1,4345,44,223,14,3,1,1,30,1067.56,0
3,0,37,1,6500,86,186,26,3,1,1,30,1007.44,0
19,0,41,2,5385,88,37,19,3,1,1,30,366.92,0
5,0,28,0,1130,16,28,5,4,1,2,45,98.65,0
12,0,39,3,8413,143,412,60,3,1,1,30,1990.24,0
0,0,34,0,3223,75,0,23,2,1,1,25,148.41,0
2,0,35,0,11160,148,4,45,3,1,1,30,468.32,0
6,0,41,0,2540,47,296,23,3,1,1,30,1287.48,0
13,0,21,2,2710,43,43,16,3,1,1,30,282.12,0
25,0,42,3,15095,229,62,36,3,1,1,30,860.96,0
0,0,35,0,3528,82,27,30,3,1,1,30,252.4,0
8,0,39,1,4485,77,37,21,3,1,1,30,330.48,0
14,0,35,3,1880,52,215,19,3,2,1,30,937.28,0
8,0,41,1,2153,39,18,13,4,1,1,45,99.8,0
11,0,36,2,6843,73,104,34,2,1,1,25,779.22,0
9,0,43,3,6885,94,203,32,3,1,1,30,1091.16,0
5,0,40,0,825,19,11,7,3,1,2,30,77.76,0
13,0,37,2,9115,121,144,43,3,1,1,30,945.44,0
14,0,34,7,9940,86,0,37,4,1,1,45,250.65,0
5,0,28,0,1130,16,28,5,4,1,2,45,98.65,0
7,0,38,0,13773,169,0,44,3,1,1,30,557.68,0
5,0,23,0,920,26,12,11,2,1,1,25,96.57,0
11,0,45,2,2665,51,300,21,4,1,1,45,817.9,0
12,0,15,0,8932,171,73,40,4,1,1,45,410.075,0
0,0,33,0,1248,13,0,3,3,1,1,30,50.44,0
11,0,42,1,4278,68,11,39,1,1,1,15,299.53,0
20,0,43,3,6123,110,41,27,3,1,1,30,413.32,0
3,0,34,2,6900,103,46,26,5,1,1,55,174.045,0
0,0,32,0,10980,140,0,40,3,1,1,30,444.8,0
8,0,38,0,4008,65,0,32,1,1,1,15,224.015,0
21,0,40,3,14915,221,57,34,3,1,1,30,833.44,0
18,0,16,1,9642,182,81,40,5,1,1,55,268.86,0
10,0,36,2,3380,63,196,38,2,1,1,25,1036.935,0
7,0,39,2,4630,89,34,29,3,1,1,30,324.76,0
0,0,26,0,580,7,19,3,4,1,1,45,62.175,0
1,0,37,0,7263,124,382,43,2,1,1,25,2051.415,0
21,0,38,1,14540,215,33,17,3,1,1,30,722.2,0
25,0,30,2,15960,232,0,76,2,1,1,25,728.64,0
5,0,38,0,1065,14,7,9,2,1,2,25,80.055,0
4,0,34,0,15065,170,111,24,2,1,1,25,1185.075,0
25,0,38,3,15140,225,54,32,3,1,1,30,830.6,0
0,0,34,0,4005,62,0,13,2,1,1,25,183.015,0
15,0,23,5,3157,57,46,22,4,1,1,45,195.35,0
0,0,35,0,815,11,0,9,2,1,2,25,37.17,0
9,0,27,0,510,24,1,4,2,1,2,25,28.53,0
17,0,45,2,4503,78,16,38,1,1,1,15,339.955,0
0,0,31,0,5613,83,0,9,2,1,1,25,256.32,0
5,0,38,2,6785,103,22,23,5,1,1,55,136.32,0
0,0,35,0,7448,124,379,41,2,1,1,25,2046.24,0
6,0,38,0,2550,40,294,21,3,1,1,30,1279.6,0
4,0,38,1,1783,30,0,5,4,1,1,45,45.325,0
2,0,35,0,3603,76,0,24,2,1,1,25,165.555,0
5,0,40,0,7688,135,395,48,2,1,1,25,2129.535,0
15,0,39,0,4388,66,7,33,1,1,1,15,283.47,0
12,0,15,0,8933,171,73,40,4,1,1,45,410.1,0
0,0,26,0,825,10,21,3,4,1,2,45,73.375,0
19,0,31,7,10435,87,0,41,4,1,1,45,263.05,0
0,0,39,0,7283,123,387,45,2,1,1,25,2074.77,0
3,0,38,0,2393,58,2,33,1,1,1,15,145.805,0
7,0,15,0,5488,125,57,25,1,2,1,15,622.215,0
13,0,36,0,2463,58,7,15,3,1,2,30,128.84,0
2,0,38,1,6095,81,168,28,3,1,1,30,919.04,0
7,0,31,0,1310,24,39,10,4,1,2,45,130.85,0
8,0,41,1,2780,59,183,24,2,1,1,25,951.255,0
0,0,35,0,6385,81,188,27,3,1,1,30,1010.64,0
20,0,45,2,3018,76,381,32,3,1,1,30,1647.76,0
5,0,40,0,415,10,7,2,3,1,2,30,45.0,0
19,0,46,0,2803,70,30,25,4,1,2,45,146.825,0
16,0,20,5,3218,54,43,23,3,2,1,30,302.88,0
0,0,9,1,4145,37,213,10,3,1,1,30,1019.28,0
13,0,37,2,5933,104,58,28,3,1,1,30,473.48,0
11,0,40,1,4430,74,10,19,3,1,1,30,220.16,0
16,0,39,1,4908,77,9,35,1,1,1,15,323.675,0
0,0,33,0,0,0,0,0,4,1,1,45,0.0,0
14,0,29,6,10130,81,0,39,4,1,1,45,255.275,0
27,0,36,4,16075,244,8,81,2,1,1,25,770.355,0
1,0,37,1,6255,83,184,26,3,1,1,30,989.52,0
0,0,33,0,510,5,0,7,2,1,2,25,23.175,0
5,0,37,0,2765,44,286,16,3,1,1,30,1256.36,0
8,0,37,1,6718,75,108,37,2,1,1,25,791.685,0
5,0,40,0,305,6,7,2,2,1,2,25,45.495,0
16,0,40,4,5420,99,30,42,3,1,1,30,340.76,0
3,0,37,0,7508,127,384,43,2,1,1,25,2071.575,0
8,0,34,3,7155,117,280,36,2,2,1,25,1587.24,0
2,0,36,0,3718,82,2,28,2,1,1,25,180.0,0
19,0,40,3,7733,92,123,39,2,1,1,25,905.625,0
18,0,43,2,4260,96,50,35,3,1,1,30,374.24,0
1,0,36,0,10755,143,0,47,3,1,1,30,435.92,0
0,0,19,0,520,4,6,2,4,1,2,45,28.1,0
8,0,30,0,395,25,11,6,3,1,2,30,60.8,0
2,0,36,0,2180,43,154,8,2,1,1,25,793.035,0
8,0,36,0,3660,77,34,29,2,1,1,25,321.165,0
6,0,36,1,3145,28,7,16,3,1,1,30,154.92,0
15,0,13,0,6313,139,75,38,1,2,1,15,767.36,0
4,0,29,2,6965,110,263,32,2,2,1,25,1501.875,0
4,0,39,0,4390,85,6,28,3,1,1,30,203.0,0
9,0,35,1,2905,51,171,20,2,1,1,25,902.52,0
4,0,42,1,2473,60,12,37,2,1,1,25,167.985,0
0,0,32,0,1245,32,0,14,3,1,2,30,51.08,0
1,0,33,0,2725,16,0,10,3,1,1,30,109.64,0
30,0,32,3,16265,238,7,78,2,1,1,25,774.135,0
2,0,38,0,7103,122,366,45,3,1,1,30,1753.0,0
12,0,19,0,8888,175,81,44,4,1,1,45,429.075,0
3,0,38,1,7623,133,416,47,3,1,1,30,1974.24,0
0,0,36,0,13278,162,0,39,3,1,1,30,537.6,0
0,0,30,0,570,2,0,8,2,1,2,25,25.74,0
0,0,35,0,6195,80,179,24,3,1,1,30,967.0,0
0,0,36,0,2055,33,278,16,3,1,1,30,1195.52,0
3,0,33,1,6785,97,14,22,5,1,1,55,124.23,0
26,0,38,9,10740,99,8,44,5,2,1,55,174.585,0
12,0,31,0,780,27,20,11,3,1,2,30,112.28,0
2,0,26,0,1323,36,28,68,4,1,1,45,103.975,0
10,0,25,0,1225,32,19,13,2,1,1,25,142.065,0
4,0,37,0,2245,33,253,14,3,1,1,30,1103.12,0
4,0,37,2,6865,99,24,26,5,1,1,55,140.46,0
0,0,33,0,0,0,0,0,2,1,2,25,0.0,0
5,0,17,1,1820,24,24,11,3,1,1,30,169.76,0
9,0,45,0,1015,26,28,11,3,1,2,30,153.64,0
1,0,36,0,5613,89,0,10,2,1,1,25,256.59,0
20,0,41,0,3253,71,23,19,4,1,2,45,140.6,0
7,0,38,1,6313,70,90,39,2,1,1,25,692.235,0
12,0,39,4,7405,102,214,43,3,1,1,30,1156.28,0
0,0,35,0,7203,121,377,41,2,1,1,25,2026.08,0
13,0,38,1,4020,85,34,28,3,1,1,30,300.2,0
0,0,27,0,3000,57,11,25,3,1,1,30,166.28,0
6,0,38,1,1973,31,7,8,4,1,1,45,67.6,0
8,0,15,0,8333,161,52,25,4,1,1,45,342.35,0
9,0,38,0,13963,170,9,47,3,1,1,30,601.32,0
5,0,27,1,3340,66,6,22,3,1,1,30,160.24,0
4,0,31,0,3145,22,0,15,3,1,1,30,126.68,0
2,0,36,1,2688,62,16,46,1,1,1,15,239.25,0
7,0,38,1,4515,83,2,25,3,1,1,30,191.92,0
6,0,11,2,2852,39,23,18,3,1,1,30,207.64,0
0,0,30,0,2760,20,0,10,3,1,1,30,111.2,0
9,0,41,1,4203,96,20,35,3,1,1,30,251.96,0
12,0,40,2,4820,89,9,27,3,1,1,30,232.36,0
0,0,34,0,3413,76,0,26,2,1,1,25,157.005,0
0,0,22,0,2805,49,0,17,3,1,1,30,114.16,0
15,0,18,4,3347,52,47,24,3,1,1,30,323.96,0
16,0,17,1,6392,141,85,42,2,2,1,25,676.485,0
7,0,37,2,8108,137,405,58,3,1,1,30,1949.8,0
3,0,38,0,2393,58,2,33,1,1,1,15,145.805,0
6,0,36,1,3145,28,7,16,3,1,1,30,154.92,0
2,0,41,0,628,13,17,5,4,1,2,45,58.525,1
0,1,30,0,0,0,0,0,5,1,1,55,0.0,1
14,0,36,0,3180,41,7,14,3,1,2,30,156.84,1
0,0,33,0,0,0,0,0,2,1,2,25,0.0,1
17,1,39,2,3355,50,21,20,3,1,1,30,220.2,1
1,0,40,0,213,4,10,6,3,1,2,30,48.68,1
8,0,37,0,1863,39,16,33,3,1,2,30,140.08,1
8,0,34,0,5513,92,19,22,2,1,1,25,337.725,1
7,1,30,0,2990,35,1,15,2,1,2,25,140.625,1
4,0,33,0,1848,32,0,25,3,1,2,30,75.2,1
0,0,30,0,0,0,0,0,2,1,2,25,0.0,1
6,0,6,1,1792,19,0,8,3,1,1,30,72.44,1
11,0,39,0,1643,24,24,6,4,1,2,45,101.675,1
2,1,33,0,1960,48,52,33,3,1,2,30,288.32,1
18,1,27,0,695,37,1,11,2,1,2,25,37.44,1
0,0,33,0,0,0,0,0,3,1,2,30,0.0,1
9,1,15,3,1873,27,17,13,3,1,1,30,144.0,1
0,0,34,0,513,2,11,5,4,1,2,45,40.375,1
8,1,15,2,1748,29,15,13,3,1,1,30,131.08,1
5,1,37,0,2765,37,12,18,2,1,2,25,180.09,1
4,0,34,0,1963,38,27,29,3,1,2,30,188.04,1
8,1,34,0,5513,92,19,22,2,1,1,25,337.725,1
19,1,44,0,2833,60,56,39,4,1,2,45,212.325,1
8,0,33,0,5398,86,0,18,2,1,1,25,246.78,1
5,1,32,0,5453,89,14,20,2,1,1,25,312.39,1
4,0,36,0,733,12,21,17,3,1,2,30,113.8,1
17,0,40,2,2633,53,46,35,4,1,1,45,182.15,1
5,0,32,0,305,6,7,2,3,1,2,30,40.44,1
6,1,42,0,1013,15,26,10,4,1,2,45,90.7,1
12,0,37,1,3050,44,14,18,3,1,1,30,179.76,1
0,1,30,0,0,0,0,0,4,1,2,45,0.0,1
23,1,37,0,910,51,24,21,2,1,2,25,151.245,1
0,0,37,0,0,0,0,0,2,1,2,25,0.0,1
8,1,40,2,993,16,21,8,4,1,1,45,77.725,1
0,0,39,0,0,0,0,0,2,1,2,25,0.0,1
0,0,7,0,1428,16,0,5,3,1,1,30,57.76,1
0,0,37,0,248,8,32,6,3,1,2,30,138.24,1
0,0,37,0,0,0,0,0,2,1,2,25,0.0,1
14,0,40,2,5898,100,36,28,2,1,1,25,431.91,1
0,0,36,0,0,0,0,0,3,1,2,30,0.0,1
0,0,28,0,0,0,0,0,2,1,2,25,0.0,1
30,1,35,0,1450,54,32,22,3,1,2,30,188.16,1
2,0,40,0,180,8,11,5,2,1,2,25,57.96,1
5,0,32,0,305,6,7,2,4,1,2,45,25.275,1
1,1,9,1,1243,16,0,7,3,1,1,30,50.36,1
9,1,35,0,2990,41,9,16,3,1,2,30,157.24,1
10,0,14,2,1973,33,18,14,3,1,1,30,152.24,1
11,1,35,0,3180,42,18,19,3,1,2,30,200.88,1
5,0,39,0,305,6,7,2,2,1,2,25,45.495,1
1,0,6,1,1308,11,0,2,3,1,1,30,52.76,1
0,0,37,0,743,13,41,8,4,1,2,45,121.4,1
2,0,36,0,323,3,9,5,3,1,2,30,49.04,1
7,0,36,0,2078,43,25,28,3,1,2,30,184.84,1
6,1,36,0,2865,43,13,19,2,1,2,25,189.36,1
0,0,36,0,0,0,25,0,2,1,2,25,112.5,1
0,1,36,0,628,7,9,4,4,1,2,45,38.375,1
5,0,39,0,553,14,39,8,3,1,2,30,178.68,1
5,0,36,0,1668,34,13,16,3,1,2,30,120.08,1
7,0,44,0,305,12,15,3,3,1,2,30,72.68,1
10,0,34,0,5758,95,21,22,2,1,1,25,357.885,1
23,1,34,0,1070,53,48,21,3,1,2,30,236.92,1
17,0,27,0,570,39,0,11,2,1,2,25,27.405,1
10,0,39,0,3070,43,19,20,3,1,2,30,200.52,1
4,0,35,0,2078,44,59,33,3,1,2,30,320.88,1
10,0,34,0,3395,46,10,14,3,1,2,30,177.64,1
7,0,31,0,50,2,0,1,2,1,2,25,2.34,1
6,1,32,2,1315,42,201,12,3,2,1,30,858.28,1
0,1,24,0,765,7,16,1,4,1,2,45,59.3,1
6,1,34,0,2153,39,36,32,3,1,2,30,231.68,1
10,1,40,0,2348,46,44,35,3,1,2,30,271.76,1
3,0,35,0,1558,33,9,31,3,1,2,30,99.64,1
3,0,9,1,1487,19,0,7,3,1,1,30,60.24,1
16,0,33,1,6123,98,25,25,2,1,1,25,392.445,1
7,1,35,0,2265,54,59,35,3,1,2,30,328.76,1
0,0,34,0,0,0,0,0,2,1,2,25,0.0,1
0,0,34,0,0,0,0,0,3,1,2,30,0.0,1
19,0,35,0,730,43,19,19,2,1,2,25,120.285,1
0,1,34,0,323,1,2,2,4,1,2,45,13.1,1
12,0,33,0,2573,44,33,32,3,1,2,30,236.68,1
0,1,34,0,1363,28,6,14,3,1,2,30,79.64,1
10,0,39,1,5513,98,27,23,2,1,1,25,373.995,1
8,1,30,0,5558,88,11,18,2,1,1,25,303.57,1
0,1,30,0,0,0,0,0,2,1,2,25,0.0,1
0,0,36,0,0,0,0,0,3,1,1,30,0.0,1
12,0,38,0,2383,49,32,30,4,1,2,45,140.8,1
0,0,38,0,0,0,3,0,3,1,2,30,12.0,1
16,0,28,0,470,33,0,10,2,1,2,25,22.635,1
2,0,31,0,1783,30,16,24,3,1,2,30,136.52,1
12,0,37,1,5413,93,8,26,2,1,1,25,283.77,1
7,0,39,0,495,7,16,5,2,1,2,25,94.59,1
4,0,8,1,1892,24,1,5,3,1,1,30,80.64,1
3,0,10,2,1603,25,32,11,3,1,1,30,193.12,1
6,1,31,0,5333,84,8,17,2,1,1,25,279.765,1
0,0,31,0,0,0,0,0,2,1,2,25,0.0,1
18,0,37,1,6008,98,7,22,2,1,1,25,306.27,1
0,0,38,0,115,6,32,4,2,1,2,25,149.445,1
0,0,32,0,0,0,0,0,2,1,2,25,0.0,1
4,0,37,0,600,10,21,15,2,1,2,25,121.95,1
6,1,37,0,2143,46,38,34,3,1,2,30,239.56,1
0,1,28,0,1703,28,12,23,3,1,2,30,117.24,1
27,1,33,0,1555,57,37,32,3,1,2,30,212.48,1
0,1,27,0,2425,25,0,8,2,1,2,25,110.25,1
1,0,32,0,1903,35,22,27,3,1,2,30,165.52,1
0,0,3,0,1103,11,0,1,2,1,1,25,50.13,1
5,0,38,0,305,6,7,2,4,1,2,45,25.275,1
23,1,33,0,955,47,16,17,2,1,2,25,117.09,1
11,1,36,1,5573,95,24,24,2,1,1,25,363.06,1
0,1,32,0,0,0,0,0,2,1,2,25,0.0,1
7,0,41,0,1113,21,27,11,4,1,2,45,95.85,1
11,1,36,0,2513,47,36,31,3,1,2,30,246.4,1
7,0,38,0,1123,14,25,9,4,1,2,45,90.925,1
0,0,36,0,133,2,0,2,3,1,2,30,5.4,1
28,1,39,0,1215,57,31,23,3,1,2,30,174.88,1
19,0,33,0,355,37,0,2,2,1,2,25,17.64,1
0,0,35,0,0,0,0,0,2,1,2,25,0.0,1
0,0,3,0,1182,7,0,4,2,1,1,25,53.505,1
12,0,35,0,2393,42,30,28,4,1,2,45,135.875,1
0,1,34,0,0,0,0,0,3,1,2,30,0.0,1
1,0,41,0,80,2,10,4,2,1,2,25,48.69,1
8,1,36,0,2585,36,0,18,3,1,2,30,104.84,1
0,0,8,0,777,8,0,7,3,1,1,30,31.4,1
12,0,37,0,3105,46,7,15,3,1,2,30,154.04,1
8,0,32,0,2188,42,24,27,3,1,2,30,185.2,1
25,1,33,0,1200,50,18,17,3,1,2,30,122.0,1
14,1,41,0,3250,51,24,22,3,1,2,30,228.04,1
0,0,37,0,223,2,0,6,4,1,2,45,5.625,1
4,0,13,2,1568,21,10,11,3,1,1,30,103.56,1
0,0,32,0,0,0,0,0,4,1,2,45,0.0,1
12,1,37,0,2570,60,66,37,4,1,2,45,230.75,1
7,1,7,1,1713,23,7,5,3,1,1,30,97.44,1
10,1,35,0,2673,49,35,29,3,1,2,30,248.88,1
9,0,38,0,1533,23,37,21,4,1,2,45,131.4,1
8,1,31,0,2910,39,0,12,3,1,2,30,117.96,1
8,1,11,2,1792,25,7,9,3,1,1,30,100.68,1
2,1,33,0,2495,34,0,11,2,1,2,25,113.805,1
6,1,37,0,1338,18,17,4,4,1,2,45,76.4,1
20,1,34,0,830,49,20,20,2,1,2,25,129.555,1
21,1,28,0,955,41,8,16,2,1,2,25,80.82,1
21,1,30,0,775,39,5,12,2,1,2,25,59.13,1
8,1,12,3,1908,31,39,13,3,1,1,30,233.56,1
5,0,34,0,305,6,7,2,3,1,2,30,40.44,1
0,1,37,0,503,9,13,7,4,1,2,45,45.3,1
9,0,31,0,3035,37,7,12,3,1,2,30,150.88,1
0,0,37,0,0,0,0,0,2,1,2,25,0.0,1
16,1,37,0,3485,48,25,21,3,1,2,30,241.32,1
5,0,35,0,305,6,7,2,4,1,2,45,25.275,1
6,0,39,0,1963,44,35,30,3,1,2,30,220.28,1
2,0,39,0,808,15,20,9,4,1,2,45,70.575,1
30,0,38,0,1440,61,34,24,3,1,2,30,196.04,1
2,0,34,0,1773,37,18,26,3,1,2,30,144.4,1
9,0,36,0,2268,44,34,31,3,1,2,30,228.48,1
11,0,35,0,3235,44,11,16,3,1,2,30,175.16,1
9,0,38,0,1038,18,28,19,3,1,2,30,154.24,1
10,0,44,0,698,18,22,10,3,1,2,30,116.64,1
14,0,37,0,2458,44,9,29,3,1,2,30,136.08,1
0,0,31,0,628,1,1,3,4,1,2,45,18.225,1
14,1,37,0,3295,47,16,18,3,1,2,30,197.68,1
3,1,34,0,2280,30,0,16,2,1,2,25,103.95,1
26,1,32,0,1080,45,12,14,3,1,2,30,93.0,1
11,1,36,0,2458,45,43,34,3,1,2,30,272.12,1
33,1,41,0,1520,63,38,25,3,1,2,30,215.32,1
10,0,16,3,1792,31,15,10,3,1,1,30,132.92,1
0,1,9,0,888,9,0,3,3,1,1,30,35.88,1
18,0,38,0,3173,60,62,48,4,1,2,45,235.825,1
5,0,38,0,438,8,7,4,3,1,2,30,45.84,1
7,1,36,0,2023,41,32,31,3,1,1,30,210.56,1
9,1,34,0,2875,35,0,12,2,1,2,25,130.95,1
5,0,42,0,393,12,15,8,3,1,2,30,76.2,1
0,1,33,0,0,0,0,0,2,1,2,25,0.0,1
8,0,40,2,498,11,12,6,3,1,1,30,68.36,1
16,1,40,0,3475,55,27,23,3,1,2,30,249.2,1
5,0,36,0,305,6,7,2,3,1,2,30,40.44,1
11,1,33,1,5638,90,15,19,2,1,1,25,325.26,1
3,1,8,0,1373,13,0,3,2,1,1,25,62.37,1
3,0,9,1,1488,19,0,7,3,1,1,30,60.28,1
18,0,31,0,650,41,9,15,2,1,2,25,71.595,1
9,1,39,0,2945,45,17,20,3,1,2,30,187.6,1
0,1,3,0,1228,9,0,1,2,1,1,25,55.665,1
4,1,34,0,2800,41,34,18,3,1,2,30,249.64,1
0,1,36,0,0,0,0,0,2,1,2,25,0.0,1
0,1,35,0,295,4,14,13,2,1,2,25,76.455,1
0,0,31,0,0,0,0,0,2,1,2,25,0.0,1
3,0,33,0,438,2,0,3,3,1,2,30,17.6,1
0,0,35,0,0,0,25,0,3,1,2,30,100.0,1
8,1,11,2,1793,25,7,9,3,1,1,30,100.72,1
16,0,26,0,650,35,1,14,2,1,2,25,35.325,1
0,1,7,0,1183,13,0,5,2,1,2,25,53.82,1
0,1,25,0,1010,30,186,9,2,2,1,25,883.8,1
0,0,37,0,0,0,0,0,2,1,2,25,0.0,1
0,0,35,0,0,0,2,0,2,1,2,25,9.0,1
14,1,38,0,2573,50,41,33,4,1,2,45,168.075,1
0,0,38,0,0,0,0,0,2,1,2,25,0.0,1
0,1,38,0,403,3,12,6,4,1,2,45,40.15,1
18,0,31,0,650,41,9,15,2,1,2,25,71.595,1
2,0,37,0,190,1,9,3,2,1,2,25,49.095,1
0,1,34,0,0,0,0,0,3,1,2,30,0.0,1
7,0,32,0,2810,33,0,11,3,1,2,30,113.72,1
5,0,39,0,305,6,7,2,2,1,2,25,45.495,1
0,0,3,0,0,0,0,0,2,1,1,25,0.0,1
14,1,38,0,2573,50,41,33,4,1,2,45,168.075,1
0,0,35,0,0,0,0,0,2,1,2,25,0.0,1
13,1,36,1,5818,98,26,24,2,1,1,25,383.22,1
5,0,42,0,888,17,24,10,4,1,2,45,82.625,1
0,0,37,0,0,0,0,0,2,1,2,25,0.0,1
0,0,36,0,0,0,1,0,2,1,2,25,4.5,1
0,0,39,0,0,0,1,0,3,1,2,30,4.0,1
3,0,28,0,5253,82,4,16,2,1,1,25,258.075,1
6,1,11,2,1548,22,5,9,3,1,1,30,82.8,1
24,0,32,0,1360,52,17,15,2,1,2,25,140.04,1
2,1,30,0,2505,27,0,9,2,1,2,25,113.94,1
0,0,29,0,0,0,0,0,3,1,2,30,0.0,1
0,0,28,0,0,0,0,0,3,1,2,30,0.0,1
0,0,35,0,0,0,0,0,4,1,2,45,0.0,1
12,1,32,0,3295,41,8,17,3,1,2,30,165.44,1
5,0,33,0,305,6,7,2,2,1,2,25,45.495,1
1,1,43,0,398,7,17,8,3,1,2,30,84.2,1
0,0,36,0,438,6,0,1,4,1,2,45,11.1,1
0,0,34,0,0,0,0,0,2,1,2,25,0.0,1
10,0,37,0,2695,37,7,3,3,1,2,30,137.28,1
19,1,43,0,3555,57,31,24,3,1,2,30,268.48,1
8,1,35,1,5628,98,51,26,2,1,1,25,487.17,1
1,0,9,1,1297,18,0,4,3,1,1,30,52.6,1
0,0,33,0,2085,25,0,9,2,1,2,25,94.95,1
7,0,38,0,628,9,16,7,3,1,2,30,89.48,1
5,1,38,0,305,6,7,2,3,1,2,30,40.44,1
22,0,29,0,875,45,6,13,2,1,2,25,68.4,1
0,0,40,0,88,6,8,6,3,1,2,30,35.76,1
7,1,33,0,2088,36,23,26,3,1,2,30,176.96,1
6,0,43,0,385,8,17,6,2,1,2,25,94.185,1
25,1,33,0,1145,48,25,20,2,1,2,25,166.185,1
6,0,33,0,2875,36,11,17,2,1,2,25,180.495,1
0,0,30,0,0,0,0,0,2,1,2,25,0.0,1
0,1,31,0,0,0,0,0,2,1,2,25,0.0,1
5,0,38,0,438,8,7,4,3,1,2,30,45.84,1
5,0,35,0,2390,31,0,1,3,1,2,30,96.84,1
11,1,39,0,2448,52,45,36,3,1,2,30,280.0,1
5,0,38,0,933,13,16,6,4,1,2,45,63.65,1
24,0,35,0,660,43,7,4,3,1,2,30,56.12,1
3,0,38,0,743,12,7,3,4,1,2,45,36.375,1
7,0,43,0,933,19,24,7,4,1,2,45,83.8,1
13,0,17,3,2053,35,22,15,3,1,1,30,171.52,1
0,0,34,0,0,0,0,0,3,1,2,30,0.0,1
18,0,30,0,535,35,0,11,2,1,2,25,25.65,1
20,1,38,0,4005,58,24,18,3,1,2,30,258.52,1
3,0,38,1,193,5,5,4,3,1,1,30,27.92,1
0,1,7,0,1372,14,2,8,2,1,1,25,71.37,1
14,1,42,0,2528,54,49,37,4,1,2,45,187.05,1
4,1,27,1,1315,36,193,11,2,2,1,25,929.295,1
3,0,13,1,1443,23,8,11,3,1,1,30,90.64,1
15,0,36,1,6008,99,35,27,2,1,1,25,432.315,1
10,1,44,0,1193,23,31,12,4,1,2,45,107.9,1
5,0,39,0,305,6,7,2,2,1,2,25,45.495,1
0,1,30,0,0,0,0,0,4,1,2,45,0.0,1
16,1,43,0,2573,56,49,34,4,1,2,45,188.225,1
0,0,29,0,0,0,0,0,2,1,2,25,0.0,1
11,0,40,0,1015,17,15,2,3,1,2,30,101.28,1
8,0,41,2,365,9,12,4,3,1,1,30,62.96,1
11,0,39,0,1148,19,15,4,3,1,2,30,106.68,1
0,1,5,0,1123,10,0,3,2,1,2,25,50.985,1
7,0,30,0,5433,90,9,18,2,1,1,25,289.035,1
13,0,36,1,5818,98,26,24,2,1,1,25,383.22,1
0,0,38,0,0,0,4,0,2,1,2,25,18.0,1
0,0,30,0,0,0,0,0,3,1,2,30,0.0,1
5,1,14,2,1487,25,8,8,3,1,1,30,92.48,1
0,0,7,0,1182,13,0,5,2,1,1,25,53.775,1
26,1,35,0,1070,52,14,16,3,1,2,30,100.88,1
5,1,9,1,1733,22,7,7,3,1,1,30,98.2,1
0,0,33,0,0,0,0,0,4,1,2,45,0.0,1
28,1,34,0,1145,47,7,15,2,1,2,25,85.14,1
9,1,36,0,3105,47,41,20,3,1,2,30,290.08,1
7,1,41,0,618,16,18,9,3,1,2,30,97.36,1
11,1,38,0,3170,49,20,21,3,1,2,30,208.76,1
7,0,42,0,485,14,18,7,2,1,2,25,103.455,1
28,1,35,0,1260,53,23,19,3,1,2,30,144.52,1
13,1,35,0,3590,51,30,31,3,1,2,30,265.64,1
5,0,40,0,420,12,39,6,3,1,2,30,173.28,1
5,1,38,0,933,13,16,6,4,1,2,45,63.65,1
0,0,36,0,383,4,7,4,4,1,1,45,27.175,1
0,1,10,0,1363,21,4,10,2,1,1,25,80.28,1
0,0,36,0,628,7,9,4,4,1,2,45,38.375,1
5,0,37,0,305,6,7,2,2,1,2,25,45.495,1
3,0,38,0,248,7,0,1,3,1,2,30,10.2,1
7,1,35,0,2800,40,0,13,3,1,2,30,113.6,1
11,0,40,0,2990,47,17,17,3,1,2,30,189.48,1
0,0,40,0,0,0,1,0,2,1,2,25,4.5,1
18,1,37,0,3895,57,37,33,3,1,2,30,306.08,1
0,0,35,0,0,0,0,0,2,1,2,25,0.0,1
5,1,37,0,305,6,7,2,3,1,2,30,40.44,1
22,1,30,0,1715,42,25,9,3,1,2,30,170.28,1
2,0,28,0,2685,29,0,13,2,1,2,25,122.13,1
26,1,35,1,1015,50,21,19,3,1,1,30,126.6,1
4,0,36,0,1228,17,30,19,4,1,2,45,106.125,1
20,0,36,0,650,47,17,16,3,1,2,30,95.88,1
28,1,36,0,1375,59,55,23,3,1,2,30,277.36,1
0,1,34,0,0,0,0,0,3,1,2,30,0.0,1
0,0,33,0,1253,27,2,29,3,1,2,30,59.2,1
0,0,42,0,0,0,8,0,2,1,2,25,36.0,1
0,0,34,0,0,0,2,0,3,1,2,30,8.0,1
0,0,7,0,0,0,0,0,2,1,1,25,0.0,1
0,0,4,0,1003,5,0,4,2,1,1,25,45.36,1
10,0,37,0,5693,100,30,27,2,1,1,25,395.685,1
15,1,41,0,3375,49,26,22,3,1,2,30,240.96,1
9,0,35,0,2990,41,9,16,3,1,2,30,157.24,1
18,0,32,0,765,47,41,19,3,1,2,30,196.48,1
1,1,31,0,2625,32,0,12,2,1,2,25,119.565,1
0,0,26,0,825,10,21,3,4,1,2,45,73.375,1
6,1,38,0,2685,41,10,15,3,1,2,30,149.04,1
0,1,35,0,0,0,0,0,2,1,2,25,0.0,1
0,0,6,0,472,2,0,5,2,1,1,25,21.33,1
0,0,36,0,133,2,0,2,3,1,2,30,5.4,1
0,1,28,0,0,0,0,0,4,1,1,45,0.0,1
14,1,12,3,2502,36,15,9,3,1,1,30,161.52,1
0,0,35,0,513,1,0,3,4,1,2,45,12.85,1
0,0,32,0,263,1,0,1,3,1,2,30,10.56,1
27,1,31,0,1180,51,13,15,3,1,2,30,101.24,1
0,1,11,1,1263,15,3,9,3,1,1,30,63.12,1
22,0,34,0,550,42,0,19,3,1,2,30,23.68,1
10,0,38,0,1973,40,20,18,3,1,2,30,160.52,1
7,0,43,0,438,14,15,5,3,1,2,30,78.08,1
23,1,33,0,955,47,16,17,2,1,2,25,117.09,1
3,0,38,1,688,10,14,6,4,1,1,45,52.45,1
14,0,38,0,5523,94,12,11,2,1,1,25,306.765,1
11,0,31,0,5818,92,18,23,2,1,1,25,346.95,1
25,1,38,0,955,53,24,18,3,1,2,30,136.32,1
1,1,40,0,708,9,19,8,4,1,2,45,65.425,1
4,1,30,0,2008,34,19,25,3,1,2,30,157.68,1
0,0,31,0,0,0,0,0,4,1,2,45,0.0,1
7,1,31,0,2268,38,26,30,3,1,2,30,196.24,1
1,0,4,0,1487,13,0,6,2,1,1,25,67.5,1
5,0,38,0,305,6,7,2,2,1,2,25,45.495,1
29,1,39,0,1340,55,33,23,3,1,2,30,187.8,1
0,0,32,0,0,0,0,0,2,1,2,25,0.0,1
0,0,33,0,0,0,0,0,3,1,2,30,0.0,1
21,0,33,0,765,46,7,14,2,1,2,25,67.995,1
4,0,29,0,2730,31,0,10,2,1,2,25,124.245,1
10,0,34,0,5703,93,28,25,2,1,1,25,386.82,1
13,1,36,1,5818,98,26,24,2,1,1,25,383.22,1
23,0,29,0,1000,43,8,13,2,1,2,25,82.935,1
1,0,35,0,538,7,1,1,3,1,2,30,25.8,1
6,0,33,0,2930,38,4,14,2,1,2,25,151.56,1
11,1,41,0,2268,50,42,32,4,1,2,45,162.95,1
31,1,37,2,1320,56,28,21,3,1,1,30,167.04,1
2,1,10,1,1082,14,0,9,3,1,1,30,43.84,1
3,0,30,0,1883,36,17,25,3,1,2,30,144.76,1
17,0,32,0,245,36,0,17,2,1,2,25,12.645,1
5,0,35,0,305,6,7,2,2,1,2,25,45.495,1
13,1,36,0,2868,54,55,46,3,1,2,30,336.88,1
0,0,41,0,0,0,8,0,2,1,2,25,36.0,1
0,0,37,0,0,0,0,0,3,1,2,30,0.0,1
16,1,31,0,460,40,0,12,2,1,2,25,22.5,1
0,0,34,0,568,4,4,2,4,1,2,45,24.3,1
12,1,38,1,2328,47,39,33,3,1,1,30,251.0,1
11,0,36,1,5628,97,17,21,2,1,1,25,334.125,1
13,1,25,0,390,31,0,9,2,1,2,25,18.945,1
13,0,32,1,5863,94,18,20,2,1,1,25,349.065,1
0,0,37,0,0,0,0,0,2,1,1,25,0.0,1
16,1,41,0,2753,58,52,38,4,1,2,45,200.275,1
4,0,33,0,2685,35,2,14,2,1,2,25,131.4,1
0,0,29,0,0,0,0,0,2,1,2,25,0.0,1
0,0,36,0,0,0,0,0,4,1,2,45,0.0,1
12,1,32,0,5738,96,16,20,2,1,1,25,334.53,1
0,1,32,0,0,0,0,0,3,1,2,30,0.0,1
8,0,33,0,3285,45,23,29,2,1,2,25,253.35,1
16,1,42,0,3295,53,24,19,3,1,2,30,229.92,1
14,0,38,0,3410,53,48,22,3,1,2,30,330.52,1
23,0,32,0,840,41,0,13,2,1,2,25,39.645,1
18,1,31,0,650,41,9,15,2,1,2,25,71.595,1
0,0,32,0,1975,24,0,14,2,1,2,25,89.955,1
5,1,35,0,305,6,7,2,3,1,2,30,40.44,1
6,0,34,0,5323,91,10,19,2,1,1,25,288.63,1
0,0,36,0,0,0,0,0,2,1,2,25,0.0,1
9,0,35,0,2990,41,9,16,3,1,2,30,157.24,1
9,1,36,0,2268,44,34,31,3,1,2,30,228.48,1
3,1,29,0,2605,33,0,10,2,1,2,25,118.71,1
13,1,35,0,5703,92,0,20,2,1,1,25,260.775,1
3,1,9,1,1487,19,0,7,3,1,1,30,60.24,1
0,0,34,0,0,0,0,0,2,1,2,25,0.0,1
0,0,37,0,8,4,4,5,3,1,2,30,16.48,1
9,0,10,2,2197,30,8,7,3,1,1,30,121.08,1
8,1,11,2,1792,25,7,9,3,1,1,30,100.68,1
3,1,39,1,60,3,5,2,2,1,1,25,25.335,1
12,1,11,4,2393,35,28,24,3,1,1,30,209.12,1
5,0,36,0,873,10,11,4,4,1,2,45,49.575,1
5,0,38,0,438,8,7,4,3,1,2,30,45.84,1
0,1,40,0,583,11,17,8,4,1,2,45,57.35,1
28,0,35,0,1260,53,23,19,3,1,2,30,144.52,1
9,0,37,0,2383,50,66,35,4,1,2,45,225.825,1
3,0,33,0,933,7,8,5,4,1,2,45,43.5,1
6,1,30,1,1495,44,204,16,2,2,1,25,987.255,1
2,0,5,0,1408,17,0,3,3,1,1,30,57.0,1
4,0,34,0,4913,82,0,7,2,1,1,25,224.775,1
0,0,34,0,323,1,2,2,4,1,2,45,13.1,1
5,0,39,0,1048,19,48,10,4,1,2,45,146.675,1
8,0,10,1,1678,19,7,5,3,1,1,30,95.88,1
0,0,33,0,0,0,0,0,2,1,2,25,0.0,1
6,1,8,2,1613,17,7,4,3,1,1,30,93.2,1
0,0,34,0,0,0,0,0,2,1,2,25,0.0,1
6,1,27,1,1505,37,202,14,2,2,1,25,978.39,1
6,0,29,0,5513,86,11,21,2,1,1,25,301.455,1
0,1,34,0,0,0,0,0,4,1,2,45,0.0,1
7,0,35,0,5108,87,1,24,2,1,1,25,238.275,1
12,1,34,0,3115,39,7,13,3,1,2,30,154.16,1
9,0,38,1,5593,94,29,26,2,1,1,25,386.415,1
6,0,38,0,710,11,8,2,2,1,2,25,68.445,1
0,0,36,0,628,7,9,4,4,1,2,45,38.375,1
25,1,36,0,1135,55,27,22,2,1,2,25,175.05,1
2,1,7,2,1783,23,14,20,3,1,1,30,128.24,1
0,1,6,0,1068,7,0,1,2,1,1,25,48.375,1
30,1,40,0,1260,59,31,20,3,1,2,30,176.76,1
15,0,29,0,590,38,4,13,2,1,2,25,46.26,1
0,0,35,0,0,0,0,0,3,1,2,30,0.0,1
0,0,34,0,923,11,23,17,4,1,2,45,80.85,1
2,0,41,0,133,8,8,3,3,1,2,30,37.64,1
24,1,37,0,1035,49,26,21,3,1,2,30,147.36,1
2,0,29,0,1963,32,19,28,3,1,2,30,155.8,1
7,1,9,3,2088,29,21,22,3,1,1,30,168.68,1
4,1,33,0,2685,35,2,14,2,1,2,25,131.4,1
5,1,11,1,1193,15,7,2,3,1,1,30,76.32,1
4,1,32,0,2570,29,0,10,2,1,2,25,116.955,1
14,1,39,0,2688,56,73,37,4,1,2,45,251.1,1
29,1,34,0,1665,58,24,17,3,1,2,30,164.92,1
13,1,33,0,3215,45,7,14,3,1,2,30,158.4,1
9,0,36,0,2268,44,34,31,3,1,2,30,228.48,1
21,1,33,0,710,44,14,17,2,1,1,25,96.93,1
0,0,36,0,0,0,0,0,3,1,2,30,0.0,1
0,1,8,1,1298,19,25,9,3,1,1,30,152.68,1
6,1,11,2,1602,24,0,6,3,1,1,30,65.04,1
0,0,35,0,0,0,0,0,2,1,2,25,0.0,1
9,1,32,0,2313,40,26,27,3,1,2,30,198.12,1
0,0,34,0,0,0,0,0,4,1,2,45,0.0,1
5,0,38,0,2043,40,37,33,3,1,2,30,231.32,1
1,0,35,0,1033,12,10,2,4,1,2,45,51.125,1
2,1,33,0,4803,81,0,22,2,1,1,25,219.78,1
0,0,34,0,323,1,2,2,4,1,2,45,13.1,1
26,1,30,0,1260,47,15,18,2,1,2,25,126.315,1
14,1,37,0,3295,47,16,18,3,1,2,30,197.68,1
5,0,43,0,260,10,15,6,2,1,2,25,79.65,1
15,1,36,0,3700,52,17,16,3,1,2,30,218.08,1
7,0,35,0,2745,38,7,16,3,1,1,30,139.32,1
4,0,34,0,1963,38,27,29,3,1,2,30,188.04,1
2,0,36,0,818,8,18,7,4,1,2,45,65.65,1
5,0,36,0,305,6,7,2,2,1,2,25,45.495,1
5,0,12,1,1668,27,11,12,3,1,1,30,111.8,1
10,0,45,0,565,16,22,8,3,1,2,30,111.24,1
9,1,36,0,5218,88,5,9,2,1,1,25,261.27,1
14,0,38,0,2573,50,41,33,4,1,2,45,168.075,1
6,1,34,0,2208,41,29,29,3,1,2,30,205.96,1
14,1,37,0,3295,47,16,18,3,1,2,30,197.68,1
5,0,9,1,1677,20,9,10,3,1,1,30,103.88,1
16,0,35,2,5943,96,22,21,2,1,1,25,370.755,1
0,0,37,0,875,14,0,11,2,1,2,25,40.005,1
5,0,34,0,305,6,7,2,4,1,2,45,25.275,1
8,0,34,0,5513,92,19,22,2,1,1,25,337.725,1
0,0,7,0,992,12,0,2,2,1,1,25,45.18,1
15,1,42,0,2653,52,51,37,4,1,2,45,195.125,1
8,0,37,0,1553,15,72,8,3,1,1,30,0.0,1
20,1,43,1,640,20,64,0,3,1,2,30,245.301,1
2,0,43,4,3901,0,10,9,3,1,2,30,172.995,1
3,0,29,0,806,0,4,18,3,1,2,30,56.293,1
12,1,44,0,977,3,22,24,3,1,1,45,16.239,1
12,1,45,2,943,21,49,48,4,1,2,45,87.123,1
0,0,43,0,2272,28,76,6,2,1,2,25,0.0,1
10,0,41,0,2488,4,12,3,3,1,1,25,103.824,1
14,1,37,0,933,62,15,3,3,1,1,45,40.798,1
10,0,38,0,567,9,3,9,3,1,2,45,0.0,1
9,0,36,0,1983,18,48,40,3,1,1,45,235.236,1
0,0,6,0,587,6,72,0,3,1,1,25,0.0,1
2,0,13,1,303,5,1,29,3,1,1,25,12.664,1
33,0,32,0,754,20,16,0,2,1,1,30,0.0,1
8,0,45,2,2907,0,84,4,4,1,2,30,58.854,1
2,1,43,1,959,39,37,23,3,1,1,25,147.547,1
2,1,16,0,1840,0,26,43,3,1,2,45,230.998,1
1,1,18,0,5847,0,32,8,3,1,2,45,88.745,1
3,0,45,0,913,16,39,31,3,1,2,30,97.217,1
25,0,38,0,989,6,68,9,3,1,2,30,10.111,1
33,1,11,1,656,0,49,15,4,1,2,25,0.0,1
0,0,44,2,1501,20,5,23,2,2,2,45,0.0,1
20,1,30,2,798,3,9,4,4,1,2,30,0.0,1
2,0,36,4,2384,19,80,19,3,1,1,30,235.083,1
33,0,27,0,772,18,13,2,4,1,1,25,0.0,1
3,0,45,0,2381,27,13,26,3,1,2,30,127.496,1
8,1,41,2,832,88,24,9,3,2,1,30,23.839,1
11,1,37,0,747,0,8,48,3,1,1,30,143.421,1
0,1,44,0,2781,0,13,10,4,1,1,30,111.414,1
2,0,21,2,1496,0,74,29,3,1,2,30,0.0,1
24,1,38,1,474,8,65,8,2,1,1,25,115.593,1
0,1,43,0,1038,0,41,8,5,1,1,30,0.0,1
8,1,17,0,1267,81,57,10,4,1,2,30,99.785,1
3,1,33,0,809,32,8,1,2,1,2,30,123.778,1
31,1,45,0,3021,29,21,47,2,1,2,45,5.977,1
22,1,45,0,2800,0,15,11,2,1,1,25,46.976,1
3,1,41,3,800,0,9,8,4,1,2,30,58.132,1
0,1,38,0,969,0,63,18,3,1,2,25,125.396,1
11,0,12,0,707,0,52,3,2,1,2,45,0.0,1
9,0,14,0,2575,41,13,6,2,1,2,30,2.551,1
9,0,38,1,2185,17,28,36,2,1,2,25,34.869,1
18,1,36,2,2188,15,63,7,3,1,2,25,41.811,1
13,0,4,2,6123,0,2,23,2,1,1,45,0.0,1
13,0,6,1,4719,9,83,4,3,1,2,30,83.535,1
2,0,44,0,3323,28,10,35,3,1,1,45,36.561,1
10,0,22,0,2571,60,75,27,3,1,2,25,194.648,1
13,1,40,0,0,2,204,9,2,1,1,45,0.0,1
19,1,37,0,3656,0,12,24,2,1,2,30,362.259,1
20,0,44,0,1753,25,68,15,2,1,1,45,71.491,1
3,0,16,0,2851,13,41,41,4,1,2,25,0.0,1
1,1,45,2,1799,0,59,7,2,1,2,30,0.0,1
2,0,43,0,3691,0,38,12,2,1,1,25,0.0,1
0,0,45,0,982,12,14,42,2,1,1,25,0.0,1
1,1,34,0,3077,33,66,6,2,1,2,25,56.31,1
13,0,41,1,342,0,13,47,3,1,2,30,259.474,1
1,1,37,0,2554,16,60,32,3,1,2,45,93.736,1
8,1,45,0,566,0,13,4,2,1,2,25,0.0,1
5,0,45,0,3220,26,8,48,3,1,1,30,106.886,1
2,1,45,0,2692,0,13,9,2,1,2,30,0.0,1
1,1,44,2,3298,19,11,8,3,1,2,30,82.51,1
1,0,15,0,592,30,14,30,4,1,2,30,0.0,1
1,0,33,2,1557,29,74,7,2,1,2,25,7.114,1
1,1,40,0,246,41,44,25,4,1,2,25,50.552,1
13,0,11,0,1725,17,9,20,2,1,2,25,29.034,1
1,0,38,3,1860,0,36,19,3,1,2,25,2.943,1
24,1,45,0,1707,8,37,8,3,1,2,30,0.0,1
8,0,40,2,2472,81,49,7,3,2,2,45,58.346,1
3,0,45,0,1166,16,13,33,3,1,2,30,256.61,1
10,0,36,0,404,28,10,8,3,1,1,30,0.0,1
0,1,29,0,1023,44,76,5,3,1,2,30,0.0,1
31,1,13,2,472,0,10,6,4,1,2,25,0.0,1
3,1,45,1,182,38,82,18,4,1,2,30,65.944,1
2,1,40,0,1833,0,45,10,4,1,1,25,33.357,1
0,1,45,0,2013,60,12,48,2,1,2,30,43.866,1
2,0,32,0,3983,0,12,48,3,1,2,45,0.0,1
16,1,32,3,2669,24,31,31,4,1,2,25,99.832,1
8,0,15,1,1197,30,9,9,2,1,2,25,434.781,1
30,0,40,0,642,22,33,21,2,1,2,30,0.0,1
3,1,45,0,2989,14,1,25,3,1,2,30,120.446,1
1,1,34,0,7,34,12,25,4,1,2,25,0.0,1
1,1,42,0,455,29,9,6,2,1,2,30,124.417,1
8,0,36,0,888,14,78,10,3,1,2,30,77.684,1
2,0,45,0,2534,0,69,25,3,1,2,25,170.002,1
25,0,40,0,909,0,30,6,2,1,2,45,0.0,1
12,1,45,0,1706,0,15,10,4,1,2,30,4.59,1
10,0,41,0,2034,36,8,0,2,1,2,30,18.653,1
2,0,16,0,221,33,22,5,5,1,2,25,35.929,1
3,1,13,1,678,38,1,0,3,1,1,25,55.688,1
3,1,42,1,2245,10,59,0,3,1,2,30,772.435,1
11,1,17,4,1372,25,70,10,5,1,2,25,34.652,1
4,0,30,1,3713,0,10,5,2,1,2,25,0.0,1
10,1,42,0,574,2,69,11,4,1,1,25,0.0,1
6,0,39,2,1313,0,85,0,3,1,2,25,0.0,1
11,1,42,0,1930,6,42,25,2,1,2,25,96.796,1
1,1,45,0,2011,0,12,8,2,1,2,25,277.858,1
2,0,38,1,3122,3,9,1,2,1,2,45,10.127,1
13,0,45,0,2297,2,15,8,3,1,2,30,24.046,1
22,1,31,0,2789,15,3,4,3,1,1,30,0.0,1
3,0,29,1,966,38,12,28,4,1,1,25,0.0,1
2,0,22,0,1672,18,7,11,4,1,2,30,231.419,1
22,1,45,1,657,21,1,6,2,1,2,25,8.05,1
10,1,33,0,583,2,26,10,2,1,1,30,0.0,1
11,0,44,1,1342,27,58,11,2,1,2,25,43.832,1
2,1,39,0,4306,69,43,8,4,1,1,30,117.854,1
23,0,40,0,6123,0,50,23,3,1,1,30,245.423,1
4,1,39,0,752,0,15,0,3,1,2,25,0.0,1
26,0,18,0,667,32,36,6,3,1,2,30,0.0,1
20,1,43,0,3026,21,65,9,2,1,2,45,45.083,1
20,1,21,0,844,0,55,5,3,1,2,30,259.27,1
4,0,28,0,6123,0,62,9,2,1,2,30,5.292,1
3,0,45,0,1982,0,55,7,2,1,2,25,14.628,1
8,0,34,0,2321,19,0,8,2,1,2,25,118.645,1
10,0,45,0,223,27,0,7,3,1,2,30,147.971,1
2,0,41,0,3297,36,4,9,2,1,2,30,17.79,1
14,0,29,0,731,0,204,27,2,1,2,25,313.783,1
3,1,41,0,2986,0,77,7,2,1,1,25,0.0,1
18,1,34,0,1052,3,4,8,3,1,2,25,0.0,1
12,0,44,0,4034,82,14,8,3,1,2,30,0.0,1
28,0,44,0,548,0,10,8,4,1,1,25,156.12,1
4,1,40,0,2831,0,7,9,3,1,2,25,200.652,1
19,1,38,0,3956,2,8,10,3,1,2,25,90.036,1
12,0,37,0,1478,0,56,0,4,1,2,30,80.05,1
0,0,40,0,1022,1,70,10,3,1,2,30,73.803,1
7,0,22,0,2330,33,74,2,3,1,2,30,206.103,1
13,1,18,0,2867,0,16,29,3,1,1,45,38.123,1
3,0,45,0,3478,27,35,18,3,1,2,25,267.443,1
8,1,6,0,1050,95,12,0,3,1,1,25,171.308,1
19,1,45,1,1936,7,46,17,3,2,1,25,67.87,1
2,0,45,0,2755,100,46,10,2,1,2,30,8.751,1
4,0,38,1,0,19,54,7,3,1,2,30,15.652,1
1,1,35,0,2219,90,8,5,3,1,2,30,0.0,1
10,0,37,0,1728,2,23,48,5,1,2,25,0.0,1
12,0,42,0,1270,69,5,7,3,1,1,30,530.625,1
11,0,36,2,80,3,11,28,4,1,2,30,0.0,1
20,0,5,0,1172,38,14,33,3,1,2,30,0.0,1
9,0,15,0,2084,6,39,9,5,1,2,25,20.342,1
21,0,42,1,1461,14,74,47,5,1,2,30,28.115,1
11,1,16,0,1007,1,9,3,3,1,2,45,98.184,1
14,0,30,0,382,52,29,6,2,1,1,30,0.0,1
10,0,29,2,504,3,51,24,4,1,2,25,0.0,1
20,1,36,0,2287,7,18,48,4,1,2,30,120.313,1
0,0,33,0,1854,17,10,30,3,1,2,25,4.739,1
11,0,29,0,986,25,66,47,3,1,1,25,23.965,1
9,1,14,0,552,0,23,22,3,1,2,45,117.762,1
4,1,44,2,935,85,15,19,3,1,2,30,0.0,1
3,0,44,0,977,0,51,9,3,1,1,30,168.517,1
4,1,10,0,818,33,0,15,2,1,2,30,0.0,1
13,0,37,0,922,0,65,6,3,1,1,25,276.632,1
3,0,39,0,1695,31,25,10,2,1,2,25,152.001,1
16,0,37,0,1425,21,57,10,2,1,2,45,45.027,1
4,0,24,1,4491,41,204,4,3,1,2,25,255.815,1
4,0,36,2,1813,26,14,0,3,1,1,25,0.0,1
1,1,39,0,2836,0,52,10,3,1,2,45,25.934,1
11,0,43,0,2364,100,2,3,4,1,1,25,35.795,1
11,0,17,0,1636,14,13,1,3,1,2,30,181.595,1
1,1,42,0,1028,0,8,43,3,1,2,30,0.0,1
2,1,35,0,1846,8,6,8,3,1,2,30,18.482,1
3,1,37,0,3060,94,13,27,2,1,1,30,85.548,1
0,0,31,0,2361,0,17,5,3,1,2,30,91.102,1
0,0,38,0,3070,0,14,41,4,1,2,30,0.0,1
0,1,42,0,1210,8,25,6,3,1,2,30,339.116,1
5,1,43,0,667,9,2,17,4,1,1,25,79.218,1
24,0,20,1,4146,37,77,16,3,1,2,30,0.0,1
3,1,44,0,2218,13,0,48,2,1,2,25,77.95,1
4,1,43,1,2133,3,15,19,2,1,1,30,34.888,1
13,0,45,0,1271,40,12,7,2,1,1,30,0.0,1
22,0,14,0,690,49,15,27,3,1,2,45,177.643,1
13,1,32,1,1320,38,67,9,2,1,1,30,154.534,1
12,0,45,0,2551,33,10,21,3,2,2,25,188.43,1
14,1,39,0,1109,0,7,1,3,1,1,30,254.814,1
7,0,30,1,2557,29,27,3,5,1,2,25,33.437,1
9,0,41,1,1092,53,12,7,2,1,1,45,0.0,1
2,1,15,0,2636,0,24,24,3,1,2,25,213.035,1
23,1,37,0,2310,42,39,8,3,1,2,25,0.0,1
2,0,4,0,1832,0,0,29,2,1,1,25,16.001,1
1,1,45,0,2639,0,28,19,4,1,2,25,92.739,1
0,0,33,0,2264,0,14,8,2,1,2,30,0.0,1
33,1,40,3,6123,37,41,7,3,1,1,30,73.189,1
12,0,41,0,536,39,3,11,2,1,1,25,0.0,1
19,0,40,1,0,18,0,3,3,2,1,25,42.705,1
5,1,35,1,6123,0,44,8,2,1,2,25,55.14,1
1,0,45,0,1840,0,10,4,2,1,2,30,0.0,1
33,1,45,0,1184,18,12,39,2,1,2,30,384.774,1
21,0,40,0,743,32,71,10,4,1,2,25,182.556,1
8,1,42,0,2419,18,18,11,3,1,2,30,84.275,1
7,0,45,0,2972,36,38,8,4,1,2,45,0.0,1
1,0,28,0,1145,89,37,12,2,1,2,45,0.0,1
0,0,37,0,617,34,204,9,3,1,2,25,249.267,1
13,1,45,0,4195,35,46,21,3,1,2,30,26.495,1
12,0,45,0,4043,30,84,7,3,1,1,25,139.87,1
13,1,31,0,943,1,10,7,2,1,1,45,0.0,1
17,1,40,0,1485,1,3,2,3,1,2,45,171.85,1
25,1,41,0,1831,27,40,5,3,1,2,30,0.0,1
9,1,44,3,708,28,16,11,3,1,2,30,87.176,1
4,0,43,1,1117,38,56,3,2,1,2,30,115.911,1
12,0,41,1,1814,17,0,5,2,1,2,25,122.6,1
3,0,41,0,1319,0,78,15,3,1,2,30,0.0,1
21,1,35,1,760,0,50,7,2,1,2,45,285.052,1
33,0,45,0,378,14,0,47,4,1,2,25,165.829,1
3,0,32,0,1068,0,40,8,2,1,1,30,175.985,1
22,0,44,0,2675,28,5,5,3,1,2,30,106.895,1
21,1,18,0,2935,0,16,8,3,1,2,30,8.622,1
4,0,35,0,291,0,8,41,4,1,2,25,0.0,1
10,0,23,0,1264,1,10,23,4,1,2,25,37.697,1
11,0,23,0,562,0,15,32,2,1,1,45,176.465,1
13,1,38,0,2714,11,7,41,4,1,2,25,11.464,1
33,0,36,0,603,2,55,9,4,1,2,30,45.875,1
10,1,43,0,3208,0,11,9,3,1,2,25,197.435,1
4,0,45,0,1368,9,72,10,2,1,2,30,0.0,1
21,1,41,0,2491,0,20,3,3,1,1,25,126.253,1
33,1,42,0,1822,59,10,5,3,1,2,25,12.195,1
8,1,8,0,532,13,2,32,3,1,2,30,205.405,1
10,0,45,0,1862,0,0,20,3,1,1,45,29.253,1
12,1,45,0,1321,15,27,40,3,1,2,45,0.0,1
1,0,37,0,3155,0,17,41,3,1,2,45,0.0,1
33,1,37,0,2152,13,22,8,3,1,1,30,7.251,1
2,0,42,0,1848,21,48,30,3,1,2,25,0.0,1
22,1,45,1,1052,35,7,9,4,1,2,45,987.255,1
5,0,28,0,2273,20,0,15,2,1,2,30,0.0,1
4,1,36,0,4022,46,9,9,3,1,2,30,0.0,1
2,0,42,0,227,0,30,8,3,1,2,25,27.259,1
11,1,42,0,2241,13,75,8,2,1,2,25,43.114,1
3,1,42,0,2370,7,125,18,2,1,2,25,34.775,1
11,0,42,0,2152,4,0,48,2,1,1,55,675.446,1
0,1,44,0,2469,84,76,8,3,1,2,25,113.173,1
17,1,28,1,1724,6,0,3,4,1,2,45,234.037,1
8,0,45,0,617,49,2,6,3,1,2,30,130.632,1
0,1,6,0,884,3,36,4,3,1,1,30,987.255,1
23,0,43,0,1565,0,11,40,3,1,1,45,9.054,1
2,0,28,0,3517,0,14,6,3,1,2,25,65.809,1
11,0,45,0,1502,46,30,25,3,1,2,30,76.91,1
2,0,33,0,792,0,6,24,2,2,1,30,0.0,1
0,0,44,3,789,0,46,11,3,1,2,30,37.933,1
20,0,45,0,285,26,10,7,2,1,2,30,333.286,1
3,1,43,0,3533,15,46,5,3,1,1,45,320.232,1
7,0,40,0,1194,18,68,38,2,1,2,45,0.0,1
3,0,33,2,1351,1,83,7,2,1,2,30,43.244,1
14,0,37,2,2515,89,12,4,4,1,2,30,103.411,1
9,0,6,0,1352,85,4,21,3,1,1,25,0.0,1
1,0,42,1,2282,4,14,47,2,1,2,25,0.977,1
4,1,45,1,675,0,7,8,3,1,2,45,0.0,1
14,1,41,0,226,0,87,28,3,2,2,30,37.541,1
18,1,36,0,365,17,5,6,2,1,2,25,36.418,1
15,0,44,0,6123,0,204,9,4,1,1,30,0.0,1
6,1,37,2,1467,24,7,8,3,1,2,30,0.0,1
3,1,32,0,879,0,13,34,2,1,1,30,987.255,1
24,0,32,1,666,0,14,27,3,1,2,30,0.0,1
4,0,38,1,1113,23,46,48,2,1,2,45,30.797,1
9,0,45,0,3813,0,7,10,4,1,2,30,112.401,1
3,0,13,0,2378,0,83,17,3,1,2,25,188.465,1
11,0,15,0,3200,0,41,7,3,1,2,30,0.0,1
10,0,44,0,1498,28,15,29,2,1,2,25,20.794,1
1,0,8,0,2174,51,53,9,3,1,1,45,209.91,1
12,0,10,0,2997,83,33,9,3,1,2,25,41.772,1
5,1,42,1,1999,8,33,22,2,1,1,30,220.644,1
10,0,31,0,697,6,47,9,4,1,1,30,72.343,1
4,1,39,0,1420,0,73,8,3,1,2,45,177.248,1
12,0,42,0,2099,0,55,7,3,1,1,30,288.47,1
12,0,44,0,1217,33,28,21,2,1,1,30,242.868,1
3,0,37,0,2992,7,8,10,2,1,1,30,11.475,1
1,0,45,0,1451,0,5,14,4,1,2,30,0.0,1
3,1,43,3,1016,23,58,0,3,1,2,45,194.209,1
0,0,34,0,1205,1,204,32,3,1,2,30,0.0,1
3,0,33,0,1316,8,78,7,3,1,2,30,0.0,1
1,1,43,1,4147,2,64,19,3,1,1,30,49.922,1
13,0,15,0,1963,20,22,5,4,1,1,30,84.477,1
3,0,44,2,1659,0,10,5,3,1,2,25,184.523,1
24,0,45,0,1509,17,14,3,4,1,2,30,0.0,1
13,0,42,0,0,20,61,1,3,1,1,30,65.93,1
16,1,24,0,14,40,68,3,4,1,2,25,0.0,1
13,0,44,0,2595,17,11,46,3,1,2,30,0.0,1
24,0,45,0,430,3,5,35,2,1,2,25,152.628,1
3,1,45,0,3882,0,25,25,3,1,2,25,55.027,1
2,1,21,0,143,7,11,23,3,1,1,45,0.0,1
0,1,17,0,2095,45,9,7,3,1,2,30,12.77,1
11,0,16,0,4923,2,29,7,4,1,1,30,156.396,1
7,1,24,1,537,0,17,5,2,1,2,30,0.0,1
3,1,45,3,2360,22,11,10,3,1,2,30,0.0,1
16,0,38,0,2567,7,37,30,3,1,2,25,154.417,1
14,0,44,0,0,28,39,26,3,1,2,30,0.0,1
12,0,13,0,894,0,2,8,2,1,2,30,34.194,1
7,1,45,0,567,0,10,18,3,1,1,25,75.266,1
33,0,45,0,720,13,2,28,4,1,2,30,36.17,1
3,1,45,1,6123,16,15,10,4,1,2,30,24.757,1
7,1,34,1,1037,0,9,5,3,1,1,45,0.0,1
10,0,45,0,2434,20,67,1,2,1,2,25,354.954,1
7,1,37,2,3594,0,11,8,2,1,2,25,3.102,1
10,1,19,0,2612,27,55,20,3,1,2,25,290.17,1
2,0,23,0,875,26,45,48,3,1,2,45,77.289,1
3,0,45,0,939,39,44,17,3,1,2,30,235.629,1
33,1,37,0,1736,7,37,0,3,1,1,30,0.0,1
0,1,36,1,446,1,6,47,3,1,1,45,0.0,1
1,0,45,0,4173,1,8,31,3,1,1,25,128.396,1
11,0,38,0,546,3,34,9,3,1,2,25,0.0,1
33,1,33,0,224,0,46,38,2,1,1,25,37.212,1
12,1,3,0,523,32,70,10,3,1,2,45,70.435,1
4,1,45,0,741,0,77,26,3,1,1,30,0.0,1
3,0,27,0,504,0,20,27,3,2,2,30,0.639,1
3,0,36,0,1163,0,6,11,3,1,2,30,199.718,1
1,0,22,1,569,21,12,29,2,1,2,30,15.318,1
6,1,16,0,1205,0,88,11,2,1,2,25,0.0,1
10,1,40,1,158,0,54,8,2,1,2,25,128.665,1
4,1,18,2,1091,0,13,4,4,1,1,25,216.724,1
16,1,38,2,976,0,73,6,2,1,2,30,0.0,1
33,0,31,1,1792,48,50,48,3,1,2,45,0.0,1
3,1,43,0,1300,0,7,43,3,1,2,25,239.028,1
33,0,45,0,2475,0,13,23,3,1,1,45,40.544,1
3,0,43,0,2878,4,11,6,2,1,2,25,136.569,1
1,0,34,0,1711,60,33,16,2,1,2,45,0.0,1
3,0,32,0,6123,7,37,25,2,1,2,30,19.267,1
8,0,39,0,836,45,12,41,3,1,2,45,419.909,1
3,0,43,0,2242,7,63,26,3,1,2,25,84.179,1
22,0,32,0,953,54,9,1,3,1,2,25,0.0,1
3,0,45,0,937,1,68,9,4,1,1,30,212.037,1
9,0,26,0,862,0,54,44,3,1,1,25,1.703,1
27,0,29,3,6123,2,77,39,3,1,2,25,0.0,1
33,1,6,0,1255,0,41,5,3,1,2,30,25.84,1
21,1,38,0,3790,0,4,25,3,1,2,25,0.0,1
33,0,32,0,1522,0,17,22,3,1,1,30,31.323,1
6,0,45,0,848,18,11,41,3,1,2,30,0.0,1
2,0,34,0,1752,6,39,7,3,1,2,45,422.522,1
24,1,14,0,253,0,36,3,4,1,2,30,0.0,1
33,0,22,0,689,95,0,22,2,1,2,30,225.177,1
9,0,43,0,977,17,43,6,3,1,2,25,136.883,1
21,0,38,2,2575,0,5,11,2,1,2,30,0.0,1
9,0,11,1,184,100,14,7,2,1,1,30,36.686,1
10,1,44,3,2716,47,42,7,3,1,2,25,0.0,1
17,0,21,1,691,0,77,32,4,1,2,25,987.255,1
3,0,40,0,2157,16,13,14,2,1,1,30,0.0,1
1,1,39,0,1534,24,30,6,5,2,2,30,0.0,1
17,0,31,0,6123,4,59,1,3,1,1,45,10.046,1
16,1,38,0,1251,7,33,24,3,1,2,25,79.387,1
13,0,32,2,1895,0,39,5,3,1,1,45,84.011,1
2,1,17,0,1926,0,65,16,3,1,2,30,53.165,1
1,1,13,0,615,51,45,7,3,1,2,30,0.0,1
11,0,44,0,6123,7,11,10,3,1,2,30,170.374,1
25,0,36,0,2640,27,71,2,3,1,1,30,0.0,1
5,1,45,0,2314,12,32,11,4,1,2,30,31.475,1
18,1,36,1,65,10,49,21,3,1,2,30,0.0,1
3,1,43,0,855,30,6,7,3,1,2,30,879.176,1
2,0,44,1,709,0,33,6,2,1,2,30,46.398,1
17,0,34,0,1024,0,13,9,3,1,2,30,62.948,1
3,1,38,0,2767,52,85,1,4,1,1,25,0.0,1
11,1,43,0,1831,33,47,22,3,1,2,45,31.301,1
27,0,44,1,1326,53,41,8,3,1,2,30,211.725,1
4,1,33,2,12,52,35,27,4,1,2,25,0.0,1
16,0,40,1,3366,34,69,47,2,1,2,25,0.0,1
18,1,43,0,459,1,0,9,3,1,2,30,98.081,1
15,0,14,0,1404,12,15,31,3,1,2,25,114.145,1
33,0,45,0,1561,39,22,6,2,1,2,25,55.787,1
4,0,35,0,830,10,4,41,3,1,2,45,60.643,1
1,0,42,1,4091,0,77,10,3,1,2,30,120.214,1
22,0,44,0,2348,8,75,30,3,1,2,30,4.454,1
4,0,42,2,2809,0,39,19,3,1,1,30,211.435,1
4,1,45,0,2795,27,91,7,2,1,2,25,103.198,1
11,0,45,1,1168,0,6,37,3,1,2,25,121.368,1
11,1,45,1,886,0,9,3,2,1,2,30,0.0,1
10,0,3,0,442,0,7,7,3,1,2,25,55.428,1
3,1,32,1,800,8,9,0,4,1,2,30,61.595,1
4,1,45,0,2316,0,13,8,2,1,2,30,86.99,1
19,0,45,0,2140,2,14,26,3,1,2,30,154.99,1
3,0,34,0,1577,0,72,9,2,1,1,45,0.0,1
33,1,24,1,1346,0,8,6,2,1,2,25,174.211,1
20,1,39,0,2152,100,12,48,3,1,2,25,32.054,1
11,1,15,0,830,1,29,8,3,1,1,25,163.489,1
10,1,40,0,3243,32,78,7,3,1,2,30,0.0,1
31,1,31,1,6123,0,17,8,4,1,2,25,24.129,1
7,0,37,0,403,0,39,17,2,1,1,25,254.217,1
11,1,40,0,482,3,0,38,3,1,2,30,0.0,1
2,1,38,0,2147,3,20,5,3,1,2,30,35.443,1
5,0,45,0,924,13,66,28,3,1,2,55,149.834,1
3,1,24,2,3075,0,45,8,2,1,1,45,72.834,1
30,0,18,0,813,0,9,23,4,1,1,30,208.539,1
20,0,38,0,6123,50,9,26,3,1,1,30,15.954,1
20,1,32,0,4424,56,57,16,3,1,2,25,224.335,1
3,0,38,0,2830,36,37,25,2,1,2,25,154.41,1
1,1,9,0,2686,10,45,6,2,1,1,45,201.096,1
3,1,20,0,1524,1,6,10,4,1,2,45,27.382,1
10,0,21,0,367,16,12,6,2,1,2,30,0.0,1
0,0,22,1,2260,1,8,2,3,1,2,25,391.17,1
11,0,41,0,252,54,7,45,3,1,1,30,0.0,1
2,1,44,3,2280,3,13,39,2,1,2,45,296.721,1
8,0,45,0,1096,0,25,43,2,1,1,30,865.675,1
1,1,45,1,1914,0,80,42,3,1,2,30,0.0,1
8,0,37,0,3110,19,12,21,2,1,2,30,0.0,1
3,0,13,0,657,85,9,6,3,1,2,45,312.402,1
17,1,42,0,461,0,69,15,3,1,2,25,51.519,1
0,1,45,0,2292,0,34,6,2,1,2,30,68.642,1
1,0,40,2,949,55,67,43,3,1,1,30,543.121,1
0,0,39,0,438,0,11,7,4,2,2,25,0.0,1
7,0,45,0,1346,0,75,10,3,1,2,30,53.425,1
14,0,34,0,1812,3,29,32,2,1,2,30,447.378,1
22,1,38,2,1182,0,59,9,3,1,2,30,0.0,1
0,0,33,0,2857,0,32,26,5,1,2,25,94.237,1
3,1,41,0,2731,0,14,20,4,1,2,30,0.0,1
31,0,28,0,2438,33,40,30,3,1,1,45,10.671,1
6,0,43,0,6123,5,13,32,2,1,2,25,106.435,1
2,1,44,0,2139,0,52,11,2,1,1,30,277.658,1
11,0,14,0,1277,100,15,0,2,1,2,30,87.709,1
23,0,38,0,768,0,204,26,4,1,2,30,74.267,1
12,1,45,0,2181,29,0,5,3,1,1,25,0.0,1
2,0,38,0,658,11,7,6,3,1,2,25,0.0,1
2,1,20,1,910,16,8,12,3,2,2,25,0.0,1
2,0,42,0,275,3,67,7,3,1,1,25,0.0,1
22,1,19,2,1024,0,14,48,3,1,2,25,19.088,1
5,1,33,0,434,13,36,0,2,1,2,25,0.0,1
3,0,34,0,718,56,5,33,4,1,2,25,121.349,1
3,0,37,1,784,0,15,21,2,1,2,30,225.329,1
23,1,32,0,1089,56,10,5,3,1,1,30,94.36,1
8,1,32,0,626,14,0,8,4,2,2,25,0.0,1
14,1,45,0,142,15,7,1,2,1,2,25,107.194,1
2,0,45,0,895,56,56,3,2,1,1,30,205.062,1
24,0,30,0,1211,7,44,32,3,1,1,30,0.097,1
3,0,32,1,1048,9,4,9,3,1,2,30,25.496,1
3,0,26,0,3120,0,83,45,3,1,2,25,69.268,1
12,1,37,0,1091,23,63,25,5,1,2,30,119.555,1
3,0,8,0,1747,0,54,25,4,1,2,25,1.07,1
9,0,43,0,1762,73,7,7,3,1,2,25,104.595,1
7,0,41,0,431,24,82,30,3,1,2,30,11.874,1
10,0,45,2,1078,19,13,7,4,1,2,45,2.137,1
19,0,34,1,103,10,27,18,3,1,1,25,132.554,1
6,1,44,1,4146,40,7,9,2,1,2,25,186.543,1
3,0,37,0,2070,19,52,24,4,1,2,45,170.125,1
2,1,31,0,2602,50,73,3,2,1,1,45,305.533,1
9,0,41,1,2701,8,38,8,2,1,2,25,103.154,1
1,0,44,0,4233,69,5,0,2,1,1,30,0.0,1
2,0,6,0,378,0,33,3,3,1,1,25,0.0,1
3,0,38,0,2872,0,8,0,2,2,1,45,0.0,1
7,0,20,0,2949,3,38,9,2,2,2,45,57.987,1
2,0,41,0,2969,36,8,7,4,1,2,45,61.246,1
2,1,27,0,806,4,60,11,3,1,1,25,13.294,1
2,0,26,0,2306,25,3,5,2,1,2,30,55.699,1
3,1,43,0,684,3,2,8,2,1,1,30,137.367,1
10,1,41,0,1197,39,71,2,4,1,2,45,222.72,1
1,0,18,0,1011,0,16,38,3,1,2,45,213.514,1
2,0,36,1,821,47,30,6,3,1,1,30,41.698,1
33,0,31,0,2551,24,9,2,2,1,2,45,408.207,1
25,1,45,0,2365,0,43,6,3,1,1,30,0.0,1
9,0,44,0,1964,0,7,11,3,1,1,30,25.856,1
1,0,39,0,244,62,86,8,3,1,2,45,48.361,1
9,1,39,0,1506,54,0,3,2,1,2,25,246.898,1
4,0,40,0,3566,0,25,3,3,1,1,45,0.0,1
0,0,29,0,2713,35,33,9,3,1,2,30,62.349,1
3,1,42,0,6123,23,56,13,4,1,2,30,40.023,1
12,0,21,0,2446,46,0,9,3,1,2,30,369.173,1
8,0,42,0,2319,20,9,5,2,2,1,30,0.0,1
14,1,45,0,3039,44,6,5,4,1,2,55,160.653,1
2,0,34,0,546,3,38,25,2,1,2,25,9.187,1
7,1,34,1,727,0,37,9,4,1,2,25,0.0,1
29,0,15,0,269,15,3,9,4,1,2,30,254.646,1
10,0,5,1,344,0,7,7,3,1,2,45,0.0,1
2,1,44,0,822,0,33,46,2,2,2,25,0.0,1
2,0,44,0,902,0,12,4,3,1,2,30,76.823,1
5,0,42,0,1257,0,1,9,2,1,2,25,4.597,1
1,0,40,2,3488,21,77,9,3,1,1,30,103.488,1
2,0,23,0,6123,34,6,7,3,1,2,45,91.0,1
4,0,42,1,1785,38,41,40,3,1,1,25,82.389,1
2,1,40,0,1979,33,9,12,2,1,2,25,199.504,1
3,0,38,0,1187,7,44,4,2,2,2,30,358.726,1
9,0,19,0,1713,0,14,4,2,1,2,45,62.245,1
5,0,27,2,3939,1,0,20,2,1,2,30,0.0,1
3,1,12,0,188,0,14,10,3,1,2,45,69.401,1
12,1,33,0,3536,0,74,35,3,1,1,30,95.308,1
2,0,43,0,2482,0,13,6,4,2,2,45,235.632,1
9,0,43,0,4421,0,84,20,3,1,2,25,19.905,1
33,0,32,0,737,29,204,4,3,1,2,30,0.0,1
1,1,18,0,3355,0,38,8,2,1,1,30,3.633,1
11,1,42,0,0,16,11,7,3,1,1,25,0.0,1
10,0,36,0,1940,0,69,2,3,1,2,25,36.049,1
17,0,34,1,1115,0,38,4,3,1,1,25,13.386,1
18,1,44,0,1811,11,66,4,2,1,2,25,434.751,1
12,1,36,0,1130,7,18,9,4,1,1,30,89.81,1
1,1,42,1,6123,31,42,7,4,1,1,30,77.568,1
33,1,43,0,2314,22,13,18,3,1,2,45,105.964,1
11,1,39,0,313,0,26,44,4,1,2,25,0.0,1
10,0,38,1,2082,0,7,19,2,1,2,25,195.195,1
24,0,44,0,1124,27,23,32,2,1,1,25,95.18,1
4,0,41,0,927,0,54,21,3,1,2,30,35.111,1
10,0,33,0,3679,0,88,6,4,1,1,25,108.804,1
3,0,44,2,2300,21,8,7,4,1,2,25,0.0,1
7,1,18,0,2211,0,21,8,3,2,2,45,98.033,1
17,0,44,0,1476,39,7,9,3,1,2,25,0.0,1
5,1,5,0,1203,18,30,1,2,1,2,30,40.219,1
6,0,41,0,406,0,65,7,2,1,1,30,48.655,1
20,0,14,0,1775,27,11,32,3,1,1,30,0.0,1
0,1,45,0,1392,66,59,8,2,1,1,30,17.199,1
5,1,37,0,2002,25,8,8,3,1,2,25,24.007,1
7,0,9,0,3883,0,15,11,3,2,2,30,0.0,1
4,0,31,0,3493,2,77,2,2,2,2,30,0.0,1
0,1,12,0,956,0,5,7,3,1,1,30,0.0,1
3,0,10,1,3924,0,30,29,4,1,2,25,362.388,1
0,0,42,0,1590,5,39,12,3,1,2,25,0.0,1
17,1,40,0,1215,16,78,7,2,1,2,25,219.076,1
1,1,38,0,4053,1,89,10,5,1,2,45,76.279,1
6,1,13,0,1437,0,17,2,4,1,2,25,146.553,1
0,0,40,0,3186,0,81,2,4,1,2,30,0.0,1
4,1,37,0,2541,3,71,4,3,1,2,30,62.301,1
3,0,41,0,1215,20,0,38,2,1,2,25,0.0,1
1,0,25,0,3047,0,79,40,2,1,1,25,56.435,1
0,0,20,0,784,2,3,28,3,1,2,25,91.982,1
0,1,21,3,0,25,24,3,2,1,1,30,0.0,1
3,1,44,0,404,0,43,26,2,1,1,30,47.601,1
32,0,44,0,3665,20,71,19,2,1,2,25,204.057,1
3,1,13,0,465,70,11,0,3,1,1,30,214.355,1
15,0,16,1,3051,0,35,7,2,1,2,45,92.963,1
2,0,27,1,1809,0,15,5,2,1,2,25,0.0,1
10,1,43,0,690,36,0,26,4,1,1,25,987.255,1
7,1,34,0,258,0,11,12,2,1,1,45,107.559,1
15,0,10,1,0,39,45,26,2,1,2,30,0.0,1
3,0,42,0,863,0,73,3,3,1,2,25,18.161,1
3,0,45,0,0,0,15,48,3,1,1,30,162.122,1
3,1,35,0,1150,31,6,9,2,1,1,45,201.91,1
10,1,33,0,1104,24,13,9,3,1,2,30,159.174,1
0,1,45,0,2512,17,51,0,2,1,1,30,49.003,1
21,1,39,0,2429,0,89,5,5,1,2,30,188.176,1
1,1,37,1,1183,35,18,4,3,1,1,45,52.167,1
10,0,38,0,2795,2,77,4,2,1,2,45,41.952,1
4,1,41,0,1427,16,61,48,4,1,2,30,0.0,1
9,1,45,0,2208,0,71,8,4,1,2,30,0.0,1
3,0,39,0,2403,28,84,6,3,1,1,30,127.913,1
9,0,40,0,1027,0,55,10,3,1,2,30,48.896,1
12,1,35,1,2023,3,8,4,3,1,1,30,374.679,1
10,1,45,1,1489,8,53,48,2,1,2,45,0.0,1
20,1,17,0,2644,29,59,6,3,1,1,45,6.146,1
20,0,36,0,561,0,7,23,4,1,2,25,0.0,1
11,1,43,0,515,3,1,10,3,1,2,25,48.38,1
4,0,14,1,3551,72,14,0,4,1,1,30,0.0,1
21,0,33,0,3873,3,44,11,2,1,2,30,272.632,1
13,0,26,0,2486,27,85,7,3,1,2,30,54.226,1
12,0,45,0,891,0,62,0,3,1,1,45,23.705,1
13,0,15,0,791,0,5,28,3,1,2,30,56.782,1
25,1,5,2,1603,0,0,2,2,1,2,25,235.614,1
9,0,17,0,3111,26,7,48,3,1,2,25,0.0,1
3,0,44,0,2048,15,62,1,3,1,2,30,50.405,1
4,1,18,0,2495,64,15,24,3,1,2,45,6.57,1
3,1,34,0,1416,12,9,9,4,1,1,30,127.999,1
13,1,16,0,1344,9,81,0,4,1,2,25,234.605,1
20,0,16,2,1479,38,13,10,4,1,2,30,3.375,1
3,0,42,0,1859,1,16,24,5,1,2,30,0.0,1
13,0,45,0,1111,5,53,23,4,1,1,45,38.933,1
0,1,42,2,1675,0,11,20,2,1,2,25,152.592,1
7,0,7,0,997,0,23,17,3,1,2,55,20.426,1
7,0,33,1,3885,0,24,19,2,1,2,25,149.927,1
3,0,42,0,750,6,29,5,2,1,1,25,214.512,1
3,1,40,0,1693,0,0,8,3,1,1,30,46.169,1
33,1,35,1,1980,67,37,2,3,1,2,25,37.001,1
1,1,32,0,2268,10,13,7,2,1,1,55,259.177,1
3,1,41,0,1242,0,2,10,3,1,2,45,292.274,1
2,0,28,0,3948,78,8,8,2,1,2,45,2.553,1
6,1,38,2,3960,14,10,27,3,1,2,25,0.0,1
2,1,45,1,1760,57,42,9,3,1,2,45,54.479,1
11,1,20,0,784,22,4,0,3,1,1,30,241.39,1
2,0,21,0,3696,100,14,12,3,2,2,25,0.0,1
16,1,43,0,160,0,7,16,3,1,1,45,0.0,1
9,1,42,0,6123,0,44,9,3,1,2,30,3.747,1
6,1,38,0,3142,34,37,9,2,1,1,30,48.551,1
3,1,19,1,0,5,21,4,2,1,2,30,0.0,1
2,1,15,0,3933,44,0,10,3,1,2,25,0.0,1
4,1,45,1,1731,27,2,9,2,1,2,45,44.687,1
3,0,39,0,1821,21,8,4,3,1,2,30,0.0,1
13,0,8,1,1624,25,204,10,4,1,2,45,7.045,1
3,1,36,0,1968,9,64,3,3,1,1,25,10.147,1
22,0,42,1,286,0,14,29,3,1,2,45,0.0,1
3,0,44,0,2632,29,14,10,2,1,2,45,293.621,1
2,0,45,0,1542,0,9,20,3,1,1,45,0.0,1
3,1,45,0,2777,49,14,9,2,1,2,30,145.222,1
9,0,45,0,4196,0,89,8,2,1,2,45,115.656,1
0,0,7,0,32,13,43,7,4,1,2,30,25.892,1
3,1,33,0,495,51,58,24,5,1,2,30,68.081,1
9,0,40,0,3043,33,10,5,2,1,2,25,286.798,1
21,0,43,0,2905,0,15,12,3,1,2,45,356.917,1
13,0,35,0,1521,0,4,8,2,1,2,25,50.118,1
21,0,30,0,1218,44,35,9,3,1,2,30,0.0,1
3,0,34,0,451,69,6,32,2,1,2,25,121.173,1
12,1,7,1,6123,13,4,11,2,1,1,25,177.191,1
2,0,36,0,2015,0,79,10,2,1,1,30,242.421,1
12,0,8,0,2724,0,14,34,2,1,2,25,62.775,1
12,0,21,0,1832,3,79,45,3,1,1,30,215.03,1
14,1,41,0,1112,8,6,34,3,1,2,30,56.892,1
1,1,45,0,1948,0,12,12,3,1,2,25,72.464,1
31,1,45,0,259,55,26,2,3,1,2,30,55.109,1
4,1,23,0,789,36,7,11,3,1,2,30,83.903,1
3,0,25,0,3089,0,73,0,2,1,2,30,0.0,1
3,0,39,0,974,17,73,8,4,1,2,45,0.0,1
22,0,41,3,2151,29,12,9,4,1,2,25,2.333,1
33,0,45,0,575,31,40,1,3,1,2,25,150.597,1
2,0,22,1,1025,75,10,1,2,1,2,30,5.041,1
10,1,38,0,2660,3,18,4,4,1,2,30,267.386,1
2,0,44,0,3576,0,45,34,3,1,2,30,52.706,1
0,0,35,0,1113,6,26,31,3,1,2,30,17.055,1
33,0,10,0,2071,15,9,0,2,1,2,25,6.461,1
9,1,38,0,2994,0,29,8,4,1,2,30,178.587,1
11,0,42,1,1534,7,71,4,3,1,2,45,55.564,1
13,0,18,0,4463,18,8,22,4,1,1,30,0.0,1
4,0,45,0,1876,9,29,8,3,1,2,30,92.283,1
1,0,33,0,2591,26,3,48,2,2,2,45,193.873,1
23,1,42,0,1631,88,12,26,3,1,2,30,104.871,1
4,0,24,0,2438,56,7,5,3,1,2,30,108.693,1
18,0,33,0,2374,34,12,10,3,1,2,25,186.64,1
7,1,38,0,4491,0,71,7,3,1,2,30,70.877,1
24,0,20,0,592,75,0,8,3,1,2,25,87.133,1
33,0,45,2,1227,0,80,37,4,1,2,25,85.192,1
6,0,45,0,177,21,14,11,3,1,2,30,26.835,1
12,1,34,1,6123,0,39,26,3,1,2,25,82.459,1
17,0,41,0,1178,55,66,1,3,1,2,30,60.711,1
33,1,5,0,1102,37,11,9,4,1,2,45,15.967,1
4,1,45,0,962,0,61,5,2,1,2,30,0.0,1
2,0,41,1,966,29,3,11,4,1,1,30,205.732,1
3,1,41,0,1805,30,2,47,2,1,1,30,31.182,1
12,1,33,2,352,0,72,48,2,1,2,30,76.812,1
2,0,4,2,4291,0,28,48,3,1,1,25,0.0,1
23,0,37,0,2331,25,8,30,4,1,1,25,279.205,1
2,1,45,0,2522,42,25,32,3,1,2,30,69.933,1
13,1,23,0,448,8,13,25,2,1,1,45,76.192,1
8,1,45,0,2476,43,12,27,2,1,2,25,0.0,1
13,1,36,0,1901,62,13,10,3,1,2,30,0.0,1
11,0,41,0,200,0,204,20,3,1,2,30,29.199,1
1,0,45,0,1295,45,27,4,3,2,2,30,216.228,1
20,1,34,0,2883,0,8,8,2,1,2,25,131.211,1
33,0,44,0,2700,38,29,42,2,1,2,30,109.82,1
2,0,15,0,2505,5,64,15,3,1,2,45,77.641,1
0,1,42,0,1019,78,15,45,4,1,2,25,81.081,1
16,0,40,1,698,30,13,37,3,1,2,30,0.0,1
10,0,9,0,2318,0,42,23,3,1,2,30,26.072,1
4,0,42,0,1250,69,71,26,3,1,2,30,181.15,1
3,1,30,0,1376,17,27,9,3,1,2,30,62.436,1
2,0,45,0,582,69,46,7,4,1,2,30,0.0,1
31,0,29,0,1195,6,58,3,4,1,2,30,146.075,1
12,1,45,0,627,0,29,19,3,1,2,25,39.872,1
3,1,15,1,771,33,13,35,2,1,2,55,250.657,1
16,0,35,0,2351,21,34,44,4,1,1,30,20.923,1
0,1,38,0,0,47,40,8,4,1,2,30,273.474,1
8,1,44,0,295,33,65,10,2,1,2,30,78.531,1
4,0,32,0,745,1,81,31,4,1,2,30,0.0,1
21,0,44,0,2463,38,56,38,2,2,2,25,227.496,1
2,1,10,1,2798,61,25,10,3,1,2,25,0.0,1
13,0,9,0,464,100,10,9,2,1,1,30,206.807,1
12,1,5,0,2004,4,57,7,3,1,2,25,109.732,1
2,1,39,0,2276,0,17,18,2,1,2,30,118.496,1
4,0,43,0,3099,33,14,7,4,1,2,45,135.372,1
2,0,45,0,2495,5,75,15,3,1,1,30,191.52,1
11,0,44,2,370,0,4,10,2,1,2,25,93.698,1
3,1,45,2,619,0,74,4,2,1,2,30,76.085,1
9,1,32,0,1111,0,10,38,3,1,2,25,113.827,1
8,0,45,0,2310,96,11,10,3,1,2,45,109.182,1
7,0,45,0,1261,0,24,10,3,1,1,25,122.266,1
19,1,15,0,1996,7,12,8,2,1,2,30,22.536,1
20,1,20,1,2228,21,71,24,4,1,2,30,14.716,1
11,1,45,0,0,0,11,37,3,1,2,25,236.118,1
11,0,19,0,2204,3,58,6,4,1,1,30,68.634,1
19,0,41,2,2686,43,44,10,4,1,2,30,0.0,1
5,0,45,0,549,0,12,4,3,1,2,25,205.752,1
0,0,10,0,682,0,2,14,2,1,1,30,75.241,1
23,0,37,0,3329,0,87,2,3,1,2,45,3.61,1
23,0,42,1,405,18,18,6,3,1,1,25,192.444,1
22,0,43,0,0,1,32,27,2,1,2,30,25.811,1
3,1,32,0,1991,23,14,9,3,1,2,45,146.542,1
8,0,40,0,972,0,43,26,3,2,1,30,0.0,1
11,0,8,0,1883,0,3,31,3,2,1,30,28.56,1
26,1,38,0,2537,0,60,40,2,1,2,30,25.623,1
13,1,45,0,3718,0,55,9,3,1,1,25,215.015,1
14,0,35,0,1323,0,61,4,2,1,2,25,38.651,1
0,1,39,1,3291,30,6,9,3,1,1,30,15.696,1
3,0,45,0,2276,100,61,48,2,1,2,30,231.006,1
33,0,40,0,2113,5,12,11,4,1,2,25,0.0,1
9,1,39,1,1856,13,36,10,4,1,2,30,109.97,1
9,0,37,0,2469,1,0,3,3,1,1,25,130.402,1
14,0,45,0,1260,6,32,45,2,1,2,30,50.8,1
12,0,45,0,1117,0,3,7,2,1,2,25,161.212,1
0,0,14,0,0,14,0,4,4,1,1,30,91.737,1
26,0,36,0,2492,1,39,46,2,1,1,25,0.0,1
4,1,45,1,695,90,0,21,3,1,2,45,84.029,1
20,1,38,0,3063,74,73,6,3,1,2,45,24.994,1
3,0,43,0,1737,0,9,10,3,1,2,30,0.0,1
12,0,43,0,3944,0,36,7,3,2,2,25,0.0,1
19,0,38,0,391,0,91,9,2,1,2,25,175.107,1
12,1,44,0,2246,0,47,46,3,1,2,30,0.0,1
1,0,36,2,526,2,65,5,3,1,1,45,205.355,1
7,0,6,0,910,99,69,9,4,1,2,55,47.11,1
2,1,36,0,1143,41,10,24,3,1,2,25,0.0,1
6,1,40,0,2970,39,41,11,3,1,1,45,16.644,1
3,1,42,0,458,0,45,23,3,1,2,30,74.42,1
4,0,41,0,2748,5,69,10,2,1,1,30,262.096,1
15,1,38,0,617,13,70,7,2,1,2,45,0.0,1
26,0,20,0,1587,0,35,8,2,1,2,45,0.0,1
4,1,45,0,1768,0,8,10,2,1,2,30,76.748,1
19,0,31,0,2838,20,9,3,2,1,2,25,0.0,1
2,1,30,0,507,29,16,9,3,1,2,30,254.362,1
14,1,16,0,578,100,29,8,3,1,2,30,0.0,1
3,0,12,0,2552,0,83,27,3,1,2,25,86.597,1
2,0,31,0,978,78,34,3,4,2,2,30,40.774,1
9,0,40,0,1226,25,5,0,4,1,1,30,0.0,1
1,1,40,0,2433,2,10,32,4,1,1,30,102.19,1
10,0,44,0,1601,4,11,10,3,1,2,30,85.873,1
3,1,38,0,656,5,0,22,2,1,2,25,0.0,1
8,0,45,0,466,24,68,5,4,1,2,25,0.0,1
25,0,40,0,363,33,35,16,3,1,2,25,21.686,1
1,1,45,0,412,29,62,8,2,1,1,30,55.104,1
2,0,15,0,704,0,81,36,3,1,1,45,28.411,1
4,0,45,0,2782,0,7,46,3,1,2,30,163.258,1
3,0,21,0,1842,0,14,29,3,1,2,25,32.709,1
8,1,44,1,1828,14,37,29,3,1,2,30,146.766,1
10,0,36,0,1977,31,9,5,3,1,2,25,59.404,1
0,0,24,0,2005,72,66,11,3,1,2,45,0.0,1
20,1,14,0,1881,83,45,14,4,1,2,45,22.398,1
11,0,40,0,0,15,21,26,2,1,2,30,114.759,1
3,0,16,0,6123,3,44,42,3,1,2,30,0.0,1
4,1,45,0,3024,0,17,48,2,1,1,30,3.531,1
11,1,41,3,0,55,0,5,3,1,2,30,0.0,1
33,1,43,0,791,0,6,10,4,1,1,30,1.676,1
7,0,40,0,2814,38,59,6,4,1,2,25,59.519,1
1,0,40,0,1704,4,52,8,2,1,2,30,44.765,1
2,1,37,0,1744,0,7,38,3,1,2,25,326.603,1
1,1,45,0,1155,4,10,5,3,1,1,25,21.252,1
16,1,42,1,1161,9,23,20,3,1,2,30,148.096,1
17,0,22,0,6123,0,85,6,2,1,1,30,0.0,1
2,1,33,1,2765,28,10,5,2,1,2,30,101.14,1
23,1,14,0,1288,41,66,5,2,1,1,45,87.723,1
2,0,36,1,1933,0,35,6,2,1,2,25,51.797,1
3,1,44,0,2476,47,5,10,2,1,2,25,0.0,1
10,0,39,1,1953,0,12,10,2,1,1,30,0.0,1
3,0,35,0,1253,0,9,0,3,1,2,30,0.0,1
33,0,28,0,3062,81,89,21,2,1,2,25,0.0,1
18,0,35,0,523,55,50,6,3,1,1,30,0.0,1
9,1,33,1,815,0,13,36,4,1,2,30,0.0,1
22,1,42,0,2153,4,13,48,2,1,2,30,153.013,1
8,1,27,1,2204,0,45,26,2,1,2,45,0.0,1
31,1,43,0,951,0,45,10,3,1,2,25,54.635,1
31,0,44,0,2006,8,66,21,3,1,2,45,0.0,1
22,1,34,0,1392,0,14,10,3,1,2,25,12.275,1
11,1,33,0,3384,0,8,18,3,1,1,30,0.0,1
4,0,38,1,588,46,42,4,4,1,2,25,0.0,1
24,0,42,0,359,52,43,8,5,1,2,25,48.212,1
2,0,22,2,830,0,4,8,3,1,1,30,45.191,1
2,0,36,2,2608,35,7,21,2,1,2,25,153.536,1
12,1,25,1,1379,9,15,27,4,1,1,45,116.166,1
8,0,35,0,2802,46,73,4,2,1,2,30,0.0,1
28,0,45,0,902,34,49,4,3,1,2,30,59.487,1
7,1,45,0,2212,40,0,47,3,1,1,25,340.781,1
4,0,40,2,2401,0,30,9,3,1,2,30,34.96,1
14,1,9,0,0,0,56,12,2,1,2,25,268.748,1
1,0,44,0,1124,0,14,6,2,1,2,45,118.686,1
23,0,41,1,2654,0,15,23,4,1,1,25,0.0,1
0,0,21,1,1798,0,59,48,3,1,1,25,255.241,1
0,0,35,0,4025,23,16,48,3,1,2,30,0.0,1
7,0,45,2,2060,0,11,10,2,1,2,30,0.0,1
11,0,37,3,3341,8,41,7,4,1,1,30,0.0,1
23,1,44,0,622,10,34,6,4,1,1,25,0.0,1
3,0,44,1,618,0,11,9,3,1,2,30,0.0,1
3,1,40,0,1829,0,35,3,3,1,2,30,167.234,1
2,0,45,0,1652,45,2,7,2,1,2,30,76.815,1
19,0,22,0,1161,58,27,0,3,1,1,30,13.144,1
33,0,38,2,1144,57,41,12,2,1,2,30,214.159,1
17,0,18,0,2890,2,25,8,2,1,2,30,0.0,1
4,1,40,0,2430,0,22,5,4,1,2,30,243.694,1
10,1,11,0,1303,30,50,2,2,1,2,25,349.111,1
4,0,42,0,906,0,92,4,5,1,2,30,5.995,1
7,1,34,2,2389,2,63,7,3,1,2,30,0.0,1
32,1,41,0,0,51,15,11,2,1,2,25,28.187,1
23,0,28,0,1313,76,44,17,2,2,2,30,0.0,1
2,0,40,0,2245,57,12,33,2,1,2,25,115.529,1
1,0,3,0,1416,24,34,14,2,1,2,30,294.564,1
16,0,45,1,2576,38,62,21,3,1,2,30,46.463,1
0,1,44,0,2711,37,27,7,3,1,1,25,4.506,1
11,1,41,0,1656,45,62,7,2,1,2,25,0.0,1
1,0,22,0,372,53,73,7,2,1,2,45,0.164,1
28,0,44,1,2258,43,23,0,3,1,2,30,99.429,1
3,0,37,0,983,41,68,25,4,1,2,30,0.0,1
12,0,36,0,869,89,57,10,3,1,2,25,7.334,1
4,0,44,2,2894,0,14,5,3,2,2,30,0.0,1
32,1,40,0,1256,1,12,40,3,1,1,30,382.377,1
2,1,45,0,1892,0,12,9,3,1,2,30,290.616,1
19,0,33,0,2291,6,58,29,4,1,1,30,81.34,1
8,0,42,0,1122,37,68,42,3,1,2,30,23.87,1
8,0,24,0,502,17,24,30,2,1,2,30,52.583,1
3,1,42,0,710,50,36,6,3,1,2,45,304.762,1
9,0,18,0,754,0,37,8,2,1,2,30,0.0,1
3,1,36,0,1555,82,11,10,4,1,2,30,0.0,1
10,1,44,0,2266,76,49,9,3,1,2,30,42.041,1
4,1,20,2,1538,0,8,22,3,1,2,45,24.016,1
23,0,45,0,1820,54,38,38,3,1,1,55,181.636,1
23,1,45,0,2627,28,32,10,2,1,2,30,203.64,1
0,0,43,0,436,0,57,10,4,1,2,25,132.758,1
33,1,41,0,793,32,75,15,3,1,1,30,78.289,1
33,1,38,0,1159,0,54,9,2,2,2,45,119.336,1
13,1,41,0,2033,2,9,2,3,1,2,30,1.073,1
1,0,36,0,1930,18,46,27,2,1,2,25,192.838,1
6,1,42,0,3790,65,82,10,4,1,2,30,124.667,1
2,0,36,0,2151,0,0,39,3,2,1,30,38.632,1
7,1,45,0,2242,0,9,43,2,1,2,25,3.833,1
17,0,43,0,3334,6,27,0,3,1,1,30,0.726,1
24,1,29,0,2685,26,77,48,3,1,2,25,0.0,1
12,1,31,0,3565,31,81,6,3,1,2,30,91.268,1
3,0,42,0,1063,0,4,0,3,1,1,25,80.183,1
11,1,32,0,4058,21,6,48,3,1,2,30,2.431,1
4,0,17,0,3977,0,3,21,4,1,2,25,420.387,1
9,1,42,1,4297,0,37,27,2,1,2,30,0.0,1
2,1,44,0,543,25,58,45,2,1,1,25,67.233,1
10,1,38,0,574,4,27,11,2,1,1,25,258.938,1
21,1,43,0,630,1,71,26,3,1,2,25,146.867,1
13,1,36,0,1918,0,83,24,3,1,2,30,987.255,1
11,1,45,0,2982,33,18,48,3,1,1,30,6.534,1
4,0,34,0,2585,29,10,31,3,1,2,30,218.619,1
33,0,15,2,485,0,49,0,3,1,2,45,0.0,1
4,0,40,0,918,0,55,15,2,1,2,25,4.697,1
4,0,45,1,2711,11,6,9,4,1,2,30,0.0,1
16,1,28,0,526,44,11,27,2,1,2,25,46.474,1
11,1,11,0,2640,3,25,3,4,1,1,45,113.015,1
1,0,30,1,6123,10,23,10,4,1,1,45,0.0,1
4,0,41,0,364,4,1,6,2,1,1,25,309.382,1
2,0,31,0,1265,0,15,5,2,1,2,30,76.851,1
2,1,44,0,1961,0,11,2,2,1,2,30,26.949,1
3,0,38,0,0,4,48,7,3,1,1,25,0.0,1
13,0,40,0,6123,0,11,3,3,1,1,45,0.0,1
0,1,41,0,1237,0,70,11,3,1,2,45,0.0,1
14,0,45,0,1713,43,83,42,2,1,2,25,0.0,1
11,0,41,0,683,20,24,28,3,1,1,25,87.923,1
3,0,28,0,2352,3,59,20,4,1,2,25,154.483,1
20,0,32,0,2761,54,80,29,3,1,2,45,0.0,1
14,0,21,0,1034,11,9,7,4,1,2,30,987.255,1
0,1,45,0,323,5,5,10,3,1,1,25,233.57,1
12,0,45,0,2299,60,62,8,3,1,2,30,234.29,1
11,1,34,0,262,0,9,39,4,1,2,45,0.0,1
2,0,15,0,1695,51,82,7,4,1,2,30,34.875,1
9,0,7,0,3017,52,2,2,2,1,2,25,157.492,1
13,0,42,0,649,0,39,5,3,1,2,30,78.455,1
33,1,45,0,1849,2,16,33,3,1,2,25,94.151,1
19,1,39,0,596,69,9,3,2,1,1,30,36.541,1
17,0,29,0,1212,20,5,9,4,1,2,30,0.0,1
31,0,33,1,2900,0,24,7,3,1,2,30,36.955,1
13,0,36,0,1566,9,7,30,4,2,2,25,0.0,1
12,0,43,0,680,0,70,4,3,1,2,25,260.744,1
26,0,38,0,1055,40,81,2,3,1,2,30,251.132,1
1,1,45,1,988,7,64,4,3,1,2,45,0.0,1
21,0,20,1,676,16,5,8,5,1,2,45,0.0,1
2,0,37,1,115,0,5,5,2,1,2,25,164.825,1
10,0,42,0,4189,5,37,7,2,1,2,45,73.015,1
3,0,40,0,4017,0,10,2,3,1,1,30,167.677,1
19,1,40,0,1247,2,7,38,2,1,2,30,33.564,1
3,1,14,0,1112,15,4,7,3,1,2,30,38.762,1
10,0,43,0,0,17,7,5,2,1,2,30,103.802,1
14,0,40,0,1152,12,11,10,3,1,2,25,24.45,1
0,1,12,0,1654,3,12,48,2,2,2,30,0.0,1
21,0,33,0,6123,2,85,48,4,1,2,25,96.267,1
11,0,36,0,2173,1,14,8,3,1,2,30,327.807,1
12,1,36,1,1322,2,46,10,3,1,1,25,4.94,1
3,0,7,0,775,7,6,9,3,1,1,25,133.685,1
3,0,37,0,1271,33,78,2,2,1,1,30,0.0,1
2,0,14,1,812,31,53,9,3,1,1,30,62.283,1
21,0,29,1,2013,48,21,42,3,1,2,30,34.149,1
30,0,37,0,1954,52,71,9,3,1,2,30,115.532,1
10,0,33,0,589,13,47,2,4,1,2,30,96.498,1
25,0,41,0,2196,7,39,4,2,1,2,30,103.705,1
2,0,33,3,1032,1,15,31,2,1,2,30,104.109,1
19,0,3,0,1330,0,10,25,2,1,1,55,69.068,1
17,0,43,0,2537,0,9,26,4,1,1,25,0.0,1
2,1,42,2,575,5,42,7,2,1,2,25,28.718,1
16,1,45,1,309,0,57,9,4,1,2,25,0.0,1
27,0,43,0,1947,33,9,31,3,1,2,25,186.015,1
3,0,34,0,896,0,74,8,3,1,2,55,0.0,1
33,0,20,0,6123,37,13,37,3,1,2,25,0.0,1
13,0,40,0,49,0,12,9,3,1,1,25,155.446,1
33,0,39,0,712,0,9,9,3,1,2,30,0.0,1
11,0,41,2,3868,32,48,19,3,1,1,25,338.12,1
6,1,33,1,64,0,48,10,3,1,2,25,13.023,1
4,0,35,1,1418,71,21,5,2,1,1,30,28.376,1
22,1,39,1,1346,35,37,11,4,1,1,25,0.0,1
3,0,45,0,1545,26,42,11,4,1,2,25,0.0,1
9,0,3,0,316,33,0,48,2,1,2,30,202.29,1
33,0,45,2,1357,0,69,6,3,1,1,30,90.113,1
2,1,24,0,2748,47,26,11,4,1,2,25,0.0,1
0,1,33,0,4093,46,9,8,2,1,1,30,129.694,1
11,0,14,3,1169,1,8,7,2,1,2,45,30.981,1
8,0,24,2,570,36,0,9,3,1,2,30,48.41,1
3,0,45,0,2134,48,10,9,3,1,2,30,90.978,1
32,0,40,0,0,9,20,23,3,1,2,25,265.624,1
33,0,36,2,2190,0,9,19,3,1,2,30,0.0,1
3,0,42,0,1015,0,9,11,2,1,1,45,149.437,1
3,0,45,0,2504,6,12,8,4,1,2,25,473.511,1
0,1,31,1,2886,41,5,30,2,1,2,30,176.299,1
33,1,36,0,1493,50,77,5,4,1,1,30,7.494,1
22,1,43,2,1926,26,13,9,2,1,2,45,124.968,1
22,0,40,0,2517,30,9,6,4,1,2,30,0.0,1
3,0,9,2,1573,21,67,7,3,1,2,25,43.092,1
12,1,41,1,190,3,0,6,2,1,1,25,94.24,1
11,0,45,0,941,1,23,28,3,1,2,25,0.0,1
2,1,38,0,3137,16,2,2,3,1,1,30,20.677,1
6,1,40,0,2522,0,4,19,5,1,2,25,33.0,1
0,0,41,0,1106,41,11,8,3,1,1,25,92.29,1
3,1,45,0,618,5,30,11,4,1,1,30,104.358,1
33,1,34,1,3780,27,18,6,2,1,2,25,0.0,1
1,1,29,0,1759,0,9,11,4,1,1,30,0.0,1
4,0,35,0,2887,10,6,0,2,1,2,30,2.204,1
4,0,12,0,274,29,7,0,3,1,2,25,0.0,1
3,1,45,1,239,0,51,31,2,1,2,25,53.497,1
8,1,40,0,2160,15,8,8,3,1,2,45,987.255,1
10,0,21,0,0,17,11,9,4,1,1,30,289.129,1
2,1,6,0,5971,24,9,1,3,1,2,45,37.762,1
3,0,43,0,2684,22,73,48,2,1,1,25,0.0,1
1,1,42,1,1195,27,14,3,2,1,2,25,0.0,1
8,1,6,0,1209,4,28,48,4,1,2,30,0.0,1
0,0,40,1,1434,65,63,23,4,1,2,25,0.0,1
1,0,38,1,818,0,81,9,3,1,1,30,373.662,1
0,0,11,2,768,0,9,11,3,1,2,25,46.041,1
4,0,5,0,2146,18,0,31,2,1,1,30,0.0,1
2,0,44,3,1051,0,35,27,2,1,2,30,0.0,1
11,0,7,0,926,62,13,21,2,1,2,25,0.0,1
2,1,38,0,1317,4,76,11,2,1,2,30,30.796,1
1,1,31,4,1294,0,14,5,3,1,2,30,442.263,1
9,1,33,1,4068,71,44,4,4,1,2,30,0.0,1
1,0,21,0,1024,5,46,25,3,1,2,30,28.513,1
19,1,13,2,3981,0,8,8,4,1,2,45,0.0,1
0,1,11,0,731,51,40,26,2,1,2,30,1.588,1
33,0,34,0,1031,0,81,0,2,1,2,30,63.394,1
11,0,43,0,1869,29,9,32,2,1,2,25,0.0,1
1,0,45,0,1353,48,17,25,3,1,1,25,32.96,1
11,0,20,0,1272,2,8,10,4,1,1,30,504.512,1
3,1,42,0,354,11,65,11,2,1,2,25,34.834,1
4,1,42,2,690,12,9,2,3,1,2,30,0.0,1
1,0,14,0,1787,11,39,8,3,1,2,30,146.801,1
0,1,35,0,2722,22,8,43,2,1,2,30,216.699,1
3,0,45,0,705,0,13,1,5,1,2,30,6.948,1
2,0,32,0,960,0,15,6,2,1,1,30,0.0,1
3,1,38,0,3902,0,34,9,3,1,1,25,32.352,1
6,1,41,1,883,0,32,12,3,1,2,25,0.0,1
2,1,43,0,2057,18,23,3,2,1,1,30,198.641,1
3,0,42,0,1050,0,38,10,2,1,1,30,0.0,1
3,1,39,0,734,0,17,5,3,1,2,30,0.0,1
3,1,5,1,2419,0,32,6,2,1,2,45,0.0,1
3,0,45,0,434,0,13,3,3,1,2,25,129.012,1
3,1,19,0,1263,8,40,5,4,1,2,25,2.913,1
3,0,45,0,2079,0,27,31,2,1,2,30,80.566,1
9,0,43,0,2568,64,15,11,2,1,2,25,65.506,1
21,1,9,0,0,59,0,5,4,1,1,45,0.0,1
0,0,41,0,935,20,80,34,2,1,2,25,0.0,1
3,1,31,0,3016,26,46,8,3,1,1,45,132.43,1
3,0,39,1,6123,1,39,20,2,1,1,25,6.173,1
9,0,35,0,2652,0,1,14,2,1,2,30,159.269,1
0,0,43,2,977,30,5,8,4,1,1,30,0.0,1
3,1,23,0,0,66,0,2,2,1,2,30,56.776,1
11,0,21,0,244,19,65,2,2,1,2,45,63.807,1
0,0,40,0,6123,9,79,6,3,1,2,45,158.675,1
3,0,38,0,1098,23,10,19,2,1,2,30,3.843,1
17,1,45,1,2290,25,10,10,4,1,1,25,249.087,1
32,0,20,0,2938,10,11,7,3,1,1,25,84.576,1
10,0,36,0,2785,15,1,8,4,1,1,30,508.1,1
1,0,37,0,917,0,49,11,3,1,2,45,26.52,1
2,0,42,1,1339,23,35,10,3,2,2,30,0.0,1
2,0,45,0,206,62,6,0,3,1,1,25,332.998,1
24,1,38,0,935,9,25,8,3,1,2,45,207.906,1
0,0,10,0,609,0,23,16,2,1,2,30,306.589,1
33,1,19,0,1836,14,14,0,2,1,2,30,0.566,1
9,0,44,1,258,0,36,47,3,1,2,30,56.814,1
1,0,44,0,2067,0,31,19,3,1,1,25,1.597,1
33,0,38,0,244,3,70,16,4,1,2,45,102.828,1
3,0,45,1,338,0,64,10,2,1,2,25,83.964,1
8,1,39,1,1214,0,182,19,3,1,2,25,136.628,1
2,0,8,0,2364,0,24,2,3,1,2,25,55.849,1
2,0,45,0,1047,0,86,2,2,1,2,25,71.327,1
16,0,36,0,6123,0,13,10,3,1,1,25,0.0,1
0,0,37,0,450,27,46,2,3,1,2,30,136.581,1
6,1,42,4,966,57,40,13,2,1,2,45,15.623,1
9,1,20,0,1864,4,8,18,3,1,1,25,134.594,1
4,1,41,0,2525,26,12,25,4,1,1,25,0.0,1
33,0,36,0,4056,53,14,45,3,1,2,25,239.787,1
23,0,11,0,190,0,11,32,3,1,1,25,0.0,1
7,1,45,1,737,0,15,3,2,1,2,30,362.709,1
32,0,45,0,2642,0,11,7,4,1,2,30,0.0,1
2,1,45,0,538,15,5,9,3,1,2,30,53.489,1
7,0,37,0,2848,0,5,19,2,1,1,25,0.0,1
0,1,41,0,410,64,5,11,2,1,2,30,0.0,1
4,1,14,0,748,0,10,7,2,1,2,30,0.0,1
2,0,43,0,1916,53,11,39,3,1,2,25,104.642,1
4,0,45,3,2444,32,8,8,2,1,2,25,270.869,1
13,1,36,2,2639,0,54,6,4,1,2,45,0.0,1
30,1,17,3,2700,22,11,0,3,1,2,45,227.279,1
1,1,12,1,5077,0,12,11,3,1,1,30,0.0,1
13,0,41,1,1185,90,10,5,3,1,1,25,0.839,1
27,1,45,2,889,31,55,5,4,1,2,30,96.746,1
1,1,31,0,742,0,20,7,3,1,1,25,90.643,1
3,1,43,0,3534,0,2,0,4,1,2,30,0.0,1
2,0,21,3,2384,18,43,8,2,1,2,30,189.7,1
10,1,41,0,2830,23,29,37,2,1,1,30,84.589,1
2,0,3,3,2659,28,13,38,3,1,2,45,0.0,1
3,0,35,2,2409,0,61,9,3,1,1,30,174.334,1
9,0,45,0,2121,0,12,47,2,1,1,30,260.906,1
3,0,21,0,2403,17,10,11,4,1,2,25,127.231,1
1,1,20,0,3154,7,2,10,2,1,2,30,89.19,1
16,1,11,1,3308,11,7,17,4,1,2,30,94.577,1
4,1,42,0,2296,0,10,31,2,1,2,45,0.0,1
18,1,29,0,2702,0,11,0,2,1,1,30,82.143,1
6,0,38,0,750,6,21,45,3,1,2,25,98.131,1
20,1,41,3,0,21,14,2,3,1,1,45,50.771,1
3,0,44,3,3056,0,9,43,2,1,2,30,91.867,1
22,1,44,0,5088,21,13,10,3,1,2,25,0.102,1
3,0,41,0,924,100,15,40,4,1,2,30,61.472,1
2,1,42,1,2589,38,32,48,3,1,1,45,75.61,1
6,1,32,2,1621,16,44,7,2,1,2,30,0.0,1
12,0,41,0,2276,50,13,24,3,1,2,30,174.377,1
11,0,45,0,2262,19,10,1,2,1,1,30,91.638,1
4,1,45,1,461,21,14,8,4,1,2,25,111.435,1
3,1,34,1,1358,19,7,24,2,1,2,25,52.853,1
4,0,31,0,617,0,38,7,4,1,1,25,0.0,1
3,0,39,0,528,1,7,31,2,1,1,45,121.358,1
4,0,33,0,354,27,5,6,4,1,2,30,28.455,1
14,1,41,0,3329,8,9,19,3,2,2,45,39.311,1
0,0,37,0,614,22,10,23,3,1,1,30,0.0,1
16,1,30,0,1355,0,4,24,2,1,2,30,0.0,1
11,1,25,0,366,0,5,15,3,1,2,30,235.993,1
10,0,14,0,662,41,12,48,5,1,1,30,115.467,1
8,0,18,2,1169,0,57,6,2,1,1,30,0.0,1
1,0,45,0,728,0,5,31,2,2,2,25,56.908,1
28,1,38,1,3748,1,71,8,3,1,2,25,33.385,1
12,0,29,0,1185,0,68,12,2,1,2,25,157.77,1
11,0,34,0,2651,99,79,5,2,2,2,45,170.344,1
11,1,45,0,1069,35,12,45,4,1,2,30,114.615,1
19,1,32,0,1371,26,4,0,3,1,1,30,523.221,1
24,0,13,0,0,39,13,16,3,2,1,30,15.656,1
7,1,33,0,4087,11,5,18,3,1,1,30,0.0,1
17,0,11,1,1268,39,75,10,3,1,2,30,103.088,1
21,1,12,3,1251,1,12,26,2,1,2,30,0.0,1
2,1,45,4,2521,1,15,11,2,1,2,30,81.291,1
11,1,42,3,1248,40,66,8,2,1,2,45,61.32,1
4,0,35,0,1004,0,5,6,4,1,2,25,52.844,1
10,1,38,0,352,34,30,7,2,1,1,30,36.501,1
3,0,45,0,1216,0,46,9,4,1,2,45,98.006,1
8,1,26,0,2850,0,62,5,3,1,2,25,84.028,1
1,0,39,0,2146,38,57,11,2,1,2,30,225.305,1
33,1,16,0,1737,12,26,7,2,1,2,30,188.394,1
3,0,42,1,1730,70,37,10,3,1,2,30,84.487,1
0,1,35,1,2198,8,11,23,4,1,2,25,0.0,1
3,0,40,0,1065,0,5,8,3,1,1,45,62.508,1
7,1,43,1,0,16,0,9,3,1,1,45,269.332,1
3,0,36,0,5552,0,13,9,2,1,1,30,0.0,1
2,0,41,1,1836,51,28,5,2,1,2,45,10.421,1
14,0,40,1,6123,12,49,32,2,1,2,25,75.053,1
14,1,45,0,4004,25,13,14,3,1,1,30,121.143,1
26,0,34,0,121,0,17,44,3,1,2,30,35.095,1
7,1,13,0,330,22,3,8,3,1,1,45,42.099,1
3,0,20,0,31,69,10,45,3,1,2,30,239.034,1
8,1,43,0,2172,4,36,28,2,1,2,25,6.816,1
7,1,15,0,0,45,5,9,3,1,2,30,0.0,1
1,1,36,0,1045,0,11,11,2,1,2,25,38.731,1
9,0,43,1,1917,17,37,5,3,1,1,30,0.0,1
3,0,45,3,4229,0,7,9,3,1,2,25,0.0,1
11,0,38,0,3416,0,41,20,3,1,2,30,0.0,1
32,1,44,0,867,35,33,7,3,1,2,45,0.0,1
3,0,32,0,1042,33,9,24,2,1,2,30,133.656,1
21,0,9,1,147,0,3,5,2,2,2,30,0.0,1
13,0,30,0,6115,27,0,44,3,1,2,45,0.0,1
4,0,42,0,2199,0,9,30,3,1,2,45,41.433,1
4,1,42,0,6123,10,75,46,3,2,2,30,0.0,1
3,0,45,0,1034,95,10,10,4,1,2,25,50.003,1
1,1,43,0,2172,0,12,8,2,1,2,30,130.193,1
1,0,18,1,355,28,33,6,2,1,1,45,26.209,1
2,0,37,0,880,25,77,15,3,1,2,25,91.207,1
0,1,44,0,437,6,89,2,2,1,2,30,42.052,1
33,0,19,1,598,0,3,40,3,1,1,30,6.535,1
33,1,17,0,806,0,56,19,3,1,2,30,310.429,1
0,0,29,0,2777,36,61,10,3,1,2,45,197.142,1
2,0,34,1,2709,0,5,37,2,1,2,30,0.0,1
3,0,41,0,1117,0,0,7,3,1,1,30,55.892,1
18,0,36,0,1724,0,3,42,4,1,2,30,275.93,1
3,0,39,1,2500,0,73,48,4,1,2,45,18.568,1
20,0,42,1,191,30,10,15,3,1,2,30,0.0,1
17,1,40,0,6123,0,48,9,3,1,2,45,0.0,1
3,1,44,0,2800,91,11,2,4,1,2,45,27.646,1
11,0,45,0,2310,0,6,31,3,1,1,25,66.561,1
32,0,7,0,5786,0,82,5,3,1,2,30,0.0,1
3,0,32,0,1463,12,14,3,3,1,1,30,0.0,1
1,1,32,0,2885,0,85,5,2,1,2,30,57.161,1
12,0,36,0,2482,44,74,29,3,1,2,30,0.0,1
4,1,39,0,1210,0,13,2,2,1,2,45,0.0,1
14,0,20,0,46,22,31,3,2,1,2,30,33.222,1
30,0,43,0,1976,57,67,8,2,1,2,25,47.179,1
5,1,16,1,999,1,68,22,3,1,1,25,0.077,1
8,1,31,0,1744,27,0,4,2,1,2,30,149.762,1
12,1,42,0,1060,0,32,9,3,1,2,30,845.846,1
0,1,21,0,1149,64,67,28,4,1,2,45,256.308,1
7,1,20,2,1436,0,21,6,4,1,2,25,0.0,1
7,0,20,0,903,5,73,10,2,1,2,30,3.283,1
11,1,36,0,997,38,14,30,3,1,2,30,263.825,1
14,0,5,0,2533,0,10,28,2,1,2,30,0.0,1
3,1,42,0,2701,0,59,6,3,1,1,25,0.0,1
33,0,23,0,4511,0,63,23,4,1,2,30,147.786,1
2,0,5,0,784,9,45,7,2,1,1,25,280.41,1
23,1,45,0,2210,0,36,4,2,1,2,45,114.336,1
12,0,45,2,1018,30,5,11,3,1,2,25,105.552,1
7,1,43,1,1283,30,9,6,2,1,2,30,0.0,1
5,0,16,0,2202,0,18,6,3,2,2,30,7.961,1
22,0,33,0,989,0,82,0,4,1,2,25,65.885,1
11,1,4,0,812,42,4,6,3,1,2,45,0.0,1
4,0,37,0,4295,3,13,10,3,1,2,25,0.0,1
0,1,45,0,874,0,42,12,3,1,1,25,0.0,1
11,0,44,0,1268,22,71,9,4,1,1,30,120.278,1
0,0,45,1,2238,25,72,3,4,1,2,25,6.519,1
1,0,40,2,2851,48,13,3,2,1,2,25,358.303,1
10,0,45,1,1291,0,31,27,2,1,1,30,0.0,1
12,0,45,0,0,38,13,5,3,1,2,30,51.308,1
9,1,45,0,512,68,82,11,2,1,2,30,113.216,1
33,1,36,0,1383,0,79,28,3,1,2,25,339.897,1
27,1,35,0,3097,38,13,48,4,2,2,45,137.572,1
3,1,41,1,1570,7,1,17,3,1,2,25,88.215,1
9,0,43,0,2764,18,65,0,3,1,2,30,0.0,1
3,0,41,0,387,31,77,8,2,1,2,30,99.54,1
4,0,14,1,943,0,72,1,4,2,2,30,31.382,1
32,0,41,1,1158,26,12,18,2,1,1,45,75.405,1
2,1,41,1,2282,1,15,8,3,1,1,25,78.693,1
18,0,22,0,6123,0,21,8,2,1,1,25,56.498,1
1,0,45,1,972,98,13,5,3,1,2,25,429.659,1
9,0,45,0,595,68,27,18,2,1,2,25,35.946,1
3,1,42,2,546,68,0,47,4,1,2,25,218.329,1
3,0,44,0,2471,28,26,10,4,1,2,25,136.252,1
3,1,19,0,1561,33,9,35,3,1,1,30,0.0,1
1,0,45,0,2587,12,14,22,3,1,2,25,279.441,1
0,0,15,0,1223,36,30,2,3,1,1,45,0.0,1
5,0,39,1,1116,15,55,10,2,1,2,30,32.679,1
10,0,44,0,2311,0,9,25,3,1,2,25,43.859,1
11,0,19,0,873,54,41,3,3,2,2,30,0.0,1
26,1,40,2,2455,38,54,8,2,1,1,45,577.117,1
17,0,45,0,1333,0,3,17,3,1,1,25,56.381,1
0,0,44,0,6123,0,12,6,2,1,1,25,63.707,1
2,0,36,0,1882,17,0,30,3,1,1,45,207.331,1
5,0,36,1,2178,0,10,12,4,1,1,25,243.116,1
0,0,32,0,2326,97,7,3,4,1,2,45,20.169,1
2,0,34,0,2747,1,0,19,3,1,2,30,0.0,1
2,1,38,0,2536,34,15,10,2,1,2,25,0.0,1
2,0,35,0,1090,6,13,43,3,1,2,30,38.599,1
4,0,45,0,1293,5,55,3,3,1,2,30,6.117,1
1,1,41,0,2286,0,13,8,3,1,1,25,278.713,1
18,0,45,2,1328,19,7,10,3,1,2,25,4.11,1
20,1,31,0,1703,89,14,37,2,1,2,30,2.014,1
5,1,45,0,415,0,12,2,2,1,2,25,0.0,1
22,1,38,1,2229,0,8,9,2,1,2,25,80.986,1
10,1,43,0,3861,3,47,4,4,1,2,45,53.855,1
7,1,34,1,1158,7,79,9,3,1,2,45,21.195,1
14,0,44,0,500,19,72,4,4,1,2,30,0.0,1
6,0,34,2,2290,6,49,35,3,1,2,45,201.739,1
16,0,35,0,2014,0,14,8,4,1,2,25,16.293,1
3,1,33,4,361,7,36,5,3,1,2,25,0.0,1
1,0,23,0,600,5,13,39,3,1,2,30,223.509,1
10,0,11,0,2624,2,9,21,2,1,1,45,0.0,1
4,0,45,0,2065,76,57,21,3,1,2,25,308.293,1
3,0,22,0,1357,29,16,26,2,1,2,30,0.0,1
12,0,44,0,1061,2,15,8,2,2,2,25,101.351,1
12,0,17,1,1721,1,32,5,4,1,2,25,66.832,1
4,0,39,0,370,9,30,4,2,1,2,45,0.0,1
13,1,29,0,3760,0,40,3,4,1,2,30,75.621,1
20,0,42,0,538,0,9,6,2,1,2,45,21.893,1
4,1,45,0,1636,1,16,9,3,1,2,45,33.386,1
30,0,37,1,531,2,16,7,2,1,2,25,141.275,1
0,0,38,0,3349,0,11,41,3,1,2,30,0.0,1
2,1,45,0,0,0,14,4,2,1,2,45,0.0,1
6,0,44,0,755,6,13,7,2,1,2,30,124.428,1
5,0,30,0,135,0,6,0,2,1,2,25,5.028,1
2,1,42,0,60,0,32,9,2,1,2,30,294.042,1
19,1,42,0,648,33,10,17,2,1,2,25,75.67,1
2,1,45,0,2645,0,77,44,3,1,1,45,36.715,1
19,0,36,0,2132,0,37,43,4,1,2,45,0.0,1
13,0,21,3,409,29,14,8,4,1,2,25,0.0,1
10,1,45,1,2074,46,17,9,3,1,1,30,20.43,1
13,0,28,0,187,0,59,27,2,1,1,30,0.0,1
0,1,41,2,0,91,11,11,4,1,2,45,0.0,1
0,0,37,0,2928,0,18,8,3,1,1,45,17.496,1
12,0,45,0,1163,31,56,5,3,1,2,25,144.685,1
12,1,22,0,2262,0,65,9,3,1,2,30,65.985,1
23,0,27,1,883,0,54,26,2,1,1,25,100.267,1
7,0,41,1,1912,61,44,21,3,1,2,45,70.012,1
11,1,40,0,259,5,70,7,2,1,1,25,354.666,1
33,0,35,1,2376,28,66,48,3,2,1,30,50.419,1
21,0,11,0,1181,1,74,14,4,1,2,30,385.638,1
9,0,15,0,4091,39,16,5,2,1,1,45,98.157,1
11,1,35,0,2405,0,87,23,3,1,1,30,146.146,1
4,1,33,1,2532,0,27,29,4,1,1,30,0.0,1
3,1,44,0,1384,0,73,10,3,1,2,25,116.649,1
24,1,16,0,1031,21,0,7,3,1,1,30,120.924,1
2,0,42,0,3312,34,1,36,2,1,2,30,288.557,1
3,0,39,1,2175,1,25,1,3,1,2,30,41.974,1
0,1,21,0,3574,0,3,3,3,1,2,45,3.821,1
6,0,32,2,228,0,39,29,2,1,2,25,29.927,1
7,0,35,0,609,0,8,8,2,1,2,25,0.0,1
3,1,42,2,2138,14,17,17,2,1,2,30,87.613,1
11,0,45,0,942,0,15,11,3,1,2,30,0.0,1
12,1,32,0,2042,8,21,3,3,1,2,25,8.595,1
10,0,32,0,1614,0,26,2,3,1,2,45,1.952,1
9,0,45,0,2576,0,6,38,3,1,2,30,112.751,1
3,0,37,0,497,6,7,4,4,1,2,25,4.884,1
1,0,16,0,3088,0,78,23,4,1,2,25,12.377,1
12,0,35,0,3108,42,68,8,2,1,2,30,101.581,1
10,0,34,0,1025,0,46,44,2,1,2,30,0.0,1
17,1,39,1,2827,0,42,8,2,1,2,25,6.212,1
3,1,41,0,1353,11,10,19,2,1,2,30,0.0,1
8,0,28,0,2681,0,11,1,3,1,2,30,0.0,1
10,0,37,0,3310,32,14,11,2,1,2,30,0.0,1
4,0,23,0,2879,3,27,34,3,1,2,25,21.001,1
14,1,43,0,2869,0,54,43,2,1,2,30,0.0,1
23,0,41,0,1150,0,70,48,2,1,1,25,67.944,1
14,1,41,0,535,0,37,4,3,1,2,30,0.0,1
4,0,44,0,1276,0,12,9,3,1,2,25,0.0,1
11,0,45,0,651,2,11,2,2,1,2,25,135.87,1
4,1,42,0,2047,36,31,6,4,1,2,30,354.068,1
9,0,27,1,2453,44,92,48,2,1,2,25,93.321,1
7,0,35,1,1718,100,11,22,2,1,1,30,0.0,1
2,0,44,2,717,0,13,24,3,1,1,45,64.548,1
1,0,33,1,2532,30,41,23,3,1,2,30,0.0,1
13,0,16,2,2333,26,12,18,2,1,2,25,29.669,1
3,0,38,1,819,0,69,4,3,1,2,25,153.279,1
2,1,39,2,1471,6,43,11,3,1,2,25,42.905,1
9,0,43,0,2841,64,8,6,4,1,2,25,0.0,1
3,0,30,0,1463,0,4,2,3,1,2,30,0.0,1
12,0,32,0,2441,35,4,8,2,1,2,25,53.416,1
12,0,22,0,0,100,50,3,3,1,2,25,208.567,1
9,0,36,0,2740,18,46,39,3,1,2,45,0.0,1
4,1,43,0,4162,0,55,17,2,1,2,45,0.0,1
6,0,40,3,3190,4,76,48,2,1,2,30,101.408,1
23,0,36,2,1401,5,7,2,3,1,1,45,0.0,1
2,0,12,0,723,15,12,40,2,1,2,45,6.589,1
33,0,45,0,0,13,13,7,2,1,2,25,311.746,1
11,0,33,0,2126,0,11,23,3,1,2,45,32.741,1
4,0,35,3,2320,30,29,7,4,1,2,45,0.0,1
4,1,13,0,72,22,8,26,2,1,2,25,44.778,1
6,0,32,2,3426,4,30,6,3,1,2,45,32.328,1
0,1,38,0,4655,28,0,2,4,1,1,25,98.732,1
0,1,45,0,959,40,26,9,4,1,2,25,0.0,1
0,0,24,0,2188,0,10,21,3,1,2,25,0.0,1
18,1,6,0,2783,0,10,39,3,2,2,25,9.603,1
22,0,3,0,2361,0,15,1,3,1,2,30,0.0,1
11,0,34,2,2157,24,12,10,4,1,2,55,77.662,1
4,1,40,0,1049,75,61,3,3,1,2,30,30.113,1
10,0,14,0,6123,33,9,26,4,1,2,30,99.908,1
21,0,44,0,903,8,33,5,3,1,2,45,204.141,1
3,1,28,2,880,0,8,24,3,1,2,25,33.782,1
3,1,45,0,2228,58,52,16,2,1,2,30,21.879,1
12,1,16,0,1819,0,80,39,2,1,2,30,71.752,1
3,0,35,0,2801,77,57,22,3,1,1,25,0.0,1
12,1,38,1,3595,14,6,22,3,1,1,45,0.0,1
3,1,45,0,2395,0,13,39,4,1,1,30,91.484,1
22,1,14,0,2087,67,6,4,3,1,2,30,6.873,1
24,0,44,1,2816,24,9,3,4,1,2,45,31.503,1
3,0,18,0,963,11,47,3,3,1,1,45,66.027,1
4,1,43,0,935,12,71,48,3,1,2,30,197.855,1
27,0,37,0,712,8,14,25,3,1,2,45,305.005,1
0,0,45,0,2833,37,7,40,4,1,2,25,9.493,1
4,0,42,2,6123,50,74,5,2,1,2,25,0.0,1
6,1,35,1,2685,63,12,45,3,1,1,30,294.076,1
0,0,44,1,500,0,1,9,2,1,1,30,151.954,1
1,1,43,0,545,30,68,5,2,1,1,30,108.931,1
19,1,44,0,226,30,71,6,2,1,2,25,292.678,1
3,1,44,0,866,73,83,48,2,1,2,30,119.206,1
2,1,45,0,5918,0,8,47,3,2,2,25,63.381,1
0,0,41,0,3090,0,11,17,2,1,2,25,284.94,1
11,0,37,0,4453,0,26,7,3,1,2,25,987.255,1
11,0,43,0,1518,23,46,10,2,1,2,25,0.0,1
33,0,9,0,3136,11,49,5,3,1,2,25,53.948,1
1,1,44,0,1930,45,46,9,3,1,2,30,53.349,1
2,0,18,0,762,0,22,6,5,1,1,30,257.013,1
3,0,34,0,2970,0,204,26,2,1,2,25,149.851,1
11,0,42,0,1904,31,75,25,3,1,2,45,86.391,1
20,1,43,0,1061,0,13,6,2,1,2,25,0.0,1
9,1,41,1,2625,34,8,23,3,1,2,25,27.003,1
4,0,32,2,1555,0,10,26,3,1,2,30,0.0,1
3,0,16,0,768,23,75,48,3,1,1,30,2.058,1
2,0,42,1,3417,42,15,4,2,1,2,25,0.0,1
29,1,39,0,3347,0,16,29,2,1,1,45,0.0,1
7,0,30,0,2612,16,6,7,4,1,2,25,192.77,1
4,1,45,0,989,2,3,19,3,1,2,30,71.691,1
33,0,39,1,1427,81,23,29,4,1,1,25,185.652,1
12,1,43,0,613,56,8,20,2,1,2,25,188.367,1
3,1,20,0,2527,1,58,6,3,1,2,25,462.65,1
0,0,40,0,2503,0,38,1,2,1,2,25,288.003,1
16,0,43,0,729,0,67,3,4,1,2,30,46.861,1
7,1,45,0,1666,0,16,9,3,1,1,30,0.0,1
4,1,9,0,607,48,6,25,3,1,2,25,243.885,1
2,0,8,0,1071,34,14,6,3,1,2,30,67.465,1
3,0,28,2,962,10,49,48,3,1,1,25,296.912,1
4,0,33,0,2668,0,0,14,4,1,2,45,218.3,1
33,1,41,0,1339,0,6,8,3,1,2,25,80.176,1
0,0,20,0,2567,12,5,7,2,1,2,30,104.216,1
2,1,43,0,1436,15,77,11,2,1,1,25,0.0,1
14,1,45,0,5582,0,10,4,3,1,1,30,0.0,1
4,1,20,0,2240,32,31,10,4,1,2,30,92.285,1
3,0,43,0,2381,95,74,8,2,1,1,30,79.628,1
12,0,39,0,1874,38,21,8,3,1,2,25,0.0,1
12,0,41,1,1597,52,12,37,3,1,2,25,0.0,1
20,0,36,0,1870,0,15,7,2,1,2,30,0.0,1
33,1,42,0,3672,27,50,40,3,1,2,25,420.753,1
10,0,38,0,4523,0,52,7,3,1,2,30,264.154,1
9,1,28,2,3001,38,9,45,2,1,2,30,83.395,1
13,1,6,0,377,0,9,8,3,1,1,25,0.0,1
14,1,34,3,6026,0,18,4,4,1,1,30,0.0,1
30,1,32,0,2509,4,12,37,2,1,1,25,82.571,1
9,1,21,0,3290,61,2,7,2,1,2,45,159.403,1
3,0,14,0,886,0,6,10,3,1,2,25,0.0,1
12,1,25,0,393,39,60,9,3,1,2,25,0.0,1
4,0,45,1,1166,47,49,6,3,1,1,45,0.0,1
4,1,15,1,2487,30,11,6,2,1,2,30,46.095,1
18,0,39,0,1001,13,38,11,3,1,2,25,4.972,1
21,0,20,0,360,7,5,4,2,1,1,25,42.787,1
13,0,37,0,4493,0,12,29,3,1,2,25,250.506,1
12,0,43,2,4071,9,37,1,4,1,2,30,987.255,1
11,0,36,0,2775,0,11,7,2,1,2,45,207.569,1
26,1,37,0,6123,21,3,42,3,1,2,30,0.0,1
13,1,44,0,1673,0,62,7,3,1,2,45,62.281,1
14,0,45,3,2369,40,204,27,3,1,2,25,199.599,1
9,0,45,0,1003,3,20,10,3,2,1,25,161.922,1
2,0,31,0,3202,0,64,26,3,1,2,30,30.148,1
16,1,42,0,716,13,48,29,3,1,2,25,68.85,1
4,0,38,0,965,0,45,24,3,2,1,30,272.145,1
2,1,22,0,1844,0,11,39,2,1,2,30,9.247,1
9,0,45,0,1850,1,57,23,3,1,2,25,234.953,1
25,0,45,0,668,0,13,3,2,1,2,45,45.942,1
11,0,10,0,2081,41,11,31,4,1,2,25,32.516,1
4,0,44,0,2950,0,59,14,2,1,1,30,0.0,1
33,0,19,2,3279,35,15,9,3,1,2,30,66.1,1
2,1,38,0,1337,17,13,7,3,1,1,25,474.092,1
9,1,45,0,4132,18,14,27,4,1,2,30,0.0,1
7,1,30,0,0,51,0,3,3,2,1,30,0.0,1
8,0,35,2,555,26,50,37,2,1,1,30,42.075,1
10,1,45,0,1005,0,32,7,4,1,2,25,513.578,1
3,0,33,0,2833,0,35,26,3,1,2,45,250.948,1
9,1,28,0,593,0,6,23,3,1,2,30,0.0,1
13,0,43,0,5923,14,30,23,3,1,2,30,184.399,1
11,0,36,2,2235,25,27,4,3,1,2,25,164.797,1
10,1,42,0,1188,46,56,27,2,1,2,25,166.455,1
8,1,36,0,1555,0,3,42,4,1,1,30,40.192,1
6,1,28,2,929,9,4,15,3,1,2,25,101.794,1
27,0,45,0,3245,20,40,5,3,1,1,30,10.931,1
3,1,43,0,1569,4,13,8,2,1,1,30,363.504,1
11,1,45,0,2585,18,2,41,2,2,2,30,11.65,1
3,0,41,4,2039,21,9,2,3,1,2,30,111.047,1
3,0,40,0,1189,9,7,6,2,1,2,45,32.614,1
3,0,39,0,3082,7,47,10,3,1,1,45,34.228,1
22,1,26,0,603,0,5,9,3,1,2,25,206.33,1
21,1,43,2,473,11,42,5,4,1,2,30,36.062,1
30,0,45,0,1982,0,73,36,4,1,1,25,182.587,1
4,0,37,2,686,0,64,4,3,1,2,30,0.0,1
2,1,12,0,161,0,41,8,2,1,2,25,0.0,1
1,0,38,0,2598,6,13,25,4,1,2,25,0.0,1
3,1,29,0,3304,45,9,4,3,1,1,30,71.143,1
0,0,44,1,2199,8,49,31,2,1,2,30,221.289,1
0,0,35,1,446,54,67,5,4,1,2,30,216.869,1
18,0,19,1,2275,0,14,6,3,1,2,30,49.028,1
1,1,38,0,2343,33,155,20,3,1,2,30,100.695,1
26,0,45,0,1021,47,14,9,2,1,2,25,0.0,1
4,0,41,0,3254,0,8,6,3,1,2,45,0.0,1
24,1,30,3,1351,23,44,3,3,1,2,25,232.283,1
33,1,34,0,1411,18,23,23,3,1,1,30,84.462,1
22,1,16,1,1217,26,16,28,3,1,2,30,0.0,1
2,1,37,1,2401,0,12,10,3,2,2,25,0.0,1
21,1,35,0,2564,0,4,6,3,1,2,45,7.998,1
0,0,39,1,1755,0,15,37,3,1,2,45,31.979,1
8,1,11,0,658,26,36,9,3,2,2,25,0.0,1
3,1,34,0,985,0,48,26,3,1,2,30,93.141,1
10,0,12,0,3011,27,45,9,2,1,2,45,0.0,1
8,0,33,0,6123,29,12,25,2,1,2,25,1.493,1
7,0,35,1,325,12,13,0,3,1,2,30,15.299,1
12,0,42,1,1840,0,9,44,3,1,1,25,0.206,1
12,1,45,1,2425,37,10,26,3,1,1,25,208.043,1
18,0,43,2,95,0,13,7,3,1,2,30,318.275,1
24,0,44,0,2007,16,9,8,2,1,2,45,0.0,1
33,0,38,0,235,0,13,0,2,1,2,30,579.73,1
2,0,42,2,2712,0,84,4,2,2,2,30,175.507,1
25,0,30,0,2544,0,10,9,4,1,2,45,47.094,1
9,0,7,0,3876,0,7,41,2,1,2,25,0.0,1
2,1,40,0,103,0,31,17,2,1,1,25,106.144,1
1,1,41,2,963,25,4,21,2,1,2,30,13.904,1
2,1,42,0,1012,0,16,11,3,1,2,30,245.355,1
2,0,41,0,573,0,57,47,3,1,2,30,987.255,1
2,1,44,0,456,29,68,11,3,1,2,30,0.0,1
5,1,44,0,6123,12,38,45,2,1,2,30,0.0,1
7,0,45,1,87,0,4,6,2,1,2,30,0.0,1
0,1,45,0,1641,72,6,22,3,1,2,30,3.026,1
6,1,22,3,393,0,2,10,4,1,2,25,70.921,1
11,0,22,0,872,0,14,9,2,1,2,45,0.0,1
1,0,44,0,1409,43,12,46,4,1,2,25,132.354,1
3,1,36,0,896,29,16,9,3,1,1,25,3.708,1
1,0,30,0,896,0,28,36,3,1,2,30,0.0,1
3,0,35,0,692,0,34,2,3,1,2,25,199.978,1
0,1,41,1,919,12,12,11,3,1,2,30,63.605,1
4,0,45,0,1816,0,5,31,3,1,1,25,57.369,1
6,0,32,1,2113,50,68,4,4,1,2,45,82.375,1
4,0,44,0,901,72,80,8,3,1,2,30,224.674,1
9,1,45,1,32,0,34,11,3,1,1,30,987.255,1
22,1,45,2,3497,0,38,2,4,2,2,30,833.889,1
11,0,44,0,1824,0,11,6,3,1,2,30,633.642,1
1,0,25,0,2722,8,27,7,3,2,2,45,279.615,1
18,0,16,0,1378,0,48,3,2,1,2,25,13.257,1
28,1,31,0,2027,50,19,5,3,1,2,45,85.262,1
12,1,42,0,2364,0,70,6,4,1,1,30,0.0,1
15,1,16,0,1509,39,36,7,3,1,2,30,0.0,1
2,0,40,0,716,0,41,4,3,1,2,25,41.595,1
10,0,40,0,2603,14,11,15,2,1,1,30,185.644,1
1,0,37,1,2487,0,0,48,2,1,2,25,0.0,1
9,1,22,2,1498,46,69,6,3,1,2,55,0.0,1
2,1,22,1,474,0,20,21,2,1,2,30,91.586,1
7,1,41,0,1004,0,13,6,4,1,2,45,79.47,1
0,0,45,0,2782,0,52,6,2,1,1,30,8.493,1
12,1,15,0,2378,0,11,25,2,1,1,45,27.962,1
4,0,45,0,964,0,14,6,2,1,2,30,39.28,1
1,1,19,0,2481,0,80,1,2,1,1,25,8.483,1
4,1,42,0,1065,0,10,16,3,2,2,45,377.142,1
12,1,31,1,2022,18,6,43,2,1,1,30,6.481,1
2,1,45,3,3120,73,9,6,3,1,2,30,0.0,1
19,0,24,3,6123,0,18,10,2,1,2,45,97.929,1
9,1,40,1,827,2,1,6,2,1,1,25,53.968,1
3,0,15,0,742,0,31,7,3,1,2,45,93.377,1
28,0,27,0,1332,0,12,8,4,1,2,30,13.419,1
12,1,36,0,2800,93,204,31,2,1,2,30,287.805,1
4,0,36,1,1666,0,44,0,2,1,2,30,52.051,1
2,1,30,0,1072,2,39,7,4,1,2,25,6.105,1
2,0,31,0,529,0,13,5,2,1,2,30,1.705,1
3,1,41,0,710,24,79,34,4,1,2,30,34.446,1
15,0,35,0,2942,30,9,12,3,1,2,25,0.0,1
8,0,34,0,1167,0,57,5,2,1,2,25,22.286,1
0,0,39,1,267,4,17,34,4,1,2,30,16.467,1
10,0,18,0,0,0,46,0,3,1,1,25,0.0,1
11,1,9,0,6123,3,17,6,4,1,2,25,307.413,1
9,0,38,0,3349,13,51,42,4,1,2,30,0.0,1
8,1,14,0,678,0,12,9,2,1,2,25,25.905,1
17,1,41,1,1372,0,70,8,3,1,2,25,0.0,1
33,1,40,0,1967,0,72,6,3,1,2,45,243.901,1
33,0,7,0,696,56,9,3,3,1,2,25,0.0,1
0,0,45,0,702,0,13,8,2,1,2,30,0.0,1
13,1,29,1,2398,7,6,6,4,1,2,30,251.602,1
22,1,39,0,913,0,69,6,3,1,2,45,63.577,1
16,1,31,0,2883,26,83,38,4,1,2,25,13.164,1
4,0,37,0,621,8,40,33,4,1,2,25,0.0,1
2,1,41,0,1736,0,38,1,3,1,2,30,147.577,1
16,1,37,0,597,90,9,7,3,1,1,25,50.102,1
11,0,42,0,4043,17,0,31,3,2,2,30,213.124,1
28,0,44,0,1123,61,7,24,3,1,1,30,40.131,1
9,0,37,0,350,17,11,1,2,1,2,25,42.541,1
0,0,45,0,2259,0,14,46,4,1,1,30,0.0,1
1,0,37,0,2219,46,10,5,4,1,2,55,78.797,1
3,1,45,0,2024,5,23,6,2,1,2,45,14.18,1
16,1,45,0,2518,17,9,12,2,2,2,30,42.543,1
13,0,45,0,700,19,47,10,2,1,2,30,79.89,1
3,0,38,1,1135,28,11,9,2,1,2,30,147.622,1
8,0,37,0,2072,94,76,20,3,1,2,30,52.855,1
11,0,37,0,703,0,16,40,3,1,1,30,29.031,1
2,0,30,0,2032,57,11,10,3,1,2,30,22.193,1
8,0,40,0,0,4,28,21,4,1,2,25,0.0,1
0,1,33,3,1064,34,0,19,3,2,2,25,30.7,1
12,0,34,0,2435,11,25,11,4,1,2,30,0.0,1
3,1,20,0,1046,0,20,36,5,1,2,45,114.077,1
9,0,39,0,2498,0,60,5,2,1,1,25,48.603,1
24,0,43,0,6123,0,11,18,2,1,2,30,31.538,1
3,0,17,1,492,16,12,8,3,1,2,30,200.046,1
13,0,28,0,2538,3,42,2,3,1,1,45,0.0,1
11,0,43,0,2525,17,13,4,4,1,2,30,11.533,1
12,1,32,0,3041,0,43,26,3,1,2,45,0.0,1
15,1,34,0,2257,12,4,5,4,1,2,45,422.631,1
18,1,38,0,1010,56,14,7,3,1,2,25,99.856,1
19,0,30,0,2213,4,12,8,3,1,1,30,118.983,1
2,0,17,2,2470,41,8,8,3,1,1,25,0.0,1
5,1,40,0,2926,66,49,38,4,1,1,45,175.783,1
14,1,45,0,5229,0,68,2,2,1,2,45,0.0,1
3,1,37,0,1225,0,84,48,4,1,2,25,45.463,1
2,1,23,0,524,18,82,5,3,1,1,25,243.327,1
11,0,35,0,2097,0,2,3,2,1,2,25,0.0,1
7,0,22,0,3427,24,7,6,3,2,1,25,165.764,1
20,1,4,0,850,13,76,46,4,1,1,30,3.282,1
1,1,41,1,963,0,7,0,3,1,2,25,207.984,1
3,1,45,0,2604,0,9,8,2,1,1,30,0.0,1
2,1,42,1,1104,0,55,46,2,1,2,45,0.299,1
13,0,45,2,370,7,61,11,2,1,2,25,78.361,1
29,1,37,0,2826,2,59,3,3,1,2,30,67.821,1
0,1,45,1,2782,48,58,6,3,1,1,30,12.905,1
8,0,43,0,1960,74,67,29,4,1,1,25,70.986,1
19,1,29,0,865,15,12,37,4,1,2,30,0.0,1
11,1,43,0,1434,17,38,9,3,1,2,25,90.555,1
13,0,16,0,1990,3,8,12,3,1,2,25,81.498,1
0,1,14,0,1465,0,15,9,3,1,2,25,74.966,1
24,0,42,0,2245,49,58,11,3,1,1,30,18.383,1
0,1,25,2,823,31,54,4,4,1,1,30,0.0,1
3,1,43,2,951,29,12,1,2,1,1,30,0.0,1
3,1,36,2,2457,0,9,43,2,1,1,25,77.987,1
13,0,45,2,2810,34,7,9,4,1,1,25,2.351,1
2,0,39,0,1689,0,8,27,4,1,2,30,10.287,1
14,1,41,0,1230,22,3,8,4,1,2,45,91.342,1
2,0,37,3,2569,4,6,5,2,1,2,30,62.521,1
12,1,18,4,1562,0,10,15,4,1,2,30,307.844,1
1,1,36,0,1473,0,41,28,3,1,1,30,987.255,1
1,0,43,1,264,34,30,46,3,1,2,25,58.037,1
3,0,35,0,1142,0,85,43,3,1,2,30,0.0,1
6,1,35,0,1265,23,8,8,2,1,2,30,195.202,1
3,0,8,0,2323,6,9,25,3,1,1,30,29.842,1
0,1,13,0,1123,28,29,4,2,1,1,30,0.0,1
9,0,39,0,498,9,8,33,3,1,1,25,0.0,1
3,0,36,1,0,9,7,48,2,1,2,25,0.0,1
2,1,39,0,740,0,24,7,2,1,1,25,230.663,1
24,1,9,0,1181,18,11,22,3,1,2,30,0.0,1
3,0,7,0,578,0,16,9,2,1,2,30,0.0,1
13,0,16,0,638,0,12,26,3,1,2,25,31.763,1
2,1,37,0,927,31,87,31,2,1,1,30,93.038,1
4,1,43,1,3659,0,26,9,2,1,2,30,826.833,1
4,1,23,0,807,0,29,39,2,1,1,25,0.0,1
3,0,14,0,1341,0,38,11,2,1,2,30,0.0,1
4,0,38,0,1398,23,73,6,4,1,2,25,66.739,1
0,0,16,0,3341,58,7,22,4,1,2,30,0.0,1
4,0,45,1,2788,17,12,8,2,1,2,30,63.461,1
10,0,40,4,881,27,51,8,3,1,2,30,0.0,1
18,0,39,0,3008,19,32,4,2,1,2,30,54.009,1
12,0,45,0,518,0,204,9,3,1,1,30,73.541,1
1,0,38,0,1830,15,32,3,3,1,2,30,234.956,1
28,1,19,0,1220,3,44,15,2,1,2,25,134.506,1
8,1,44,2,1304,34,8,10,3,1,2,30,67.434,1
0,1,18,1,795,41,44,28,3,1,1,45,112.218,1
1,0,45,0,170,0,10,9,2,1,2,45,0.0,1
11,0,37,0,486,11,44,7,3,1,2,25,261.717,1
29,1,34,0,679,24,34,7,3,1,2,25,301.755,1
3,0,45,0,2988,28,16,10,2,1,2,25,256.867,1
11,0,39,0,2410,27,40,5,3,1,2,30,133.775,1
4,0,41,0,2309,82,0,0,4,1,2,45,101.752,1
2,0,40,0,974,0,5,10,3,1,1,45,331.045,1
19,0,43,0,157,24,0,45,3,1,2,30,71.378,1
6,1,45,0,317,0,25,44,3,1,2,25,0.0,1
2,1,39,0,448,6,11,8,4,1,2,30,156.544,1
15,1,36,0,1717,44,42,34,4,1,2,45,0.0,1
11,1,40,0,1408,17,50,44,2,1,1,25,0.0,1
1,1,30,2,1529,1,14,6,3,1,2,25,18.998,1
21,0,40,0,1413,0,8,5,2,1,2,30,0.0,1
0,1,17,0,1563,19,5,39,3,1,2,45,66.805,1
0,1,34,1,1914,0,68,8,4,1,2,55,258.46,1
11,1,32,0,1455,0,5,21,3,1,2,25,167.228,1
2,0,5,0,6123,2,69,32,3,1,2,25,0.0,1
9,1,37,0,781,1,57,39,3,1,2,45,234.475,1
3,1,45,0,2884,40,75,4,3,1,2,25,0.0,1
14,0,33,0,321,17,0,23,3,1,2,45,0.0,1
7,1,19,0,1697,0,63,29,2,1,2,45,111.14,1
0,0,41,1,257,0,45,6,2,2,2,30,97.079,1
19,0,9,0,1324,4,32,0,3,1,2,25,0.0,1
14,0,37,0,2917,21,69,6,4,1,2,30,31.249,1
11,1,9,0,1284,42,41,9,2,1,2,25,83.587,1
7,0,43,0,2196,4,83,22,3,1,1,25,191.502,1
3,0,41,0,1278,12,9,7,4,1,2,25,50.741,1
3,0,32,2,3574,15,10,18,3,1,2,30,57.341,1
4,1,19,0,1411,17,15,30,4,1,2,25,0.0,1
3,0,45,1,888,21,5,9,4,1,1,55,7.581,1
6,0,5,0,383,52,41,6,2,1,2,25,160.468,1
13,1,44,0,2617,0,84,25,2,1,2,30,27.879,1
4,0,37,0,839,24,15,9,4,1,2,45,0.0,1
22,1,18,0,883,24,43,11,2,1,1,45,316.291,1
1,0,41,0,1834,48,75,4,2,1,1,45,26.285,1
10,1,33,0,2151,25,12,10,3,1,1,30,32.052,1
30,0,10,0,4512,5,27,10,4,1,1,25,69.878,1
25,0,36,0,1007,64,54,43,3,1,1,25,0.0,1
29,1,32,1,2383,26,39,3,3,1,1,45,0.0,1
0,0,45,0,259,20,0,48,3,1,1,25,74.721,1
4,1,39,0,2859,9,0,12,3,1,1,30,307.092,1
23,1,7,0,1762,6,14,39,3,1,1,25,413.734,1
4,0,45,0,555,12,14,0,4,1,2,25,249.119,1
10,1,44,0,423,27,8,4,2,1,2,55,33.633,1
4,0,28,0,592,0,10,4,3,1,1,30,18.794,1
12,0,27,0,482,0,40,5,3,1,2,25,0.0,1
4,0,45,0,1740,0,4,15,3,1,1,30,0.0,1
2,0,42,2,1128,0,75,6,3,1,1,25,0.0,1
9,1,44,3,3443,0,14,10,2,1,1,30,0.0,1
1,1,45,0,397,23,53,19,2,1,2,25,0.0,1
23,0,35,0,2575,38,29,7,3,1,2,25,5.93,1
4,0,13,0,1162,0,64,6,2,1,2,25,0.0,1
19,0,35,0,2721,11,13,46,3,1,2,30,0.0,1
33,1,34,1,1120,0,12,7,4,1,2,30,0.0,1
3,0,44,0,1813,0,31,8,2,1,2,30,24.559,1
9,1,42,0,1513,9,7,5,2,1,1,25,0.0,1
27,1,42,0,2641,0,13,7,5,1,2,25,52.337,1
25,0,45,0,2618,38,10,2,3,1,2,30,126.879,1
16,0,39,4,1693,0,17,31,4,1,1,30,4.677,1
10,0,36,0,1987,37,11,11,4,2,2,30,56.496,1
10,0,44,0,412,4,40,40,3,1,2,45,149.842,1
1,0,44,0,1991,11,18,9,2,1,2,45,35.699,1
26,0,42,1,763,38,36,10,2,1,2,25,5.133,1
19,0,39,0,0,0,42,11,2,1,1,30,0.0,1
0,1,39,1,5807,54,5,44,2,1,1,25,45.113,1
3,0,45,0,2572,72,28,10,3,1,1,25,197.013,1
15,0,35,0,943,36,204,19,2,1,2,30,23.807,1
33,0,32,1,1434,6,23,48,3,1,1,45,453.798,1
13,0,39,0,2919,0,79,7,2,1,2,25,156.953,1
31,0,16,0,1012,9,70,28,4,1,1,25,150.126,1
3,0,9,0,1231,2,18,45,3,1,2,45,160.776,1
33,1,40,0,1571,40,0,35,2,1,2,25,147.718,1
3,0,45,0,30,26,15,9,2,1,2,45,0.0,1
3,1,34,2,2952,0,33,19,3,1,2,30,0.0,1
21,1,8,0,332,0,53,10,2,1,1,45,104.688,1
2,0,39,1,1552,0,13,22,2,1,1,45,384.304,1
6,0,19,0,1066,0,43,21,3,2,1,25,42.543,1
11,0,8,0,1287,16,15,3,3,1,1,25,0.0,1
25,1,14,0,1900,46,60,36,4,1,1,30,69.325,1
9,1,38,0,345,6,36,5,3,1,2,30,297.045,1
10,1,33,0,856,0,13,11,2,1,2,25,0.0,1
14,0,33,0,4209,13,38,4,4,1,1,30,253.824,1
0,1,40,0,963,0,20,8,2,1,1,25,99.625,1
3,0,39,0,1289,0,79,7,2,1,2,25,78.242,1
18,0,17,3,2103,10,16,10,3,1,2,25,126.006,1
14,0,36,0,1063,13,14,0,3,1,2,45,0.0,1
2,0,36,0,1832,0,25,10,2,1,2,45,143.312,1
4,1,32,0,2143,32,41,2,3,1,2,30,0.0,1
12,1,3,1,1199,33,47,9,2,1,1,30,73.909,1
2,1,28,2,1372,0,1,8,3,1,1,30,0.0,1
4,0,45,2,1087,0,69,9,2,1,2,45,23.775,1
10,0,45,0,1710,21,11,9,3,1,2,30,89.446,1
2,1,40,1,6123,25,65,11,3,1,2,45,18.495,1
14,0,37,0,1792,0,37,0,2,1,1,45,43.242,1
12,0,35,0,4568,0,86,9,3,1,1,30,180.943,1
6,1,45,0,939,100,6,26,3,1,2,25,179.053,1
4,1,40,0,5530,58,3,25,2,1,1,30,0.0,1
13,0,13,0,2612,20,8,13,2,1,2,55,60.514,1
3,0,42,2,6123,0,37,21,2,1,1,30,39.947,1
33,0,29,0,4152,27,84,4,3,1,2,25,0.0,1
6,1,37,0,1922,4,34,11,2,1,2,45,60.328,1
1,1,21,0,991,85,45,8,2,1,2,25,296.589,1
1,0,21,1,3349,30,0,26,2,1,2,45,6.239,1
3,0,42,0,3101,25,8,8,3,1,1,25,78.376,1
0,1,37,1,150,60,41,11,3,1,1,25,74.514,1
14,1,37,2,2878,20,16,3,3,1,1,25,0.0,1
0,0,45,0,3614,35,57,41,3,1,2,25,62.038,1
15,0,40,0,1370,22,28,3,3,1,2,30,42.813,1
9,0,42,0,2885,36,14,39,3,1,2,25,190.362,1
9,1,17,0,1354,0,46,25,2,1,1,30,296.214,1
2,0,37,1,3268,24,55,8,3,1,2,30,73.863,1
3,1,23,2,1115,47,80,3,3,1,2,45,123.769,1
24,0,45,0,1537,5,42,9,4,1,2,45,125.309,1
28,0,45,0,957,31,66,28,3,1,1,30,230.666,1
21,1,21,0,1367,29,44,4,3,1,1,30,11.162,1
23,1,13,0,956,27,75,27,3,1,2,30,46.568,1
1,0,37,0,3554,65,12,11,3,1,2,30,84.118,1
12,1,40,1,1819,0,7,9,3,1,1,30,0.0,1
1,1,22,0,0,0,64,6,2,1,2,30,81.416,1
2,1,32,0,2079,0,16,37,3,1,2,30,0.0,1
20,0,40,0,1129,0,81,10,3,1,2,25,0.0,1
1,1,45,0,1792,58,70,11,3,1,1,30,224.287,1
8,0,35,0,1239,0,12,10,3,1,2,45,449.031,1
21,1,45,0,3655,19,35,0,3,1,2,30,161.442,1
2,1,42,3,606,0,27,7,2,1,2,30,0.0,1
11,0,40,0,804,0,74,8,3,1,1,25,187.162,1
11,1,43,0,158,85,18,28,3,1,1,25,56.496,1
12,1,44,0,1281,15,70,41,2,1,2,30,53.53,1
2,1,40,2,2568,0,11,45,3,1,2,25,0.0,1
2,0,45,0,1198,27,74,6,3,2,2,45,275.488,1
1,0,37,1,407,6,34,10,2,1,2,30,0.0,1
11,1,16,0,2744,0,47,0,2,1,1,30,0.0,1
15,0,39,0,1525,16,14,2,2,1,2,25,0.0,1
15,0,39,0,653,0,80,7,3,1,2,25,167.473,1
10,0,34,0,1317,35,51,2,2,1,1,30,0.776,1
33,0,44,0,2454,0,40,6,3,1,2,30,0.0,1
13,0,22,0,4510,14,16,38,2,1,1,30,130.411,1
3,1,39,2,2699,49,15,26,3,1,2,45,54.845,1
4,1,45,0,818,86,52,8,2,1,2,30,61.82,1
21,1,33,0,2646,26,20,29,3,1,2,25,248.105,1
15,0,38,0,2272,82,0,48,3,1,1,30,149.249,1
10,0,45,0,2787,11,34,8,3,1,2,25,256.275,1
11,0,13,0,1511,0,78,0,3,1,2,25,40.732,1
12,0,21,0,2063,27,65,1,3,1,2,45,0.0,1
3,1,45,1,1486,0,14,3,3,1,2,45,93.568,1
19,0,44,0,1827,32,6,21,4,1,2,45,187.682,1
22,1,42,0,1540,40,61,4,4,1,1,30,0.0,1
18,0,39,0,2325,22,16,9,4,1,2,30,228.244,1
2,0,36,0,1095,34,7,13,3,1,2,25,202.598,1
33,1,38,0,2779,0,67,2,3,1,2,30,222.764,1
33,0,39,0,424,48,36,7,2,1,2,25,31.607,1
13,0,45,2,1450,16,43,29,2,1,2,25,137.252,1
3,1,45,0,3866,5,9,40,3,1,2,45,0.0,1
18,1,37,0,2707,34,35,10,2,1,2,30,0.0,1
25,0,45,3,2441,0,55,33,3,1,2,30,231.201,1
3,0,43,3,2529,24,14,6,3,1,2,45,0.0,1
5,0,32,0,2645,5,4,3,3,1,1,25,39.676,1
4,0,36,0,1256,51,10,44,3,1,1,30,0.0,1
4,0,16,0,491,0,4,44,4,1,1,30,0.0,1
3,1,42,0,2454,0,5,4,4,1,2,45,0.0,1
14,1,40,0,902,9,10,45,4,1,2,25,123.12,1
12,1,45,2,2199,76,72,44,3,1,2,30,0.0,1
14,0,42,0,1747,10,59,15,2,1,2,25,316.439,1
3,0,37,0,2722,8,37,4,3,1,2,30,0.0,1
4,1,10,2,644,15,7,8,4,1,2,30,0.0,1
6,0,33,2,2479,0,23,9,2,1,1,30,0.0,1
11,0,45,0,1755,0,13,32,5,1,1,30,49.207,1
3,0,7,0,1998,4,11,21,2,1,2,25,121.474,1
22,1,40,0,1540,77,7,7,4,1,2,30,147.038,1
3,0,43,0,1914,0,10,2,2,1,2,30,112.332,1
0,0,44,0,3441,8,33,26,2,1,2,25,176.171,1
3,1,38,0,3992,44,67,9,4,1,1,25,90.528,1
2,1,43,0,1512,25,6,46,2,1,1,45,160.188,1
23,0,14,0,1092,50,9,5,3,1,2,25,169.602,1
0,1,24,1,682,0,5,30,2,1,2,30,97.195,1
4,1,39,0,3539,99,53,11,2,1,2,30,22.771,1
7,0,38,0,2649,34,73,10,3,1,1,45,29.442,1
10,0,39,0,3043,37,20,4,2,1,2,30,79.973,1
20,0,23,0,3069,37,15,9,4,1,2,25,241.042,1
3,0,45,0,2349,8,16,9,3,1,2,30,36.452,1
8,1,17,2,1405,3,16,2,3,1,2,25,282.337,1
0,0,8,0,2582,0,13,5,3,1,2,25,0.0,1
29,1,44,0,2540,59,71,34,4,1,2,25,93.767,1
4,0,32,0,998,22,14,9,3,1,2,25,18.551,1
1,0,45,2,812,54,48,38,2,1,2,25,89.052,1
4,0,23,2,3938,3,9,11,2,1,2,30,0.0,1
2,0,30,0,610,25,83,28,4,1,2,45,58.638,1
5,0,32,0,1922,77,0,22,3,1,1,25,0.0,1
4,0,45,0,1216,3,13,36,2,1,2,30,179.605,1
8,0,35,0,4632,66,4,11,3,1,2,25,12.431,1
23,1,39,0,1087,4,7,42,3,1,2,30,0.0,1
8,0,33,3,2965,38,81,38,4,1,2,25,69.355,1
24,0,45,0,1922,0,82,18,2,1,2,25,61.337,1
12,0,36,0,1006,52,78,0,2,1,1,25,484.807,1
3,0,37,0,6123,0,72,8,2,1,1,45,274.022,1
3,1,40,0,2637,44,10,29,4,1,2,30,51.948,1
2,0,45,1,1001,0,64,2,2,1,1,45,5.943,1
3,0,39,0,6123,13,24,41,4,2,1,30,282.6,1
3,0,40,0,3847,18,6,15,3,1,1,25,101.332,1
4,0,36,0,6123,0,43,22,4,1,2,30,10.13,1
20,1,30,0,1208,0,59,1,2,1,2,30,26.472,1
16,0,37,2,2838,0,26,18,2,1,2,30,273.669,1
24,0,40,1,1062,2,8,10,3,1,2,45,70.028,1
15,0,19,0,1637,0,3,5,4,1,1,25,0.0,1
24,0,43,1,1094,4,69,36,3,1,2,25,19.0,1
0,1,37,0,605,44,25,6,2,1,2,45,46.647,1
13,0,22,0,6123,16,55,39,3,1,2,45,50.02,1
14,0,3,2,878,23,8,8,2,1,1,25,80.74,1
3,0,45,1,1234,13,71,37,4,1,1,30,0.0,1
1,0,12,0,1349,42,28,22,3,2,2,30,152.694,1
10,0,17,0,1380,3,11,40,3,1,2,30,0.0,1
12,0,26,0,2792,0,67,4,3,1,2,25,331.696,1
2,1,3,0,865,0,16,4,2,1,2,30,0.0,1
0,0,41,0,6123,0,38,30,3,1,2,45,144.669,1
33,0,43,0,1998,12,10,8,3,1,2,45,0.0,1
15,0,37,0,2066,34,0,10,2,1,2,30,0.0,1
33,0,37,0,2385,0,16,7,4,1,1,30,0.0,1
3,1,36,0,1051,0,10,48,3,1,1,30,6.466,1
11,0,40,0,515,62,12,18,2,1,2,30,0.0,1
19,0,38,0,987,26,82,8,3,1,2,30,117.643,1
0,1,39,0,1074,2,3,13,4,1,2,25,5.92,1
33,1,45,0,1296,4,37,3,4,1,2,30,0.0,1
11,1,20,2,1051,7,45,9,4,1,1,30,275.134,1
23,1,9,0,2503,45,58,22,5,1,2,30,0.0,1
33,1,45,1,1183,33,5,0,2,1,1,25,0.0,1
9,0,45,0,117,1,5,32,3,1,2,45,10.601,1
6,0,33,0,1193,0,49,25,2,1,2,25,3.604,1
3,0,41,0,1187,25,74,7,2,1,1,25,287.548,1
6,0,45,0,5256,31,12,36,3,1,1,25,0.0,1
30,1,40,0,767,4,12,12,2,1,2,25,64.893,1
12,0,42,0,2636,0,9,2,3,1,1,25,0.0,1
7,1,15,0,3365,0,0,6,2,1,2,30,0.0,1
10,0,38,0,3806,43,8,8,2,1,2,30,0.0,1
14,1,41,1,2563,70,38,7,2,1,1,25,129.707,1
23,1,36,0,2899,16,8,19,3,1,2,25,10.472,1
11,1,45,0,1094,46,5,30,3,1,2,30,195.757,1
2,1,44,0,514,3,8,10,3,1,1,30,10.021,1
0,1,41,0,38,3,19,21,3,1,1,25,8.65,1
0,0,11,0,2532,0,0,2,3,1,2,25,0.0,1
2,0,10,0,550,0,5,13,3,1,2,30,204.435,1
4,1,42,0,481,36,8,28,2,1,2,30,0.0,1
3,0,45,0,844,64,43,3,2,1,1,25,0.0,1
11,0,45,0,981,42,70,8,2,1,2,30,21.657,1
33,0,45,0,2173,1,53,42,3,1,2,25,273.928,1
12,0,42,1,4270,36,81,9,2,1,2,30,757.322,1
0,1,45,0,247,0,27,10,3,1,1,45,124.897,1
27,0,37,1,840,88,3,20,4,1,1,30,12.359,1
10,1,41,1,1108,0,27,11,4,1,2,25,122.378,1
17,1,12,0,0,0,11,13,3,1,2,30,0.0,1
5,1,41,0,756,47,4,17,2,1,2,30,0.0,1
2,0,41,0,2023,0,41,7,2,1,2,25,51.841,1
12,1,40,1,2501,74,32,4,5,1,1,30,113.033,1
0,0,44,0,247,25,13,46,3,1,2,30,105.214,1
13,0,44,0,1652,11,58,40,4,1,2,30,28.103,1
6,1,43,0,556,0,1,5,3,1,2,30,0.0,1
3,0,17,0,1008,0,90,20,4,1,1,45,7.486,1
8,1,39,2,1982,23,72,7,2,1,2,30,0.0,1
29,1,45,0,2561,24,7,10,3,1,2,30,59.892,1
0,1,41,0,2427,32,11,27,2,1,2,30,464.414,1
22,0,31,0,3061,22,5,6,2,1,1,25,0.0,1
16,1,44,0,2243,64,89,8,4,1,2,30,0.0,1
22,1,34,0,3064,0,65,26,3,1,2,45,0.0,1
33,1,33,1,2474,0,81,46,2,1,2,25,35.891,1
11,1,40,0,2153,52,41,5,3,2,2,25,235.172,1
0,0,34,0,2281,16,13,16,3,1,2,25,0.0,1
19,1,15,0,2193,0,37,1,3,1,2,25,0.0,1
13,0,43,0,914,0,10,27,2,1,1,25,184.055,1
29,0,10,1,2056,0,11,1,2,1,1,25,0.0,1
4,0,45,0,4304,0,4,4,3,1,1,30,22.57,1
3,0,32,0,2192,0,9,44,4,1,2,45,249.81,1
1,0,10,0,2485,0,3,26,5,1,2,25,213.629,1
14,0,40,0,3352,0,21,9,3,1,2,25,9.209,1
11,0,22,1,608,41,11,11,4,1,2,45,0.0,1
8,1,45,1,3807,0,30,24,3,1,1,30,174.225,1
9,0,40,0,2324,16,39,8,3,1,2,25,132.705,1
9,0,16,0,886,69,11,6,2,1,2,45,188.44,1
33,1,41,3,893,0,73,22,3,1,1,30,99.652,1
3,0,17,0,2347,52,15,11,2,1,2,30,141.456,1
5,0,43,0,1074,0,11,27,2,1,2,30,389.726,1
2,1,44,0,1105,0,45,8,2,1,2,30,55.948,1
3,0,17,0,2754,35,7,9,3,1,2,25,0.0,1
1,0,11,0,471,21,64,9,4,1,2,30,379.356,1
14,1,41,3,1426,0,17,12,2,1,1,30,46.741,1
29,1,41,1,1109,0,16,11,2,1,1,25,41.591,1
21,0,37,0,1427,15,38,29,2,1,2,30,0.0,1
30,1,43,0,2068,34,4,7,3,1,2,30,0.0,1
13,0,34,0,2607,19,3,26,3,2,2,30,86.993,1
21,0,38,0,515,35,6,35,4,1,2,25,0.0,1
28,1,16,0,1125,0,2,25,3,1,1,25,269.499,1
33,0,13,1,4168,100,69,9,3,1,1,30,53.426,1
0,0,38,0,326,32,4,25,2,1,1,25,246.451,1
33,1,40,0,259,5,14,20,2,1,2,25,64.668,1
1,1,30,0,2072,40,36,4,2,1,2,25,0.0,1
8,0,39,0,2466,0,41,6,2,1,1,30,202.852,1
7,1,19,1,552,5,5,9,2,1,2,45,203.211,1
30,1,19,0,1557,28,12,10,4,1,2,25,83.919,1
0,0,33,3,729,0,45,1,4,1,2,25,0.0,1
13,0,43,0,705,32,11,6,3,1,2,25,117.752,1
0,0,34,0,69,0,11,20,3,1,2,30,0.0,1
8,1,45,0,6083,44,9,7,3,1,2,45,207.746,1
1,1,36,1,3502,50,14,7,2,1,2,25,0.0,1
8,1,28,0,6123,0,69,5,4,1,1,30,0.0,1
33,1,19,0,1937,11,67,4,3,1,2,45,3.561,1
2,1,41,0,2549,0,17,9,2,1,2,30,0.0,1
3,1,35,0,5565,5,3,0,3,1,2,25,104.266,1
13,0,9,2,3980,40,25,7,4,1,2,45,199.381,1
13,0,10,0,2560,100,8,23,3,1,2,45,145.044,1
33,0,34,0,2262,34,39,7,3,1,2,45,13.464,1
33,0,41,0,2949,0,84,0,3,1,2,30,58.536,1
4,1,20,0,2592,17,10,8,3,1,1,30,172.326,1
13,0,35,0,852,0,38,6,3,1,2,30,98.098,1
4,0,44,0,3005,43,85,29,4,1,2,30,123.172,1
9,1,37,0,0,51,11,5,3,1,1,25,12.857,1
25,1,36,0,87,36,48,7,4,1,2,25,0.0,1
0,0,39,0,332,69,65,6,4,1,2,30,91.846,1
33,1,39,0,1143,0,13,5,2,1,2,30,0.0,1
20,0,29,0,4001,0,11,4,3,1,1,25,121.435,1
24,1,39,0,1387,0,2,22,3,2,1,30,64.261,1
2,0,38,0,6123,0,77,19,3,1,2,30,0.0,1
29,1,39,2,4796,0,55,16,4,1,2,45,6.59,1
0,1,34,0,3215,0,8,16,2,1,1,30,63.306,1
30,1,44,0,905,0,37,3,3,1,2,30,223.658,1
10,1,43,2,1238,5,11,3,4,1,2,25,0.0,1
23,0,35,0,1168,0,3,29,2,1,2,30,0.0,1
3,1,45,0,191,38,16,21,2,1,1,25,0.0,1
11,1,35,0,1970,0,71,4,2,1,1,30,10.632,1
8,0,40,0,2317,70,62,23,2,1,1,30,138.553,1
24,0,39,0,1348,0,16,40,4,1,2,25,0.0,1
17,0,27,0,2245,100,32,9,2,1,2,25,0.0,1
25,0,22,0,1675,5,78,7,3,1,2,25,46.973,1
10,1,39,0,1682,0,31,10,3,1,2,45,78.371,1
12,1,39,0,3807,13,3,26,3,1,1,25,0.0,1
23,0,36,0,2787,20,49,7,2,1,2,30,0.0,1
3,1,45,0,745,0,15,3,3,1,2,30,0.0,1
19,0,3,0,2718,31,9,36,4,1,2,25,29.233,1
13,0,9,0,2479,0,12,7,2,1,2,30,0.0,1
20,0,41,0,1073,12,49,30,2,1,1,30,787.794,1
16,1,42,0,339,18,8,7,2,1,2,55,28.298,1
3,1,37,0,2572,100,5,4,3,1,2,30,101.191,1
2,0,45,0,834,0,58,3,3,1,2,25,40.172,1
8,1,31,0,3080,18,25,21,2,1,2,25,0.0,1
3,1,8,0,2139,59,32,27,2,1,2,45,76.063,1
6,0,41,0,6123,33,11,18,3,2,2,30,0.0,1
8,0,45,1,1021,21,68,8,4,1,1,30,29.911,1
2,0,38,0,2895,2,33,35,3,1,2,30,0.0,1
1,0,38,0,2556,9,78,11,2,1,1,25,177.192,1
3,0,45,2,654,10,29,42,3,1,2,30,91.595,1
4,0,40,0,1255,9,4,3,2,1,1,30,17.531,1
6,1,38,2,0,4,0,10,2,1,2,30,0.0,1
20,1,12,0,6123,11,42,30,2,1,2,25,0.0,1
33,0,45,0,825,0,51,6,2,1,1,45,54.997,1
0,1,44,0,1226,51,11,5,3,1,2,45,0.0,1
9,1,45,0,356,54,51,10,3,1,2,25,53.555,1
13,0,35,1,2894,10,60,9,3,1,2,30,0.0,1
18,0,18,0,4337,3,1,5,4,1,2,30,406.812,1
4,0,38,0,134,1,47,26,2,1,1,45,291.125,1
21,0,38,1,65,13,47,3,2,1,2,25,42.409,1
33,1,15,1,3986,0,13,29,2,2,1,30,158.881,1
13,1,41,0,813,0,13,26,3,1,1,30,199.792,1
28,0,40,0,1502,54,57,12,2,1,1,45,0.0,1
9,0,8,1,2731,1,0,3,2,1,1,45,50.074,1
1,1,39,0,602,0,82,7,2,1,2,55,0.0,1
33,0,37,0,1275,0,7,12,2,1,2,25,63.582,1
2,0,42,0,2303,28,8,28,2,1,2,30,51.924,1
2,1,41,0,2366,0,9,1,2,1,2,25,0.0,1
0,0,36,1,1379,21,31,0,3,1,2,30,0.0,1
6,0,45,0,686,37,40,24,4,1,1,45,66.748,1
1,0,23,0,862,41,13,5,2,1,2,25,37.311,1
1,1,23,1,0,0,87,5,4,1,1,30,89.033,1
14,1,42,1,3683,0,7,7,4,1,2,30,183.091,1
11,0,44,2,5527,85,38,9,3,1,2,30,67.687,1
12,0,45,0,2327,4,34,5,2,1,1,30,0.0,1
33,1,32,0,6123,0,45,23,3,1,1,55,0.0,1
4,1,45,0,840,59,78,7,3,1,2,30,169.148,1
12,1,35,0,1094,54,8,24,3,1,2,30,7.489,1
13,0,35,3,651,0,58,35,4,1,2,30,2.221,1
9,0,36,3,1209,0,31,29,3,1,1,25,0.0,1
2,0,37,0,3431,0,21,9,3,1,1,25,0.0,1
7,0,33,0,1747,0,37,8,2,1,2,25,0.0,1
2,1,42,0,1170,45,54,26,3,1,1,30,197.131,1
3,0,23,0,1691,0,13,36,3,1,2,30,343.857,1
19,1,20,0,965,25,37,15,3,1,2,30,64.345,1
31,1,38,0,1464,46,30,10,2,1,2,30,162.331,1
0,1,36,0,1126,29,11,9,3,1,2,25,0.0,1
33,0,34,0,1794,0,5,0,3,1,2,30,16.847,1
21,1,35,0,2579,3,25,6,3,1,2,45,33.106,1
0,1,10,0,0,48,4,10,3,1,2,30,99.401,1
14,1,45,3,1953,21,8,2,2,1,2,30,0.0,1
6,0,36,0,531,0,67,3,4,1,2,55,231.037,1
26,1,43,0,592,18,9,2,2,1,1,30,187.071,1
4,1,37,0,430,39,20,31,2,1,2,45,13.173,1
4,0,41,2,5345,1,12,37,4,1,1,25,240.352,1
23,0,7,2,520,0,16,25,3,1,2,30,111.06,1
3,1,43,2,2027,0,71,18,3,1,2,25,17.456,1
0,0,34,0,72,9,5,10,2,1,2,45,0.0,1
0,0,45,2,3510,39,33,8,3,1,2,25,0.0,1
4,1,44,0,243,0,14,6,2,1,2,30,310.886,1
11,0,29,1,1384,33,43,6,2,1,2,25,0.0,1
13,1,34,0,1161,68,83,23,3,1,1,30,184.331,1
3,1,45,0,2424,11,37,8,4,1,2,25,85.873,1
9,1,41,0,1572,17,34,5,2,1,1,45,8.687,1
13,1,45,0,1551,39,6,9,3,2,1,25,185.078,1
33,1,35,0,2224,50,27,0,4,1,2,25,0.0,1
3,1,37,0,2413,13,40,4,2,1,2,30,0.0,1
11,1,17,0,365,0,3,3,4,1,1,30,123.244,1
4,1,36,0,1031,0,11,9,2,1,2,25,0.0,1
3,0,18,0,703,40,36,41,3,2,2,30,18.812,1
11,1,21,0,1537,42,43,9,2,1,2,30,57.766,1
3,0,41,0,251,26,40,10,3,1,1,25,97.206,1
20,1,44,0,1545,0,204,28,3,1,2,30,142.309,1
21,0,44,0,0,11,7,8,3,1,2,25,0.0,1
10,1,15,0,792,0,15,44,2,1,2,25,0.0,1
4,0,45,0,1746,42,62,2,3,1,1,30,265.812,1
20,0,42,1,3909,0,12,30,3,2,1,30,72.047,1
2,1,36,1,1855,0,3,10,2,1,2,25,409.423,1
16,1,32,0,2796,0,18,28,2,1,2,25,29.478,1
