14,0,40,3,7515,103,201,28,3,1,1,30,1108.72,0
3,0,37,0,7508,127,384,43,2,1,1,25,2071.575,0
0,0,28,0,3153,66,0,20,2,1,1,25,144.855,0
21,0,33,3,15850,234,3,82,2,1,1,25,737.28,0
23,0,18,2,9947,188,88,42,5,1,1,55,284.025,0
13,0,33,2,9160,117,136,39,3,1,1,30,915.08,0
5,0,11,2,4505,45,213,9,3,1,1,30,1034.0,0
0,0,28,0,1343,35,33,70,4,1,1,45,116.95,0
5,0,11,1,4095,36,201,25,3,1,1,30,969.24,0
0,0,34,0,455,2,0,5,2,1,2,25,20.565,0
18,0,24,5,3418,61,53,27,4,2,1,45,219.475,0
1,0,33,0,3885,57,0,10,2,1,1,25,177.39,0
25,0,37,2,15025,219,22,28,3,1,1,30,697.76,0
0,0,23,0,950,27,181,7,2,2,1,25,858.465,0
11,0,37,1,4495,69,7,14,3,1,1,30,210.56,0
7,0,38,1,4023,88,9,30,3,1,1,30,200.44,0
5,0,36,1,305,6,7,2,5,1,1,55,15.165,0
2,0,34,0,11045,142,0,41,3,1,1,30,447.48,0
0,0,32,0,2345,15,0,9,3,1,1,30,94.4,0
0,0,34,0,0,0,6,0,5,1,1,55,9.0,0
12,0,38,1,4443,69,7,35,1,1,1,15,286.66,0
9,0,41,0,1223,21,35,21,3,1,2,30,189.76,0
5,0,32,0,1085,20,36,9,4,1,2,45,117.625,0
4,0,43,0,710,20,21,9,3,1,2,30,113.2,0
0,0,38,0,0,0,0,0,2,1,2,25,0.0,0
2,0,38,0,710,14,13,8,3,1,2,30,80.96,0
8,0,41,2,11545,156,21,51,4,1,1,45,345.025,0
3,0,34,0,2665,48,177,24,2,1,1,25,918.585,0
6,0,42,3,723,12,21,8,5,1,1,55,42.525,0
13,0,39,1,2568,65,357,23,3,1,1,30,1533.32,0
10,0,38,1,8990,123,148,46,3,1,1,30,956.52,0
3,0,39,0,1620,48,46,24,3,1,2,30,250.72,0
5,0,38,2,643,10,11,4,5,1,1,55,26.295,0
5,0,38,1,2638,61,7,33,2,1,1,25,152.955,0
6,0,39,0,2113,56,12,20,3,1,2,30,134.76,0
21,0,18,1,6583,141,60,40,1,2,1,15,699.82,0
20,0,35,1,14720,213,15,26,2,1,1,25,739.485,0
14,0,39,2,11960,161,27,52,4,1,1,45,370.525,0
7,0,13,0,8627,165,66,38,4,1,1,45,384.8,0
3,0,32,2,6905,113,266,31,2,2,1,25,1512.81,0
19,0,19,2,6507,146,83,41,2,2,1,25,672.885,0
11,0,40,1,6223,101,14,14,3,1,1,30,308.96,0
7,0,35,0,2393,57,354,22,2,1,1,25,1703.25,0
7,0,34,0,15305,174,139,25,2,1,1,25,1322.055,0
17,0,18,2,9353,183,112,46,5,1,1,55,311.04,0
18,0,26,2,15590,224,0,73,2,1,1,25,711.63,0
0,0,32,0,2415,44,163,19,2,1,1,25,844.155,0
0,0,34,0,1553,20,2,7,3,1,1,30,70.92,0
6,0,36,0,3470,76,25,26,2,1,1,25,272.07,0
18,0,42,2,4563,75,13,39,1,1,1,15,326.59,0
17,0,39,4,7623,91,136,54,2,2,1,25,959.13,0
10,0,15,0,8688,168,71,40,4,1,1,45,398.9,0
2,0,32,0,4255,73,0,19,3,1,1,30,173.12,0
27,0,42,10,10820,101,18,48,5,1,1,55,190.815,0
5,0,22,1,1613,35,22,64,4,1,1,45,96.2,0
11,0,29,1,1305,34,29,17,2,1,1,25,190.755,0
3,0,22,1,1775,28,38,18,2,1,1,25,252.135,0
0,0,38,0,3493,78,5,30,2,1,1,25,183.195,0
0,0,17,0,2660,45,0,15,3,1,1,30,108.2,0
2,0,18,0,1695,26,28,14,2,1,1,25,203.445,0
2,0,35,0,14990,175,134,25,2,1,1,25,1285.425,0
10,0,16,0,5682,130,60,42,1,2,1,15,649.66,0
0,0,37,0,0,0,0,0,2,1,2,25,0.0,0
3,0,41,1,1668,31,8,7,4,1,1,45,62.475,0
11,0,40,0,1890,31,15,13,2,1,2,25,153.945,0
15,0,44,3,7023,87,123,40,3,1,1,30,776.4,0
16,0,39,3,9230,126,142,42,3,1,1,30,942.24,0
7,0,39,0,3965,66,0,19,3,1,1,30,161.24,0
6,0,36,2,4318,92,23,43,3,1,1,30,268.4,0
18,0,45,3,7283,91,130,45,2,1,1,25,916.83,0
8,0,22,0,1045,24,8,8,2,1,1,25,84.105,0
0,0,25,0,635,10,46,5,4,1,2,45,131.125,0
17,0,18,6,3758,61,59,36,3,2,1,30,388.76,0
1,0,36,0,2980,22,485,9,3,1,1,30,2060.08,0
2,0,33,0,2360,33,277,17,3,1,1,30,1203.72,0
0,0,36,1,6480,97,15,21,5,1,1,55,121.155,0
10,0,23,0,620,23,0,3,2,1,2,25,28.935,0
13,0,46,2,2958,74,24,41,2,1,1,25,244.44,0
0,0,34,0,6080,74,147,20,3,1,1,30,834.16,0
5,0,29,1,6830,93,7,18,5,1,1,55,114.345,0
0,0,23,0,3110,56,10,24,3,1,1,30,166.64,0
1,0,24,0,1508,36,25,66,4,1,1,45,101.1,0
10,0,28,0,295,20,0,9,3,1,2,30,12.6,0
7,0,9,0,8673,161,58,34,4,1,1,45,365.85,0
4,0,31,0,15225,172,135,24,2,1,1,25,1300.365,0
7,0,23,0,1110,27,21,14,2,1,1,25,145.665,0
0,0,33,0,4030,69,0,18,3,1,1,30,163.96,0
20,0,29,2,15770,232,0,78,2,1,1,25,720.09,0
9,0,44,1,2620,49,300,24,3,1,1,30,1306.76,0
9,0,40,0,4075,67,7,4,3,1,1,30,193.68,0
9,0,34,0,4118,64,0,31,1,1,1,15,230.01,0
0,0,32,2,6470,109,255,28,2,2,1,25,1443.555,0
7,0,15,2,4650,50,230,16,3,1,1,30,1108.0,0
3,0,41,1,378,8,12,6,3,1,1,30,63.44,0
8,0,33,0,15405,180,140,26,2,1,1,25,1331.325,0
7,0,40,2,3155,30,488,10,3,1,1,30,2079.4,0
19,0,20,1,9418,185,91,47,5,1,1,55,280.545,0
11,0,40,1,4485,76,3,16,3,1,1,30,194.44,0
3,0,29,0,8550,105,122,35,3,1,1,30,834.2,0
0,0,33,0,0,0,0,0,5,1,1,55,0.0,0
6,0,38,0,4125,68,3,17,2,1,1,25,202.185,0
13,0,39,1,2513,63,364,26,3,1,1,30,1559.04,0
0,0,13,0,1695,20,20,13,2,1,1,25,167.175,0
0,0,33,0,0,0,0,0,2,1,2,25,0.0,0
0,0,34,0,1875,37,147,6,2,1,1,25,747.54,0
0,0,21,0,930,28,176,5,2,2,1,25,835.11,0
5,0,38,2,643,10,11,4,5,1,1,55,26.295,0
5,0,17,2,2728,47,35,22,3,1,1,30,251.0,0
15,0,12,0,9237,171,72,41,4,1,1,45,415.2,0
10,0,39,2,11525,157,16,49,4,2,1,45,332.05,0
10,0,24,0,1110,26,0,9,2,1,1,25,51.12,0
13,0,24,1,1350,30,15,10,2,1,1,25,129.6,0
0,0,17,0,985,15,3,14,2,1,1,25,58.5,0
3,0,36,0,623,5,6,5,2,1,2,25,55.26,0
7,0,26,2,1440,34,189,8,3,2,1,30,814.96,0
9,0,38,1,3530,79,30,28,3,1,1,30,264.36,0
8,0,40,2,7928,139,423,49,3,1,1,30,2014.68,0
0,0,36,0,1865,32,269,13,3,1,1,30,1151.88,0
0,0,36,0,1478,24,0,3,3,1,1,30,60.08,0
7,0,20,1,2000,32,35,16,3,1,1,30,221.28,0
9,0,32,1,1828,49,45,74,5,1,1,55,95.655,0
0,0,24,0,520,4,14,1,4,1,2,45,48.1,0
0,0,38,0,7383,129,388,46,2,1,1,25,2084.04,0
12,0,38,2,4970,81,26,32,3,1,1,30,306.04,0
10,0,21,1,1270,28,11,9,2,1,1,25,107.91,0
15,0,42,3,9115,127,152,44,3,1,1,30,977.68,0
8,0,38,3,3695,37,504,23,3,1,1,30,2165.28,0
16,0,29,0,1005,31,17,9,3,1,2,30,109.44,0
7,0,12,3,4810,52,254,16,3,1,1,30,1210.48,0
2,0,39,0,825,20,45,12,3,1,2,30,213.8,0
1,0,37,0,5728,95,32,14,3,1,1,30,360.92,0
9,0,37,0,2123,48,0,13,3,1,2,30,86.84,0
0,0,38,0,470,9,0,13,2,1,2,25,21.555,0
0,0,16,0,1635,23,23,12,2,1,1,25,178.11,0
0,0,31,0,3718,76,0,27,2,1,1,25,170.73,0
16,0,17,1,6393,141,85,42,2,2,1,25,676.53,0
20,0,44,4,9420,133,159,46,3,1,1,30,1018.12,0
0,0,19,0,2965,51,0,17,3,1,1,30,120.64,0
15,0,41,3,11830,163,23,51,4,1,1,45,357.325,0
0,0,36,0,3610,67,0,8,3,1,1,30,147.08,0
0,0,18,0,1095,16,7,6,2,1,1,25,81.495,0
21,0,36,8,10435,93,1,42,5,1,1,55,159.42,0
11,0,41,1,2533,62,369,28,3,1,1,30,1579.8,0
0,0,30,0,5770,80,0,20,4,1,1,45,146.25,0
8,0,38,0,4370,71,5,17,3,1,1,30,197.64,0
18,0,33,2,14655,211,36,25,3,1,1,30,738.64,0
8,0,36,0,6603,69,76,33,2,1,1,25,642.24,0
5,0,35,0,13593,161,0,39,3,1,1,30,550.16,0
6,0,37,0,1780,49,36,19,3,1,2,30,217.16,0
0,0,34,0,0,0,0,0,2,1,2,25,0.0,0
5,0,20,1,1810,31,26,13,3,1,1,30,177.64,0
3,0,36,1,6528,75,133,39,2,1,1,25,895.635,0
0,0,29,0,0,0,0,0,2,1,2,25,0.0,0
12,0,37,1,3490,64,183,23,2,1,1,25,983.43,0
0,0,11,0,1390,14,13,11,2,1,1,25,121.68,0
0,0,36,1,338,4,4,2,5,1,1,55,11.13,0
8,0,34,0,2158,52,0,13,3,1,2,30,88.4,0
17,0,40,3,5275,87,33,34,3,1,1,30,346.48,0
9,0,37,0,15485,182,150,30,2,1,1,25,1380.015,0
5,0,27,1,3285,64,13,25,3,1,1,30,185.96,0
5,0,32,0,3390,74,15,22,2,1,1,25,223.38,0
0,0,8,1,2288,29,9,11,3,1,1,30,128.68,0
5,0,41,0,2573,66,13,38,1,1,1,15,216.645,0
8,0,44,1,2653,68,17,39,2,1,1,25,198.945,0
0,0,34,0,1363,19,0,4,3,1,1,30,55.28,0
2,0,10,2,4505,46,247,14,3,1,1,30,1170.04,0
7,1,38,4,7045,118,281,37,2,2,1,25,1586.835,0
13,0,40,1,4675,77,12,19,3,1,1,30,238.08,0
13,0,32,6,10070,84,0,38,4,1,1,45,253.85,0
6,0,45,0,703,13,24,10,3,1,2,30,124.64,0
12,0,37,3,7318,85,129,52,2,1,1,25,913.635,0
0,0,34,0,5485,69,154,24,3,1,1,30,838.16,0
0,0,35,0,2080,10,451,6,3,1,1,30,1887.6,0
10,0,41,0,2408,64,367,28,3,1,1,30,1566.88,0
19,0,19,5,3867,62,46,21,3,1,1,30,341.16,0
18,0,43,3,9375,131,159,49,3,1,1,30,1016.24,0
0,0,32,0,0,0,0,0,2,1,2,25,0.0,0
0,0,35,0,0,0,0,0,5,1,1,55,0.0,0
1,0,31,1,6545,104,232,27,2,2,1,25,1343.205,0
12,0,16,1,9048,177,105,44,5,1,1,55,295.875,0
6,0,37,0,5803,89,0,8,2,1,1,25,265.14,0
9,0,33,0,3775,76,24,27,2,1,1,25,281.295,0
5,0,32,1,3065,26,7,12,3,1,1,30,151.64,0
3,0,36,1,2655,43,299,31,3,1,1,30,1303.92,0
13,0,41,1,3265,67,193,30,2,1,1,25,1018.44,0
0,0,38,0,1360,44,39,19,3,1,2,30,212.16,0
4,0,31,1,1270,40,201,15,2,2,1,25,963.45,0
10,0,40,0,1943,50,7,4,3,1,2,30,107.72,0
0,0,18,0,0,0,0,0,4,1,2,45,0.0,0
5,0,9,1,4635,43,217,10,3,1,1,30,1055.12,0
4,0,35,0,11405,151,6,45,3,1,1,30,486.24,0
13,0,22,0,1530,32,18,14,2,1,1,25,151.29,0
11,0,40,0,1615,30,41,25,3,1,2,30,229.8,0
4,0,37,0,3488,55,0,35,1,1,1,15,194.865,0
6,0,25,0,395,19,3,5,2,1,2,25,32.13,0
10,0,44,3,6805,98,201,29,4,1,1,45,675.075,0
2,0,23,0,1388,31,19,63,4,1,1,45,82.975,0
7,0,20,1,2000,32,35,16,3,1,1,30,221.28,0
5,0,31,2,1395,38,203,15,2,2,1,25,977.985,0
0,0,35,0,3355,54,0,15,2,1,1,25,153.405,0
3,0,31,0,15100,174,133,24,2,1,1,25,1285.83,0
18,0,46,2,4935,87,27,25,3,1,1,30,308.88,0
7,0,37,0,15240,179,148,30,2,1,1,25,1359.855,0
12,0,43,2,11725,164,26,53,4,1,1,45,362.225,0
5,0,39,0,1180,20,7,13,2,1,2,25,85.5,0
5,0,45,0,578,15,22,10,3,1,2,30,111.72,0
8,0,39,0,2960,61,186,28,2,1,1,25,972.945,0
5,0,35,3,6560,111,253,35,2,2,1,25,1438.695,0
5,0,38,0,6593,77,112,40,2,1,1,25,804.15,0
9,0,43,2,4515,89,10,26,3,1,1,30,224.16,0
0,0,34,0,1438,43,327,22,2,1,1,25,1538.145,0
7,0,41,2,823,18,22,9,5,1,1,55,45.615,0
11,0,11,0,8853,169,63,36,4,1,1,45,383.05,0
2,0,38,0,2555,49,178,25,2,1,1,25,918.18,0
10,0,42,2,1075,23,25,12,3,1,1,30,143.92,0
11,0,40,1,6223,101,14,14,3,1,1,30,308.96,0
17,0,17,1,9237,177,80,42,5,1,1,55,261.21,0
0,0,22,0,3045,53,0,18,3,1,1,30,123.92,0
14,0,40,2,3890,87,30,27,3,1,1,30,279.08,0
9,0,38,1,15600,188,182,34,2,1,1,25,1529.46,0
5,0,23,0,920,26,12,11,2,1,1,25,96.57,0
7,0,37,1,2378,36,8,6,4,1,1,45,80.35,0
12,0,41,3,4935,95,41,31,4,1,1,45,228.25,0
4,0,41,1,4210,83,3,24,3,1,1,30,183.72,0
9,0,20,1,2190,33,44,19,3,1,1,30,264.92,0
2,0,38,1,2920,24,10,18,3,1,1,30,157.76,0
11,0,39,2,3890,88,64,32,3,1,1,30,415.12,0
10,0,37,1,6963,78,110,37,2,1,1,25,811.845,0
0,0,36,0,1455,23,257,1,3,1,1,30,1087.12,0
18,0,41,2,14788,186,15,46,3,1,1,30,658.96,0
16,0,31,2,1610,40,36,19,2,1,1,25,236.25,0
0,0,31,0,13468,157,0,41,3,1,1,30,545.0,0
8,0,39,0,1420,25,21,8,3,1,2,30,141.8,0
4,0,34,3,6720,113,269,33,2,2,1,25,1517.985,0
5,0,41,0,4065,71,6,16,3,1,1,30,189.44,0
18,0,32,0,1185,39,28,14,3,1,2,30,160.96,0
3,0,36,0,4065,65,0,15,2,1,1,25,185.85,0
9,0,41,3,3515,39,522,14,4,1,1,45,1393.85,0
0,0,35,0,2715,24,4,17,3,1,1,30,125.56,0
16,0,41,3,7083,84,120,41,2,1,1,25,862.515,0
7,0,32,0,15485,176,142,29,2,1,1,25,1343.745,0
5,0,8,2,4515,38,211,7,3,1,1,30,1026.12,0
9,0,37,0,8515,111,123,28,3,1,1,30,837.04,0
17,0,16,1,6797,146,86,40,1,2,1,15,854.865,0
5,0,43,0,1135,24,15,17,2,1,2,25,119.655,0
13,0,19,1,9013,173,83,44,5,1,1,55,262.29,0
18,0,34,0,1005,37,25,10,3,1,2,30,141.68,0
7,0,29,2,1375,39,198,13,3,2,1,30,848.56,0
28,0,28,3,16380,238,0,81,2,1,1,25,747.81,0
2,0,42,0,665,18,21,12,3,1,2,30,111.32,0
4,0,36,1,2955,27,0,13,3,1,1,30,119.28,0
19,0,37,2,14430,214,29,32,3,1,1,30,701.76,0
4,0,35,0,5738,87,0,7,3,1,1,30,233.0,0
11,0,27,0,700,25,10,7,2,1,2,25,77.625,0
0,0,37,2,453,10,36,6,5,1,1,55,60.945,0
26,0,37,8,10625,93,7,40,4,1,1,45,285.45,0
1,0,34,0,2840,22,0,14,3,1,1,30,114.48,0
17,0,46,2,14338,185,22,52,3,1,1,30,668.92,0
12,0,39,0,13963,169,7,42,3,1,1,30,593.28,0
9,0,15,3,3257,50,32,17,3,1,1,30,260.28,0
4,0,35,0,15180,176,143,28,2,1,1,25,1334.52,0
12,0,42,3,3460,36,495,12,4,1,1,45,1324.9,0
0,0,19,0,1263,27,15,65,4,1,1,45,69.75,0
3,0,31,0,6458,65,93,31,2,1,1,25,712.035,0
5,0,30,1,2885,18,7,10,3,1,1,30,144.12,0
2,0,37,1,4325,83,27,27,3,1,1,30,284.32,0
19,0,33,8,10255,85,0,37,5,1,1,55,155.1,0
22,0,39,2,15015,227,58,35,3,1,1,30,841.68,0
5,0,40,1,770,17,18,10,3,1,1,30,103.48,0
8,0,31,2,3610,69,25,29,3,1,1,30,247.16,0
5,0,40,0,2065,35,271,5,3,1,1,30,1168.0,0
12,0,42,2,3165,61,192,29,2,1,1,25,1009.17,0
17,0,37,4,9715,131,165,58,3,2,1,30,1053.84,0
12,0,41,2,14193,181,39,50,3,1,1,30,730.96,0
7,0,46,0,623,17,22,7,3,1,2,30,113.6,0
17,0,43,1,4683,80,19,42,1,1,1,15,366.465,0
16,0,40,2,4080,88,39,30,3,1,1,30,322.72,0
18,0,39,3,6238,110,65,30,3,1,1,30,513.92,0
1,0,41,0,955,16,10,15,2,1,2,25,88.695,0
11,0,20,3,2600,42,56,31,3,1,1,30,329.68,0
2,0,36,1,528,5,13,5,5,1,1,55,27.495,0
5,0,34,1,1893,29,7,4,4,1,1,45,65.55,0
0,0,5,0,4025,31,203,6,3,1,1,30,974.24,0
0,0,24,0,1263,33,23,66,4,1,1,45,89.9,0
0,0,30,0,3950,67,0,17,3,1,1,30,160.68,0
19,0,45,2,16050,198,172,38,2,1,1,25,1505.16,0
14,0,40,0,2543,60,15,19,3,1,2,30,164.12,0
14,1,39,0,2428,54,7,15,3,1,2,30,127.28,0
11,0,15,0,6087,135,78,40,1,2,1,15,771.21,0
3,0,36,0,5803,90,9,13,2,1,1,25,305.685,0
10,0,34,1,11770,154,10,48,3,1,1,30,516.96,0
9,0,43,0,1195,28,31,15,3,1,2,30,172.92,0
0,0,32,0,6075,86,0,22,4,1,1,45,154.025,0
2,0,19,1,1810,32,60,18,3,1,1,30,313.68,0
0,0,36,0,2190,11,455,5,3,1,1,30,1908.04,0
0,0,31,0,6480,91,7,20,4,1,1,45,181.775,0
7,0,44,0,803,19,25,11,3,1,2,30,132.88,0
0,0,39,0,318,5,7,4,2,1,2,25,46.035,0
8,0,40,1,2698,64,9,35,2,1,1,25,164.79,0
2,0,44,0,318,11,15,5,3,1,2,30,73.16,0
23,0,28,3,15895,230,0,75,2,1,1,25,725.625,0
6,0,35,2,6845,100,19,24,5,1,1,55,132.675,0
31,0,44,5,15525,233,71,38,3,1,1,30,914.32,0
4,0,11,0,8568,162,61,36,4,1,1,45,370.75,0
0,0,23,0,2920,55,1,21,3,1,1,30,123.0,0
0,0,34,0,695,6,0,6,2,1,2,25,31.545,0
15,0,41,2,3375,56,300,20,4,1,1,45,835.775,0
20,0,17,3,6993,151,106,57,2,2,1,25,798.48,0
0,0,35,0,2070,42,150,23,2,1,1,25,770.04,0
9,0,31,3,7270,116,270,34,2,2,1,25,1547.37,0
9,0,40,1,11645,162,22,52,4,1,1,45,350.175,0
15,0,18,1,5987,136,67,44,2,2,1,25,577.035,0
0,0,15,0,1275,14,0,8,2,1,1,25,58.005,0
12,0,26,0,1105,30,11,5,2,1,2,25,100.575,0
0,0,33,0,1170,37,22,15,3,1,2,30,136.28,0
24,0,21,3,6758,150,97,46,2,2,1,25,747.36,0
6,0,27,0,1000,28,22,15,2,1,1,25,145.26,0
6,0,40,0,15180,182,151,29,2,1,1,25,1370.79,0
0,0,40,0,2135,35,288,20,3,1,1,30,1238.8,0
0,0,28,0,6300,83,0,15,4,1,1,45,159.575,0
4,0,34,0,2070,49,39,18,3,1,2,30,240.76,0
5,0,26,1,1720,41,194,9,2,2,1,25,952.245,0
0,0,36,0,0,0,0,0,5,1,1,55,0.0,0
5,0,15,0,2000,26,27,15,2,1,1,25,212.67,0
5,0,18,1,1940,29,30,14,2,1,1,25,223.605,0
5,0,38,0,2583,59,11,36,1,1,1,15,205.81,0
25,0,34,3,15185,221,46,28,3,1,1,30,800.24,0
7,0,35,0,2058,46,0,12,3,1,2,30,84.16,0
2,0,37,0,3660,60,0,17,2,1,1,25,167.4,0
6,0,32,0,1970,44,37,21,3,1,2,30,228.56,0
9,0,33,4,7090,114,267,30,3,2,1,30,1356.16,0
0,0,30,0,11160,142,0,44,3,1,1,30,452.08,0
6,0,16,1,1920,30,25,12,2,1,1,25,200.25,0
5,0,36,2,2268,35,21,21,4,1,1,45,110.075,0
26,0,35,4,16155,240,10,84,2,1,1,25,782.775,0
18,0,17,1,6582,142,94,45,2,2,1,25,725.58,0
5,0,33,0,8750,112,132,39,3,1,1,30,882.48,0
9,0,37,1,11655,155,20,50,4,1,1,45,345.25,0
11,0,37,0,3660,76,0,24,2,1,1,25,168.12,0
14,0,43,3,7103,83,125,43,2,1,1,25,885.87,0
30,0,33,4,16380,244,7,82,2,2,1,25,779.58,0
5,0,33,0,4515,77,0,24,3,1,1,30,183.68,0
4,0,36,0,3908,83,11,31,2,1,1,25,229.095,0
4,0,28,0,3405,69,19,28,3,1,1,30,214.96,0
0,0,35,0,0,0,0,0,2,1,2,25,0.0,0
12,0,35,0,2543,54,7,18,3,1,2,30,131.88,0
26,0,42,4,15220,227,64,36,3,2,1,30,873.88,0
4,0,36,1,6905,91,187,24,3,1,1,30,1027.84,0
2,0,9,1,4390,40,215,10,3,1,1,30,1037.2,0
1,0,30,1,6605,89,3,17,5,1,1,55,104.91,0
8,0,38,0,3953,63,0,35,1,1,1,15,220.88,0
2,0,24,1,1135,28,182,6,2,2,1,25,871.335,0
22,0,34,3,15770,238,1,79,2,1,1,25,724.86,0
0,0,36,0,2615,18,3,16,3,1,1,30,117.32,0
3,0,35,0,1665,44,38,20,3,1,2,30,220.36,0
0,0,32,0,2535,16,0,12,3,1,1,30,102.04,0
0,0,7,0,4275,35,217,11,3,1,1,30,1040.4,0
3,0,33,1,6785,97,14,22,5,1,1,55,124.23,0
2,0,35,0,11160,148,4,45,3,1,1,30,468.32,0
15,0,39,1,2758,66,366,26,3,1,1,30,1576.96,0
25,0,38,3,15140,225,54,32,3,1,1,30,830.6,0
12,0,40,5,7350,124,288,39,3,2,1,30,1450.96,0
22,1,40,9,10515,95,11,46,5,1,1,55,175.65,0
27,0,38,3,15385,228,56,32,3,1,1,30,848.52,0
17,0,21,1,9193,181,88,46,5,1,1,55,272.61,0
0,0,28,0,2580,12,0,8,3,1,1,30,103.68,0
0,0,20,0,1183,31,13,62,4,1,1,45,62.85,0
0,0,38,0,1760,29,264,3,3,1,1,30,1127.56,0
6,0,42,1,1928,35,15,12,4,1,1,45,86.575,0
8,0,41,2,2813,70,41,39,2,1,1,25,314.235,0
5,0,34,1,3140,23,475,4,3,1,1,30,2026.52,0
14,0,28,1,15060,221,0,78,2,1,1,25,687.645,0
27,0,43,4,15140,231,62,33,3,1,1,30,862.84,0
0,0,39,0,650,10,3,13,2,1,2,25,43.2,0
5,0,39,0,580,10,7,2,2,1,2,25,58.05,0
6,0,38,0,4180,70,0,14,3,1,1,30,170.0,0
13,0,38,3,9230,127,176,47,3,1,1,30,1078.28,0
0,0,12,1,4085,40,216,9,3,1,1,30,1029.0,0
5,0,37,0,835,12,9,5,3,1,2,30,69.88,0
8,0,36,0,2533,58,22,30,3,1,2,30,191.64,0
24,1,38,9,10495,96,6,44,5,2,1,55,167.865,0
5,0,39,0,5513,90,0,14,3,1,1,30,224.12,0
2,0,9,1,4390,40,215,10,3,1,1,30,1037.2,0
10,0,36,0,2338,54,327,20,2,1,1,25,1579.14,0
5,0,33,1,6975,98,23,25,5,1,1,55,140.595,0
0,0,34,0,0,0,0,0,2,1,2,25,0.0,0
11,0,36,0,2858,65,360,22,2,1,1,25,1751.535,0
11,0,34,1,3820,78,24,24,3,1,1,30,251.92,0
0,0,19,0,1570,28,32,17,2,1,1,25,215.91,0
8,0,34,0,2273,52,348,19,3,1,1,30,1485.0,0
13,0,15,0,6277,136,87,43,1,2,1,15,831.215,0
10,0,40,1,2888,65,18,38,2,1,1,25,213.885,0
0,0,36,0,1488,42,0,16,1,1,1,15,84.15,0
11,0,37,0,2970,53,150,21,2,1,1,25,811.035,0
5,0,40,0,2013,50,11,19,3,1,2,30,126.52,0
15,0,40,3,6823,111,35,29,3,1,1,30,417.36,0
9,0,43,2,7893,135,401,49,3,1,1,30,1925.12,0
5,0,35,0,1910,47,40,20,3,1,2,30,238.28,0
24,0,36,4,15435,229,68,45,3,2,1,30,898.56,0
21,0,46,3,4340,98,54,36,3,1,1,30,393.52,0
9,1,38,0,2238,54,8,17,3,1,2,30,123.68,0
3,0,35,0,6413,69,101,35,2,1,1,25,746.19,0
3,0,36,0,1858,26,9,9,3,1,1,30,111.36,0
6,1,36,0,2123,49,10,18,3,1,2,30,126.88,0
5,0,42,1,7508,133,392,44,3,1,1,30,1873.64,0
0,0,22,0,830,22,175,4,2,2,1,25,825.84,0
2,0,31,0,1933,42,0,14,3,1,2,30,79.0,0
8,0,43,1,5918,101,15,13,3,1,1,30,300.76,0
7,0,28,1,1683,44,28,67,5,1,1,55,67.905,0
11,0,38,0,2483,57,10,17,3,1,2,30,141.6,0
0,0,39,0,0,0,0,0,2,1,2,25,0.0,0
5,0,28,0,305,6,7,2,4,1,2,45,25.275,0
18,0,38,2,6123,104,33,26,2,1,1,25,428.715,0
3,0,22,0,1488,37,20,64,4,1,1,45,88.125,0
7,1,33,0,2238,48,0,16,3,1,2,30,91.44,0
0,0,35,0,760,9,2,12,2,1,2,25,43.605,0
10,0,37,0,2453,60,359,24,3,1,1,30,1536.52,0
3,0,32,0,1853,46,0,11,3,1,2,30,75.96,0
8,0,36,1,2585,43,282,16,3,1,1,30,1233.12,0
5,0,35,0,3778,54,0,29,1,1,1,15,210.76,0
2,0,18,0,1695,26,28,14,2,1,1,25,203.445,0
5,0,38,0,1638,44,0,2,3,1,2,30,67.28,0
16,0,29,0,1005,31,17,9,3,1,2,30,109.44,0
13,0,32,0,700,31,18,8,3,1,2,30,101.24,0
9,0,38,2,3205,31,12,18,3,1,1,30,177.44,0
0,0,26,0,6480,85,0,19,4,1,1,45,164.125,0
6,0,35,0,2665,47,143,19,2,1,1,25,765.54,0
21,0,41,2,5213,83,16,37,1,1,1,15,379.28,0
5,0,35,0,6603,70,110,38,2,1,1,25,795.285,0
11,0,36,4,7270,122,278,35,3,2,1,30,1407.68,0
5,0,41,0,305,6,7,2,3,1,2,30,40.44,0
4,0,36,0,13713,166,0,42,3,1,1,30,555.16,0
8,0,34,1,4415,67,7,13,3,1,1,30,207.28,0
0,0,34,0,0,0,0,0,4,1,1,45,0.0,0
11,0,39,3,1353,21,19,4,5,1,1,55,49.11,0
0,0,16,0,1390,20,21,12,2,1,1,25,157.95,0
12,0,39,2,11770,160,18,49,4,1,1,45,343.25,0
8,0,38,0,2085,56,77,26,4,1,2,45,246.025,0
14,0,22,5,3238,53,48,25,3,2,1,30,323.64,0
11,0,34,1,7023,75,107,38,2,1,1,25,800.91,0
15,0,15,2,6688,145,99,55,1,2,1,15,920.315,0
32,0,39,10,11450,110,16,44,5,1,1,55,197.4,0
14,0,35,1,6223,103,27,22,2,1,1,25,406.17,0
5,0,29,0,1245,22,60,9,4,1,2,45,181.675,0
6,0,40,1,2508,63,0,32,2,1,1,25,115.695,0
7,0,40,1,2420,42,290,20,3,1,1,30,1258.48,0
0,0,25,0,820,29,177,6,2,2,1,25,834.705,0
19,0,42,3,6203,106,43,30,3,1,1,30,424.36,0
8,0,35,2,7090,103,21,24,5,1,1,55,139.395,0
20,0,19,2,9298,180,85,44,5,1,1,55,269.67,0
0,0,39,0,3413,82,3,27,3,1,1,30,151.8,0
0,0,26,0,0,0,0,0,2,1,2,25,0.0,0
0,0,36,0,3118,72,0,13,2,1,1,25,143.55,0
3,0,39,1,2508,64,34,37,2,1,1,25,268.74,0
8,0,39,0,11170,150,7,34,4,1,1,45,300.5,0
8,0,38,1,6163,98,9,12,3,1,1,30,286.44,0
5,0,35,1,3843,80,7,25,3,1,1,30,184.92,0
2,0,26,0,1015,11,30,6,4,1,2,45,100.65,0
6,0,39,1,7568,130,389,45,3,1,1,30,1863.92,0
11,0,40,2,3590,34,499,13,3,1,1,30,2140.96,0
1,0,24,0,1453,34,32,69,4,1,1,45,117.175,0
1,0,32,0,1485,36,27,15,3,1,2,30,168.84,0
13,0,39,2,7023,81,115,39,2,1,1,25,837.18,0
9,0,40,2,3400,33,490,10,3,1,1,30,2097.32,0
10,0,38,0,4198,66,1,35,1,1,1,15,240.02,0
4,0,32,0,3813,58,0,29,1,1,1,15,212.905,0
3,0,38,2,6615,92,218,30,3,1,1,30,1140.28,0
0,0,32,0,2835,17,468,2,3,1,1,30,1986.08,0
24,0,27,2,15995,236,0,76,2,1,1,25,730.395,0
13,0,41,3,7350,113,36,30,5,1,1,55,165.945,0
4,0,34,3,6775,115,262,30,2,2,1,25,1489.05,0
6,1,36,0,2178,51,3,15,3,1,2,30,101.16,0
2,0,22,0,1650,30,36,18,2,1,1,25,237.6,0
10,0,36,2,4070,86,46,41,3,1,1,30,350.24,0
5,0,35,0,2148,54,352,22,2,1,1,25,1683.09,0
11,0,35,1,11690,158,8,45,4,1,1,45,316.2,0
5,0,23,0,920,26,12,11,2,1,1,25,96.57,0
0,0,37,1,2905,27,508,10,3,1,1,30,2149.28,0
3,0,35,0,1958,53,343,19,2,1,1,25,1633.995,0
11,0,28,6,9870,77,0,34,4,2,1,45,248.675,0
9,0,38,1,4760,86,7,25,3,1,1,30,221.84,0
11,0,31,0,655,29,18,11,2,1,2,25,111.78,0
10,0,15,0,8742,170,64,37,4,1,1,45,382.8,0
5,0,35,0,2148,54,352,22,2,1,1,25,1683.09,0
11,0,41,0,2418,62,19,22,3,1,2,30,175.2,0
0,0,34,0,3658,79,0,26,2,1,1,25,168.165,0
0,0,25,0,0,0,0,0,2,1,2,25,0.0,0
8,0,42,2,4103,90,19,34,3,1,1,30,243.72,0
13,0,39,2,5225,94,10,25,3,1,1,30,252.76,0
11,0,44,2,2233,41,22,14,4,1,1,45,111.85,0
2,0,40,0,1055,22,11,16,2,1,2,25,97.965,0
0,0,40,0,570,14,1,10,2,1,2,25,30.78,0
1,0,36,0,1668,25,0,6,3,1,1,30,67.72,0
7,0,37,1,2485,37,281,15,3,1,1,30,1224.88,0
23,0,31,3,15830,235,0,80,2,1,1,25,722.925,0
6,0,34,3,6965,116,271,33,2,2,1,25,1538.145,0
5,0,34,1,11285,146,0,42,4,1,1,45,285.775,0
5,0,34,1,3075,57,189,36,2,1,1,25,991.44,0
10,0,38,2,6518,105,28,27,3,1,1,30,376.92,0
2,0,25,0,3225,61,8,23,3,1,1,30,163.44,0
9,0,38,1,2840,56,180,25,2,1,1,25,940.32,0
0,0,35,0,958,14,0,6,3,1,1,30,38.88,0
1,0,35,0,6223,68,92,32,2,1,1,25,697.095,0
2,0,38,0,710,14,13,8,3,1,2,30,80.96,0
5,0,42,2,598,14,19,8,5,1,1,55,37.68,0
4,0,25,0,3415,62,17,26,3,1,1,30,207.08,0
1,0,25,0,1230,15,22,1,4,1,2,45,86.125,0
14,0,45,3,4820,95,17,28,4,1,1,45,165.375,0
15,0,29,2,2583,56,45,70,5,1,1,55,107.085,0
14,1,40,0,2543,60,15,19,3,1,2,30,164.12,0
21,0,31,1,15475,228,0,65,2,1,1,25,706.635,0
12,0,35,4,7690,113,42,39,5,1,1,55,180.045,0
2,0,21,0,1568,33,22,67,4,1,1,45,95.025,0
6,0,36,2,6625,84,182,23,3,1,1,30,996.36,0
19,0,37,2,6528,109,34,24,2,1,1,25,451.665,0
1,0,32,0,6500,80,178,25,3,1,1,30,975.2,0
0,0,26,0,825,10,21,3,4,1,2,45,73.375,0
9,0,22,0,700,19,2,6,2,1,2,25,41.355,0
6,0,39,2,6615,91,184,25,3,1,1,30,1004.24,0
0,0,35,0,5595,70,158,9,3,1,1,30,858.6,0
5,0,38,2,643,10,11,4,5,1,1,55,26.295,0
0,0,33,0,1908,44,0,26,1,1,1,15,107.36,0
0,0,4,0,3905,26,197,3,3,1,1,30,945.24,0
18,0,40,0,3143,70,36,34,3,1,2,30,272.52,0
8,0,25,0,585,20,12,8,2,1,2,25,81.225,0
23,0,26,2,16075,232,0,79,2,1,1,25,733.815,0
11,0,18,4,2967,50,29,18,3,1,1,30,236.68,0
8,0,36,1,3320,31,480,6,3,1,1,30,2054.04,0
8,0,25,0,1035,31,10,10,2,1,1,25,92.97,0
7,0,40,1,5623,91,7,17,3,1,1,30,256.56,0
0,0,36,0,2600,20,467,3,3,1,1,30,1972.8,0
1,0,32,2,6660,110,264,31,2,2,1,25,1492.65,0
0,0,31,0,6290,90,0,17,4,1,1,45,159.5,0
15,0,40,1,4503,72,8,37,1,1,1,15,295.625,0
7,0,12,2,2773,43,21,15,3,1,1,30,196.64,0
14,0,38,2,7428,86,116,37,2,1,1,25,860.13,0
1,0,34,0,2840,22,0,14,3,1,1,30,114.48,0
14,0,41,2,3408,75,17,35,2,1,1,25,233.235,0
10,0,35,1,4820,83,1,26,3,1,1,30,200.12,0
3,0,10,2,2593,35,16,13,3,1,1,30,169.12,0
0,0,24,0,300,19,161,9,2,2,1,25,738.855,0
10,0,34,1,4243,62,7,31,2,1,1,25,225.225,0
13,0,38,1,3965,83,41,31,3,1,1,30,325.92,0
0,0,30,0,1795,23,263,10,3,1,1,30,1124.72,0
0,0,36,1,338,4,4,2,5,1,1,55,11.13,0
7,0,36,1,8405,110,119,43,3,1,1,30,816.6,0
13,0,40,1,6413,102,23,17,3,1,1,30,352.6,0
12,0,38,1,11655,154,7,45,3,1,1,30,500.36,0
0,0,36,0,3473,79,0,28,2,1,1,25,159.84,0
3,0,37,0,1528,43,0,17,3,1,2,30,62.84,0
14,0,36,2,9520,126,145,41,3,1,1,30,965.84,0
0,0,35,0,0,0,0,0,4,1,1,45,0.0,0
8,0,37,0,2208,57,357,24,2,1,1,25,1708.425,0
14,0,14,1,6213,133,74,37,2,2,1,25,618.57,0
2,0,37,0,595,8,0,4,2,1,2,25,27.135,0
15,0,30,1,14575,209,32,24,2,1,1,25,809.28,0
8,0,13,0,6028,132,73,38,1,2,1,15,740.3,0
3,0,23,0,335,16,0,3,2,1,2,25,15.795,0
13,0,18,4,3157,51,38,21,3,1,1,30,280.32,0
5,0,14,2,2737,40,33,20,3,1,1,30,243.08,0
4,0,23,1,1695,32,36,15,3,1,1,30,213.08,0
11,0,37,5,7385,128,310,39,3,2,1,30,1540.52,0
4,0,16,1,2253,35,10,4,3,1,1,30,131.52,0
8,0,35,1,8810,115,137,41,3,1,1,30,905.0,0
9,0,44,2,3355,37,498,14,3,1,1,30,2127.68,0
27,0,20,3,7407,158,100,44,2,2,1,25,790.425,0
16,0,34,7,10130,87,0,40,4,1,1,45,255.425,0
12,0,41,0,4378,74,12,40,1,1,1,15,310.86,0
12,0,42,1,2453,66,367,25,3,1,1,30,1568.76,0
6,0,34,0,13693,167,0,40,3,1,1,30,554.4,0
4,0,37,0,2980,21,451,4,3,1,1,30,1924.04,0
8,0,16,3,2852,45,31,19,3,1,1,30,239.88,0
21,0,41,4,9480,130,156,47,3,1,1,30,1008.4,0
0,0,31,0,2420,10,0,8,3,1,1,30,97.2,0
2,0,31,0,6333,67,91,31,2,1,1,25,697.5,0
1,0,31,0,11080,146,0,41,3,1,1,30,449.04,0
0,0,35,0,3183,49,0,33,1,1,1,15,177.76,0
15,0,28,2,1645,44,58,19,2,1,1,25,337.005,0
16,0,39,3,9175,124,149,45,3,1,1,30,967.96,0
12,0,14,3,3078,49,28,17,3,1,1,30,237.08,0
11,1,43,0,2238,60,16,18,3,1,2,30,155.92,0
0,0,37,0,0,0,0,0,2,1,2,25,0.0,0
8,0,36,0,1855,44,13,18,3,1,2,30,127.96,0
9,1,39,0,2353,60,40,21,3,1,2,30,256.52,0
11,0,36,1,4740,87,7,23,3,1,1,30,221.08,0
0,0,32,0,1588,23,0,2,3,1,1,30,64.44,0
5,0,28,0,1273,35,16,55,4,1,1,45,72.7,0
0,0,34,0,0,0,0,0,5,1,1,55,0.0,0
7,0,43,3,643,16,19,5,5,1,1,55,38.385,0
0,0,27,0,715,26,172,1,2,2,1,25,807.345,0
0,0,34,0,3603,77,4,29,2,1,1,25,183.6,0
10,0,36,3,3745,38,28,31,3,1,1,30,263.32,0
6,0,34,0,7813,127,383,44,2,1,1,25,2080.8,0
6,0,39,1,6033,101,39,16,3,1,1,30,401.36,0
11,0,37,2,8925,120,135,40,3,1,1,30,901.8,0
2,0,36,3,6740,112,274,35,2,2,1,25,1541.34,0
8,0,15,2,2738,39,0,15,3,1,1,30,111.08,0
0,0,39,1,33,4,5,1,5,1,1,55,8.055,0
21,1,40,8,10390,97,9,46,5,2,1,55,170.805,0
25,0,19,4,7298,157,113,59,2,2,1,25,843.975,0
0,0,34,0,4150,74,0,21,3,1,1,30,168.96,0
11,0,38,1,3775,82,32,28,3,1,1,30,282.28,0
7,0,36,0,11350,148,0,43,3,1,1,30,459.92,0
0,0,30,0,5353,79,0,4,2,1,1,25,244.44,0
10,0,39,1,4313,72,33,39,1,1,1,15,422.675,0
3,0,41,0,433,10,5,3,3,1,2,30,37.72,0
4,0,35,0,8210,105,116,26,3,1,1,30,796.6,0
2,0,9,1,4390,40,215,10,3,1,1,30,1037.2,0
0,0,29,0,14920,166,128,22,2,1,1,25,1254.87,0
0,0,36,0,1898,51,0,28,1,1,1,15,107.195,0
5,0,33,0,4023,82,1,29,2,1,1,25,189.225,0
11,0,36,4,7270,122,278,35,3,2,1,30,1407.68,0
0,0,17,0,1505,26,53,16,2,1,1,25,307.395,0
9,0,24,0,520,17,0,2,2,1,2,25,24.165,0
3,0,38,0,13173,159,0,29,3,1,1,30,533.28,0
4,0,27,1,1683,45,62,72,5,1,1,55,118.92,0
0,0,37,0,1440,40,41,22,3,1,2,30,223.2,0
6,0,25,0,395,19,3,5,2,1,2,25,32.13,0
5,0,39,3,758,16,43,8,5,1,1,55,76.11,0
0,0,41,0,830,18,8,15,2,1,2,25,74.16,0
6,0,38,3,6920,120,279,37,2,2,1,25,1572.3,0
3,0,18,0,920,20,4,10,1,1,1,15,73.7,0
3,0,32,0,6670,91,0,18,4,1,1,45,169.025,0
7,0,38,0,2328,62,363,27,2,1,1,25,1741.05,0
4,0,36,3,938,14,25,17,5,1,1,55,51.78,0
0,0,20,0,1470,22,31,16,2,1,1,25,206.64,0
1,0,26,0,2820,56,0,25,3,1,1,30,115.04,0
16,0,39,4,12370,170,39,64,4,1,1,45,411.0,0
15,0,39,1,2758,66,366,26,3,1,1,30,1576.96,0
5,0,33,1,7030,100,16,22,5,1,1,55,130.95,0
11,0,15,0,6087,135,78,40,1,2,1,15,771.21,0
10,0,39,1,3070,50,293,18,3,1,1,30,1296.8,0
0,0,33,0,6185,87,0,7,4,1,1,45,156.8,0
5,0,14,0,5377,124,53,40,1,2,1,15,594.055,0
13,0,39,1,14483,180,8,44,3,1,1,30,618.52,0
1,0,37,0,7318,126,375,40,2,1,1,25,2022.48,0
0,0,27,0,2535,10,0,11,3,1,1,30,101.8,0
0,0,37,0,1543,27,4,9,3,1,1,30,78.8,0
13,0,45,2,8073,143,406,51,3,1,1,30,1952.64,0
0,0,10,0,4265,42,219,13,3,1,1,30,1048.28,0
0,0,35,1,148,4,29,4,5,1,1,55,45.78,0
5,0,25,1,3470,64,10,23,3,1,1,30,181.36,0
9,0,33,0,3085,53,174,24,2,1,1,25,924.21,0
7,0,26,0,3415,61,7,21,3,1,1,30,167.04,0
1,0,23,1,3520,65,22,36,3,1,1,30,231.4,0
8,0,41,2,1240,23,12,15,2,1,1,25,110.835,0
0,0,24,0,0,0,5,0,4,1,2,45,12.5,0
0,0,17,0,660,16,0,5,2,1,1,25,30.42,0
10,0,44,2,2745,47,302,24,4,1,1,45,824.8,0
10,0,39,2,6995,93,202,31,3,1,1,30,1091.52,0
3,0,35,0,3950,59,0,11,2,1,1,25,180.405,0
13,0,22,4,3113,55,46,25,3,1,1,30,310.72,0
6,0,32,1,8630,107,126,36,3,1,1,30,853.48,0
7,0,38,0,13773,169,0,44,3,1,1,30,557.68,0
7,0,41,1,11420,158,19,51,4,1,1,45,336.95,0
2,0,37,0,13583,169,25,46,3,1,1,30,650.08,0
0,0,40,1,2870,23,486,10,3,1,1,30,2059.72,0
18,0,39,3,16390,198,178,47,2,1,1,25,1547.46,0
2,0,24,0,3110,55,0,19,3,1,1,30,126.6,0
9,0,18,0,8627,171,74,39,5,1,1,55,242.97,0
19,0,25,1,15690,230,0,74,2,1,1,25,716.4,0
5,0,37,0,7698,128,393,46,2,1,1,25,2120.67,0
6,0,34,0,1790,42,34,17,3,1,2,30,209.28,0
5,0,24,0,1035,32,44,15,2,1,1,25,246.015,0
0,0,35,0,1378,41,0,31,1,1,1,15,78.045,0
20,0,29,0,1605,41,38,24,3,1,2,30,217.84,0
9,0,14,2,4875,54,233,17,3,1,1,30,1129.16,0
1,0,35,0,1548,44,331,7,2,1,1,25,1561.14,0
6,0,35,0,15370,177,152,31,2,1,1,25,1383.615,0
1,0,30,0,1665,38,30,19,3,1,2,30,188.12,0
3,0,38,2,453,9,2,1,5,1,1,55,9.93,0
8,0,25,0,640,22,5,5,2,1,2,25,52.29,0
2,0,22,0,1315,30,185,10,2,2,1,25,893.025,0
0,0,32,0,2725,17,2,15,3,1,1,30,117.68,0
11,0,39,2,3200,65,214,29,3,1,1,30,986.6,0
7,0,37,0,15295,181,141,27,2,1,1,25,1330.92,0
0,0,32,0,6015,72,168,19,3,1,1,30,915.48,0
0,0,36,0,595,9,15,9,2,1,2,25,94.68,0
3,0,37,0,4180,71,30,19,3,1,1,30,290.04,0
2,0,35,0,2180,31,274,13,3,1,1,30,1184.44,0
0,0,35,0,570,8,0,9,2,1,2,25,26.01,0
10,0,42,0,1970,56,53,23,4,1,2,45,183.15,0
0,0,34,0,1173,18,0,1,3,1,1,30,47.64,0
12,0,16,5,3453,55,52,34,3,1,1,30,348.32,0
5,0,19,0,965,22,4,7,2,1,1,25,62.415,0
14,0,34,2,2133,55,52,76,5,1,1,55,110.82,0
0,0,31,0,338,5,0,1,4,1,1,45,8.575,0
17,0,33,0,1085,33,27,13,3,1,2,30,152.72,0
5,0,32,0,3938,56,0,29,1,1,1,15,219.67,0
0,0,36,0,0,0,0,0,2,1,2,25,0.0,0
11,0,37,0,15675,183,159,33,2,1,1,25,1429.11,0
0,0,31,0,2790,15,468,5,3,1,1,30,1984.2,0
16,0,35,8,10245,93,26,44,5,2,1,55,194.07,0
5,0,38,1,3833,87,0,27,3,1,1,30,156.8,0
9,1,36,4,7025,119,276,35,3,2,1,30,1389.76,0
5,0,34,1,305,6,7,2,5,1,1,55,15.165,0
0,0,25,0,0,0,0,0,4,1,2,45,0.0,0
9,1,38,0,2238,54,8,17,3,1,2,30,123.68,0
2,0,31,0,825,16,29,4,4,1,2,45,93.525,0
8,0,38,0,15080,177,132,32,2,1,1,25,1280.565,0
5,0,38,0,305,6,7,2,3,1,2,30,40.44,0
13,0,41,2,4790,83,44,23,3,1,1,30,370.92,0
6,0,38,0,15360,184,154,33,2,1,1,25,1392.48,0
16,0,33,0,960,35,25,13,3,1,2,30,139.8,0
10,0,22,2,2060,35,40,18,3,1,1,30,243.8,0
0,0,28,0,600,6,24,5,4,1,2,45,75.15,0
3,0,37,0,2278,52,0,29,1,1,1,15,128.15,0
0,0,36,0,165,3,0,11,2,1,2,25,7.56,0
9,0,39,0,6423,71,94,24,2,1,1,25,715.23,0
6,0,38,1,3340,30,485,8,3,1,1,30,2074.8,0
0,0,27,0,700,12,25,6,4,1,2,45,80.3,0
10,0,42,2,6718,81,116,38,2,1,1,25,827.955,0
21,0,17,3,9838,187,101,57,5,1,1,55,301.875,0
8,0,38,0,4370,71,5,17,3,1,1,30,197.64,0
0,0,13,0,1210,12,10,7,2,1,1,25,99.99,0
24,0,39,3,6833,115,41,26,3,1,1,30,441.92,0
0,0,34,0,2595,19,0,14,3,1,1,30,104.56,0
0,0,31,0,0,0,0,0,2,1,2,25,0.0,0
14,0,44,2,4755,79,22,23,3,1,1,30,281.36,0
6,0,9,0,5828,125,63,34,1,2,1,15,673.915,0
0,0,23,0,2320,45,0,6,3,1,1,30,94.6,0
0,0,31,0,4210,71,0,22,3,1,1,30,171.24,0
8,0,34,0,8695,109,105,37,3,1,1,30,772.16,0
1,0,36,0,1005,18,27,21,2,1,2,25,167.535,0
7,0,38,1,4515,83,2,25,3,1,1,30,191.92,0
8,0,41,0,6098,103,18,17,3,1,1,30,320.04,0
9,0,29,2,1988,51,69,74,5,1,1,55,134.085,0
20,0,36,2,14835,219,47,30,3,1,1,30,790.16,0
14,0,37,2,3900,80,28,25,3,1,1,30,271.2,0
4,0,20,0,395,13,0,4,2,1,2,25,18.36,0
0,0,12,0,1435,16,13,8,2,1,1,25,123.795,0
3,0,35,0,1665,44,38,20,3,1,2,30,220.36,0
0,0,32,0,2535,16,0,12,3,1,1,30,102.04,0
10,0,37,0,2643,59,9,15,3,1,2,30,144.08,0
0,0,29,0,2355,8,0,7,3,1,1,30,94.52,0
0,0,3,0,4005,32,198,4,3,1,1,30,953.48,0
1,0,36,0,3035,24,478,6,3,1,1,30,2034.36,0
2,0,40,0,5693,91,10,14,2,1,1,25,305.28,0
0,0,21,0,1390,26,29,13,2,1,1,25,194.22,0
5,0,38,1,3778,85,7,30,3,1,1,30,182.52,0
21,0,40,3,6183,107,38,28,3,1,1,30,403.6,0
9,0,37,0,15485,182,150,30,2,1,1,25,1380.015,0
15,0,21,4,3338,59,49,26,3,1,1,30,331.88,0
17,0,41,2,6933,112,22,14,3,1,1,30,369.8,0
6,0,27,0,1535,21,29,3,4,1,2,45,111.4,0
1,0,19,0,1290,21,10,16,2,1,1,25,103.995,0
8,0,31,1,8855,111,129,37,3,1,1,30,874.64,0
27,1,34,3,16255,246,11,85,2,1,1,25,792.045,0
0,0,23,0,2920,55,1,21,3,1,1,30,123.0,0
10,0,11,0,6008,133,68,36,1,2,1,15,711.755,0
0,0,35,0,570,8,0,9,2,1,2,25,26.01,0
6,0,18,2,2295,36,49,29,2,1,1,25,325.395,0
9,0,39,2,8890,117,147,45,3,1,1,30,948.28,0
20,0,37,8,10030,88,0,44,5,1,1,55,151.77,0
3,0,40,0,13548,165,3,46,3,1,1,30,560.52,0
5,0,35,0,1100,18,7,9,2,1,2,25,81.81,0
0,0,35,0,380,7,0,6,2,1,2,25,17.415,0
6,0,40,1,3100,32,15,20,3,1,1,30,185.28,0
8,0,26,2,2168,49,51,83,4,1,1,45,182.925,0
5,0,40,0,1295,26,39,17,3,1,2,30,208.84,0
13,0,27,0,890,26,19,10,2,1,2,25,126.72,0
1,0,14,2,2357,38,15,14,3,1,1,30,155.8,0
0,0,35,0,7013,120,368,38,2,1,1,25,1976.985,0
19,0,43,4,9500,129,161,49,3,1,1,30,1029.16,0
3,0,37,1,6740,101,22,26,5,1,1,55,135.615,0
5,0,35,0,1015,14,12,9,2,1,2,25,100.305,0
2,0,36,0,13468,163,0,42,3,1,1,30,545.24,0
32,0,33,4,16570,245,16,85,2,2,1,25,828.675,0
3,0,34,0,6298,63,69,31,2,1,1,25,596.745,0
14,0,43,1,14258,183,18,51,3,1,1,30,649.64,0
0,0,36,0,2790,21,476,6,3,1,1,30,2016.44,0
0,0,24,0,1073,32,14,63,4,1,1,45,62.625,0
12,0,42,2,3855,84,42,32,3,1,1,30,325.56,0
0,0,32,0,2133,48,0,27,1,1,1,15,119.955,0
5,0,36,0,3893,60,0,33,1,1,1,15,217.415,0
30,0,34,5,16495,250,39,86,2,2,1,25,929.025,0
0,0,23,0,1148,27,0,62,4,1,1,45,29.375,0
10,0,35,2,7280,104,30,27,5,1,1,55,155.76,0
17,0,46,3,5080,99,24,33,4,1,1,45,189.475,0
0,0,32,1,3135,26,14,27,3,1,1,30,182.44,0
1,0,35,1,2955,28,32,18,3,1,1,30,247.32,0
4,0,35,0,15180,176,143,28,2,1,1,25,1334.52,0
8,0,39,0,2583,58,7,31,1,1,1,15,183.755,0
14,0,40,1,14268,176,16,49,3,1,1,30,641.76,0
16,0,29,0,15170,222,0,63,2,1,1,25,692.64,0
8,0,41,1,6673,79,116,41,2,1,1,25,825.84,0
4,0,30,1,3225,67,16,24,3,1,1,30,195.68,0
1,0,39,0,2235,41,289,21,3,1,1,30,1247.04,0
8,0,43,1,7768,137,399,49,3,1,1,30,1912.2,0
1,0,35,0,1553,19,0,2,3,1,1,30,62.88,0
25,1,31,3,16075,238,0,80,2,1,1,25,734.085,0
8,0,41,0,1925,54,53,26,3,1,2,30,291.16,0
7,0,31,1,7010,101,11,20,5,1,1,55,123.165,0
3,0,32,0,4110,61,0,11,2,1,1,25,187.695,0
6,0,36,2,4810,87,16,38,3,1,1,30,259.88,0
0,0,35,0,7203,121,377,41,2,1,1,25,2026.08,0
0,0,41,0,405,14,14,7,3,1,2,30,72.76,0
0,0,33,0,0,0,0,0,2,1,2,25,0.0,0
6,0,39,2,6560,89,191,28,3,1,1,30,1029.96,0
8,0,24,1,1793,43,27,66,4,1,1,45,113.4,0
17,0,28,0,1410,36,18,7,3,1,2,30,129.84,0
0,0,34,0,5703,58,76,35,2,1,1,25,601.245,0
9,0,41,2,2780,51,324,24,4,1,1,45,880.775,0
12,0,37,2,3855,39,15,16,3,1,1,30,215.76,0
2,0,29,0,6705,95,4,18,4,1,1,45,180.0,0
6,0,38,0,3598,56,0,20,1,1,1,15,200.97,0
0,0,29,0,1888,44,337,16,2,1,1,25,1603.44,0
5,0,36,1,6213,99,21,25,2,1,1,25,378.54,0
20,0,37,3,14950,225,79,34,3,1,1,30,923.0,0
3,0,38,0,2393,58,2,33,1,1,1,15,145.805,0
5,0,40,0,1665,50,46,21,4,1,2,45,157.875,0
18,0,34,7,10320,88,3,43,4,1,1,45,267.7,0
15,0,39,1,5998,106,37,29,2,1,1,25,441.18,0
0,0,3,0,3825,24,193,2,2,1,1,25,1041.705,0
5,0,34,1,3085,25,7,14,3,1,1,30,152.4,0
0,0,22,0,210,15,0,11,2,1,1,25,10.125,0
4,0,36,0,1933,48,1,15,3,1,2,30,83.24,0
2,0,34,1,6380,92,0,24,5,1,1,55,97.08,0
0,0,34,0,318,4,0,3,2,1,2,25,14.49,0
6,0,38,0,1585,25,8,11,2,1,2,25,108.45,0
0,0,37,0,5208,84,0,12,2,1,1,25,238.14,0
0,0,36,0,1068,15,0,3,3,1,1,30,43.32,0
0,0,32,0,5533,87,0,6,2,1,1,25,252.9,0
3,0,34,0,1550,38,6,16,3,1,2,30,87.52,0
0,0,31,0,7123,119,367,37,2,1,1,25,1977.39,0
3,0,40,1,3798,84,12,32,3,1,1,30,203.28,0
0,0,36,0,0,0,0,0,2,1,2,25,0.0,0
0,0,36,0,12868,153,0,27,3,1,1,30,520.84,0
10,0,40,2,4630,88,0,24,3,1,1,30,188.72,0
15,0,30,6,10050,85,0,36,4,1,1,45,253.375,0
9,0,40,2,2033,34,12,10,4,1,1,45,81.675,0
13,0,36,1,9000,115,112,39,3,1,1,30,812.6,0
9,0,35,1,2748,64,373,37,2,1,1,25,1805.04,0
0,0,36,0,1540,46,42,23,3,1,2,30,231.44,0
13,0,44,3,4900,91,19,31,3,1,1,30,275.64,0
7,0,35,0,2665,39,284,19,3,1,1,30,1244.16,0
12,0,40,1,14078,175,7,46,3,1,1,30,598.12,0
21,1,36,8,10435,93,1,42,5,2,1,55,159.42,0
8,0,42,1,13853,171,10,48,3,1,1,30,600.96,0
15,0,39,0,2948,65,16,17,3,1,2,30,184.52,0
4,0,36,0,1743,49,334,24,2,1,1,25,1583.64,0
14,0,36,3,7800,114,29,24,5,1,1,55,162.21,0
0,0,35,1,6560,93,17,24,4,1,1,45,208.825,0
0,0,15,0,1515,18,17,9,2,1,1,25,145.485,0
30,0,33,4,16380,244,7,82,2,2,1,25,779.58,0
1,0,33,0,2393,52,0,32,1,1,1,15,134.475,0
15,0,35,7,9725,82,0,42,4,1,1,45,245.175,0
8,0,39,1,7813,133,391,45,3,1,1,30,1881.84,0
17,0,39,2,3795,70,190,25,2,1,1,25,1028.925,0
4,0,32,0,1978,44,0,11,3,1,2,30,80.88,0
0,0,9,0,3790,30,194,23,3,1,1,30,928.8,0
8,0,40,1,2698,64,9,35,2,1,1,25,164.79,0
0,0,32,0,2100,29,270,12,3,1,1,30,1165.16,0
11,0,42,1,3040,63,190,29,2,1,1,25,994.635,0
4,0,18,0,1885,27,37,17,2,1,1,25,252.54,0
2,0,32,0,13513,159,0,38,3,1,1,30,546.88,0
5,0,21,1,3270,57,7,19,3,1,1,30,161.08,0
0,0,38,0,128,5,32,6,3,1,2,30,133.32,0
17,0,17,1,9237,177,80,42,5,1,1,55,261.21,0
6,0,24,0,280,13,0,1,2,1,2,25,13.185,0
1,0,37,0,13063,158,0,44,3,1,1,30,528.84,0
6,0,37,1,1725,47,43,22,3,1,1,30,242.88,0
13,0,37,1,4323,64,7,32,1,1,1,15,279.785,0
24,0,40,4,10130,138,159,45,3,1,1,30,1046.72,0
22,0,38,7,10140,89,7,29,5,1,1,55,163.935,0
7,0,37,1,11465,154,11,47,4,1,1,45,317.975,0
4,0,38,1,3095,27,483,8,3,1,1,30,2056.88,0
27,0,37,9,11145,104,9,42,5,2,1,55,182.235,0
9,0,43,1,13773,175,8,45,3,1,1,30,589.92,0
11,0,39,0,6108,95,7,10,2,1,1,25,310.635,0
5,0,37,0,14885,172,129,15,2,1,1,25,1258.065,0
5,0,35,1,4335,75,0,20,3,1,1,30,176.4,0
2,0,36,0,4210,77,0,23,3,1,1,30,171.48,0
6,0,40,0,2735,57,183,27,2,1,1,25,949.14,0
10,0,44,3,903,20,26,10,5,1,1,55,52.845,0
2,0,33,0,1753,40,0,10,3,1,2,30,71.72,0
0,0,29,0,10900,138,0,39,3,1,1,30,441.52,0
7,0,40,1,2475,44,283,17,3,1,1,30,1232.76,0
0,0,32,0,6060,100,243,16,2,2,1,25,1370.7,0
2,0,39,1,518,12,15,7,5,1,1,55,30.45,0
0,0,35,0,6195,80,179,24,3,1,1,30,967.0,0
30,0,41,5,15560,237,93,38,3,1,1,30,1003.88,0
23,0,22,2,6878,155,103,49,2,2,1,25,779.985,0
16,1,43,0,2723,68,26,24,3,1,2,30,215.64,0
1,0,9,1,2547,33,16,16,3,1,1,30,167.2,0
2,0,36,0,13468,163,0,42,3,1,1,30,545.24,0
10,0,38,1,2568,66,391,28,3,1,1,30,1669.36,0
7,0,13,0,8628,165,66,38,4,1,1,45,384.825,0
6,0,38,1,11060,149,0,49,4,1,1,45,280.225,0
7,0,38,0,13773,169,0,44,3,1,1,30,557.68,0
28,0,35,3,15445,225,53,33,3,1,1,30,838.8,0
0,0,31,0,615,4,0,5,2,1,2,25,27.855,0
0,0,21,0,0,0,3,0,4,1,2,45,7.5,0
8,0,36,0,3715,79,27,26,3,1,1,30,259.76,0
13,0,27,0,945,28,12,7,3,1,2,30,86.92,0
7,0,23,0,1165,29,14,11,2,1,1,25,116.73,0
5,0,35,0,6658,72,103,35,2,1,1,25,766.35,0
9,0,23,1,2180,40,46,21,3,1,1,30,272.8,0
6,0,39,0,13368,164,0,46,3,1,1,30,541.28,0
0,0,22,0,1203,30,18,64,4,1,1,45,75.825,0
0,0,31,0,6480,91,7,20,4,1,1,45,181.775,0
7,0,38,2,833,11,20,7,5,1,1,55,42.66,0
12,0,38,2,8710,116,126,45,3,1,1,30,857.04,0
0,0,35,0,6440,83,181,24,3,1,1,30,984.92,0
0,0,35,0,6603,111,356,26,2,1,1,25,1904.13,0
12,0,44,2,6303,103,24,18,3,1,1,30,352.24,0
9,0,38,0,2048,55,341,26,3,1,1,30,1448.12,0
21,0,19,2,6697,147,92,44,2,2,1,25,721.98,0
18,0,29,2,15580,231,0,75,2,1,1,25,711.495,0
5,0,36,0,3893,60,0,33,1,1,1,15,217.415,0
10,0,40,2,4083,91,14,32,3,1,1,30,222.96,0
0,0,27,0,940,16,53,7,4,1,2,45,156.4,0
11,0,39,2,2030,53,50,24,4,1,1,45,177.075,0
10,0,28,2,2025,47,201,11,3,2,1,30,886.88,0
2,0,34,0,8100,104,112,41,3,1,1,30,776.16,0
6,0,32,0,1210,18,38,9,4,1,2,45,125.7,0
8,0,35,1,8810,115,137,41,3,1,1,30,905.0,0
3,0,34,0,3015,25,473,4,3,1,1,30,2013.6,0
22,0,41,3,14835,225,55,31,3,1,1,30,822.4,0
10,0,43,1,4370,77,13,18,3,1,1,30,229.88,0
8,0,40,0,4220,79,7,12,3,1,1,30,199.96,0
4,0,36,0,15295,182,175,32,2,1,1,25,1483.965,0
7,0,35,0,2338,55,361,25,2,1,1,25,1732.185,0
5,0,34,1,2405,35,277,14,3,1,1,30,1205.6,0
16,0,44,2,15790,194,165,33,3,1,1,30,1299.36,0
13,0,39,2,4733,99,17,30,3,1,1,30,261.28,0
11,0,35,0,4675,71,4,18,2,1,1,25,231.57,0
2,0,29,0,3180,65,16,27,3,1,1,30,193.8,0
26,0,42,9,10695,103,16,48,5,2,1,55,185.97,0
11,0,39,2,6778,78,113,39,2,1,1,25,817.02,0
28,0,30,4,16200,236,7,77,2,2,1,25,771.12,0
1,0,34,0,2475,47,168,21,2,1,1,25,869.49,0
4,0,21,0,1875,34,39,19,2,1,1,25,261.405,0
25,0,32,4,16190,244,32,84,2,2,1,25,883.53,0
7,0,36,0,4083,61,3,36,1,1,1,15,244.42,0
26,0,38,9,10740,99,8,44,5,1,1,55,174.585,0
6,0,38,1,1973,31,7,8,4,1,1,45,67.6,0
4,0,38,0,3770,61,0,2,2,1,1,25,172.395,0
5,0,22,0,3530,61,7,24,3,1,1,30,171.64,0
14,0,23,1,1450,36,16,11,2,1,1,25,138.87,0
6,0,30,1,7090,97,13,23,4,1,1,45,212.175,0
0,0,36,0,0,0,0,0,2,1,2,25,0.0,0
1,0,32,0,4130,75,0,19,3,1,1,30,168.2,0
14,0,45,2,14078,181,15,47,3,1,1,30,630.36,0
5,0,26,0,1070,13,23,3,4,1,2,45,84.575,0
10,0,34,0,3695,80,22,24,3,1,1,30,239.0,0
23,0,31,3,15885,237,0,77,2,1,1,25,725.49,0
7,0,37,2,3220,25,479,5,3,1,1,30,2045.8,0
1,0,36,0,1280,19,1,9,2,1,2,25,62.955,0
8,0,10,2,5100,51,223,10,3,1,1,30,1098.04,0
2,0,33,0,3245,27,1,12,3,1,1,30,134.88,0
6,0,39,1,7623,132,382,42,3,1,1,30,1838.2,0
4,0,37,0,2048,54,33,19,3,1,2,30,216.08,0
5,0,38,0,1845,52,49,25,3,1,2,30,271.88,0
3,0,13,2,4470,42,225,14,3,1,1,30,1080.48,0
3,0,36,0,4065,65,0,15,2,1,1,25,185.85,0
11,0,28,0,815,31,42,11,3,1,2,30,201.84,0
0,0,37,0,6908,117,363,28,2,1,1,25,1949.625,0
17,0,16,0,9123,171,48,38,4,1,1,45,352.35,0
0,0,33,0,1488,17,0,1,3,1,1,30,60.2,0
20,0,29,2,15770,232,0,78,2,1,1,25,720.09,0
12,0,33,1,9035,119,134,39,3,1,1,30,902.16,0
4,0,26,0,1425,20,42,18,4,1,2,45,141.125,0
15,0,40,1,4503,72,8,37,1,1,1,15,295.625,0
9,0,40,1,2665,45,292,20,3,1,1,30,1276.4,0
8,0,20,0,1225,26,11,12,2,1,1,25,105.795,0
0,0,31,0,1300,35,26,16,3,1,2,30,157.4,0
0,0,32,0,3353,73,0,24,2,1,1,25,154.17,0
0,0,34,0,14470,165,118,28,2,1,1,25,1189.575,0
0,0,30,0,6195,74,171,23,3,1,1,30,934.76,0
10,0,47,0,883,21,29,12,3,1,2,30,152.16,0
3,0,39,0,5793,97,11,15,2,1,1,25,314.55,0
28,0,33,4,16135,241,5,82,2,1,1,25,759.42,0
19,0,40,3,5103,82,29,52,1,1,1,15,444.675,0
20,0,15,1,6618,145,82,40,2,2,1,25,673.335,0
7,0,37,1,11465,154,11,47,4,1,1,45,317.975,0
3,0,25,2,1610,40,207,24,2,2,1,25,1005.75,0
1,0,36,0,2245,34,287,19,3,1,1,30,1239.16,0
0,0,16,0,1580,21,30,15,2,1,1,25,207.045,0
8,0,39,0,3650,84,36,31,2,1,1,25,330.03,0
3,0,34,0,1180,14,0,12,2,1,2,25,53.73,0
9,0,28,1,1873,45,37,70,5,1,1,55,84.27,0
3,0,33,1,643,4,3,3,5,1,1,55,14.205,0
21,1,36,8,10435,93,1,42,5,1,1,55,159.42,0
31,1,32,4,16785,249,8,80,2,1,1,25,802.53,0
0,0,7,0,4085,34,208,8,3,1,1,30,996.76,0
5,0,42,1,2440,41,295,22,3,1,1,30,1279.24,0
9,0,36,0,2375,55,46,20,3,1,2,30,281.2,0
7,0,11,2,4695,46,222,12,3,1,1,30,1077.64,0
14,0,39,1,8820,117,130,30,3,1,1,30,877.48,0
8,0,40,3,6920,98,225,32,4,1,1,45,737.95,0
10,0,40,0,2150,58,56,27,3,1,2,30,312.32,0
3,0,33,0,3713,52,0,28,1,1,1,15,207.075,0
9,0,38,1,4213,89,18,33,3,1,1,30,244.08,0
11,0,38,2,14373,179,21,59,3,1,1,30,666.08,0
7,0,17,3,2447,40,13,21,3,1,1,30,151.48,0
12,0,40,1,14078,175,7,46,3,1,1,30,598.12,0
0,0,36,0,2055,33,278,16,3,1,1,30,1195.52,0
0,0,37,0,1650,28,260,18,3,1,1,30,1107.12,0
29,0,29,3,16300,242,7,78,2,1,1,25,775.89,0
9,0,36,4,7080,121,269,32,3,2,1,30,1364.04,0
5,0,36,1,6965,105,25,27,5,1,1,55,143.55,0
2,0,15,2,2142,34,6,19,3,1,1,30,111.04,0
7,0,37,0,6323,100,8,10,2,1,1,25,325.035,0
7,0,40,0,1015,20,20,10,3,1,2,30,121.4,0
1,0,37,1,6310,85,177,23,3,1,1,30,963.8,0
18,0,39,3,9420,127,151,45,3,1,1,30,985.88,0
5,0,35,0,1855,45,47,23,3,1,2,30,264.0,0
13,0,19,5,3273,57,70,25,4,1,1,45,258.25,0
0,0,19,0,2840,53,0,17,3,1,1,30,115.72,0
6,0,32,0,3515,72,17,22,2,1,1,25,237.915,0
6,0,34,0,4435,81,0,21,3,1,1,30,180.64,0
2,0,35,0,4095,71,0,19,3,1,1,30,166.64,0
15,0,25,0,925,29,7,5,3,1,2,30,66.16,0
18,0,38,2,6123,104,33,26,2,1,1,25,428.715,0
4,0,35,0,11350,149,13,48,3,1,1,30,511.96,0
8,0,37,1,4428,93,10,28,3,1,1,30,220.84,0
10,0,39,0,15190,178,136,17,2,1,1,25,1303.56,0
0,0,37,0,0,0,0,0,2,1,2,25,0.0,0
3,0,41,0,5613,95,8,11,3,1,1,30,260.32,0
9,0,29,2,1620,42,200,13,3,2,1,30,866.48,0
1,0,30,0,905,12,31,7,4,1,2,45,100.425,0
3,0,8,1,4795,45,216,8,3,1,1,30,1057.6,0
13,0,18,4,3158,51,38,21,3,2,1,30,280.36,0
0,0,31,0,6115,78,169,20,3,1,1,30,923.72,0
29,0,31,5,16675,248,21,95,2,1,1,25,856.035,0
0,0,36,0,5790,75,161,26,3,1,1,30,878.6,0
5,0,37,1,305,6,7,2,5,1,1,55,15.165,0
0,0,35,0,1345,22,253,16,3,1,1,30,1066.68,0
12,0,19,1,6168,137,88,44,1,2,1,15,830.775,0
2,0,30,0,15180,170,135,27,2,1,1,25,1298.25,0
8,0,38,2,6833,81,140,41,2,1,1,25,941.13,0
0,0,37,0,3593,84,6,31,2,1,1,25,192.465,0
2,0,25,0,3225,61,8,23,3,1,1,30,163.44,0
0,0,35,0,0,0,0,0,2,1,2,25,0.0,0
16,0,36,0,14235,209,26,15,3,1,1,30,681.76,0
2,0,37,1,3833,88,34,32,3,1,1,30,292.84,0
8,0,37,0,1970,50,45,22,3,1,2,30,260.8,0
13,0,38,1,3275,60,191,28,2,1,1,25,1009.575,0
15,0,27,1,1530,38,26,15,2,1,1,25,187.56,0
13,0,37,2,9115,121,144,43,3,1,1,30,945.44,0
12,0,37,1,2698,63,361,24,3,1,1,30,1554.44,0
17,0,39,2,4485,93,40,28,3,1,1,30,343.12,0
6,0,13,3,2673,37,20,14,3,1,1,30,188.4,0
8,0,35,2,7090,103,21,24,5,1,1,55,139.395,0
6,0,41,0,1933,54,9,16,3,1,2,30,115.48,0
3,0,31,0,3893,54,0,32,1,1,1,15,217.085,0
28,0,40,4,15255,230,52,31,3,1,1,30,827.4,0
10,0,37,1,13898,167,7,41,3,1,1,30,590.6,0
10,0,36,0,15890,187,151,28,2,1,1,25,1402.965,0
10,0,40,1,13888,174,0,43,3,1,1,30,562.48,0
4,0,18,3,2628,41,34,21,3,1,1,30,242.76,0
7,0,24,1,1955,36,43,20,3,1,1,30,251.64,0
7,0,14,4,3148,49,45,32,3,1,1,30,307.88,0
4,0,28,2,1430,42,225,15,3,2,1,30,958.88,0
0,0,25,0,1903,20,165,8,2,2,1,25,829.035,0
1,0,32,2,6660,110,264,31,2,2,1,25,1492.65,0
7,0,21,2,2115,38,67,20,3,1,1,30,354.12,0
6,0,36,1,7633,125,380,40,3,1,1,30,1830.32,0
11,0,42,2,3405,38,22,22,4,1,1,45,141.075,0
0,0,39,0,585,16,17,11,2,1,2,25,103.545,0
0,0,31,0,2660,14,0,9,3,1,1,30,106.96,0
2,0,34,1,6365,106,250,18,2,2,1,25,1416.195,0
0,0,36,0,2088,52,0,31,1,1,1,15,117.7,0
9,0,39,0,1780,30,28,28,2,1,2,25,207.45,0
7,0,36,2,6670,112,257,20,3,2,1,30,1299.28,0
0,0,34,0,0,0,0,0,5,1,1,55,0.0,0
7,0,40,0,1015,20,20,10,3,1,2,30,121.4,0
33,0,35,5,16440,247,12,84,2,2,1,25,804.915,0
6,0,34,1,6538,67,97,32,2,1,1,25,733.725,0
23,0,19,2,6887,148,101,47,2,2,1,25,771.075,0
7,0,11,2,4695,46,222,12,3,1,1,30,1077.64,0
0,0,36,0,5423,88,0,7,2,1,1,25,247.995,0
4,0,39,1,2475,45,317,22,4,1,1,45,855.5,0
14,0,43,2,5000,97,20,32,3,1,1,30,283.88,0
1,0,35,0,5498,83,0,6,2,1,1,25,251.145,0
3,0,39,0,990,19,0,10,2,1,2,25,45.405,0
0,0,16,0,1390,20,21,12,2,1,1,25,157.95,0
7,0,38,2,11580,160,43,51,4,1,1,45,401.0,0
12,0,40,0,2633,68,370,29,3,1,1,30,1588.04,0
3,0,28,1,885,13,26,5,4,1,1,45,87.45,0
14,0,40,2,15905,194,189,36,3,1,1,30,1399.96,0
0,0,33,0,11100,145,0,43,3,1,1,30,449.8,0
19,0,14,1,6697,141,84,43,1,2,1,15,838.09,0
0,0,30,0,3333,74,0,22,2,1,1,25,153.315,0
7,0,20,1,2000,32,35,16,3,1,1,30,221.28,0
5,0,37,1,6745,89,188,26,3,1,1,30,1025.36,0
0,0,24,0,0,0,0,0,4,1,2,45,0.0,0
26,0,33,2,15780,234,7,67,2,1,1,25,752.13,0
10,0,16,3,3042,46,40,22,3,1,1,30,283.52,0
5,0,37,0,1370,40,24,7,3,1,2,30,152.4,0
0,0,3,0,4130,30,200,4,3,1,1,30,966.4,0
9,0,13,0,8817,166,75,41,4,1,1,45,412.075,0
10,0,42,1,7993,141,402,50,3,1,1,30,1933.36,0
16,0,34,2,9420,121,143,44,3,1,1,30,953.64,0
23,0,45,4,9680,137,166,51,3,1,1,30,1056.68,0
4,0,36,0,2535,50,173,23,2,1,1,25,894.825,0
0,0,36,0,2088,52,0,31,1,1,1,15,117.7,0
2,0,36,1,11275,154,36,49,4,1,1,45,375.725,0
36,0,41,5,16155,242,69,34,3,2,1,30,931.88,0
4,0,30,0,1523,43,38,72,4,1,1,45,134.15,0
5,0,39,0,7213,123,370,30,3,1,1,30,1773.44,0
14,0,38,2,4798,76,22,50,1,1,1,15,389.07,0
0,0,37,0,2385,16,458,8,3,1,1,30,1928.04,0
8,0,25,1,1540,40,190,9,3,2,1,30,823.2,0
2,0,36,0,4210,77,0,23,3,1,1,30,171.48,0
6,0,36,0,2780,53,175,23,2,1,1,25,914.985,0
16,0,45,0,2543,66,23,20,4,1,2,45,122.725,0
25,0,31,3,16075,238,0,80,2,1,1,25,734.085,0
0,0,36,0,2790,21,476,6,3,1,1,30,2016.44,0
8,0,39,1,7813,133,391,45,3,1,1,30,1881.84,0
0,0,28,1,6580,108,254,27,2,2,1,25,1443.96,0
17,0,42,2,2603,63,20,21,4,1,1,45,116.65,0
4,0,26,0,1568,39,30,68,4,1,1,45,115.175,0
0,0,30,0,1180,30,20,13,3,1,2,30,128.4,0
0,0,23,0,0,0,0,0,4,1,2,45,0.0,0
4,0,41,1,7588,129,394,47,3,1,1,30,1884.68,0
1,0,30,0,3210,66,10,20,2,1,1,25,192.42,0
4,0,36,0,2590,52,166,20,2,1,1,25,865.89,0
0,0,33,0,1550,39,40,21,3,1,2,30,223.56,0
7,0,29,2,1430,41,191,10,3,2,1,30,822.84,0
0,0,35,0,14580,166,122,13,2,1,1,25,1212.57,0
1,0,34,0,2475,47,168,21,2,1,1,25,869.49,0
6,0,33,2,6850,110,239,29,2,2,1,25,1388.7,0
13,0,36,4,7460,123,287,38,3,2,1,30,1451.32,0
0,0,24,0,1263,33,23,66,4,1,1,45,89.9,0
6,0,26,0,510,25,35,9,3,1,2,30,161.4,0
5,0,21,0,315,17,0,1,2,1,2,25,14.94,0
13,0,43,1,6403,109,25,19,3,1,1,30,360.48,0
0,0,25,0,6220,81,0,14,4,1,1,45,157.525,0
1,0,37,1,1783,31,32,10,4,1,1,45,125.35,0
0,0,29,0,0,0,0,0,4,1,1,45,0.0,0
16,0,26,1,1935,43,27,13,2,1,1,25,210.51,0
0,0,25,0,2980,58,6,23,3,1,1,30,145.52,0
1,0,28,0,6785,91,6,21,4,1,1,45,186.9,0
8,0,42,2,4595,85,12,29,3,1,1,30,235.2,0
0,0,31,0,6670,92,16,23,4,1,1,45,209.05,0
2,0,35,0,2073,30,1,4,3,1,1,30,88.12,0
8,0,12,3,2898,41,23,15,3,1,1,30,209.56,0
12,0,40,1,2298,57,13,19,3,1,1,30,146.2,0
18,0,17,1,6638,144,87,42,2,2,1,25,696.69,0
2,0,36,0,1260,39,20,22,3,1,2,30,131.96,0
24,1,32,3,15670,233,0,82,2,1,1,25,715.635,0
3,0,13,0,8028,155,45,23,4,1,1,45,317.075,0
2,0,25,0,3225,61,8,23,3,1,1,30,163.44,0
36,0,34,5,17090,255,15,82,2,2,1,25,848.025,0
1,0,16,1,1990,30,42,27,2,1,1,25,279.9,0
14,0,39,1,15790,188,157,32,2,1,1,25,1425.51,0
2,0,35,0,11160,148,4,45,3,1,1,30,468.32,0
13,0,40,1,4258,69,6,37,1,1,1,15,270.985,0
13,0,40,3,7138,87,147,43,3,1,1,30,877.0,0
12,0,44,1,14033,179,15,50,3,1,1,30,628.48,0
7,0,38,0,3175,72,11,13,3,1,1,30,173.88,0
8,0,32,0,2453,54,351,23,2,1,1,25,1692.315,0
5,0,35,0,305,6,7,2,2,1,2,25,45.495,0
1,0,34,0,630,12,3,4,2,1,2,25,42.39,0
15,0,41,2,5818,104,34,25,3,1,1,30,372.88,0
0,0,35,0,1223,37,0,15,3,1,2,30,50.4,0
13,0,18,4,3157,51,38,21,3,1,1,30,280.32,0
22,0,23,2,9498,187,95,48,5,1,1,55,287.775,0
0,0,18,0,1003,23,8,60,4,1,1,45,45.65,0
5,0,38,0,305,6,7,2,5,1,1,55,15.165,0
0,0,31,0,490,6,0,5,2,1,2,25,22.32,0
11,0,27,3,4130,77,36,40,3,1,1,30,312.28,0
8,0,37,1,4920,88,3,23,3,1,1,30,212.32,0
0,0,7,0,3485,24,187,21,3,1,1,30,888.36,0
15,0,42,3,4880,92,14,29,4,1,1,45,159.3,0
8,0,36,2,8925,121,169,45,3,1,1,30,1037.84,0
0,0,29,0,1363,13,0,3,3,1,1,30,55.04,0
6,0,32,0,6718,69,100,36,2,1,1,25,755.415,0
9,0,25,2,2000,38,43,17,3,1,1,30,253.52,0
0,0,35,0,4903,78,0,10,2,1,1,25,224.145,0
0,0,34,0,3413,76,0,26,2,1,1,25,157.005,0
16,0,13,1,9158,175,70,38,5,1,1,55,244.995,0
1,0,38,0,2795,26,8,18,3,1,1,30,144.84,0
8,0,34,3,7210,119,273,33,2,2,1,25,1558.305,0
0,0,24,0,710,5,23,4,4,1,2,45,75.375,0
26,1,37,3,15545,230,55,30,3,1,1,30,851.0,0
35,0,46,5,15705,241,76,40,3,1,1,30,941.84,0
7,0,39,0,4073,68,5,38,1,1,1,15,255.255,0
13,0,28,2,4240,78,23,25,3,1,1,30,264.72,0
13,0,45,3,7065,102,208,34,4,1,1,45,699.175,0
5,0,37,1,3500,32,484,6,3,1,1,30,2077.28,0
0,0,34,0,2730,18,471,4,3,1,1,30,1993.92,0
4,0,38,1,3095,27,483,8,3,1,1,30,2056.88,0
11,0,16,0,8527,166,55,42,5,1,1,55,212.895,0
13,0,40,4,4000,43,511,25,4,1,1,45,1378.575,0
4,0,12,1,4570,48,226,15,3,1,1,30,1088.72,0
6,0,35,4,7080,122,303,37,3,2,1,30,1500.08,0
0,0,8,0,3680,29,190,10,3,1,1,30,908.36,0
1,0,38,0,2203,57,0,30,1,1,1,15,124.3,0
0,0,24,0,895,24,154,5,2,2,1,25,734.355,0
15,0,31,1,1485,42,34,19,2,1,1,25,221.715,0
13,0,15,0,6333,138,80,40,1,2,1,15,795.905,0
16,0,30,7,10175,83,0,36,4,1,1,45,256.45,0
23,0,36,8,10680,96,7,42,5,1,1,55,172.14,0
0,0,33,0,6135,77,174,22,3,1,1,30,944.48,0
3,0,32,0,1968,46,341,17,2,1,1,25,1625.13,0
10,0,37,0,2453,60,359,24,3,1,1,30,1536.52,0
22,0,36,2,15025,220,56,33,3,1,1,30,833.8,0
21,0,32,8,10480,89,7,38,5,1,1,55,169.035,0
0,0,20,0,1308,29,15,62,4,1,1,45,70.925,0
17,0,44,2,2758,72,374,27,3,1,1,30,1609.2,0
0,0,33,0,2130,11,0,14,3,1,1,30,85.64,0
8,0,43,2,6760,96,201,32,3,1,1,30,1078.24,0
0,0,33,0,2610,13,465,1,3,1,1,30,1964.92,0
13,0,43,2,6978,85,123,43,2,1,1,25,871.335,0
14,0,15,0,9122,172,82,43,4,1,1,45,437.35,0
1,0,14,0,1615,24,18,10,2,1,1,25,154.755,0
22,0,41,3,4790,99,47,30,3,1,1,30,383.56,0
1,0,36,0,5613,89,0,10,2,1,1,25,256.59,0
9,0,36,1,7123,80,109,35,2,1,1,25,814.635,0
6,0,43,2,3095,33,491,9,4,1,1,45,1305.7,0
5,0,40,1,6413,75,109,36,2,1,1,25,782.46,0
8,0,41,2,3145,34,15,17,4,1,1,45,116.975,0
13,0,40,1,4675,77,12,19,3,1,1,30,238.08,0
1,0,33,0,15120,173,138,26,2,1,1,25,1309.185,0
10,0,33,3,1700,44,210,17,3,2,1,30,909.76,0
13,0,44,1,4630,81,20,23,3,1,1,30,268.44,0
2,0,35,1,2915,19,472,3,3,1,1,30,2005.36,0
12,0,17,0,5793,131,64,27,1,2,1,15,677.82,0
0,0,21,0,2860,52,0,19,3,1,1,30,116.48,0
2,0,27,1,1125,35,184,8,2,2,1,25,880.2,0
1,0,32,0,5658,85,0,6,2,1,1,25,258.435,0
8,0,26,1,3935,72,16,23,3,1,1,30,224.28,0
5,0,41,0,623,11,14,6,3,1,2,30,81.36,0
3,0,37,1,6500,86,186,26,3,1,1,30,1007.44,0
12,0,40,1,14078,175,7,46,3,1,1,30,598.12,0
6,0,37,1,6528,74,99,34,2,1,1,25,742.59,0
4,0,38,0,11340,156,15,50,3,1,1,30,519.84,0
10,0,39,1,8003,134,400,48,3,1,1,30,1925.48,0
3,0,24,1,1863,43,44,81,4,1,1,45,157.65,0
14,1,41,0,2658,66,47,23,4,1,2,45,185.6,0
0,0,36,0,3465,55,0,10,2,1,1,25,158.4,0
11,0,15,4,2978,43,27,16,3,1,1,30,228.84,0
6,0,41,1,3275,35,494,13,3,1,1,30,2108.4,0
0,0,36,1,338,4,4,2,5,1,1,55,11.13,0
1,0,40,2,418,6,14,6,5,1,1,55,27.36,0
2,0,36,0,3718,82,2,28,2,1,1,25,180.0,0
5,0,39,0,1180,20,7,13,2,1,2,25,85.5,0
0,0,14,0,1330,17,16,10,2,1,1,25,132.615,0
10,0,33,6,9420,76,0,40,4,1,1,45,237.4,0
0,0,40,0,7203,127,385,42,3,1,1,30,1833.2,0
6,0,37,1,6473,72,106,37,2,1,1,25,771.525,0
7,0,40,1,2860,55,185,27,2,1,1,25,963.675,0
3,0,36,0,7393,121,352,39,2,1,1,25,1922.13,0
5,0,6,1,4695,40,214,11,3,1,1,30,1045.4,0
0,0,30,0,2475,13,0,10,3,1,1,30,99.52,0
0,0,32,0,0,0,0,0,4,1,1,45,0.0,0
16,0,36,3,9240,119,140,40,3,1,1,30,934.36,0
7,0,35,1,7733,131,381,41,3,1,1,30,1838.56,0
9,0,36,0,15370,176,118,26,2,1,1,25,1230.57,0
3,0,36,2,3390,31,497,21,3,1,1,30,2124.84,0
0,0,32,0,0,0,0,0,2,1,2,25,0.0,0
0,0,36,0,0,0,0,0,2,1,2,25,0.0,0
2,0,18,0,1695,26,28,14,2,1,1,25,203.445,0
0,0,33,2,6255,105,246,33,2,2,1,25,1393.2,0
10,0,40,1,6898,83,119,42,2,1,1,25,849.645,0
6,0,25,0,395,19,3,5,2,1,2,25,32.13,0
31,0,37,5,16460,246,17,86,2,1,1,25,828.27,0
2,0,26,1,3340,67,40,27,3,1,1,30,296.28,0
8,0,36,0,2970,54,184,26,2,1,1,25,964.08,0
10,0,32,3,7190,120,268,31,3,2,1,30,1364.4,0
0,0,33,0,1605,41,33,18,3,1,2,30,197.84,0
1,0,28,2,6705,106,256,27,2,2,1,25,1458.495,0
4,0,31,0,3470,70,17,25,2,1,1,25,235.8,0
13,0,30,0,880,33,21,12,2,1,2,25,135.585,0
32,0,38,5,16380,250,15,83,2,2,1,25,815.85,0
5,0,38,1,4270,80,0,25,3,1,1,30,174.0,0
7,0,35,0,3185,58,176,21,2,1,1,25,937.935,0
0,0,31,0,405,2,0,5,2,1,2,25,18.315,0
9,0,38,1,2895,58,173,22,2,1,1,25,911.385,0
4,0,38,0,5728,94,0,9,3,1,1,30,232.88,0
4,0,26,0,1568,39,30,68,4,1,1,45,115.175,0
3,0,35,0,6413,69,101,35,2,1,1,25,746.19,0
24,0,33,8,10740,93,0,43,4,1,1,45,270.825,0
0,0,36,0,1333,38,0,4,3,1,2,30,54.84,0
11,0,13,3,3157,45,30,20,3,1,1,30,248.08,0
0,0,16,0,0,0,0,0,2,1,1,25,0.0,0
5,0,42,0,738,17,46,10,3,1,2,30,214.2,0
23,0,38,3,14895,222,52,32,3,1,1,30,812.68,0
7,0,37,3,7100,96,207,41,3,1,1,30,1115.84,0
0,0,36,0,5013,79,0,13,2,1,1,25,229.14,0
17,0,38,8,10210,89,4,44,4,2,1,45,267.475,0
11,0,40,1,6223,101,14,14,3,1,1,30,308.96,0
8,0,39,2,6805,92,193,28,3,1,1,30,1047.88,0
15,0,42,2,7203,89,126,44,2,1,1,25,895.14,0
6,0,36,1,14068,173,14,57,3,1,1,30,625.64,0
8,0,38,1,6690,86,161,24,3,1,1,30,915.04,0
1,0,38,0,2148,55,0,33,1,1,1,15,121.165,0
8,0,38,0,6108,96,16,15,3,1,1,30,312.16,0
7,0,27,1,3530,67,15,25,3,1,1,30,203.88,0
0,0,21,0,1055,26,178,5,2,2,1,25,849.645,0
2,0,33,0,6420,84,176,22,3,1,1,30,964.16,0
0,0,36,1,6310,86,211,28,3,1,1,30,1099.84,0
0,0,30,0,780,14,29,7,4,1,2,45,92.35,0
17,0,19,0,6098,137,71,29,2,2,1,25,600.075,0
20,0,40,2,16500,199,165,32,2,1,1,25,1493.955,0
19,0,22,2,9237,183,88,43,5,1,1,55,273.3,0
5,0,8,0,8627,159,58,37,4,1,1,45,364.65,0
0,0,23,0,0,0,0,0,2,1,1,25,0.0,0
7,0,13,0,8627,165,66,38,4,1,1,45,384.8,0
21,0,19,2,6697,147,92,44,2,2,1,25,721.98,0
15,0,41,2,4618,78,40,41,1,1,1,15,478.28,0
2,0,42,0,875,20,8,12,2,1,2,25,76.275,0
0,0,36,0,405,8,6,6,2,1,2,25,45.585,0
9,0,29,2,1620,42,200,13,3,2,1,30,866.48,0
18,0,42,2,6078,108,41,30,2,1,1,25,462.87,0
10,0,45,0,1440,30,22,19,3,1,2,30,146.8,0
9,0,38,2,7210,97,194,26,3,1,1,30,1068.28,0
0,0,37,0,258,2,2,2,2,1,2,25,20.7,0
0,0,37,0,613,9,21,17,2,1,2,25,122.49,0
13,0,43,2,3085,65,190,26,3,1,1,30,886.0,0
9,0,41,2,6798,77,118,41,2,1,1,25,840.375,0
10,0,35,1,9055,118,139,41,3,1,1,30,922.92,0
5,0,37,0,1120,17,7,11,2,1,2,25,82.665,0
7,0,35,2,7013,79,122,50,2,1,1,25,868.14,0
8,0,37,0,1970,50,45,22,3,1,2,30,260.8,0
12,0,35,1,6943,79,105,35,2,1,1,25,788.49,0
9,0,40,2,3400,33,490,10,3,1,1,30,2097.32,0
0,0,35,0,0,0,0,0,2,1,2,25,0.0,0
5,0,33,1,6545,82,178,22,3,1,1,30,977.08,0
12,0,39,2,11770,160,18,49,4,1,1,45,343.25,0
31,0,44,10,11000,109,23,50,5,1,1,55,201.135,0
11,0,43,2,3580,41,501,15,3,1,1,30,2148.84,0
18,0,38,2,9305,121,119,41,3,1,1,30,853.04,0
14,0,35,1,14125,208,22,30,2,1,1,25,743.985,0
21,0,23,2,6653,151,100,48,2,2,1,25,756.18,0
23,0,38,3,14950,224,45,29,3,1,1,30,786.96,0
12,0,34,2,6113,102,40,37,2,1,1,25,459.675,0
20,0,33,2,1790,48,41,21,2,1,1,25,267.21,0
12,0,39,2,2683,42,15,8,4,1,1,45,105.625,0
0,0,37,0,1263,20,0,8,4,1,1,45,32.075,0
10,0,34,1,3005,57,172,21,2,1,1,25,911.79,0
2,0,31,2,7080,101,28,35,4,1,1,45,249.525,0
7,0,39,2,4138,94,41,34,3,1,1,30,333.28,0
8,0,35,1,15780,186,164,43,2,1,1,25,1456.47,0
18,0,39,3,9420,127,151,45,3,1,1,30,985.88,0
18,0,36,2,14645,218,38,27,3,1,1,30,746.52,0
4,0,22,0,215,11,0,3,2,1,2,25,10.17,0
0,0,33,0,6353,66,96,33,2,1,1,25,720.855,0
10,0,38,3,2573,41,28,23,4,1,1,45,135.35,0
1,0,34,0,2475,47,168,21,2,1,1,25,869.49,0
14,0,38,5,7330,125,283,37,3,2,1,30,1430.2,0
6,0,34,1,3943,86,7,26,3,1,1,30,189.16,0
12,0,26,2,2260,42,50,22,3,1,1,30,292.08,0
9,0,35,1,3595,74,21,23,3,1,1,30,230.76,0
11,0,32,1,9115,115,136,42,3,1,1,30,913.2,0
14,0,39,1,15790,188,157,32,2,1,1,25,1425.51,0
14,0,35,1,2678,64,356,22,3,1,1,30,1533.68,0
15,0,40,1,4503,72,8,37,1,1,1,15,295.625,0
11,0,18,4,2913,48,36,21,3,1,1,30,262.44,0
25,0,35,3,16030,242,8,84,2,1,1,25,768.24,0
28,0,37,4,15265,223,50,29,3,2,1,30,819.52,0
0,0,25,0,3035,60,0,20,3,1,1,30,123.8,0
6,0,43,1,2360,45,293,19,4,1,1,45,792.625,0
13,0,45,2,6223,107,22,15,3,1,1,30,341.2,0
5,0,38,1,1373,21,7,2,4,1,1,45,52.35,0
1,0,34,1,4013,86,16,41,2,1,1,25,256.455,0
17,0,35,2,9340,125,141,41,3,1,1,30,942.6,0
6,0,43,0,1260,22,17,17,2,1,2,25,134.19,0
7,0,42,0,1360,28,18,18,2,1,2,25,143.46,0
0,0,7,0,4330,37,210,8,3,1,1,30,1014.68,0
33,0,42,5,15505,234,66,36,3,2,1,30,893.56,0
14,0,36,1,4423,70,7,33,2,1,1,25,233.685,0
3,0,41,1,6455,90,194,30,3,1,1,30,1037.8,0
12,0,25,0,1415,33,28,16,2,1,1,25,191.16,0
0,0,27,0,1100,28,16,12,3,1,2,30,109.12,0
9,0,10,0,6087,129,70,39,1,2,1,15,726.88,0
5,0,34,1,2438,54,7,29,1,1,1,15,175.56,0
5,0,32,1,305,6,7,2,3,1,1,30,40.44,0
13,0,39,4,7450,130,289,40,3,2,1,30,1459.2,0
15,0,36,6,7870,132,299,50,3,2,1,30,1516.08,0
0,0,39,0,128,4,0,1,2,1,2,25,5.94,0
9,0,27,1,3720,68,24,28,3,1,1,30,247.52,0
2,0,36,0,6008,64,83,37,2,1,1,25,646.74,0
4,0,36,0,13658,164,2,45,3,1,1,30,560.88,0
5,0,37,0,3065,71,7,28,3,1,1,30,153.44,0
7,0,38,2,2993,68,23,48,2,1,1,25,241.245,0
14,0,42,2,11950,168,29,54,4,1,1,45,375.45,0
9,0,38,1,14018,172,7,44,3,1,1,30,595.6,0
16,0,41,3,4195,94,71,34,3,1,1,30,455.56,0
8,0,15,3,4775,48,232,16,3,1,1,30,1120.92,0
3,0,42,0,790,16,23,12,3,1,2,30,124.24,0
1,0,33,1,6595,96,5,19,5,1,1,55,107.865,0
6,0,42,0,5873,99,15,16,3,1,1,30,298.88,0
8,0,33,1,6763,71,100,33,2,1,1,25,757.53,0
3,0,14,2,2547,39,24,17,3,1,1,30,199.44,0
5,0,19,3,2547,45,32,18,3,1,1,30,231.68,0
5,0,34,0,2033,48,320,18,2,1,1,25,1533.645,0
6,0,37,1,2895,59,207,27,2,1,1,25,1064.43,0
0,0,40,0,193,7,11,7,2,1,2,25,58.5,0
8,0,16,3,2852,45,31,19,3,1,1,30,239.88,0
5,0,36,0,4255,66,7,18,2,1,1,25,225.945,0
11,0,27,0,700,25,10,7,2,1,2,25,77.625,0
25,0,31,3,16075,238,0,80,2,2,1,25,734.085,0
7,0,34,1,4560,79,7,21,3,1,1,30,213.56,0
9,0,28,1,1505,36,168,9,2,2,1,25,825.345,0
0,0,28,0,0,0,0,0,3,1,1,30,0.0,0
11,0,42,0,1333,22,22,6,3,1,2,30,142.2,0
11,0,36,1,13998,173,7,42,3,1,1,30,594.84,0
16,0,28,0,890,25,7,5,2,1,2,25,72.675,0
7,0,42,2,2053,33,17,12,4,1,1,45,94.65,0
7,0,37,0,4400,77,0,21,3,1,1,30,179.08,0
0,0,36,1,93,1,2,2,5,1,1,55,4.41,0
0,0,23,0,0,0,10,0,4,1,2,45,25.0,0
5,0,37,1,6690,87,195,29,3,1,1,30,1051.08,0
21,0,28,2,2240,49,34,15,2,1,1,25,256.005,0
6,0,25,2,3825,71,29,38,3,1,1,30,271.84,0
1,0,32,0,13388,161,0,38,3,1,1,30,541.96,0
0,0,43,0,273,9,15,8,2,1,2,25,80.19,0
12,0,40,3,11885,166,50,53,4,1,1,45,426.275,0
11,0,32,2,1800,50,211,18,3,2,1,30,918.0,0
3,0,42,0,2348,62,10,37,1,1,1,15,187.55,0
2,0,31,0,1585,42,28,16,3,1,2,30,177.08,0
0,0,33,0,2703,65,0,26,2,1,1,25,124.56,0
0,0,40,0,433,11,39,8,3,1,2,30,173.76,0
3,0,37,0,10865,144,0,32,3,1,1,30,440.36,0
1,0,37,0,3313,77,0,30,3,1,1,30,135.6,0
0,0,38,1,0,0,7,0,5,1,1,55,10.5,0
2,1,27,1,1070,33,191,11,2,2,1,25,909.135,0
12,0,37,1,4180,87,33,26,3,1,1,30,302.68,0
5,0,37,1,11275,153,2,44,4,1,1,45,290.7,0
0,0,36,0,3528,81,0,25,2,1,1,25,162.405,0
1,0,36,0,3875,64,0,12,2,1,1,25,177.255,0
10,0,40,1,13833,172,5,46,3,1,1,30,580.2,0
10,0,26,1,1340,38,51,17,2,1,1,25,291.51,0
10,0,42,0,4153,70,9,39,1,1,1,15,281.765,0
0,0,28,0,2215,37,153,15,2,1,1,25,789.84,0
15,0,40,1,4865,78,21,22,3,1,1,30,281.72,0
7,0,39,0,1370,21,16,16,2,1,2,25,134.595,0
0,0,36,0,2088,52,0,31,1,1,1,15,117.7,0
6,0,7,1,4615,44,212,8,3,1,1,30,1034.36,0
0,0,25,0,858,28,5,68,4,1,1,45,34.65,0
10,0,40,3,7090,109,29,25,5,1,1,55,151.485,0
0,0,37,0,1683,47,0,33,1,1,1,15,95.15,0
15,0,41,3,4110,44,498,10,4,1,1,45,1348.85,0
0,0,30,0,1283,17,0,5,3,1,1,30,52.0,0
5,0,33,1,2965,20,7,11,3,1,1,30,147.4,0
12,0,25,1,1470,35,21,13,2,1,1,25,162.225,0
9,0,37,1,6043,93,7,9,3,1,1,30,273.44,0
19,0,27,3,2130,48,47,30,2,1,1,25,309.51,0
8,0,25,0,980,29,17,13,2,1,1,25,121.905,0
2,0,38,0,2170,38,276,15,3,1,1,30,1192.32,0
14,0,17,1,6202,140,76,39,2,2,1,25,627.39,0
11,0,13,1,9228,175,87,53,4,1,1,45,452.575,0
5,0,25,0,1973,44,31,66,4,1,1,45,127.925,0
10,0,38,2,7270,111,32,29,5,1,1,55,158.715,0
11,0,42,2,2758,67,14,37,2,1,1,25,190.125,0
24,0,38,9,10550,98,0,41,5,1,1,55,159.72,0
0,0,38,0,2495,17,462,7,3,1,1,30,1948.48,0
9,0,11,2,4885,47,231,15,3,1,1,30,1121.28,0
7,0,42,0,13728,173,8,48,3,1,1,30,588.04,0
3,0,36,0,14775,171,125,30,2,1,1,25,1235.07,0
0,0,39,0,2268,60,6,36,1,1,1,15,161.04,0
3,0,15,3,2663,45,56,21,3,1,1,30,332.32,0
15,0,45,2,4675,83,20,20,3,1,1,30,270.32,0
5,0,38,0,13528,166,0,44,3,1,1,30,547.76,0
9,0,42,1,4450,73,15,21,3,1,1,30,240.92,0
6,0,34,1,6805,86,185,27,3,1,1,30,1015.64,0
0,0,30,0,0,0,0,0,3,1,1,30,0.0,0
4,0,38,0,2360,39,285,18,3,1,1,30,1235.96,0
0,0,37,0,0,0,0,0,2,1,2,25,0.0,0
0,0,24,0,2515,50,0,23,3,1,1,30,102.6,0
1,0,37,0,3805,72,0,25,3,1,1,30,155.08,0
10,0,41,1,15565,184,160,34,2,1,1,25,1428.705,0
20,0,34,9,10730,97,15,55,4,1,1,45,308.175,0
4,0,39,0,918,15,28,19,3,1,2,30,149.32,0
9,1,42,0,2193,58,16,21,3,1,2,30,154.04,0
7,0,38,0,1993,51,6,17,3,1,1,30,105.76,0
0,0,30,0,2395,45,158,17,2,1,1,25,820.8,0
4,0,25,0,205,18,0,2,2,1,2,25,10.035,0
17,0,27,1,1720,39,35,18,2,1,1,25,236.655,0
8,0,35,1,8810,115,137,41,3,1,1,30,905.0,0
4,0,41,0,13468,169,1,43,3,1,1,30,549.48,0
20,0,32,2,14880,215,39,26,3,1,1,30,759.8,0
2,0,41,2,338,10,12,3,5,1,1,55,23.22,0
0,0,41,0,93,1,10,6,2,1,2,25,49.23,0
6,0,32,1,2825,49,167,19,2,1,1,25,880.83,0
16,0,34,7,10130,87,0,40,4,1,1,45,255.425,0
12,0,11,1,8978,167,65,36,4,1,1,45,391.125,0
6,0,40,1,2453,61,7,35,2,1,1,25,144.63,0
8,0,36,1,11870,159,12,45,3,1,1,30,529.16,0
0,0,37,0,0,0,9,0,2,1,2,25,40.5,0
9,0,16,3,4695,52,230,13,3,1,1,30,1109.88,0
6,0,36,0,2780,53,175,23,2,1,1,25,914.985,0
13,0,43,3,11850,162,28,53,4,1,1,45,370.3,0
0,0,10,0,1130,10,6,6,2,1,1,25,78.3,0
11,0,28,1,2063,46,46,73,5,1,1,55,100.635,0
7,0,42,1,3978,92,17,34,3,1,1,30,230.8,0
20,0,38,2,6313,105,42,29,2,1,1,25,477.81,0
0,0,34,0,1363,19,0,4,3,1,1,30,55.28,0
0,0,39,0,318,5,7,4,2,1,2,25,46.035,0
4,0,26,0,1568,39,30,68,4,1,1,45,115.175,0
13,0,41,5,7270,128,286,36,3,2,1,30,1439.92,0
9,0,28,1,1873,45,37,70,5,1,1,55,84.27,0
15,0,23,1,15510,222,0,72,2,1,1,25,707.94,0
0,0,33,0,1360,38,31,18,3,1,2,30,179.92,0
0,0,20,0,0,0,6,0,4,1,2,45,15.0,0
5,0,14,2,2793,42,26,17,3,1,1,30,217.4,0
32,0,43,4,15625,239,72,39,3,1,1,30,922.56,0
11,0,37,2,8870,118,142,43,3,1,1,30,927.52,0
4,0,14,2,4390,46,223,11,3,1,1,30,1069.44,0
0,0,37,0,875,14,0,11,2,1,2,25,40.005,0
9,0,28,0,1730,26,49,20,4,1,2,45,166.4,0
11,1,38,0,2428,55,17,20,3,1,2,30,167.32,0
10,0,37,0,2453,60,359,24,3,1,1,30,1536.52,0
16,0,42,1,15970,196,168,37,2,1,1,25,1483.47,0
9,0,18,2,2558,41,17,6,3,1,1,30,171.96,0
7,0,28,0,1320,17,37,8,4,1,2,45,125.925,0
0,0,39,0,1363,25,1,5,4,1,1,45,37.2,0
18,0,41,3,5530,100,17,27,4,1,1,45,183.25,0
6,0,40,0,3973,62,4,37,2,1,1,25,199.575,0
0,0,24,0,0,0,0,0,2,1,2,25,0.0,0
21,0,40,2,3468,77,374,26,3,1,1,30,1637.8,0
6,0,38,1,2605,42,287,18,3,1,1,30,1253.88,0
12,0,31,3,1680,45,205,15,3,2,1,30,889.0,0
7,0,35,1,3550,33,8,14,3,1,1,30,175.32,0
28,0,33,4,16190,243,0,79,2,2,1,25,739.485,0
0,0,26,0,605,25,168,11,2,2,1,25,784.35,0
7,0,38,0,2485,49,161,10,2,1,1,25,838.53,0
12,0,39,2,11770,160,18,49,4,1,1,45,343.25,0
4,0,39,0,3898,90,13,33,2,1,1,25,237.96,0
5,0,34,0,755,10,7,4,3,1,2,30,58.6,0
5,0,29,1,1020,32,179,2,3,2,1,30,758.08,0
7,0,35,1,6725,90,183,24,3,1,1,30,1004.6,0
6,0,35,0,2698,58,1,34,1,1,1,15,157.08,0
0,0,34,0,955,33,13,20,3,1,2,30,91.52,0
30,0,39,3,15330,225,29,30,3,1,1,30,738.2,0
8,0,39,1,7813,133,391,45,3,1,1,30,1881.84,0
0,0,40,1,293,8,12,6,5,1,1,55,22.515,0
7,0,33,3,7370,121,272,31,2,2,1,25,1561.095,0
0,0,35,0,3008,71,0,28,2,1,1,25,138.555,0
0,0,38,0,990,20,32,15,2,1,2,25,189.45,0
0,0,41,0,2088,58,3,32,2,1,1,25,110.07,0
19,0,39,3,3358,76,387,41,3,1,1,30,1685.36,0
11,0,16,1,6203,141,110,44,2,2,1,25,780.48,0
27,0,31,3,16320,241,7,80,2,1,1,25,776.745,0
3,0,23,0,730,25,3,8,2,1,1,25,47.475,0
0,0,34,0,6660,99,18,25,4,1,1,45,213.975,0
13,0,17,0,8638,167,59,27,5,1,1,55,220.575,0
4,0,38,1,3095,27,483,8,3,1,1,30,2056.88,0
17,0,45,3,12030,170,33,55,4,1,1,45,387.5,0
9,0,40,1,6033,100,5,11,3,1,1,30,265.32,0
8,0,20,3,2808,49,39,23,3,1,1,30,270.28,0
13,0,41,1,3955,90,43,33,3,1,1,30,333.8,0
0,0,25,0,1378,39,55,70,4,1,1,45,172.925,0
6,0,34,3,6965,116,271,33,2,2,1,25,1538.145,0
27,0,41,3,15320,233,65,37,3,1,1,30,882.12,0
11,0,11,0,6133,131,70,36,1,2,1,15,729.52,0
7,0,27,1,3530,67,15,25,3,1,1,30,203.88,0
26,0,39,10,10855,105,40,48,5,2,1,55,224.4,0
7,0,38,0,2048,53,0,14,3,1,2,30,84.04,0
6,0,38,0,5918,95,7,12,3,1,1,30,268.52,0
5,0,25,0,305,6,17,2,4,1,2,45,50.275,0
5,0,39,0,1180,20,7,13,2,1,2,25,85.5,0
0,0,27,1,6660,104,256,30,2,2,1,25,1456.38,0
0,0,20,0,3225,55,0,22,3,1,1,30,131.2,0
18,0,45,3,4080,94,47,31,3,1,1,30,354.96,0
5,0,20,1,1755,29,33,16,2,1,1,25,228.78,0
0,0,34,0,1608,22,0,4,3,1,1,30,65.2,0
16,0,46,2,6483,111,29,20,3,1,1,30,379.76,0
9,0,37,0,4775,76,23,15,2,1,1,25,321.795,0
11,0,40,1,2855,46,301,23,3,1,1,30,1320.04,0
1,0,35,1,743,9,5,1,5,1,1,55,18.78,0
10,0,44,3,3480,35,500,14,4,1,1,45,1337.875,0
0,0,40,1,6195,86,187,25,3,1,1,30,999.24,0
2,0,35,0,13353,157,0,38,3,1,1,30,540.4,0
0,0,37,0,275,4,0,1,2,1,2,25,12.555,0
10,0,40,2,8810,121,145,42,3,1,1,30,937.24,0
8,0,38,0,4370,71,5,17,3,1,1,30,197.64,0
5,0,37,1,11220,151,9,47,3,1,1,30,490.84,0
1,0,34,0,7328,119,373,38,2,1,1,25,2013.615,0
0,0,34,0,3413,76,0,26,2,1,1,25,157.005,0
22,0,23,3,6778,149,102,48,2,2,1,25,770.715,0
5,0,22,0,805,20,0,7,1,1,1,15,45.375,0
10,0,39,2,11580,159,9,46,4,1,1,45,315.975,0
1,0,32,0,6233,61,90,30,2,1,1,25,688.23,0
6,0,39,0,2228,56,362,26,2,1,1,25,1731.78,0
0,0,34,0,7088,115,345,37,2,1,1,25,1876.635,0
7,0,44,0,1180,26,15,14,3,1,2,30,108.24,0
0,0,34,0,10450,137,0,45,3,1,1,30,423.48,0
8,0,43,2,683,14,19,8,3,1,1,30,103.88,0
9,0,42,2,11465,160,19,48,4,1,1,45,338.125,0
0,0,13,1,1837,28,0,17,3,1,1,30,74.6,0
8,0,39,0,1833,49,0,19,3,1,2,30,75.28,0
0,0,11,1,4165,36,218,12,3,1,1,30,1040.04,0
13,0,35,1,15710,186,147,28,2,1,1,25,1376.82,0
6,0,35,2,6900,102,12,21,5,1,1,55,123.03,0
19,0,31,2,1065,34,22,11,3,1,1,30,131.96,0
7,0,10,1,4580,40,190,8,3,1,1,30,944.8,0
12,0,15,0,8932,171,73,40,4,1,1,45,410.075,0
1,0,30,1,1010,36,194,10,2,2,1,25,920.07,0
3,0,36,0,6385,80,154,22,3,1,1,30,874.6,0
8,0,37,0,1970,50,45,22,3,1,2,30,260.8,0
15,0,38,3,3685,69,203,40,2,1,1,25,1082.43,0
7,0,11,2,4695,46,222,12,3,1,1,30,1077.64,0
5,0,35,0,2148,54,352,22,2,1,1,25,1683.09,0
9,0,41,0,15440,186,158,34,2,1,1,25,1414.17,0
0,0,42,0,13,5,8,3,3,1,2,30,32.72,0
5,0,33,1,7553,123,376,39,2,1,1,25,2037.42,0
5,0,39,0,6205,82,172,13,3,1,1,30,939.48,0
8,0,41,1,3470,82,33,27,3,1,1,30,274.08,0
3,0,41,0,7463,131,392,47,2,1,1,25,2105.73,0
1,0,39,0,305,9,0,10,3,1,2,30,12.56,0
10,0,32,2,1953,47,47,74,5,1,1,55,100.5,0
3,0,37,0,3020,30,11,19,3,1,1,30,166.0,0
8,0,37,0,14178,174,1,42,3,1,1,30,578.08,0
20,0,25,2,15815,228,0,74,2,1,1,25,721.935,0
23,0,44,3,6383,114,48,32,3,1,1,30,451.88,0
0,0,37,0,2203,58,27,35,2,1,1,25,223.245,0
18,0,40,3,12480,171,26,49,4,1,1,45,381.275,0
3,0,24,0,3630,66,9,21,3,1,1,30,183.84,0
16,1,42,5,7530,132,293,41,3,2,1,30,1478.48,0
15,0,40,2,2873,72,398,30,3,1,1,30,1709.8,0
10,0,29,0,1180,36,27,17,2,1,1,25,176.22,0
2,0,31,0,11205,144,0,41,3,1,1,30,453.96,0
0,0,36,0,7318,127,409,45,3,1,1,30,1933.8,0
30,0,38,1,11340,109,29,59,5,1,1,55,215.235,0
1,0,36,0,5613,89,0,10,2,1,1,25,256.59,0
5,0,37,1,7753,130,386,43,3,1,1,30,1859.32,0
16,0,33,6,10015,81,0,36,4,1,1,45,252.4,0
11,0,24,0,1630,37,20,11,2,1,1,25,165.015,0
11,0,44,1,6178,105,22,18,3,1,1,30,339.32,0
0,0,24,0,1263,33,23,66,4,1,1,45,89.9,0
6,0,26,0,1758,40,39,71,4,1,1,45,142.45,0
0,0,38,0,0,0,0,0,2,1,2,25,0.0,0
1,0,25,0,1255,33,188,9,2,2,1,25,903.96,0
3,0,37,0,1115,19,14,6,2,1,2,25,114.03,0
12,0,34,5,9530,77,0,25,4,1,1,45,240.175,0
0,0,31,0,7248,117,369,37,2,1,1,25,1991.925,0
12,0,38,0,4388,67,10,38,1,1,1,15,300.025,0
11,0,38,1,3085,59,182,25,2,1,1,25,960.48,0
11,0,38,3,4623,98,30,45,3,1,1,30,308.84,0
7,0,39,1,13888,175,32,48,3,1,1,30,690.52,0
14,0,40,2,3145,62,187,27,2,1,1,25,985.815,0
22,0,36,2,15080,222,49,30,3,1,1,30,808.08,0
19,0,36,8,10245,92,0,39,5,2,1,55,155.055,0
12,0,40,3,3298,74,30,50,2,1,1,25,286.74,0
15,0,38,0,2643,60,334,22,2,1,1,25,1624.635,0
22,0,32,2,15950,240,4,83,2,1,1,25,746.55,0
17,0,42,1,2938,74,377,31,3,1,1,30,1628.48,0
14,0,24,0,1005,25,9,8,2,1,2,25,86.85,0
0,0,33,0,13288,155,0,37,3,1,1,30,537.72,0
14,0,29,0,815,30,8,6,3,1,2,30,65.8,0
14,0,20,1,8932,177,81,41,5,1,1,55,258.135,0
3,0,29,1,3305,63,18,27,3,1,1,30,206.72,0
2,0,32,0,15000,168,132,23,2,1,1,25,1276.56,0
6,0,14,0,8222,160,48,40,4,1,1,45,329.55,0
3,0,35,0,6413,69,101,35,2,1,1,25,746.19,0
0,0,35,0,1478,25,25,8,4,1,1,45,100.075,0
0,0,36,0,650,11,8,6,2,1,2,25,65.745,0
16,0,16,0,6278,135,53,38,1,2,1,15,644.215,0
4,0,40,1,11160,154,12,46,4,1,1,45,312.85,0
10,0,38,0,4198,66,1,35,1,1,1,15,240.02,0
16,0,38,2,5878,101,31,26,2,1,1,25,408.555,0
4,0,36,0,3280,75,16,23,2,1,1,25,222.975,0
6,0,38,0,1310,24,34,23,3,1,2,30,189.36,0
11,0,38,1,3775,82,32,28,3,1,1,30,282.28,0
8,0,17,0,8708,167,76,42,4,1,1,45,411.875,0
0,0,36,0,6798,116,359,43,2,1,1,25,1926.63,0
0,0,36,0,2790,21,476,6,3,1,1,30,2016.44,0
9,0,21,0,1145,30,9,9,2,1,1,25,93.375,0
10,0,33,1,2498,56,351,20,3,1,1,30,1506.16,0
0,0,34,0,5553,86,0,8,2,1,1,25,253.755,0
5,0,20,1,1400,22,14,2,2,1,1,25,126.99,0
6,0,37,1,3585,82,57,30,3,1,1,30,374.68,0
13,0,39,2,7023,81,115,39,2,1,1,25,837.18,0
0,0,23,0,553,22,0,66,4,1,1,45,14.375,0
8,0,39,1,3325,36,18,21,3,1,1,30,206.44,0
0,0,31,0,1825,5,0,12,3,1,1,30,73.2,0
2,0,36,0,1743,47,0,12,3,1,2,30,71.6,0
11,0,42,1,3730,86,40,32,3,1,1,30,312.64,0
0,0,24,0,1120,14,35,16,4,1,2,45,115.85,0
5,0,31,0,1710,40,30,16,3,1,2,30,190.0,0
0,0,20,0,2740,47,0,16,3,1,1,30,111.48,0
3,0,36,0,5858,92,2,10,2,1,1,25,276.75,0
7,0,40,2,3225,30,17,20,3,1,1,30,198.2,0
16,0,44,2,3345,69,197,31,2,1,1,25,1040.13,0
0,0,33,0,7143,118,372,39,2,1,1,25,2000.745,0
13,0,29,4,2220,52,221,28,3,2,1,30,974.88,0
0,0,32,0,0,0,0,0,5,1,1,55,0.0,0
3,0,39,1,935,17,5,13,2,1,1,25,65.34,0
15,0,17,1,9047,176,71,39,5,1,1,55,244.845,0
18,0,29,2,1590,41,31,17,2,1,1,25,212.895,0
0,0,35,0,1065,34,17,5,3,1,2,30,111.96,0
0,0,32,0,2780,19,0,12,3,1,1,30,111.96,0
30,0,33,4,16380,244,7,82,2,2,1,25,779.58,0
0,0,32,0,2008,50,0,27,1,1,1,15,113.19,0
10,0,37,0,2160,51,54,25,3,1,2,30,304.44,0
13,0,28,3,2473,55,58,85,5,1,1,55,124.92,0
6,0,38,1,1973,31,7,8,4,1,1,45,67.6,0
0,0,32,0,2535,16,0,12,3,1,1,30,102.04,0
10,0,34,5,7565,126,292,48,2,2,1,25,1660.095,0
0,0,35,0,1973,46,0,27,1,1,1,15,111.045,0
7,0,40,2,3210,32,481,7,3,1,1,30,2053.68,0
6,0,39,2,2088,37,39,12,4,1,1,45,150.625,0
7,0,14,0,8743,171,98,42,5,1,1,55,280.71,0
3,0,33,1,6785,97,14,22,5,1,1,55,124.23,0
6,0,37,2,1048,15,12,2,5,1,1,55,33.945,0
2,0,40,0,3673,86,10,32,2,1,1,25,214.155,0
5,0,24,0,305,6,18,2,4,1,2,45,52.775,0
11,0,40,0,15665,190,161,35,2,1,1,25,1437.975,0
6,0,36,1,3145,28,7,16,3,1,1,30,154.92,0
25,0,36,10,11035,103,22,57,5,2,1,55,200.07,0
0,0,34,0,2240,12,0,4,3,1,1,30,90.08,0
0,0,34,0,2650,21,0,11,3,1,1,30,106.84,0
14,0,40,2,3835,85,37,30,3,2,1,30,304.8,0
4,0,26,0,1200,30,161,7,2,2,1,25,779.85,0
5,0,31,0,2193,50,344,18,2,1,1,25,1648.935,0
15,0,26,0,1415,32,7,11,2,1,1,25,96.615,0
15,0,39,2,7213,82,124,42,2,1,1,25,886.275,0
6,0,36,0,3470,76,25,26,2,1,1,25,272.07,0
0,0,27,0,6400,89,0,16,4,1,1,45,162.225,0
0,0,29,0,1405,34,23,14,3,1,2,30,149.56,0
8,0,16,3,2853,45,31,19,3,2,1,30,239.92,0
1,0,36,0,2300,36,280,16,3,1,1,30,1213.44,0
0,0,34,0,1363,19,0,4,3,1,1,30,55.28,0
9,1,41,0,2050,52,55,26,4,1,2,45,190.05,0
15,1,44,0,2623,62,25,23,3,1,2,30,207.4,0
0,0,18,0,1450,23,26,14,2,1,1,25,183.285,0
10,0,37,2,4640,81,7,22,3,1,1,30,216.84,0
18,0,21,2,9318,179,90,46,5,1,1,55,277.455,0
0,0,28,0,1360,32,23,17,3,1,2,30,147.68,0
3,0,36,0,3703,59,0,30,2,1,1,25,169.29,0
0,0,39,0,73,2,5,4,2,1,1,25,25.875,0
17,0,36,6,9835,83,0,27,4,1,1,45,247.95,0
9,0,39,3,7170,105,31,28,5,1,1,55,155.625,0
5,0,27,0,1015,10,7,2,4,1,2,45,43.125,0
10,0,37,0,4083,60,0,31,1,1,1,15,227.865,0
0,0,21,0,1083,25,12,61,4,1,1,45,57.7,0
20,0,41,2,6303,112,44,31,2,1,1,25,486.675,0
9,0,40,1,5978,98,12,14,3,1,1,30,291.04,0
7,0,23,0,1873,39,29,69,4,1,1,45,120.3,0
10,0,37,1,6908,76,117,40,2,1,1,25,840.78,0
13,0,27,1,1285,35,24,15,2,1,1,25,167.4,0
2,0,37,0,1065,15,9,14,2,1,2,25,89.1,0
3,0,39,0,2475,53,176,22,2,1,1,25,905.76,0
8,0,39,2,7045,107,29,28,5,1,1,55,150.78,0
0,0,35,0,7393,122,386,44,2,1,1,25,2075.175,0
9,0,41,1,4695,91,13,30,3,1,1,30,243.44,0
3,0,35,0,4123,87,3,26,2,1,1,25,202.95,0
0,0,15,0,680,9,0,12,2,1,1,25,31.005,0
4,0,33,0,5918,89,0,11,2,1,1,25,270.315,0
15,0,42,2,14138,178,12,48,3,1,1,30,620.64,0
20,0,39,3,9610,128,160,48,3,1,1,30,1029.52,0
10,0,25,0,1225,32,19,13,2,1,1,25,142.065,0
29,1,40,10,10800,102,13,46,5,2,1,55,183.03,0
2,0,34,0,2313,56,0,29,1,1,1,15,130.295,0
14,0,31,7,9950,79,0,35,4,1,1,45,250.725,0
13,0,40,1,4675,77,12,19,3,1,1,30,238.08,0
0,0,37,0,2535,22,1,13,3,1,1,30,106.28,0
3,0,34,0,2720,50,170,21,2,1,1,25,889.65,0
10,0,10,0,8932,165,65,39,4,1,1,45,389.925,0
11,0,37,3,7150,106,26,26,5,1,1,55,147.84,0
5,0,33,0,13773,163,0,43,3,1,1,30,557.44,0
0,0,26,0,0,0,0,0,4,1,2,45,0.0,0
3,0,37,0,7508,127,384,43,2,1,1,25,2071.575,0
9,0,34,0,2283,50,7,13,3,1,2,30,121.32,0
4,0,41,2,6580,88,196,30,3,1,1,30,1050.72,0
1,0,5,0,4310,38,205,6,3,1,1,30,993.92,0
0,0,36,0,405,8,6,6,2,1,2,25,45.585,0
10,0,12,0,8753,163,62,35,4,1,1,45,377.9,0
0,0,30,0,13208,153,0,36,3,1,1,30,534.44,0
21,0,19,2,6698,147,92,44,2,2,1,25,722.025,0
1,0,40,0,1623,29,8,10,3,1,1,30,98.08,0
8,0,40,1,2698,64,9,35,2,1,1,25,164.79,0
16,0,42,2,4735,80,17,21,3,1,1,30,260.6,0
4,0,31,3,6785,108,260,28,2,2,1,25,1480.185,0
12,0,36,1,15610,180,146,27,2,1,1,25,1367.55,0
0,0,3,0,4085,28,200,7,2,1,1,25,1085.085,0
23,0,33,2,15140,219,46,31,3,1,1,30,798.36,0
1,0,32,0,3638,80,0,24,2,1,1,25,167.31,0
9,0,27,0,1758,39,7,66,4,1,1,45,62.425,0
0,0,31,1,5950,99,239,31,2,2,1,25,1347.705,0
7,0,44,0,970,24,28,14,3,1,2,30,151.76,0
5,0,32,0,11465,148,3,46,3,1,1,30,476.52,0
11,0,41,3,6865,95,198,30,3,1,1,30,1070.4,0
4,0,33,0,2600,45,164,18,2,1,1,25,857.025,0
23,0,36,8,10625,94,10,45,5,1,1,55,175.785,0
5,0,39,0,563,8,9,4,3,1,2,30,58.84,0
15,0,27,1,1530,38,26,15,2,1,1,25,187.56,0
17,0,39,1,2948,67,375,29,3,1,1,30,1620.6,0
13,0,39,0,4560,71,7,15,2,1,1,25,239.895,0
9,0,40,1,2665,45,292,20,3,1,1,30,1276.4,0
0,0,6,1,4210,32,204,5,3,1,1,30,985.68,0
0,0,32,0,7023,113,366,36,2,1,1,25,1968.12,0
0,0,37,0,685,13,0,8,2,1,2,25,31.41,0
0,0,7,0,4085,34,208,8,3,1,1,30,996.76,0
1,0,38,0,723,10,8,2,2,1,2,25,68.985,0
3,0,38,2,398,7,9,4,5,1,1,55,19.575,0
0,0,33,0,5433,81,0,5,2,1,1,25,248.13,0
0,0,28,0,2920,61,9,22,3,1,1,30,155.24,0
3,0,36,0,4065,65,0,15,2,1,1,25,185.85,0
5,0,34,2,3440,32,21,29,3,1,1,30,222.88,0
0,0,38,0,110,4,0,1,2,1,2,25,5.13,0
1,0,35,0,2213,50,0,28,1,1,1,15,124.465,0
8,0,37,3,7145,124,282,38,2,2,1,25,1596.105,0
16,0,40,0,2733,61,24,22,3,1,2,30,207.76,0
18,0,41,2,2818,69,371,28,3,1,1,30,1599.48,0
20,0,30,3,15885,238,25,82,2,1,1,25,838.035,0
0,0,40,0,0,0,0,0,3,1,2,30,0.0,0
7,0,29,0,475,21,13,9,2,1,2,25,80.82,0
28,0,40,4,15200,228,59,34,3,1,1,30,853.12,0
16,0,38,1,3163,71,367,24,3,1,1,30,1597.36,0
3,0,23,0,1130,10,20,4,4,1,2,45,78.5,0
12,0,40,0,3480,78,18,15,3,1,1,30,214.32,0
19,0,32,1,14755,217,37,26,3,1,1,30,746.88,0
20,0,32,7,10355,91,0,38,4,1,1,45,261.15,0
10,0,29,2,3590,70,20,27,3,1,1,30,226.4,0
23,0,39,8,10615,101,12,47,5,1,1,55,178.74,0
7,0,41,0,1130,26,52,14,3,1,2,30,254.24,0
24,0,39,3,14735,220,36,34,3,1,1,30,742.2,0
8,0,34,1,6975,97,7,20,4,1,1,45,194.3,0
11,0,39,2,6833,80,106,36,2,1,1,25,788.085,0
7,0,38,1,4515,83,2,25,3,1,1,30,191.92,0
3,0,17,0,2100,31,29,12,2,1,1,25,226.395,0
0,0,20,0,1010,24,178,8,2,2,1,25,847.53,0
5,0,38,0,13583,168,0,41,3,1,1,30,550.04,0
16,0,44,2,4035,92,47,34,3,1,1,30,353.08,0
0,0,37,0,520,14,38,10,3,1,2,30,173.36,0
6,0,29,0,1748,47,41,73,4,1,1,45,147.375,0
0,0,33,0,1360,38,31,18,3,1,2,30,179.92,0
13,0,14,0,9337,176,74,38,4,1,1,45,422.825,0
2,0,26,0,1378,38,21,65,4,1,1,45,87.9,0
11,0,27,0,700,25,10,7,2,1,2,25,77.625,0
0,0,26,0,968,29,9,53,4,1,1,45,47.425,0
3,0,27,0,1163,34,12,70,4,1,1,45,59.925,0
0,0,29,0,6153,59,86,29,2,1,1,25,666.54,0
14,1,17,1,6148,138,83,42,1,2,1,15,802.23,0
4,0,38,0,900,15,22,11,3,1,2,30,124.6,0
15,0,40,2,9295,129,155,48,3,1,1,30,996.96,0
2,0,38,0,710,14,13,8,3,1,2,30,80.96,0
0,0,30,0,3633,50,0,27,1,1,1,15,202.565,0
2,0,36,0,3718,82,2,28,2,1,1,25,180.0,0
11,0,37,3,12065,164,32,62,4,1,1,45,385.725,0
2,0,7,0,8368,155,51,32,4,1,1,45,340.575,0
18,0,40,2,4270,89,48,33,3,1,1,30,366.36,0
0,0,32,0,1975,31,268,12,3,1,1,30,1152.24,0
0,0,16,0,1390,20,21,12,2,1,1,25,157.95,0
2,0,36,0,2870,66,4,11,2,1,1,25,150.12,0
13,0,38,1,6908,75,83,35,2,1,1,25,687.735,0
2,0,32,0,3985,63,0,11,2,1,1,25,182.16,0
4,0,31,0,2068,52,342,18,2,1,1,25,1634.4,0
4,0,38,1,1728,28,5,8,4,1,1,45,56.4,0
11,0,42,1,15485,188,158,31,2,1,1,25,1416.285,0
7,0,40,0,2148,60,360,23,3,1,1,30,1528.32,0
9,0,37,1,11710,157,13,47,4,1,1,45,329.175,0
16,0,39,1,15980,189,166,35,2,1,1,25,1474.605,0
16,0,40,2,4080,88,39,30,3,1,1,30,322.72,0
22,0,29,2,16015,235,0,78,2,1,1,25,731.25,0
9,0,27,0,455,22,8,7,2,1,1,25,57.465,0
19,0,30,2,15365,227,0,80,2,1,1,25,701.64,0
23,0,41,9,10435,99,9,43,5,2,1,55,171.51,0
5,0,39,0,15260,178,153,32,2,1,1,25,1383.21,0
0,0,38,0,1793,48,0,18,1,1,1,15,101.255,0
9,0,40,2,3400,33,490,10,3,1,1,30,2097.32,0
26,0,25,3,6958,157,107,50,2,2,1,25,801.675,0
1,0,12,0,7917,154,41,38,4,1,1,45,304.275,0
6,0,30,3,7010,112,263,29,2,2,1,25,1503.99,0
0,0,35,0,12758,152,0,42,3,1,1,30,516.4,0
0,0,26,1,6400,100,249,25,2,2,1,25,1413.0,0
8,0,19,1,2405,37,36,14,2,1,1,25,271.89,0
14,0,39,1,15790,188,157,32,2,1,1,25,1425.51,0
24,0,35,9,10560,91,7,39,5,1,1,55,170.265,0
20,0,28,1,15655,226,0,74,2,1,1,25,714.645,0
9,0,39,0,2550,39,260,16,3,1,1,30,1143.56,0
3,0,39,1,2690,22,465,10,3,1,1,30,1968.48,0
11,0,27,1,930,28,7,2,2,1,1,25,74.61,0
12,0,37,0,2643,61,368,27,3,1,1,30,1580.16,0
4,0,27,1,1315,36,193,11,2,2,1,25,929.295,0
11,0,38,1,3085,59,182,25,2,1,1,25,960.48,0
2,0,38,1,2905,26,474,5,3,1,1,30,2013.24,0
14,0,29,1,760,28,15,9,3,1,1,30,91.52,0
5,0,41,0,623,11,14,6,3,1,2,30,81.36,0
7,0,40,1,3550,78,35,30,3,1,1,30,285.12,0
11,0,39,0,2158,56,345,11,3,1,1,30,1468.56,0
7,0,39,0,900,14,7,6,2,1,2,25,72.63,0
3,0,34,0,3410,73,20,24,2,1,1,25,246.735,0
13,0,40,1,5773,102,34,28,2,1,1,25,417.375,0
0,0,33,0,795,12,0,7,2,1,2,25,36.315,0
2,0,38,0,5318,85,0,15,2,1,1,25,243.135,0
0,0,30,0,6365,85,0,16,4,1,1,45,161.25,0
8,0,40,0,13478,165,7,31,3,1,1,30,573.72,0
1,0,41,0,2055,39,286,17,3,1,1,30,1227.76,0
0,0,19,0,750,20,171,3,2,2,1,25,804.15,0
2,0,35,1,7803,131,398,56,2,1,1,25,2148.03,0
13,0,43,0,2230,60,60,28,4,1,2,45,207.25,0
9,0,35,0,6223,95,6,13,2,1,1,25,311.31,0
10,0,25,0,995,29,24,20,2,1,2,25,154.08,0
0,0,40,0,485,10,16,10,2,1,2,25,94.275,0
0,0,38,0,750,16,4,14,2,1,2,25,52.47,0
5,0,38,0,955,17,15,8,3,1,2,30,98.88,0
0,0,12,1,2488,36,19,15,3,1,1,30,176.96,0
9,0,23,1,1520,36,33,26,2,1,1,25,218.52,0
7,0,25,1,1693,37,26,65,5,1,1,55,64.95,0
10,0,38,0,4198,66,1,35,1,1,1,15,240.02,0
6,0,33,0,4370,65,0,16,2,1,1,25,199.575,0
5,0,30,2,6885,114,261,29,2,2,1,25,1489.455,0
0,0,36,1,0,0,0,0,5,1,1,55,0.0,0
5,0,28,0,1130,16,28,5,4,1,2,45,98.65,0
0,0,34,0,1995,30,273,14,3,1,1,30,1173.0,0
16,0,39,1,3965,82,7,26,3,1,1,30,189.88,0
16,0,13,1,6438,137,77,38,2,2,1,25,642.375,0
3,0,40,1,4290,79,5,27,3,1,1,30,194.76,0
0,0,35,0,6195,80,179,24,3,1,1,30,967.0,0
12,0,42,2,2725,48,297,22,4,1,1,45,811.825,0
20,0,36,2,14835,219,47,30,3,1,1,30,790.16,0
0,0,34,0,345,5,1,4,2,1,2,25,20.25,0
3,0,20,0,740,18,1,6,2,1,1,25,38.61,0
11,0,40,0,3903,62,7,22,1,1,1,15,256.575,0
12,1,35,4,7675,127,279,33,3,2,1,30,1428.08,0
0,0,23,0,3165,58,3,21,3,1,1,30,140.92,0
9,0,29,2,1620,42,200,13,3,2,1,30,866.48,0
14,0,39,1,5080,82,30,17,3,1,1,30,326.48,0
0,0,38,0,520,13,4,5,3,1,2,30,37.32,0
17,0,37,5,7980,133,286,35,3,2,1,30,1468.52,0
13,0,36,1,2578,58,355,21,3,1,1,30,1525.44,0
14,0,43,1,15745,192,165,36,2,1,1,25,1459.665,0
4,0,36,1,2900,25,5,16,3,1,1,30,137.0,0
17,0,30,1,1710,46,37,20,2,1,1,25,245.52,0
18,0,20,1,6573,149,96,47,2,2,1,25,734.49,0
15,0,36,1,6063,101,28,24,2,1,1,25,403.38,0
7,0,33,0,1130,22,36,6,4,1,2,45,118.8,0
14,0,18,0,9113,179,84,45,4,1,1,45,442.3,0
0,0,29,0,5935,70,164,18,3,1,1,30,896.2,0
5,0,35,0,6490,93,7,9,5,1,1,55,109.245,0
11,0,37,0,4603,71,2,33,1,1,1,15,268.07,0
16,0,18,2,6508,147,117,46,2,2,1,25,825.975,0
12,0,40,2,4820,89,9,27,3,1,1,30,232.36,0
6,0,9,0,8548,163,56,34,4,1,1,45,357.775,0
1,0,30,0,6413,63,93,34,2,1,1,25,709.92,0
16,0,40,2,4080,88,39,30,3,1,1,30,322.72,0
1,0,7,2,4685,44,229,23,3,1,1,30,1105.16,0
3,0,35,0,1665,44,38,20,3,1,2,30,220.36,0
18,0,40,4,9535,133,183,49,3,1,1,30,1118.72,0
7,0,27,1,3530,67,15,25,3,1,1,30,203.88,0
9,0,30,3,1735,48,232,17,3,2,1,30,999.32,0
0,0,35,0,5813,59,80,20,2,1,1,25,624.24,0
6,0,26,1,1813,42,32,68,4,1,1,45,126.375,0
6,0,37,1,2518,56,7,30,2,1,1,25,147.33,0
7,0,28,0,920,32,20,12,2,1,1,25,132.84,0
3,0,34,0,3030,23,9,17,3,1,1,30,158.12,0
23,0,35,3,14960,217,43,27,3,1,1,30,779.08,0
0,0,35,0,1170,18,14,24,2,1,2,25,116.46,0
3,0,39,1,2840,28,8,15,3,1,1,30,146.72,0
0,0,36,0,760,8,0,7,2,1,2,25,34.56,0
6,0,35,0,15425,179,145,28,2,1,1,25,1354.68,0
0,0,35,0,530,6,2,3,3,1,2,30,29.44,0
0,0,33,0,2650,22,25,16,3,1,1,30,206.88,0
11,0,36,4,7270,122,278,35,3,2,1,30,1407.68,0
7,0,28,1,1628,42,35,70,4,1,1,45,129.25,0
0,0,34,0,0,0,0,0,5,1,1,55,0.0,0
8,0,33,0,4198,60,0,34,1,1,1,15,234.19,0
15,0,14,1,9058,169,69,37,5,1,1,55,241.905,0
0,0,32,1,6595,97,39,24,5,1,1,55,158.88,0
9,0,38,0,2238,54,8,17,3,1,2,30,123.68,0
5,0,14,1,1740,22,20,10,2,1,1,25,169.29,0
11,1,40,4,7225,126,286,39,3,2,1,30,1438.04,0
0,0,35,0,570,8,0,9,2,1,2,25,26.01,0
0,0,22,0,0,0,9,0,4,1,2,45,22.5,0
8,0,28,0,575,27,14,10,2,1,2,25,90.09,0
9,0,32,2,3530,73,23,26,4,1,1,45,147.575,0
17,0,32,2,1530,44,34,16,2,1,1,25,223.83,0
12,0,39,1,4705,83,7,23,3,1,1,30,219.52,0
1,0,33,0,2360,41,136,17,2,1,1,25,720.045,0
6,0,40,0,1028,16,15,4,3,1,2,30,101.76,0
15,0,37,2,9360,124,146,43,3,1,1,30,963.36,0
22,0,18,2,7102,152,93,42,2,2,1,25,744.93,0
16,0,15,2,9533,181,94,55,5,1,1,55,286.71,0
15,0,36,1,4000,86,29,26,3,1,1,30,279.44,0
0,0,34,0,0,0,0,0,5,1,1,55,0.0,0
0,0,30,0,3458,72,0,22,2,1,1,25,158.85,0
0,0,37,0,5900,76,165,11,3,1,1,30,899.04,0
2,0,13,1,4345,44,223,14,3,1,1,30,1067.56,0
3,0,37,1,6500,86,186,26,3,1,1,30,1007.44,0
19,0,41,2,5385,88,37,19,3,1,1,30,366.92,0
5,0,28,0,1130,16,28,5,4,1,2,45,98.65,0
12,0,39,3,8413,143,412,60,3,1,1,30,1990.24,0
0,0,34,0,3223,75,0,23,2,1,1,25,148.41,0
2,0,35,0,11160,148,4,45,3,1,1,30,468.32,0
6,0,41,0,2540,47,296,23,3,1,1,30,1287.48,0
13,0,21,2,2710,43,43,16,3,1,1,30,282.12,0
25,0,42,3,15095,229,62,36,3,1,1,30,860.96,0
0,0,35,0,3528,82,27,30,3,1,1,30,252.4,0
8,0,39,1,4485,77,37,21,3,1,1,30,330.48,0
14,0,35,3,1880,52,215,19,3,2,1,30,937.28,0
8,0,41,1,2153,39,18,13,4,1,1,45,99.8,0
11,0,36,2,6843,73,104,34,2,1,1,25,779.22,0
9,0,43,3,6885,94,203,32,3,1,1,30,1091.16,0
5,0,40,0,825,19,11,7,3,1,2,30,77.76,0
13,0,37,2,9115,121,144,43,3,1,1,30,945.44,0
14,0,34,7,9940,86,0,37,4,1,1,45,250.65,0
5,0,28,0,1130,16,28,5,4,1,2,45,98.65,0
7,0,38,0,13773,169,0,44,3,1,1,30,557.68,0
5,0,23,0,920,26,12,11,2,1,1,25,96.57,0
11,0,45,2,2665,51,300,21,4,1,1,45,817.9,0
12,0,15,0,8932,171,73,40,4,1,1,45,410.075,0
0,0,33,0,1248,13,0,3,3,1,1,30,50.44,0
11,0,42,1,4278,68,11,39,1,1,1,15,299.53,0
20,0,43,3,6123,110,41,27,3,1,1,30,413.32,0
3,0,34,2,6900,103,46,26,5,1,1,55,174.045,0
0,0,32,0,10980,140,0,40,3,1,1,30,444.8,0
8,0,38,0,4008,65,0,32,1,1,1,15,224.015,0
21,0,40,3,14915,221,57,34,3,1,1,30,833.44,0
18,0,16,1,9642,182,81,40,5,1,1,55,268.86,0
10,0,36,2,3380,63,196,38,2,1,1,25,1036.935,0
7,0,39,2,4630,89,34,29,3,1,1,30,324.76,0
0,0,26,0,580,7,19,3,4,1,1,45,62.175,0
1,0,37,0,7263,124,382,43,2,1,1,25,2051.415,0
21,0,38,1,14540,215,33,17,3,1,1,30,722.2,0
25,0,30,2,15960,232,0,76,2,1,1,25,728.64,0
5,0,38,0,1065,14,7,9,2,1,2,25,80.055,0
4,0,34,0,15065,170,111,24,2,1,1,25,1185.075,0
25,0,38,3,15140,225,54,32,3,1,1,30,830.6,0
0,0,34,0,4005,62,0,13,2,1,1,25,183.015,0
15,0,23,5,3157,57,46,22,4,1,1,45,195.35,0
0,0,35,0,815,11,0,9,2,1,2,25,37.17,0
9,0,27,0,510,24,1,4,2,1,2,25,28.53,0
17,0,45,2,4503,78,16,38,1,1,1,15,339.955,0
0,0,31,0,5613,83,0,9,2,1,1,25,256.32,0
5,0,38,2,6785,103,22,23,5,1,1,55,136.32,0
0,0,35,0,7448,124,379,41,2,1,1,25,2046.24,0
6,0,38,0,2550,40,294,21,3,1,1,30,1279.6,0
4,0,38,1,1783,30,0,5,4,1,1,45,45.325,0
2,0,35,0,3603,76,0,24,2,1,1,25,165.555,0
5,0,40,0,7688,135,395,48,2,1,1,25,2129.535,0
15,0,39,0,4388,66,7,33,1,1,1,15,283.47,0
12,0,15,0,8933,171,73,40,4,1,1,45,410.1,0
0,0,26,0,825,10,21,3,4,1,2,45,73.375,0
19,0,31,7,10435,87,0,41,4,1,1,45,263.05,0
0,0,39,0,7283,123,387,45,2,1,1,25,2074.77,0
3,0,38,0,2393,58,2,33,1,1,1,15,145.805,0
7,0,15,0,5488,125,57,25,1,2,1,15,622.215,0
13,0,36,0,2463,58,7,15,3,1,2,30,128.84,0
2,0,38,1,6095,81,168,28,3,1,1,30,919.04,0
7,0,31,0,1310,24,39,10,4,1,2,45,130.85,0
8,0,41,1,2780,59,183,24,2,1,1,25,951.255,0
0,0,35,0,6385,81,188,27,3,1,1,30,1010.64,0
20,0,45,2,3018,76,381,32,3,1,1,30,1647.76,0
5,0,40,0,415,10,7,2,3,1,2,30,45.0,0
19,0,46,0,2803,70,30,25,4,1,2,45,146.825,0
16,0,20,5,3218,54,43,23,3,2,1,30,302.88,0
0,0,9,1,4145,37,213,10,3,1,1,30,1019.28,0
13,0,37,2,5933,104,58,28,3,1,1,30,473.48,0
11,0,40,1,4430,74,10,19,3,1,1,30,220.16,0
16,0,39,1,4908,77,9,35,1,1,1,15,323.675,0
0,0,33,0,0,0,0,0,4,1,1,45,0.0,0
14,0,29,6,10130,81,0,39,4,1,1,45,255.275,0
27,0,36,4,16075,244,8,81,2,1,1,25,770.355,0
1,0,37,1,6255,83,184,26,3,1,1,30,989.52,0
0,0,33,0,510,5,0,7,2,1,2,25,23.175,0
5,0,37,0,2765,44,286,16,3,1,1,30,1256.36,0
8,0,37,1,6718,75,108,37,2,1,1,25,791.685,0
5,0,40,0,305,6,7,2,2,1,2,25,45.495,0
16,0,40,4,5420,99,30,42,3,1,1,30,340.76,0
3,0,37,0,7508,127,384,43,2,1,1,25,2071.575,0
8,0,34,3,7155,117,280,36,2,2,1,25,1587.24,0
2,0,36,0,3718,82,2,28,2,1,1,25,180.0,0
19,0,40,3,7733,92,123,39,2,1,1,25,905.625,0
18,0,43,2,4260,96,50,35,3,1,1,30,374.24,0
1,0,36,0,10755,143,0,47,3,1,1,30,435.92,0
0,0,19,0,520,4,6,2,4,1,2,45,28.1,0
8,0,30,0,395,25,11,6,3,1,2,30,60.8,0
2,0,36,0,2180,43,154,8,2,1,1,25,793.035,0
8,0,36,0,3660,77,34,29,2,1,1,25,321.165,0
6,0,36,1,3145,28,7,16,3,1,1,30,154.92,0
15,0,13,0,6313,139,75,38,1,2,1,15,767.36,0
4,0,29,2,6965,110,263,32,2,2,1,25,1501.875,0
4,0,39,0,4390,85,6,28,3,1,1,30,203.0,0
9,0,35,1,2905,51,171,20,2,1,1,25,902.52,0
4,0,42,1,2473,60,12,37,2,1,1,25,167.985,0
0,0,32,0,1245,32,0,14,3,1,2,30,51.08,0
1,0,33,0,2725,16,0,10,3,1,1,30,109.64,0
30,0,32,3,16265,238,7,78,2,1,1,25,774.135,0
2,0,38,0,7103,122,366,45,3,1,1,30,1753.0,0
12,0,19,0,8888,175,81,44,4,1,1,45,429.075,0
3,0,38,1,7623,133,416,47,3,1,1,30,1974.24,0
0,0,36,0,13278,162,0,39,3,1,1,30,537.6,0
0,0,30,0,570,2,0,8,2,1,2,25,25.74,0
0,0,35,0,6195,80,179,24,3,1,1,30,967.0,0
0,0,36,0,2055,33,278,16,3,1,1,30,1195.52,0
3,0,33,1,6785,97,14,22,5,1,1,55,124.23,0
26,0,38,9,10740,99,8,44,5,2,1,55,174.585,0
12,0,31,0,780,27,20,11,3,1,2,30,112.28,0
2,0,26,0,1323,36,28,68,4,1,1,45,103.975,0
10,0,25,0,1225,32,19,13,2,1,1,25,142.065,0
4,0,37,0,2245,33,253,14,3,1,1,30,1103.12,0
4,0,37,2,6865,99,24,26,5,1,1,55,140.46,0
0,0,33,0,0,0,0,0,2,1,2,25,0.0,0
5,0,17,1,1820,24,24,11,3,1,1,30,169.76,0
9,0,45,0,1015,26,28,11,3,1,2,30,153.64,0
1,0,36,0,5613,89,0,10,2,1,1,25,256.59,0
20,0,41,0,3253,71,23,19,4,1,2,45,140.6,0
7,0,38,1,6313,70,90,39,2,1,1,25,692.235,0
12,0,39,4,7405,102,214,43,3,1,1,30,1156.28,0
0,0,35,0,7203,121,377,41,2,1,1,25,2026.08,0
13,0,38,1,4020,85,34,28,3,1,1,30,300.2,0
0,0,27,0,3000,57,11,25,3,1,1,30,166.28,0
6,0,38,1,1973,31,7,8,4,1,1,45,67.6,0
8,0,15,0,8333,161,52,25,4,1,1,45,342.35,0
9,0,38,0,13963,170,9,47,3,1,1,30,601.32,0
5,0,27,1,3340,66,6,22,3,1,1,30,160.24,0
4,0,31,0,3145,22,0,15,3,1,1,30,126.68,0
2,0,36,1,2688,62,16,46,1,1,1,15,239.25,0
7,0,38,1,4515,83,2,25,3,1,1,30,191.92,0
6,0,11,2,2852,39,23,18,3,1,1,30,207.64,0
0,0,30,0,2760,20,0,10,3,1,1,30,111.2,0
9,0,41,1,4203,96,20,35,3,1,1,30,251.96,0
12,0,40,2,4820,89,9,27,3,1,1,30,232.36,0
0,0,34,0,3413,76,0,26,2,1,1,25,157.005,0
0,0,22,0,2805,49,0,17,3,1,1,30,114.16,0
15,0,18,4,3347,52,47,24,3,1,1,30,323.96,0
16,0,17,1,6392,141,85,42,2,2,1,25,676.485,0
7,0,37,2,8108,137,405,58,3,1,1,30,1949.8,0
3,0,38,0,2393,58,2,33,1,1,1,15,145.805,0
6,0,36,1,3145,28,7,16,3,1,1,30,154.92,0
7,0,37,0,3908,82,7,26,2,1,1,25,211.05,0
4,0,25,0,1453,33,0,64,4,1,1,45,37.15,0
14,0,44,3,11770,166,26,50,4,1,1,45,363.4,0
0,0,34,0,13408,160,0,40,3,1,1,30,542.72,0
0,0,38,0,6375,88,190,29,3,1,1,30,1018.52,0
13,0,34,0,2758,60,358,25,2,1,1,25,1737.81,0
8,0,39,2,6805,92,193,28,3,1,1,30,1047.88,0
8,0,42,0,4325,75,13,21,3,1,1,30,228.0,0
6,0,39,1,4110,78,0,27,3,1,1,30,167.52,0
5,0,37,0,4008,66,26,37,1,1,1,15,367.07,0
7,0,42,1,5998,97,17,16,3,1,1,30,311.8,0
0,0,36,0,2278,53,4,34,1,1,1,15,150.205,0
4,0,38,0,2360,39,285,18,3,1,1,30,1235.96,0
12,0,40,2,4820,89,9,27,3,1,1,30,232.36,0
4,0,36,0,7913,132,385,41,2,1,1,25,2094.525,0
3,0,37,3,6660,116,272,32,2,2,1,25,1528.92,0
10,0,38,1,4615,74,7,17,3,1,1,30,215.56,0
5,0,11,2,4450,43,220,12,3,1,1,30,1059.72,0
14,0,40,2,8523,144,399,45,3,1,1,30,1942.68,0
22,1,39,5,10020,137,172,60,3,1,1,30,1094.28,0
15,0,44,1,4458,76,16,41,1,1,1,15,337.37,0
7,0,36,0,4138,63,0,33,1,1,1,15,231.055,0
13,0,18,0,6268,143,89,45,1,2,1,15,842.105,0
0,0,26,0,3100,63,12,26,3,1,1,30,174.52,0
0,0,8,1,4200,40,240,12,3,1,1,30,1129.6,0
3,0,36,0,1780,50,70,24,4,1,2,45,220.75,0
7,0,12,0,8513,159,34,34,4,1,1,45,301.8,0
5,0,41,0,623,11,14,6,3,1,2,30,81.36,0
8,0,35,0,4018,58,0,30,1,1,1,15,224.18,0
0,0,34,0,2028,49,0,29,1,1,1,15,114.235,0
17,0,44,3,4160,90,49,34,3,1,1,30,366.0,0
7,0,35,1,3400,27,482,9,3,1,1,30,2065.08,0
0,0,33,0,0,0,0,0,4,1,1,45,0.0,0
0,0,36,0,2055,33,278,16,3,1,1,30,1195.52,0
14,0,38,0,2680,61,53,22,4,1,2,45,201.025,0
14,0,37,2,3053,70,380,39,3,1,1,30,1644.92,0
5,0,37,0,305,6,7,2,3,1,2,30,40.44,0
9,0,34,2,7495,108,22,22,5,1,1,55,147.045,0
30,0,40,4,15445,231,61,34,3,1,1,30,871.04,0
21,0,35,7,10320,87,0,38,4,2,1,45,260.175,0
12,0,33,2,3790,77,30,31,4,1,1,45,171.675,0
11,0,45,3,3400,39,498,11,4,1,1,45,1330.975,0
0,0,34,0,2285,46,159,18,2,1,1,25,820.395,0
30,0,44,4,15400,235,69,38,3,1,1,30,901.4,0
1,0,33,3,6775,116,296,35,2,2,1,25,1642.095,0
1,0,28,0,1190,38,197,14,2,2,1,25,941.76,0
10,0,13,3,4755,49,227,14,3,1,1,30,1100.16,0
0,0,34,0,6493,110,352,41,2,1,1,25,1881.135,0
10,0,36,2,11590,152,7,44,4,1,1,45,311.05,0
3,0,30,0,2148,48,344,21,2,1,1,25,1646.82,0
11,0,26,0,585,19,0,3,2,1,2,25,27.18,0
12,0,44,2,4283,98,24,36,3,1,1,30,271.24,0
11,0,11,4,5295,56,243,27,3,2,1,30,1186.04,0
0,0,35,0,3500,66,0,23,3,1,1,30,142.64,0
8,0,27,3,1915,46,214,26,2,2,1,25,1051.245,0
0,0,18,0,2920,49,0,20,3,1,1,30,118.76,0
3,0,32,2,6850,111,273,34,2,2,1,25,1541.745,0
9,0,13,0,8873,168,68,38,4,1,1,45,396.025,0
5,0,32,4,7260,120,285,46,2,2,1,25,1614.6,0
0,0,32,0,650,27,6,18,3,1,2,30,51.08,0
0,0,29,0,6943,111,362,35,2,1,1,25,1946.43,0
15,0,43,1,4855,85,23,24,3,1,1,30,289.6,0
12,1,40,0,2353,59,6,16,3,1,2,30,120.48,0
9,0,38,1,4705,84,11,28,3,1,1,30,235.56,0
0,0,16,0,1200,19,12,9,2,1,1,25,108.855,0
12,0,37,0,2363,52,7,14,3,1,2,30,124.6,0
4,0,39,0,1745,46,48,24,3,1,2,30,263.64,0
6,0,16,3,2608,42,29,19,3,1,1,30,222.0,0
7,0,37,0,13658,163,0,40,3,1,1,30,552.84,0
8,0,30,2,1190,19,33,7,4,1,1,45,112.725,0
4,0,32,1,7190,102,15,20,4,1,1,45,219.8,0
9,0,20,4,2933,47,41,23,3,1,1,30,283.2,0
7,0,31,1,3485,71,23,29,3,1,1,30,234.24,0
0,0,32,0,875,8,0,10,2,1,2,25,39.735,0
6,0,35,0,4190,63,0,12,3,1,1,30,170.12,0
9,0,33,0,2373,58,349,20,2,1,1,25,1679.895,0
4,0,41,1,3718,88,10,29,3,1,1,30,192.24,0
8,0,24,2,2080,34,45,20,3,1,1,30,264.56,0
1,0,27,0,1443,41,34,71,4,1,1,45,122.1,0
22,0,29,2,15960,233,2,81,2,1,1,25,737.685,0
11,0,14,0,5973,129,46,36,1,2,1,15,588.61,0
10,0,35,1,9000,116,146,44,3,1,1,30,948.64,0
18,0,39,3,9420,127,151,45,3,1,1,30,985.88,0
2,0,34,0,3833,57,0,31,2,1,1,25,175.05,0
4,0,35,0,1818,42,0,11,3,1,2,30,74.4,0
0,0,36,0,4020,76,0,20,3,1,1,30,163.84,0
9,0,39,1,3103,69,10,33,2,1,1,25,187.74,0
0,0,24,0,663,23,2,51,4,1,1,45,22.15,0
8,0,44,0,1095,22,30,14,3,1,2,30,164.68,0
0,0,25,0,710,4,0,1,4,1,2,45,17.85,0
0,0,39,0,318,5,7,4,2,1,2,25,46.035,0
14,0,42,2,6283,104,19,16,3,1,1,30,331.48,0
4,0,9,1,4580,41,224,13,3,1,1,30,1080.84,0
0,0,34,0,1475,44,63,22,3,1,2,30,312.76,0
0,0,20,0,0,0,4,0,4,1,2,45,10.0,0
13,0,12,3,5405,57,230,12,3,1,1,30,1138.48,0
11,0,31,1,2053,53,48,75,5,1,1,55,103.59,0
6,0,35,2,11760,158,25,60,3,1,1,30,576.72,0
7,0,41,0,3893,66,2,34,1,1,1,15,228.745,0
1,0,35,0,1420,41,36,20,3,1,1,30,202.44,0
9,0,26,0,820,27,1,15,2,1,1,25,42.615,0
0,0,6,0,3375,23,183,8,3,1,1,30,867.92,0
6,0,38,1,3285,28,492,11,3,1,1,30,2100.52,0
27,0,31,3,16265,239,9,83,2,1,1,25,783.18,0
7,0,31,0,8730,113,127,37,3,1,1,30,861.72,0
0,0,32,0,450,4,0,2,2,1,2,25,20.43,0
2,0,8,0,4275,34,183,6,3,1,1,30,904.36,0
3,0,35,2,6840,118,275,36,2,2,1,25,1550.61,0
0,0,31,0,0,0,0,0,3,1,1,30,0.0,0
5,0,38,1,4325,82,0,22,3,1,1,30,176.28,0
0,0,30,0,0,0,0,0,4,1,1,45,0.0,0
6,0,37,2,3260,34,39,20,4,1,1,45,179.85,0
8,0,36,3,7205,109,53,28,5,1,1,55,189.21,0
4,0,42,0,2315,43,293,22,3,1,1,30,1266.32,0
5,0,39,0,4245,73,9,20,2,1,1,25,234.81,0
4,0,39,0,13648,171,4,47,3,1,1,30,568.76,0
8,0,36,1,3025,56,177,23,2,1,1,25,935.145,0
5,0,10,0,8448,157,55,33,4,1,1,45,352.625,0
0,0,25,0,1010,30,186,9,2,2,1,25,883.8,0
0,0,34,1,1963,29,14,19,3,1,1,30,135.68,0
0,0,35,0,2675,15,444,2,3,1,1,30,1883.6,0
0,0,30,0,1828,42,0,25,1,1,1,15,102.85,0
16,0,29,0,1005,31,17,9,3,1,2,30,109.44,0
0,0,24,0,3035,61,33,25,3,1,1,30,255.84,0
0,0,37,0,0,0,0,0,2,1,2,25,0.0,0
14,0,12,0,6392,135,77,41,1,2,1,15,782.485,0
7,0,28,2,3645,73,47,29,4,1,1,45,210.45,0
0,0,14,0,1948,29,3,2,3,1,1,30,91.08,0
5,0,40,0,2098,54,7,20,2,1,1,25,128.34,0
6,0,37,0,1858,25,7,4,3,1,1,30,103.32,0
5,0,36,1,2545,18,7,6,3,1,1,30,130.52,0
0,0,30,0,7203,115,369,40,2,1,1,25,1989.81,0
17,0,27,1,15710,229,0,76,2,1,1,25,717.255,0
2,0,36,0,4210,77,0,23,3,1,1,30,171.48,0
7,0,27,0,100,15,0,3,2,1,2,25,5.175,0
19,0,17,1,9427,178,89,45,5,1,1,55,277.575,0
0,0,37,1,0,0,0,0,5,1,1,55,0.0,0
5,0,35,1,305,6,7,2,5,1,1,55,15.165,0
6,0,35,1,8620,114,128,38,3,1,1,30,861.36,0
22,0,35,8,10840,98,2,40,4,1,1,45,278.45,0
19,0,19,2,6453,144,90,44,2,2,1,25,701.865,0
7,0,37,1,11465,154,11,47,4,1,1,45,317.975,0
4,0,39,2,3210,33,515,12,4,1,1,45,1368.575,0
18,0,29,0,1195,32,26,12,3,1,2,30,153.08,0
10,0,39,2,3805,38,491,8,3,1,1,30,2117.72,0
0,0,29,2,6480,102,253,26,2,2,1,25,1434.69,0
11,0,33,2,1873,51,45,71,5,1,1,55,96.36,0
4,0,27,1,1315,36,193,11,2,2,1,25,929.295,0
3,0,34,0,2280,37,275,14,3,1,1,30,1192.68,0
12,0,28,0,1405,40,30,18,2,1,1,25,200.025,0
13,0,27,1,1340,37,17,12,2,1,1,25,138.465,0
13,0,38,2,12175,165,19,47,4,1,1,45,356.0,0
10,0,19,3,3033,53,42,24,3,1,1,30,291.44,0
12,0,39,1,15600,187,148,29,2,1,1,25,1376.415,0
0,0,35,0,2435,17,0,16,3,1,1,30,98.08,0
16,0,30,0,1120,37,49,13,3,1,2,30,242.28,0
0,0,31,0,3233,68,0,21,2,1,1,25,148.545,0
11,0,41,2,6338,107,46,18,3,1,1,30,441.8,0
6,0,38,0,5918,95,7,12,3,1,1,30,268.52,0
0,0,35,0,10560,138,0,30,3,1,1,30,427.92,0
28,0,38,9,10930,100,17,47,5,1,1,55,190.95,0
13,0,20,1,6087,141,86,41,2,2,1,25,667.26,0
17,0,17,1,9238,177,80,42,5,1,1,55,261.225,0
5,0,43,1,2393,64,10,34,2,1,1,25,155.565,0
0,0,37,0,0,0,0,0,2,1,2,25,0.0,0
10,0,43,1,2878,72,20,40,2,1,1,25,222.75,0
6,0,37,0,1853,50,338,9,2,1,1,25,1606.635,0
0,0,31,0,1668,19,0,5,3,1,1,30,67.48,0
1,0,41,1,2790,27,484,7,3,1,1,30,2048.68,0
7,0,34,0,4290,69,0,13,2,1,1,25,196.155,0
8,0,40,3,703,13,16,6,5,1,1,55,34.74,0
0,0,25,0,1010,30,186,9,2,2,1,25,883.8,0
5,0,13,0,8437,164,57,35,4,1,1,45,357.525,0
7,0,33,0,1890,48,35,18,3,1,2,30,217.52,0
0,0,6,0,3970,28,176,4,2,1,1,25,971.91,0
2,0,29,0,1005,18,32,8,4,1,2,45,105.575,0
12,0,29,0,405,21,7,2,3,1,2,30,45.04,0
17,0,34,1,14775,216,42,28,2,1,1,25,863.595,0
9,0,12,0,5908,127,67,35,1,2,1,15,700.425,0
21,0,20,3,6813,153,124,48,2,2,1,25,871.47,0
2,0,33,0,2088,51,347,20,2,1,1,25,1657.755,0
0,0,30,0,0,0,0,0,2,1,2,25,0.0,0
12,0,39,1,15545,185,155,32,2,1,1,25,1405.35,0
20,0,36,2,14835,219,47,30,3,1,1,30,790.16,0
0,0,29,0,6420,88,2,18,4,1,1,45,167.7,0
14,0,25,2,1825,42,40,28,2,1,1,25,264.015,0
3,0,39,0,1848,33,11,11,3,1,1,30,119.24,0
5,0,36,1,3963,85,7,28,3,1,1,30,189.92,0
2,0,33,0,3095,21,475,7,3,1,1,30,2024.64,0
15,0,43,2,15870,190,167,36,2,1,1,25,1474.2,0
0,0,21,0,825,4,13,2,4,1,2,45,53.225,0
1,0,30,0,2520,43,160,17,2,1,1,25,835.335,0
9,0,40,0,1205,21,29,13,3,1,2,30,165.04,0
6,0,23,1,3450,65,7,21,3,1,1,30,168.6,0
0,0,37,0,875,14,0,11,2,1,2,25,40.005,0
0,0,28,0,2455,14,0,8,3,1,1,30,98.76,0
15,0,38,3,4375,92,53,43,3,1,1,30,390.68,0
5,0,42,2,6500,92,194,27,3,1,1,30,1039.68,0
6,0,36,0,935,18,10,6,3,1,2,30,78.12,0
16,0,17,1,6392,141,85,42,2,2,1,25,676.485,0
0,0,35,0,0,0,0,0,2,1,2,25,0.0,0
10,0,42,0,2318,56,18,21,3,1,2,30,166.96,0
0,0,34,0,0,0,0,0,3,1,1,30,0.0,0
8,0,37,0,2263,59,350,21,3,1,1,30,1492.88,0
7,0,36,1,4665,75,19,30,2,1,1,25,298.8,0
0,0,36,0,1423,22,0,6,3,1,1,30,57.8,0
5,0,40,1,2800,23,469,9,3,1,1,30,1988.92,0
8,0,37,1,6718,75,108,37,2,1,1,25,791.685,0
26,0,38,9,10740,99,8,44,5,1,1,55,174.585,0
0,0,34,0,2813,66,0,11,2,1,1,25,129.555,0
0,0,35,0,2760,65,0,26,2,1,1,25,127.125,0
16,0,44,2,4583,74,18,41,1,1,1,15,355.135,0
6,0,34,3,6965,116,271,33,2,2,1,25,1538.145,0
0,0,29,0,2840,16,0,13,3,1,1,30,114.24,0
13,0,40,3,3265,55,313,35,4,1,1,45,865.5,0
9,0,39,0,3793,61,0,37,1,1,1,15,211.97,0
0,0,19,0,0,0,0,0,2,1,2,25,0.0,0
9,0,28,1,1873,45,37,70,5,1,1,55,84.27,0
0,0,30,0,2530,11,461,7,3,1,1,30,1945.64,0
23,0,24,3,6697,153,100,45,2,2,1,25,758.25,0
26,0,40,2,14845,221,40,19,3,1,1,30,762.64,0
16,0,38,2,5933,103,24,23,2,1,1,25,379.62,0
0,0,24,0,520,4,14,1,4,1,2,45,48.1,0
0,0,22,0,0,0,11,0,4,1,2,45,27.5,0
4,0,36,0,1933,48,1,15,3,1,2,30,83.24,0
14,0,46,3,3660,43,505,16,4,1,1,45,1355.075,0
8,0,37,0,4255,65,0,13,2,1,1,25,194.4,0
5,0,32,1,3763,78,7,24,2,1,1,25,204.345,0
2,0,10,1,2468,37,14,13,3,1,1,30,156.2,0
11,0,37,1,15730,185,152,30,2,1,1,25,1400.175,0
7,0,24,1,1620,36,192,12,2,2,1,25,938.52,0
12,0,14,0,8818,165,41,36,4,1,1,45,327.075,0
4,0,33,0,1973,25,0,7,3,1,1,30,79.92,0
0,0,32,0,325,6,0,2,2,1,2,25,14.895,0
25,0,39,4,15255,231,86,36,3,1,1,30,963.44,0
30,0,40,4,15445,231,61,34,3,2,1,30,871.04,0
11,0,35,3,7155,116,246,31,2,2,1,25,1434.195,0
10,0,39,1,3370,77,14,30,3,1,1,30,193.88,0
5,0,30,1,1648,41,40,72,4,1,1,45,142.225,0
0,0,31,0,2055,27,270,15,3,1,1,30,1163.28,0
1,0,34,0,2840,22,0,14,3,1,1,30,114.48,0
13,0,17,3,3043,45,7,17,3,1,1,30,151.52,0
3,0,14,2,2547,39,24,17,3,1,1,30,199.44,0
16,0,40,3,14678,185,28,61,3,1,1,30,706.52,0
0,0,34,0,0,0,0,0,5,1,1,55,0.0,0
17,0,36,3,6418,108,47,39,2,1,1,25,505.17,0
10,0,45,2,2698,70,17,36,2,1,1,25,201.06,0
6,0,16,3,2662,44,22,16,3,1,1,30,196.24,0
12,0,36,1,4595,75,7,15,3,1,1,30,214.8,0
8,0,37,1,6718,75,108,37,2,1,1,25,791.685,0
11,0,38,3,5115,93,23,40,3,1,1,30,300.32,0
0,0,30,1,6600,107,259,29,2,2,1,25,1467.315,0
17,0,34,1,6043,102,23,22,2,1,1,25,380.025,0
11,0,38,1,3775,82,32,28,3,1,1,30,282.28,0
0,0,39,1,6275,82,189,28,3,1,1,30,1010.28,0
25,0,27,3,16120,234,7,76,2,1,1,25,767.43,0
13,0,35,0,4503,66,0,36,1,1,1,15,251.295,0
2,0,35,2,6795,90,200,39,3,1,1,30,1075.4,0
10,0,34,0,1390,26,43,11,4,1,2,45,142.9,0
1,0,32,0,7508,121,376,42,2,1,1,25,2035.305,0
0,0,33,0,3298,70,0,22,2,1,1,25,151.56,0
0,0,31,0,6725,94,9,20,4,1,1,45,192.975,0
10,0,44,2,7813,139,399,46,3,1,1,30,1914.08,0
7,0,38,1,4023,88,9,30,3,1,1,30,200.44,0
0,0,31,0,0,0,0,0,5,1,1,55,0.0,0
0,0,27,0,6525,87,0,16,4,1,1,45,165.3,0
0,0,29,1,1090,32,196,13,2,2,1,25,932.49,0
4,0,37,0,1475,24,21,26,2,1,2,25,161.955,0
11,0,41,2,7873,136,396,47,3,1,1,30,1904.36,0
0,0,26,1,1125,36,218,13,2,2,1,25,1033.245,0
15,0,27,1,1530,38,26,15,2,1,1,25,187.56,0
11,0,15,0,6088,135,78,40,1,2,1,15,771.265,0
1,0,33,1,6540,94,12,22,4,1,1,45,195.85,0
0,0,12,0,1310,18,11,8,2,1,1,25,109.26,0
12,0,39,1,6628,106,15,12,3,1,1,30,329.36,0
2,0,41,0,628,13,17,5,4,1,2,45,58.525,1
0,1,30,0,0,0,0,0,5,1,1,55,0.0,1
14,0,36,0,3180,41,7,14,3,1,2,30,156.84,1
0,0,33,0,0,0,0,0,2,1,2,25,0.0,1
17,1,39,2,3355,50,21,20,3,1,1,30,220.2,1
1,0,40,0,213,4,10,6,3,1,2,30,48.68,1
8,0,37,0,1863,39,16,33,3,1,2,30,140.08,1
8,0,34,0,5513,92,19,22,2,1,1,25,337.725,1
7,1,30,0,2990,35,1,15,2,1,2,25,140.625,1
4,0,33,0,1848,32,0,25,3,1,2,30,75.2,1
0,0,30,0,0,0,0,0,2,1,2,25,0.0,1
6,0,6,1,1792,19,0,8,3,1,1,30,72.44,1
11,0,39,0,1643,24,24,6,4,1,2,45,101.675,1
2,1,33,0,1960,48,52,33,3,1,2,30,288.32,1
18,1,27,0,695,37,1,11,2,1,2,25,37.44,1
0,0,33,0,0,0,0,0,3,1,2,30,0.0,1
9,1,15,3,1873,27,17,13,3,1,1,30,144.0,1
0,0,34,0,513,2,11,5,4,1,2,45,40.375,1
8,1,15,2,1748,29,15,13,3,1,1,30,131.08,1
5,1,37,0,2765,37,12,18,2,1,2,25,180.09,1
4,0,34,0,1963,38,27,29,3,1,2,30,188.04,1
8,1,34,0,5513,92,19,22,2,1,1,25,337.725,1
19,1,44,0,2833,60,56,39,4,1,2,45,212.325,1
8,0,33,0,5398,86,0,18,2,1,1,25,246.78,1
5,1,32,0,5453,89,14,20,2,1,1,25,312.39,1
4,0,36,0,733,12,21,17,3,1,2,30,113.8,1
17,0,40,2,2633,53,46,35,4,1,1,45,182.15,1
5,0,32,0,305,6,7,2,3,1,2,30,40.44,1
6,1,42,0,1013,15,26,10,4,1,2,45,90.7,1
12,0,37,1,3050,44,14,18,3,1,1,30,179.76,1
0,1,30,0,0,0,0,0,4,1,2,45,0.0,1
23,1,37,0,910,51,24,21,2,1,2,25,151.245,1
0,0,37,0,0,0,0,0,2,1,2,25,0.0,1
8,1,40,2,993,16,21,8,4,1,1,45,77.725,1
0,0,39,0,0,0,0,0,2,1,2,25,0.0,1
0,0,7,0,1428,16,0,5,3,1,1,30,57.76,1
0,0,37,0,248,8,32,6,3,1,2,30,138.24,1
0,0,37,0,0,0,0,0,2,1,2,25,0.0,1
14,0,40,2,5898,100,36,28,2,1,1,25,431.91,1
0,0,36,0,0,0,0,0,3,1,2,30,0.0,1
0,0,28,0,0,0,0,0,2,1,2,25,0.0,1
30,1,35,0,1450,54,32,22,3,1,2,30,188.16,1
2,0,40,0,180,8,11,5,2,1,2,25,57.96,1
5,0,32,0,305,6,7,2,4,1,2,45,25.275,1
1,1,9,1,1243,16,0,7,3,1,1,30,50.36,1
9,1,35,0,2990,41,9,16,3,1,2,30,157.24,1
10,0,14,2,1973,33,18,14,3,1,1,30,152.24,1
11,1,35,0,3180,42,18,19,3,1,2,30,200.88,1
5,0,39,0,305,6,7,2,2,1,2,25,45.495,1
1,0,6,1,1308,11,0,2,3,1,1,30,52.76,1
0,0,37,0,743,13,41,8,4,1,2,45,121.4,1
2,0,36,0,323,3,9,5,3,1,2,30,49.04,1
7,0,36,0,2078,43,25,28,3,1,2,30,184.84,1
6,1,36,0,2865,43,13,19,2,1,2,25,189.36,1
0,0,36,0,0,0,25,0,2,1,2,25,112.5,1
0,1,36,0,628,7,9,4,4,1,2,45,38.375,1
5,0,39,0,553,14,39,8,3,1,2,30,178.68,1
5,0,36,0,1668,34,13,16,3,1,2,30,120.08,1
7,0,44,0,305,12,15,3,3,1,2,30,72.68,1
10,0,34,0,5758,95,21,22,2,1,1,25,357.885,1
23,1,34,0,1070,53,48,21,3,1,2,30,236.92,1
17,0,27,0,570,39,0,11,2,1,2,25,27.405,1
10,0,39,0,3070,43,19,20,3,1,2,30,200.52,1
4,0,35,0,2078,44,59,33,3,1,2,30,320.88,1
10,0,34,0,3395,46,10,14,3,1,2,30,177.64,1
7,0,31,0,50,2,0,1,2,1,2,25,2.34,1
6,1,32,2,1315,42,201,12,3,2,1,30,858.28,1
0,1,24,0,765,7,16,1,4,1,2,45,59.3,1
6,1,34,0,2153,39,36,32,3,1,2,30,231.68,1
10,1,40,0,2348,46,44,35,3,1,2,30,271.76,1
3,0,35,0,1558,33,9,31,3,1,2,30,99.64,1
3,0,9,1,1487,19,0,7,3,1,1,30,60.24,1
16,0,33,1,6123,98,25,25,2,1,1,25,392.445,1
7,1,35,0,2265,54,59,35,3,1,2,30,328.76,1
0,0,34,0,0,0,0,0,2,1,2,25,0.0,1
0,0,34,0,0,0,0,0,3,1,2,30,0.0,1
19,0,35,0,730,43,19,19,2,1,2,25,120.285,1
0,1,34,0,323,1,2,2,4,1,2,45,13.1,1
12,0,33,0,2573,44,33,32,3,1,2,30,236.68,1
0,1,34,0,1363,28,6,14,3,1,2,30,79.64,1
10,0,39,1,5513,98,27,23,2,1,1,25,373.995,1
8,1,30,0,5558,88,11,18,2,1,1,25,303.57,1
0,1,30,0,0,0,0,0,2,1,2,25,0.0,1
0,0,36,0,0,0,0,0,3,1,1,30,0.0,1
12,0,38,0,2383,49,32,30,4,1,2,45,140.8,1
0,0,38,0,0,0,3,0,3,1,2,30,12.0,1
16,0,28,0,470,33,0,10,2,1,2,25,22.635,1
2,0,31,0,1783,30,16,24,3,1,2,30,136.52,1
12,0,37,1,5413,93,8,26,2,1,1,25,283.77,1
7,0,39,0,495,7,16,5,2,1,2,25,94.59,1
4,0,8,1,1892,24,1,5,3,1,1,30,80.64,1
3,0,10,2,1603,25,32,11,3,1,1,30,193.12,1
6,1,31,0,5333,84,8,17,2,1,1,25,279.765,1
0,0,31,0,0,0,0,0,2,1,2,25,0.0,1
18,0,37,1,6008,98,7,22,2,1,1,25,306.27,1
0,0,38,0,115,6,32,4,2,1,2,25,149.445,1
0,0,32,0,0,0,0,0,2,1,2,25,0.0,1
4,0,37,0,600,10,21,15,2,1,2,25,121.95,1
6,1,37,0,2143,46,38,34,3,1,2,30,239.56,1
0,1,28,0,1703,28,12,23,3,1,2,30,117.24,1
27,1,33,0,1555,57,37,32,3,1,2,30,212.48,1
0,1,27,0,2425,25,0,8,2,1,2,25,110.25,1
1,0,32,0,1903,35,22,27,3,1,2,30,165.52,1
0,0,3,0,1103,11,0,1,2,1,1,25,50.13,1
5,0,38,0,305,6,7,2,4,1,2,45,25.275,1
23,1,33,0,955,47,16,17,2,1,2,25,117.09,1
11,1,36,1,5573,95,24,24,2,1,1,25,363.06,1
0,1,32,0,0,0,0,0,2,1,2,25,0.0,1
7,0,41,0,1113,21,27,11,4,1,2,45,95.85,1
11,1,36,0,2513,47,36,31,3,1,2,30,246.4,1
0,1,9,0,888,9,0,3,3,1,1,30,35.88,1
18,0,38,0,3173,60,62,48,4,1,2,45,235.825,1
5,0,38,0,438,8,7,4,3,1,2,30,45.84,1
7,1,36,0,2023,41,32,31,3,1,1,30,210.56,1
9,1,34,0,2875,35,0,12,2,1,2,25,130.95,1
5,0,42,0,393,12,15,8,3,1,2,30,76.2,1
0,1,33,0,0,0,0,0,2,1,2,25,0.0,1
8,0,40,2,498,11,12,6,3,1,1,30,68.36,1
16,1,40,0,3475,55,27,23,3,1,2,30,249.2,1
5,0,36,0,305,6,7,2,3,1,2,30,40.44,1
11,1,33,1,5638,90,15,19,2,1,1,25,325.26,1
3,1,8,0,1373,13,0,3,2,1,1,25,62.37,1
3,0,9,1,1488,19,0,7,3,1,1,30,60.28,1
18,0,31,0,650,41,9,15,2,1,2,25,71.595,1
9,1,39,0,2945,45,17,20,3,1,2,30,187.6,1
0,1,3,0,1228,9,0,1,2,1,1,25,55.665,1
4,1,34,0,2800,41,34,18,3,1,2,30,249.64,1
0,1,36,0,0,0,0,0,2,1,2,25,0.0,1
0,1,35,0,295,4,14,13,2,1,2,25,76.455,1
0,0,31,0,0,0,0,0,2,1,2,25,0.0,1
3,0,33,0,438,2,0,3,3,1,2,30,17.6,1
0,0,35,0,0,0,25,0,3,1,2,30,100.0,1
8,1,11,2,1793,25,7,9,3,1,1,30,100.72,1
16,0,26,0,650,35,1,14,2,1,2,25,35.325,1
0,1,7,0,1183,13,0,5,2,1,2,25,53.82,1
0,1,25,0,1010,30,186,9,2,2,1,25,883.8,1
0,0,37,0,0,0,0,0,2,1,2,25,0.0,1
0,0,35,0,0,0,2,0,2,1,2,25,9.0,1
14,1,38,0,2573,50,41,33,4,1,2,45,168.075,1
0,0,38,0,0,0,0,0,2,1,2,25,0.0,1
0,1,38,0,403,3,12,6,4,1,2,45,40.15,1
18,0,31,0,650,41,9,15,2,1,2,25,71.595,1
2,0,37,0,190,1,9,3,2,1,2,25,49.095,1
0,1,34,0,0,0,0,0,3,1,2,30,0.0,1
7,0,32,0,2810,33,0,11,3,1,2,30,113.72,1
5,0,39,0,305,6,7,2,2,1,2,25,45.495,1
0,0,3,0,0,0,0,0,2,1,1,25,0.0,1
14,1,38,0,2573,50,41,33,4,1,2,45,168.075,1
0,0,35,0,0,0,0,0,2,1,2,25,0.0,1
13,1,36,1,5818,98,26,24,2,1,1,25,383.22,1
5,0,42,0,888,17,24,10,4,1,2,45,82.625,1
0,0,37,0,0,0,0,0,2,1,2,25,0.0,1
0,0,36,0,0,0,1,0,2,1,2,25,4.5,1
0,0,39,0,0,0,1,0,3,1,2,30,4.0,1
3,0,28,0,5253,82,4,16,2,1,1,25,258.075,1
6,1,11,2,1548,22,5,9,3,1,1,30,82.8,1
24,0,32,0,1360,52,17,15,2,1,2,25,140.04,1
2,1,30,0,2505,27,0,9,2,1,2,25,113.94,1
0,0,29,0,0,0,0,0,3,1,2,30,0.0,1
0,0,28,0,0,0,0,0,3,1,2,30,0.0,1
0,0,35,0,0,0,0,0,4,1,2,45,0.0,1
12,1,32,0,3295,41,8,17,3,1,2,30,165.44,1
5,0,33,0,305,6,7,2,2,1,2,25,45.495,1
1,1,43,0,398,7,17,8,3,1,2,30,84.2,1
0,0,36,0,438,6,0,1,4,1,2,45,11.1,1
0,0,34,0,0,0,0,0,2,1,2,25,0.0,1
10,0,37,0,2695,37,7,3,3,1,2,30,137.28,1
19,1,43,0,3555,57,31,24,3,1,2,30,268.48,1
8,1,35,1,5628,98,51,26,2,1,1,25,487.17,1
1,0,9,1,1297,18,0,4,3,1,1,30,52.6,1
0,0,33,0,2085,25,0,9,2,1,2,25,94.95,1
7,0,38,0,628,9,16,7,3,1,2,30,89.48,1
5,1,38,0,305,6,7,2,3,1,2,30,40.44,1
22,0,29,0,875,45,6,13,2,1,2,25,68.4,1
0,0,40,0,88,6,8,6,3,1,2,30,35.76,1
7,1,33,0,2088,36,23,26,3,1,2,30,176.96,1
6,0,43,0,385,8,17,6,2,1,2,25,94.185,1
25,1,33,0,1145,48,25,20,2,1,2,25,166.185,1
6,0,33,0,2875,36,11,17,2,1,2,25,180.495,1
0,0,30,0,0,0,0,0,2,1,2,25,0.0,1
0,1,31,0,0,0,0,0,2,1,2,25,0.0,1
5,0,38,0,438,8,7,4,3,1,2,30,45.84,1
5,0,35,0,2390,31,0,1,3,1,2,30,96.84,1
11,1,39,0,2448,52,45,36,3,1,2,30,280.0,1
5,0,38,0,933,13,16,6,4,1,2,45,63.65,1
24,0,35,0,660,43,7,4,3,1,2,30,56.12,1
3,0,38,0,743,12,7,3,4,1,2,45,36.375,1
7,0,43,0,933,19,24,7,4,1,2,45,83.8,1
13,0,17,3,2053,35,22,15,3,1,1,30,171.52,1
0,0,34,0,0,0,0,0,3,1,2,30,0.0,1
18,0,30,0,535,35,0,11,2,1,2,25,25.65,1
20,1,38,0,4005,58,24,18,3,1,2,30,258.52,1
3,0,38,1,193,5,5,4,3,1,1,30,27.92,1
0,1,7,0,1372,14,2,8,2,1,1,25,71.37,1
14,1,42,0,2528,54,49,37,4,1,2,45,187.05,1
4,1,27,1,1315,36,193,11,2,2,1,25,929.295,1
3,0,13,1,1443,23,8,11,3,1,1,30,90.64,1
15,0,36,1,6008,99,35,27,2,1,1,25,432.315,1
10,1,44,0,1193,23,31,12,4,1,2,45,107.9,1
5,0,39,0,305,6,7,2,2,1,2,25,45.495,1
0,1,30,0,0,0,0,0,4,1,2,45,0.0,1
16,1,43,0,2573,56,49,34,4,1,2,45,188.225,1
0,0,29,0,0,0,0,0,2,1,2,25,0.0,1
11,0,40,0,1015,17,15,2,3,1,2,30,101.28,1
8,0,41,2,365,9,12,4,3,1,1,30,62.96,1
11,0,39,0,1148,19,15,4,3,1,2,30,106.68,1
0,1,5,0,1123,10,0,3,2,1,2,25,50.985,1
7,0,30,0,5433,90,9,18,2,1,1,25,289.035,1
13,0,36,1,5818,98,26,24,2,1,1,25,383.22,1
0,0,38,0,0,0,4,0,2,1,2,25,18.0,1
0,0,30,0,0,0,0,0,3,1,2,30,0.0,1
5,1,14,2,1487,25,8,8,3,1,1,30,92.48,1
0,0,7,0,1182,13,0,5,2,1,1,25,53.775,1
26,1,35,0,1070,52,14,16,3,1,2,30,100.88,1
5,1,9,1,1733,22,7,7,3,1,1,30,98.2,1
0,0,33,0,0,0,0,0,4,1,2,45,0.0,1
28,1,34,0,1145,47,7,15,2,1,2,25,85.14,1
9,1,36,0,3105,47,41,20,3,1,2,30,290.08,1
7,1,41,0,618,16,18,9,3,1,2,30,97.36,1
11,1,38,0,3170,49,20,21,3,1,2,30,208.76,1
7,0,42,0,485,14,18,7,2,1,2,25,103.455,1
28,1,35,0,1260,53,23,19,3,1,2,30,144.52,1
13,1,35,0,3590,51,30,31,3,1,2,30,265.64,1
5,0,40,0,420,12,39,6,3,1,2,30,173.28,1
5,1,38,0,933,13,16,6,4,1,2,45,63.65,1
0,0,36,0,383,4,7,4,4,1,1,45,27.175,1
0,1,10,0,1363,21,4,10,2,1,1,25,80.28,1
0,0,36,0,628,7,9,4,4,1,2,45,38.375,1
5,0,37,0,305,6,7,2,2,1,2,25,45.495,1
3,0,38,0,248,7,0,1,3,1,2,30,10.2,1
7,1,35,0,2800,40,0,13,3,1,2,30,113.6,1
11,0,40,0,2990,47,17,17,3,1,2,30,189.48,1
0,0,40,0,0,0,1,0,2,1,2,25,4.5,1
18,1,37,0,3895,57,37,33,3,1,2,30,306.08,1
0,0,35,0,0,0,0,0,2,1,2,25,0.0,1
5,1,37,0,305,6,7,2,3,1,2,30,40.44,1
22,1,30,0,1715,42,25,9,3,1,2,30,170.28,1
2,0,28,0,2685,29,0,13,2,1,2,25,122.13,1
26,1,35,1,1015,50,21,19,3,1,1,30,126.6,1
4,0,36,0,1228,17,30,19,4,1,2,45,106.125,1
20,0,36,0,650,47,17,16,3,1,2,30,95.88,1
28,1,36,0,1375,59,55,23,3,1,2,30,277.36,1
0,1,34,0,0,0,0,0,3,1,2,30,0.0,1
0,0,33,0,1253,27,2,29,3,1,2,30,59.2,1
0,0,42,0,0,0,8,0,2,1,2,25,36.0,1
0,0,34,0,0,0,2,0,3,1,2,30,8.0,1
0,0,7,0,0,0,0,0,2,1,1,25,0.0,1
0,0,4,0,1003,5,0,4,2,1,1,25,45.36,1
10,0,37,0,5693,100,30,27,2,1,1,25,395.685,1
15,1,41,0,3375,49,26,22,3,1,2,30,240.96,1
9,0,35,0,2990,41,9,16,3,1,2,30,157.24,1
18,0,32,0,765,47,41,19,3,1,2,30,196.48,1
1,1,31,0,2625,32,0,12,2,1,2,25,119.565,1
0,0,26,0,825,10,21,3,4,1,2,45,73.375,1
6,1,38,0,2685,41,10,15,3,1,2,30,149.04,1
0,1,35,0,0,0,0,0,2,1,2,25,0.0,1
0,0,6,0,472,2,0,5,2,1,1,25,21.33,1
0,0,36,0,133,2,0,2,3,1,2,30,5.4,1
0,1,28,0,0,0,0,0,4,1,1,45,0.0,1
14,1,12,3,2502,36,15,9,3,1,1,30,161.52,1
0,0,35,0,513,1,0,3,4,1,2,45,12.85,1
0,0,32,0,263,1,0,1,3,1,2,30,10.56,1
27,1,31,0,1180,51,13,15,3,1,2,30,101.24,1
0,1,11,1,1263,15,3,9,3,1,1,30,63.12,1
22,0,34,0,550,42,0,19,3,1,2,30,23.68,1
10,0,38,0,1973,40,20,18,3,1,2,30,160.52,1
7,0,43,0,438,14,15,5,3,1,2,30,78.08,1
23,1,33,0,955,47,16,17,2,1,2,25,117.09,1
3,0,38,1,688,10,14,6,4,1,1,45,52.45,1
14,0,38,0,5523,94,12,11,2,1,1,25,306.765,1
11,0,31,0,5818,92,18,23,2,1,1,25,346.95,1
25,1,38,0,955,53,24,18,3,1,2,30,136.32,1
1,1,40,0,708,9,19,8,4,1,2,45,65.425,1
4,1,30,0,2008,34,19,25,3,1,2,30,157.68,1
0,0,31,0,0,0,0,0,4,1,2,45,0.0,1
7,1,31,0,2268,38,26,30,3,1,2,30,196.24,1
1,0,4,0,1487,13,0,6,2,1,1,25,67.5,1
5,0,38,0,305,6,7,2,2,1,2,25,45.495,1
29,1,39,0,1340,55,33,23,3,1,2,30,187.8,1
0,0,32,0,0,0,0,0,2,1,2,25,0.0,1
0,0,33,0,0,0,0,0,3,1,2,30,0.0,1
21,0,33,0,765,46,7,14,2,1,2,25,67.995,1
4,0,29,0,2730,31,0,10,2,1,2,25,124.245,1
10,0,34,0,5703,93,28,25,2,1,1,25,386.82,1
13,1,36,1,5818,98,26,24,2,1,1,25,383.22,1
23,0,29,0,1000,43,8,13,2,1,2,25,82.935,1
1,0,35,0,538,7,1,1,3,1,2,30,25.8,1
6,0,33,0,2930,38,4,14,2,1,2,25,151.56,1
11,1,41,0,2268,50,42,32,4,1,2,45,162.95,1
31,1,37,2,1320,56,28,21,3,1,1,30,167.04,1
2,1,10,1,1082,14,0,9,3,1,1,30,43.84,1
3,0,30,0,1883,36,17,25,3,1,2,30,144.76,1
17,0,32,0,245,36,0,17,2,1,2,25,12.645,1
5,0,35,0,305,6,7,2,2,1,2,25,45.495,1
13,1,36,0,2868,54,55,46,3,1,2,30,336.88,1
0,0,41,0,0,0,8,0,2,1,2,25,36.0,1
0,0,37,0,0,0,0,0,3,1,2,30,0.0,1
16,1,31,0,460,40,0,12,2,1,2,25,22.5,1
0,0,34,0,568,4,4,2,4,1,2,45,24.3,1
12,1,38,1,2328,47,39,33,3,1,1,30,251.0,1
11,0,36,1,5628,97,17,21,2,1,1,25,334.125,1
13,1,25,0,390,31,0,9,2,1,2,25,18.945,1
13,0,32,1,5863,94,18,20,2,1,1,25,349.065,1
0,0,37,0,0,0,0,0,2,1,1,25,0.0,1
16,1,41,0,2753,58,52,38,4,1,2,45,200.275,1
4,0,33,0,2685,35,2,14,2,1,2,25,131.4,1
0,0,29,0,0,0,0,0,2,1,2,25,0.0,1
0,0,36,0,0,0,0,0,4,1,2,45,0.0,1
12,1,32,0,5738,96,16,20,2,1,1,25,334.53,1
0,1,32,0,0,0,0,0,3,1,2,30,0.0,1
8,0,33,0,3285,45,23,29,2,1,2,25,253.35,1
16,1,42,0,3295,53,24,19,3,1,2,30,229.92,1
14,0,38,0,3410,53,48,22,3,1,2,30,330.52,1
23,0,32,0,840,41,0,13,2,1,2,25,39.645,1
18,1,31,0,650,41,9,15,2,1,2,25,71.595,1
0,0,32,0,1975,24,0,14,2,1,2,25,89.955,1
5,1,35,0,305,6,7,2,3,1,2,30,40.44,1
6,0,34,0,5323,91,10,19,2,1,1,25,288.63,1
0,0,36,0,0,0,0,0,2,1,2,25,0.0,1
9,0,35,0,2990,41,9,16,3,1,2,30,157.24,1
9,1,36,0,2268,44,34,31,3,1,2,30,228.48,1
3,1,29,0,2605,33,0,10,2,1,2,25,118.71,1
13,1,35,0,5703,92,0,20,2,1,1,25,260.775,1
3,1,9,1,1487,19,0,7,3,1,1,30,60.24,1
0,0,34,0,0,0,0,0,2,1,2,25,0.0,1
0,0,37,0,8,4,4,5,3,1,2,30,16.48,1
9,0,10,2,2197,30,8,7,3,1,1,30,121.08,1
8,1,11,2,1792,25,7,9,3,1,1,30,100.68,1
3,1,39,1,60,3,5,2,2,1,1,25,25.335,1
12,1,11,4,2393,35,28,24,3,1,1,30,209.12,1
5,0,36,0,873,10,11,4,4,1,2,45,49.575,1
5,0,38,0,438,8,7,4,3,1,2,30,45.84,1
0,1,40,0,583,11,17,8,4,1,2,45,57.35,1
28,0,35,0,1260,53,23,19,3,1,2,30,144.52,1
9,0,37,0,2383,50,66,35,4,1,2,45,225.825,1
3,0,33,0,933,7,8,5,4,1,2,45,43.5,1
6,1,30,1,1495,44,204,16,2,2,1,25,987.255,1
2,0,5,0,1408,17,0,3,3,1,1,30,57.0,1
4,0,34,0,4913,82,0,7,2,1,1,25,224.775,1
0,0,34,0,323,1,2,2,4,1,2,45,13.1,1
5,0,39,0,1048,19,48,10,4,1,2,45,146.675,1
8,0,10,1,1678,19,7,5,3,1,1,30,95.88,1
0,0,33,0,0,0,0,0,2,1,2,25,0.0,1
6,1,8,2,1613,17,7,4,3,1,1,30,93.2,1
0,0,34,0,0,0,0,0,2,1,2,25,0.0,1
6,1,27,1,1505,37,202,14,2,2,1,25,978.39,1
6,0,29,0,5513,86,11,21,2,1,1,25,301.455,1
0,1,34,0,0,0,0,0,4,1,2,45,0.0,1
7,0,35,0,5108,87,1,24,2,1,1,25,238.275,1
12,1,34,0,3115,39,7,13,3,1,2,30,154.16,1
9,0,38,1,5593,94,29,26,2,1,1,25,386.415,1
6,0,38,0,710,11,8,2,2,1,2,25,68.445,1
0,0,36,0,628,7,9,4,4,1,2,45,38.375,1
25,1,36,0,1135,55,27,22,2,1,2,25,175.05,1
2,1,7,2,1783,23,14,20,3,1,1,30,128.24,1
0,1,6,0,1068,7,0,1,2,1,1,25,48.375,1
30,1,40,0,1260,59,31,20,3,1,2,30,176.76,1
15,0,29,0,590,38,4,13,2,1,2,25,46.26,1
0,0,35,0,0,0,0,0,3,1,2,30,0.0,1
0,0,34,0,923,11,23,17,4,1,2,45,80.85,1
2,0,41,0,133,8,8,3,3,1,2,30,37.64,1
24,1,37,0,1035,49,26,21,3,1,2,30,147.36,1
2,0,29,0,1963,32,19,28,3,1,2,30,155.8,1
7,1,9,3,2088,29,21,22,3,1,1,30,168.68,1
4,1,33,0,2685,35,2,14,2,1,2,25,131.4,1
5,1,11,1,1193,15,7,2,3,1,1,30,76.32,1
4,1,32,0,2570,29,0,10,2,1,2,25,116.955,1
14,1,39,0,2688,56,73,37,4,1,2,45,251.1,1
29,1,34,0,1665,58,24,17,3,1,2,30,164.92,1
13,1,33,0,3215,45,7,14,3,1,2,30,158.4,1
9,0,36,0,2268,44,34,31,3,1,2,30,228.48,1
21,1,33,0,710,44,14,17,2,1,1,25,96.93,1
0,0,36,0,0,0,0,0,3,1,2,30,0.0,1
0,1,8,1,1298,19,25,9,3,1,1,30,152.68,1
6,1,11,2,1602,24,0,6,3,1,1,30,65.04,1
0,0,35,0,0,0,0,0,2,1,2,25,0.0,1
9,1,32,0,2313,40,26,27,3,1,2,30,198.12,1
0,0,34,0,0,0,0,0,4,1,2,45,0.0,1
5,0,38,0,2043,40,37,33,3,1,2,30,231.32,1
1,0,35,0,1033,12,10,2,4,1,2,45,51.125,1
2,1,33,0,4803,81,0,22,2,1,1,25,219.78,1
0,0,34,0,323,1,2,2,4,1,2,45,13.1,1
26,1,30,0,1260,47,15,18,2,1,2,25,126.315,1
14,1,37,0,3295,47,16,18,3,1,2,30,197.68,1
5,0,43,0,260,10,15,6,2,1,2,25,79.65,1
15,1,36,0,3700,52,17,16,3,1,2,30,218.08,1
7,0,35,0,2745,38,7,16,3,1,1,30,139.32,1
4,0,34,0,1963,38,27,29,3,1,2,30,188.04,1
2,0,36,0,818,8,18,7,4,1,2,45,65.65,1
5,0,36,0,305,6,7,2,2,1,2,25,45.495,1
5,0,12,1,1668,27,11,12,3,1,1,30,111.8,1
10,0,45,0,565,16,22,8,3,1,2,30,111.24,1
9,1,36,0,5218,88,5,9,2,1,1,25,261.27,1
14,0,38,0,2573,50,41,33,4,1,2,45,168.075,1
6,1,34,0,2208,41,29,29,3,1,2,30,205.96,1
14,1,37,0,3295,47,16,18,3,1,2,30,197.68,1
5,0,9,1,1677,20,9,10,3,1,1,30,103.88,1
16,0,35,2,5943,96,22,21,2,1,1,25,370.755,1
0,0,37,0,875,14,0,11,2,1,2,25,40.005,1
5,0,34,0,305,6,7,2,4,1,2,45,25.275,1
8,0,34,0,5513,92,19,22,2,1,1,25,337.725,1
0,0,7,0,992,12,0,2,2,1,1,25,45.18,1
15,1,42,0,2653,52,51,37,4,1,2,45,195.125,1
0,0,39,0,0,0,3,0,2,1,2,25,13.5,1
8,1,34,0,2563,48,48,44,3,1,2,30,296.44,1
15,1,37,0,2978,55,42,31,3,1,2,30,289.32,1
9,0,35,0,2153,38,2,27,3,1,2,30,95.64,1
11,1,13,3,1853,28,12,11,3,1,1,30,123.24,1
9,0,40,0,2223,48,42,35,3,1,2,30,258.84,1
0,0,7,0,1182,13,0,5,2,1,1,25,53.775,1
34,1,36,0,1970,64,31,19,3,2,2,30,205.36,1
5,0,38,0,933,13,16,6,4,1,2,45,63.65,1
10,1,11,2,1982,26,16,12,3,1,1,30,144.32,1
13,1,34,0,2493,48,31,29,3,1,2,30,225.64,1
20,0,31,0,895,44,11,15,2,1,2,25,91.755,1
28,1,35,0,1260,53,23,19,3,1,2,30,144.52,1
5,0,32,1,305,6,7,2,5,1,1,55,15.165,1
0,0,35,0,438,7,34,6,4,1,2,45,96.125,1
0,0,35,0,0,0,0,0,2,1,2,25,0.0,1
23,0,33,0,955,47,16,17,2,1,2,25,117.09,1
5,0,39,0,305,6,7,2,2,1,2,25,45.495,1
20,0,31,0,840,42,18,18,2,1,2,25,120.69,1
32,1,35,0,1860,63,44,34,3,1,2,30,252.92,1
0,0,33,0,0,0,0,0,2,1,2,25,0.0,1
0,0,39,0,323,7,10,3,4,1,2,45,33.25,1
0,0,36,0,133,2,0,2,3,1,2,30,5.4,1
5,0,37,0,818,7,7,2,4,1,2,45,38.125,1
20,1,39,0,3283,61,49,33,4,1,2,45,206.1,1
6,0,42,0,518,10,17,8,3,1,2,30,89.12,1
2,1,39,0,313,10,11,7,3,1,2,30,56.92,1
0,1,34,0,0,0,0,0,2,1,2,25,0.0,1
22,0,31,0,1250,51,30,30,2,1,2,25,193.545,1
4,1,34,0,1963,38,27,29,3,1,2,30,188.04,1
9,1,39,0,905,16,28,17,2,1,2,25,167.445,1
4,0,33,0,2685,35,2,14,2,1,2,25,131.4,1
6,0,37,0,843,13,8,2,3,1,2,30,66.24,1
0,0,33,0,0,0,0,0,3,1,2,30,0.0,1
16,1,38,0,2763,51,50,36,4,1,2,45,195.35,1
5,1,5,0,1533,15,7,3,3,1,1,30,89.92,1
0,0,31,0,0,0,0,0,3,1,2,30,0.0,1
0,0,35,0,0,0,0,0,2,1,2,25,0.0,1
0,0,34,0,428,6,14,15,3,1,2,30,73.36,1
0,0,12,1,1182,19,1,6,3,1,1,30,52.04,1
0,1,40,2,2702,6,53,0,2,1,2,30,0.0,1
0,0,24,1,676,68,51,8,2,1,2,30,32.591,1
6,0,40,0,4879,62,18,5,2,1,1,25,0.0,1
12,0,43,0,611,62,0,6,3,1,2,45,334.087,1
0,1,45,1,4235,17,0,6,2,1,1,45,45.789,1
2,0,16,3,2163,42,0,43,5,1,2,30,0.0,1
0,0,45,0,1635,52,0,45,3,1,2,30,20.49,1
8,0,19,0,929,57,9,10,2,1,2,30,23.698,1
0,0,34,0,1886,34,4,38,2,1,2,30,94.823,1
0,1,42,0,224,51,28,17,3,1,1,30,146.936,1
1,0,37,0,940,57,32,20,3,1,1,30,0.0,1
1,0,28,0,1363,60,0,0,3,1,2,25,21.454,1
0,0,39,0,5396,72,3,11,4,1,2,25,26.033,1
3,1,42,1,1184,61,9,5,2,1,1,30,0.0,1
5,1,11,0,6123,19,4,1,2,1,2,30,0.0,1
1,0,39,0,5077,0,134,3,5,1,2,25,0.0,1
13,0,33,0,1,57,35,7,2,1,1,25,0.0,1
8,1,35,0,0,69,7,29,3,1,1,30,196.008,1
4,1,29,0,2309,21,25,7,2,1,2,25,110.052,1
6,1,35,1,4345,60,0,0,3,1,1,30,0.0,1
5,0,41,2,1042,16,20,10,3,1,1,30,0.0,1
7,0,5,0,3965,63,0,4,3,1,2,25,19.395,1
2,1,14,0,319,57,0,14,2,1,2,30,0.0,1
1,1,31,0,1032,22,0,41,4,1,2,55,0.0,1
0,0,12,0,3254,57,4,14,4,1,2,30,141.207,1
12,0,8,0,2395,65,46,4,2,1,2,30,0.0,1
11,0,28,0,5156,91,4,29,2,1,2,45,100.486,1
5,0,42,0,4355,74,0,5,3,1,1,25,274.807,1
19,0,33,0,1278,0,9,34,3,1,1,25,0.0,1
8,0,42,2,0,7,16,11,3,1,2,30,0.0,1
5,0,16,0,3178,17,26,12,5,1,1,30,0.0,1
6,0,29,0,184,65,0,27,2,1,2,30,66.159,1
12,1,37,1,257,64,29,48,2,1,2,55,21.456,1
2,1,37,1,836,54,41,25,2,1,2,30,4.094,1
6,0,20,0,338,22,7,20,4,1,1,30,0.0,1
6,0,5,0,1014,59,36,10,2,1,2,25,205.657,1
0,0,32,2,2618,67,7,8,3,1,2,30,500.907,1
2,1,42,1,394,78,7,32,3,1,2,45,280.86,1
13,0,41,0,3763,69,10,20,4,1,1,30,186.359,1
3,1,11,0,1107,100,4,3,3,1,1,30,0.0,1
5,0,30,0,4095,67,9,3,3,1,2,25,110.769,1
0,0,10,4,1299,45,52,6,4,1,2,30,0.0,1
0,0,40,2,0,62,1,12,2,1,1,25,112.235,1
1,1,17,1,5897,95,22,18,3,2,1,30,25.592,1
4,0,39,0,1102,49,30,29,3,1,2,30,0.0,1
7,1,32,0,0,72,10,1,3,1,2,45,289.498,1
0,1,30,0,2256,59,32,4,4,1,1,30,64.821,1
17,1,32,0,1598,50,9,11,2,1,1,45,0.0,1
7,1,38,0,1794,50,76,11,3,1,2,45,0.0,1
1,0,21,0,428,55,28,48,2,2,1,30,78.906,1
22,0,45,0,515,69,35,0,2,1,2,30,0.0,1
5,0,42,0,2793,67,3,3,3,1,2,25,71.466,1
8,0,45,0,1585,57,38,0,3,1,2,30,0.0,1
4,1,33,0,1382,28,25,3,2,1,2,30,0.0,1
0,0,40,0,1054,90,7,1,3,1,2,30,41.69,1
5,1,9,2,2094,50,12,21,3,1,1,45,42.87,1
0,0,45,1,0,1,0,6,3,1,1,30,0.0,1
7,1,13,0,265,36,13,5,2,1,2,25,86.414,1
6,1,16,2,2981,19,34,48,2,1,1,25,0.0,1
3,1,39,0,629,35,0,23,3,1,2,30,0.0,1
0,1,33,0,4384,60,14,17,3,1,2,25,3.542,1
0,1,45,1,3480,16,39,27,2,1,1,25,0.0,1
0,0,17,0,4838,63,19,6,4,1,2,45,37.102,1
7,0,39,2,3380,70,0,6,3,1,2,25,5.687,1
1,1,43,0,2310,17,69,13,4,1,2,25,112.131,1
2,0,36,0,1943,44,37,0,3,1,1,30,0.0,1
0,1,14,0,898,54,0,39,2,1,1,30,81.133,1
2,0,38,0,2068,100,30,28,3,1,1,30,0.0,1
4,1,45,0,5299,57,0,9,2,1,1,45,0.0,1
3,1,12,2,1855,89,0,34,4,1,2,25,0.0,1
3,0,43,0,1302,50,17,19,3,1,2,30,0.0,1
4,1,45,0,630,54,0,21,2,2,1,55,109.28,1
3,1,44,1,565,71,2,0,3,1,1,25,84.088,1
9,0,16,0,620,56,6,9,2,1,1,25,0.0,1
15,1,39,0,0,53,4,15,2,2,1,25,79.113,1
0,1,15,0,984,43,0,26,3,1,2,30,0.0,1
6,1,18,0,1846,23,39,9,2,1,2,30,0.0,1
4,0,38,0,1554,57,0,0,5,1,2,30,275.188,1
9,0,30,0,3629,64,1,21,2,1,2,45,78.365,1
0,1,33,0,1322,77,0,21,3,1,1,25,100.817,1
0,1,43,0,1822,9,27,5,3,1,2,25,0.0,1
0,0,15,1,3298,40,0,30,2,1,2,30,60.127,1
0,0,42,0,2203,16,6,20,2,1,2,30,0.0,1
0,0,44,0,4082,61,39,0,3,1,2,30,55.947,1
2,0,45,1,6123,18,5,0,2,1,2,30,39.12,1
0,1,40,0,1634,18,7,22,2,1,1,25,394.626,1
0,0,45,0,3416,71,13,2,3,1,1,25,0.0,1
7,1,30,0,899,71,2,21,2,1,2,25,0.0,1
5,0,8,0,844,100,26,20,3,1,2,25,103.531,1
4,1,7,0,3163,100,5,7,2,1,2,25,267.704,1
2,1,37,0,829,68,0,0,2,1,2,30,0.0,1
0,0,38,0,1182,23,0,3,4,1,2,25,0.0,1
4,1,40,0,2964,63,0,3,2,1,2,25,23.758,1
4,0,35,0,4736,10,122,16,2,1,1,25,60.487,1
2,0,35,0,1374,60,14,21,2,1,2,25,0.0,1
0,0,37,4,0,72,10,14,4,1,1,25,86.044,1
2,1,11,0,5180,66,21,28,3,1,2,30,221.108,1
3,0,45,0,2857,0,20,28,3,1,2,30,0.0,1
0,0,12,0,3413,47,10,18,3,2,1,30,42.247,1
0,0,3,0,870,46,0,15,4,1,2,30,63.235,1
6,1,45,0,1658,53,24,26,3,1,2,30,0.0,1
7,1,45,0,803,29,8,7,2,2,2,25,17.841,1
1,0,28,0,3149,61,18,19,2,1,1,30,12.742,1
0,0,42,1,3686,15,18,23,3,1,2,30,28.839,1
3,0,33,0,353,65,5,9,3,1,1,45,0.0,1
14,0,7,0,5138,69,9,22,3,1,2,25,23.466,1
0,0,28,0,1695,94,0,17,2,1,2,30,0.0,1
0,0,17,0,4179,0,52,34,3,2,2,30,3.624,1
11,1,33,0,2581,42,38,38,2,1,2,25,128.311,1
20,0,39,0,1896,25,4,9,2,1,2,25,0.0,1
8,0,45,0,1166,23,0,14,2,1,1,25,0.0,1
10,0,15,0,4563,65,0,4,2,1,1,30,113.711,1
7,0,22,0,2290,57,10,4,3,2,1,30,170.996,1
11,0,43,2,3509,71,1,0,3,1,2,30,7.76,1
0,0,27,0,3016,44,0,5,2,1,2,45,0.0,1
0,0,45,0,6123,4,7,4,3,1,1,30,0.0,1
4,0,38,0,631,76,7,16,3,1,2,25,0.0,1
0,0,35,0,6123,42,22,30,4,1,2,25,0.0,1
10,0,36,0,6123,71,14,17,3,1,2,25,0.0,1
0,0,31,0,326,26,11,9,4,1,1,25,221.919,1
0,1,24,0,3391,7,55,1,2,1,2,25,0.0,1
7,1,31,2,1926,59,69,3,3,1,2,45,0.0,1
0,0,12,0,2122,52,51,8,3,1,2,25,52.294,1
7,0,12,1,5019,29,10,48,3,1,1,45,0.0,1
14,1,40,0,2544,41,22,0,2,1,1,30,326.31,1
1,0,33,0,1328,70,4,21,3,1,2,30,223.162,1
4,1,45,0,3780,73,34,30,3,1,2,30,27.214,1
20,0,20,0,2628,49,19,6,3,1,2,30,0.0,1
8,1,43,0,996,27,0,6,3,1,2,45,77.505,1
8,0,13,1,0,45,87,12,3,1,2,30,0.0,1
5,0,45,0,1542,19,0,42,4,1,1,30,0.0,1
3,0,45,1,1041,2,10,2,2,1,2,25,0.0,1
17,0,14,0,972,66,37,27,3,1,1,25,2.942,1
10,1,21,0,1838,62,1,9,3,1,2,55,0.0,1
0,0,20,0,2947,7,9,18,2,1,2,45,3.086,1
0,1,40,0,2171,66,12,25,3,1,2,45,0.0,1
10,0,33,1,5505,60,0,4,3,1,2,25,0.0,1
5,0,6,2,813,54,19,1,3,1,2,45,0.0,1
1,0,12,0,3625,52,26,46,2,1,2,25,120.547,1
10,1,7,0,2021,62,0,0,3,1,2,30,0.0,1
0,0,45,0,0,61,44,8,3,1,2,25,42.25,1
25,1,40,0,5073,68,2,8,3,1,2,25,64.616,1
3,1,28,0,5001,76,87,9,2,1,2,30,40.72,1
0,0,32,0,6123,36,32,41,3,1,2,30,30.305,1
0,1,41,0,9,28,0,5,3,1,2,30,0.0,1
31,1,4,2,1480,62,56,19,3,2,2,25,0.0,1
2,0,19,0,6123,13,2,32,2,1,2,45,0.0,1
14,0,35,0,2859,67,4,0,2,1,2,30,0.0,1
4,1,45,3,3611,48,0,24,3,1,2,30,0.0,1
13,0,30,0,698,68,44,4,4,1,1,25,59.788,1
6,1,36,0,3873,37,44,22,2,1,2,25,0.0,1
18,0,17,0,1602,63,10,42,3,1,2,45,0.0,1
0,1,41,0,426,65,17,12,3,1,1,25,0.0,1
11,0,42,0,2370,53,23,6,3,1,2,30,6.533,1
4,0,37,2,1852,72,0,18,3,1,2,30,218.697,1
3,0,39,1,1206,63,0,2,2,1,2,25,0.0,1
3,0,21,0,1684,0,16,31,5,1,2,30,0.0,1
0,0,36,0,4771,65,12,5,4,2,2,30,0.0,1
18,1,37,0,2914,76,36,32,2,1,1,30,0.0,1
0,1,37,0,555,48,5,3,2,1,2,45,0.0,1
0,1,35,0,550,72,16,4,2,1,2,25,31.091,1
1,1,44,2,362,55,73,19,3,1,1,30,0.0,1
8,1,3,0,110,100,0,6,3,1,2,25,38.021,1
0,0,42,0,5179,0,1,13,2,1,2,45,151.088,1
8,1,38,0,2781,61,27,41,2,1,2,25,0.0,1
2,0,19,0,58,7,43,3,2,1,2,25,0.0,1
3,0,30,0,176,69,21,2,3,1,2,25,41.015,1
4,0,15,1,1715,27,0,48,2,1,1,45,0.0,1
8,1,31,0,557,75,45,19,3,1,2,30,0.0,1
28,0,38,0,3284,68,31,6,2,1,2,25,0.0,1
24,0,9,0,6123,63,46,2,3,1,1,25,23.6,1
2,1,38,0,98,78,0,5,2,1,1,45,0.0,1
3,1,41,0,301,100,15,14,3,1,2,30,33.225,1
0,0,42,0,3717,46,61,1,2,1,2,45,0.0,1
0,0,45,1,6123,21,10,34,4,1,2,45,0.0,1
0,1,45,0,2291,21,15,0,2,1,2,30,0.0,1
1,0,28,1,3367,50,16,4,2,1,2,25,76.758,1
4,1,13,2,1318,67,21,3,2,1,1,25,0.0,1
3,1,45,2,4354,75,5,48,2,1,1,25,183.668,1
1,0,10,0,914,13,1,25,4,1,1,30,6.012,1
28,0,25,0,629,49,67,0,3,1,2,45,0.0,1
4,0,44,2,2385,64,38,1,3,1,2,30,169.062,1
0,0,44,0,4935,74,10,25,4,1,2,25,0.0,1
14,0,45,0,2462,19,204,9,2,1,2,30,231.199,1
11,1,9,2,2400,62,16,48,3,1,2,30,13.17,1
1,0,45,1,967,1,30,23,4,1,2,30,79.607,1
14,0,33,0,1025,74,43,0,2,1,2,25,28.104,1
0,1,15,0,1117,16,2,48,4,1,1,25,139.571,1
0,1,28,0,758,69,0,3,2,1,1,25,0.0,1
9,0,41,0,2508,60,0,30,3,1,2,25,0.0,1
2,0,36,4,1960,69,27,9,3,1,1,30,266.578,1
0,0,31,1,6123,27,55,38,3,1,1,25,51.606,1
3,1,3,2,6123,27,18,9,3,1,2,45,0.0,1
11,0,37,0,88,100,17,8,3,1,2,30,124.062,1
8,1,36,1,962,47,32,19,3,1,1,30,61.579,1
6,1,31,0,2240,57,2,10,2,1,1,25,0.0,1
6,1,28,0,1484,100,19,27,4,1,2,30,0.0,1
0,0,43,1,4977,66,25,21,4,1,2,55,164.215,1
0,0,19,0,3724,52,6,0,3,1,1,30,0.0,1
0,0,39,0,3051,68,7,37,3,1,2,45,22.299,1
10,0,43,0,650,23,31,28,2,1,2,25,0.0,1
4,0,34,0,1467,70,20,16,3,1,1,25,16.731,1
1,0,39,1,1337,40,33,8,2,1,2,30,0.0,1
2,0,34,0,3708,66,25,0,3,1,2,30,11.178,1
7,1,11,0,249,46,4,0,4,1,2,45,0.0,1
1,1,39,0,6123,60,28,31,2,1,2,30,85.411,1
0,1,19,0,1364,54,0,10,3,1,2,30,331.93,1
6,1,42,0,4253,55,20,3,3,1,2,25,0.0,1
0,0,42,0,3796,62,34,21,2,1,2,45,233.853,1
0,0,40,0,2530,65,7,24,4,1,2,30,0.0,1
1,0,31,0,278,47,42,13,2,1,2,30,57.503,1
0,0,43,0,3587,50,20,3,3,1,1,30,0.0,1
13,0,45,0,4159,17,10,21,2,1,2,25,228.176,1
6,0,33,0,2139,66,0,8,3,1,1,25,190.691,1
0,1,39,2,282,23,0,11,5,1,1,45,0.0,1
20,1,16,1,1665,53,12,3,2,1,1,25,40.844,1
3,0,44,0,6123,70,2,3,4,1,2,45,3.354,1
3,1,36,0,5080,76,4,41,3,2,2,25,85.867,1
3,0,40,0,1049,48,40,3,2,1,2,25,0.0,1
1,1,43,0,6123,62,34,43,3,1,2,25,0.0,1
16,1,41,0,965,59,11,0,3,1,1,45,18.115,1
0,1,39,2,2561,82,0,14,2,1,2,45,235.81,1
8,0,38,2,3557,66,15,5,2,1,2,30,0.0,1
0,0,33,4,4594,43,24,6,4,1,1,25,235.814,1
1,1,7,0,1474,40,30,33,4,1,2,30,106.969,1
2,0,39,0,2059,58,18,23,2,1,2,25,194.769,1
5,0,42,0,422,51,38,0,2,1,1,30,0.0,1
3,0,34,0,2113,63,7,0,2,1,2,25,14.878,1
0,0,36,0,0,26,0,10,4,1,2,30,154.274,1
0,1,31,2,608,7,6,48,3,1,2,30,118.687,1
2,0,30,1,3578,13,69,0,3,1,1,25,88.067,1
0,0,44,2,6123,19,6,5,3,1,1,25,17.659,1
0,0,27,1,1564,49,29,1,2,1,2,45,44.475,1
0,1,38,0,1949,16,2,0,3,1,2,55,326.474,1
14,1,33,0,0,20,0,33,2,1,2,30,0.0,1
3,0,45,0,1306,88,41,2,2,2,2,25,0.0,1
6,1,38,3,3425,52,0,16,2,2,2,25,0.0,1
0,0,8,0,5907,74,10,0,3,1,1,30,16.607,1
2,0,44,0,3647,64,40,5,2,1,1,30,0.0,1
4,1,12,0,2834,13,16,11,2,1,2,25,53.922,1
9,0,38,1,1219,59,33,32,2,1,1,25,0.0,1
0,0,35,0,327,54,3,48,3,1,1,25,0.0,1
6,0,3,0,0,71,0,4,3,1,2,25,0.0,1
30,0,43,0,0,100,5,34,4,1,2,30,75.559,1
4,1,45,0,1255,3,12,0,4,1,2,25,0.0,1
8,0,33,0,1272,65,13,19,3,1,1,25,140.914,1
1,0,38,0,3319,52,7,21,4,1,2,30,42.322,1
6,0,42,0,914,100,37,30,3,1,2,30,36.858,1
0,1,11,0,1822,48,9,0,2,1,2,30,0.0,1
3,1,10,0,1247,58,0,7,3,1,2,25,0.0,1
0,0,36,0,2522,23,29,38,3,1,1,25,55.703,1
0,1,32,0,652,61,10,33,3,1,2,30,6.334,1
0,0,44,0,785,42,9,8,3,2,1,25,355.602,1
1,1,43,0,454,100,27,0,2,1,2,30,57.747,1
3,0,41,1,870,37,4,11,3,1,1,45,13.018,1
2,1,37,0,759,7,1,8,4,1,1,30,20.929,1
9,1,41,0,2482,56,8,14,2,1,2,25,0.0,1
15,0,29,0,3252,22,24,11,3,1,1,30,0.0,1
0,0,10,0,1895,47,17,0,4,1,1,30,218.54,1
1,0,15,0,1231,35,3,18,3,1,2,30,26.648,1
0,0,18,0,968,46,3,0,5,1,1,25,0.0,1
1,0,17,0,2539,63,12,7,5,1,1,30,59.246,1
1,0,44,0,5517,55,24,0,3,1,1,25,0.0,1
6,0,8,0,6123,66,3,8,2,1,2,30,0.0,1
0,0,30,0,1155,19,0,33,4,1,2,25,0.0,1
7,1,32,0,2769,34,0,38,4,1,1,30,45.381,1
6,0,36,2,6123,63,7,20,3,1,2,25,0.0,1
6,0,20,2,1758,60,7,14,3,1,2,25,123.765,1
21,1,13,0,887,69,26,20,3,1,1,45,0.0,1
5,0,12,0,6123,35,3,12,3,1,2,30,7.231,1
0,0,20,2,6123,14,15,20,3,1,2,30,6.432,1
6,0,40,1,1064,4,19,20,2,2,1,30,43.362,1
10,1,39,0,5626,19,24,3,2,1,2,25,11.282,1
3,1,31,0,6123,20,8,24,2,1,1,25,0.0,1
17,0,23,1,2489,59,1,15,2,1,2,45,3.405,1
1,0,3,0,0,53,10,35,3,1,2,25,0.0,1
0,1,35,1,4966,70,38,31,3,1,1,25,275.554,1
0,1,42,0,6123,100,0,27,3,1,2,45,0.0,1
0,0,17,4,3612,60,0,24,2,1,1,25,8.968,1
4,0,34,0,2907,46,4,24,3,1,2,30,0.0,1
0,1,15,0,3256,58,13,6,3,1,2,30,7.46,1
1,0,37,0,1661,56,0,29,2,1,1,25,11.913,1
7,0,23,0,0,18,8,10,2,1,2,30,0.0,1
0,1,40,0,743,88,29,10,3,1,2,30,23.954,1
18,1,27,0,1676,82,0,7,4,1,2,30,0.0,1
0,1,40,0,776,82,26,25,3,1,1,30,0.0,1
2,1,37,0,2014,42,4,22,4,1,2,25,0.0,1
4,1,41,1,0,60,1,1,3,1,2,30,212.148,1
1,0,44,1,2595,44,0,24,4,1,2,25,0.0,1
0,0,29,4,749,36,31,8,2,1,1,25,225.572,1
0,0,10,1,3797,73,0,27,2,1,1,30,0.0,1
4,1,14,0,1277,59,7,24,3,1,2,45,16.698,1
9,0,12,2,4539,16,6,17,3,1,1,30,0.0,1
0,0,9,0,3756,70,36,11,3,1,2,25,39.119,1
1,0,20,1,3992,76,34,0,2,1,1,30,230.392,1
0,0,41,1,2703,33,25,30,5,1,2,25,0.0,1
4,1,40,0,6123,40,47,37,2,1,1,25,0.0,1
0,0,33,2,5123,57,6,11,3,1,1,25,52.132,1
1,0,45,0,432,64,10,28,3,1,1,25,0.0,1
7,0,26,0,332,57,20,2,2,1,2,25,76.804,1
0,0,41,0,4426,12,3,33,4,1,2,25,0.0,1
0,0,8,0,3652,63,5,31,2,1,1,30,0.0,1
9,0,36,0,0,45,0,0,3,1,1,30,154.745,1
0,1,21,0,6123,53,45,0,2,1,2,25,0.0,1
7,0,41,0,4406,65,0,19,3,1,2,25,80.59,1
8,1,38,0,2067,29,3,37,2,1,2,25,28.586,1
12,1,18,0,0,44,37,18,2,1,2,25,0.0,1
0,0,43,0,16,59,20,12,2,1,1,30,0.0,1
0,1,12,0,3103,86,11,32,4,1,2,25,71.173,1
3,0,29,0,4183,17,0,5,3,1,2,30,29.175,1
1,0,33,0,2132,66,4,10,3,1,2,45,153.071,1
6,0,36,0,5428,59,52,37,3,1,2,25,93.22,1
0,1,38,0,319,50,6,32,3,1,2,25,0.0,1
0,1,42,0,2845,63,57,4,3,1,2,30,0.0,1
0,0,11,0,311,61,25,3,2,1,2,30,197.792,1
11,1,39,0,0,40,18,33,2,1,2,25,0.0,1
0,0,14,0,2993,72,0,48,3,1,1,45,49.444,1
0,1,11,0,6123,32,0,20,2,1,1,30,160.319,1
11,0,11,0,495,49,4,48,3,1,2,25,13.12,1
7,0,45,0,2500,63,13,2,2,1,2,30,98.169,1
9,1,33,1,1251,49,21,6,2,1,2,25,129.758,1
0,0,37,0,4746,84,26,20,2,1,2,30,0.0,1
0,1,13,0,4439,49,0,14,2,1,1,25,328.87,1
0,1,8,0,2924,19,3,19,4,1,2,25,49.512,1
1,0,41,2,495,65,6,10,2,1,2,30,38.603,1
2,0,45,0,231,3,30,8,3,1,2,30,0.0,1
5,0,41,0,4217,46,0,22,3,1,2,30,27.906,1
0,0,13,1,3302,67,0,3,2,1,2,25,0.0,1
11,0,33,0,354,54,5,28,4,1,2,30,11.485,1
1,1,3,1,554,56,24,18,2,1,2,25,0.0,1
0,0,42,1,3195,66,21,16,4,1,2,25,25.665,1
0,1,44,0,4531,57,5,43,4,1,2,30,154.769,1
4,0,10,0,3129,57,18,1,3,1,2,30,0.0,1
0,0,31,2,3452,4,21,0,2,1,2,30,40.098,1
1,0,45,0,226,40,32,41,3,1,2,25,11.012,1
0,0,40,0,182,56,19,10,3,1,2,25,77.144,1
11,0,32,0,1142,85,8,35,3,1,2,25,40.806,1
8,1,11,0,740,100,16,24,3,1,1,45,0.0,1
2,1,41,0,3776,45,0,12,2,1,2,25,4.007,1
0,0,42,2,1573,64,3,22,3,1,1,45,9.061,1
4,1,34,0,5125,23,78,20,2,1,2,55,0.0,1
0,1,3,0,0,44,61,31,3,1,2,30,14.434,1
6,0,13,0,5514,69,13,1,4,1,1,30,0.0,1
2,1,3,0,6123,57,24,0,2,1,1,25,193.593,1
1,1,33,2,433,20,30,18,2,1,2,45,18.742,1
18,0,41,0,2956,53,14,12,3,1,2,25,0.0,1
3,0,44,1,2770,26,25,0,2,1,2,25,0.0,1
1,1,42,0,2383,85,19,18,2,1,1,30,28.523,1
2,0,44,0,922,66,9,30,2,1,2,55,25.903,1
8,0,30,1,375,25,2,2,3,1,2,25,13.351,1
10,0,34,1,204,28,2,32,4,1,2,45,42.549,1
3,1,14,2,0,52,18,48,4,1,1,30,0.0,1
4,0,45,0,848,18,37,0,3,1,2,30,301.937,1
5,1,45,0,6123,21,19,20,3,1,1,30,0.0,1
2,0,38,0,1619,86,2,19,3,1,1,25,21.846,1
0,1,35,0,1895,6,37,22,3,1,2,30,0.0,1
5,0,45,0,1802,17,45,17,2,1,2,30,34.588,1
0,0,41,0,1301,13,1,33,3,1,2,30,25.36,1
0,1,42,0,873,16,10,48,4,1,2,30,987.255,1
8,1,31,0,539,54,0,23,2,1,2,25,31.852,1
12,1,7,0,3386,64,2,28,2,1,2,25,0.0,1
1,0,41,1,1640,20,20,23,2,1,2,30,0.0,1
2,1,45,1,810,22,15,30,2,1,2,30,0.0,1
2,0,13,0,1099,48,45,5,3,1,2,25,0.0,1
1,0,45,1,46,48,38,36,2,1,1,25,0.0,1
0,1,37,0,653,51,13,0,3,1,1,30,120.198,1
0,1,42,0,1719,18,0,29,3,1,2,25,350.368,1
2,0,45,0,2457,15,34,17,2,1,1,30,202.919,1
0,0,40,0,6123,67,20,0,4,1,1,30,185.303,1
0,1,42,0,589,100,15,2,3,1,2,30,0.0,1
2,1,38,1,2070,54,9,22,2,1,2,30,508.163,1
7,0,45,1,4118,65,56,25,3,1,2,30,5.83,1
1,0,12,0,3407,12,28,4,2,1,2,45,26.353,1
9,0,35,0,1928,22,20,9,4,1,2,30,212.065,1
4,1,23,1,4055,15,21,23,3,1,1,25,29.236,1
0,0,36,0,4013,54,22,0,3,1,1,25,0.0,1
0,1,43,0,4156,67,13,24,2,1,2,25,34.87,1
0,0,21,3,6123,68,2,48,4,1,1,25,88.864,1
4,0,38,0,1432,17,6,32,3,1,2,30,0.0,1
8,0,36,0,447,3,0,24,2,1,2,30,0.0,1
0,1,25,0,6123,61,3,2,4,1,2,30,93.676,1
1,0,38,1,804,62,22,42,3,1,2,45,67.72,1
2,0,8,0,0,50,18,13,3,1,2,25,35.251,1
3,0,35,0,3137,100,28,0,2,1,2,30,24.072,1
0,0,42,1,1538,65,53,3,2,1,2,30,0.0,1
3,1,32,0,1576,28,0,48,4,1,1,30,56.325,1
16,0,37,0,3016,4,0,41,2,1,1,45,0.0,1
0,1,22,0,3826,34,34,38,5,1,2,30,0.0,1
0,0,11,1,2693,19,22,27,2,1,1,30,13.529,1
0,0,39,0,1316,56,31,6,3,1,2,30,9.04,1
10,1,41,0,3937,20,24,0,4,1,2,25,56.366,1
0,0,43,0,4036,6,31,18,2,1,2,30,0.0,1
3,0,35,0,1238,5,5,21,4,1,2,30,0.0,1
0,0,13,2,1703,53,5,36,2,1,2,30,234.355,1
9,1,33,1,6123,44,0,11,2,1,2,25,0.0,1
10,0,31,0,1191,75,9,5,3,1,1,30,1.827,1
0,1,3,2,3874,56,0,35,3,1,2,25,89.34,1
7,0,29,1,0,16,13,23,3,1,1,25,17.305,1
0,0,37,0,1213,23,23,9,2,1,2,45,129.068,1
9,0,44,0,1328,36,65,2,3,1,2,30,48.629,1
5,0,32,0,3213,71,82,8,4,1,2,30,0.0,1
29,0,40,0,997,36,16,36,3,1,1,30,52.594,1
15,1,5,0,445,43,0,38,3,1,1,30,0.0,1
10,0,22,0,879,21,1,2,2,1,1,30,0.0,1
5,0,44,0,172,46,54,31,2,1,1,30,132.304,1
0,1,45,0,4167,58,30,44,3,1,2,30,0.0,1
2,0,6,0,376,57,0,13,2,1,2,25,217.347,1
0,1,32,0,3660,15,2,19,4,1,1,30,8.14,1
0,1,36,2,1275,16,34,8,4,1,2,25,166.989,1
0,0,44,0,3567,53,14,43,3,1,2,45,165.007,1
23,1,43,0,1133,52,0,8,2,1,1,25,117.106,1
2,0,40,0,3023,0,11,2,2,1,1,25,0.0,1
9,0,35,0,173,70,7,5,2,1,1,25,0.0,1
0,1,44,0,2204,55,1,38,3,1,1,45,0.0,1
0,0,43,0,513,23,17,0,3,1,2,30,195.497,1
2,0,16,0,3239,72,59,19,2,1,1,30,19.731,1
11,0,36,0,0,59,4,13,3,1,2,25,0.0,1
4,1,40,1,1529,60,3,0,2,1,1,30,21.243,1
0,0,8,0,3916,2,6,27,3,1,1,25,0.0,1
3,1,34,0,2118,29,11,4,2,1,2,25,0.0,1
3,0,30,2,0,53,6,34,3,1,2,45,0.0,1
2,0,39,2,6123,67,21,0,3,1,1,30,0.0,1
9,1,29,0,0,3,3,17,2,1,2,30,0.0,1
1,0,3,0,4545,45,19,6,2,1,2,30,0.0,1
6,0,39,0,0,41,18,19,2,1,1,30,0.0,1
11,1,43,1,1042,11,6,25,2,1,2,25,66.839,1
5,0,39,0,5980,100,12,0,2,1,2,25,0.0,1
13,1,35,0,2208,74,0,0,4,1,2,25,0.0,1
5,0,36,2,79,23,11,24,2,1,2,30,31.33,1
0,0,43,0,2292,100,33,17,2,1,2,45,68.679,1
0,0,21,0,3024,56,62,29,3,1,2,25,55.272,1
5,0,39,0,747,59,4,25,3,1,2,45,33.532,1
0,1,40,3,0,51,17,35,2,1,2,25,34.577,1
0,1,12,0,1638,44,14,0,2,1,2,30,162.036,1
4,0,31,0,1571,5,0,39,2,1,2,30,0.0,1
20,0,43,0,0,36,16,7,3,1,2,30,29.07,1
4,0,30,2,3514,58,0,10,2,1,2,30,0.0,1
0,0,44,0,1318,56,31,25,2,1,1,25,0.0,1
0,0,19,0,2466,5,13,41,4,1,2,30,67.397,1
0,0,34,1,367,60,58,35,3,1,1,25,85.731,1
0,1,15,1,4626,69,9,13,3,1,2,30,1.636,1
1,1,41,0,3141,100,0,7,3,1,2,30,0.0,1
2,1,43,0,6123,4,0,41,3,1,1,30,61.072,1
2,0,15,0,3890,41,13,0,2,1,2,45,0.0,1
13,0,38,0,1911,65,17,2,5,1,2,30,34.613,1
2,0,42,0,0,0,9,4,3,1,2,30,32.208,1
0,0,7,1,3963,45,0,3,4,1,1,30,64.068,1
0,1,45,0,1662,27,1,20,2,1,2,30,0.0,1
1,0,17,0,4583,48,10,5,2,1,2,25,276.558,1
2,1,5,0,75,34,6,0,2,1,1,30,7.056,1
0,0,44,0,4097,86,16,35,2,1,2,25,632.549,1
0,1,41,0,5314,29,28,11,2,1,2,25,283.342,1
17,0,25,0,2279,66,2,1,5,1,2,25,0.0,1
0,0,40,1,3995,34,0,8,2,1,2,30,0.0,1
7,0,33,1,3245,53,11,8,2,1,1,25,0.0,1
2,1,38,0,0,17,0,20,3,1,2,45,0.0,1
2,0,41,0,6123,43,36,7,3,1,1,30,2.839,1
0,0,35,4,3583,37,0,16,3,1,2,45,61.072,1
7,0,5,0,6123,22,0,6,3,1,2,30,0.0,1
5,0,13,0,154,13,0,22,3,1,1,30,36.383,1
9,0,39,0,6123,55,0,4,2,1,2,30,0.0,1
4,1,40,3,251,21,10,19,4,1,2,30,0.0,1
1,0,7,0,5565,58,19,7,3,1,1,30,0.0,1
4,0,11,0,1312,36,0,18,3,1,2,25,14.747,1
5,0,45,1,1741,28,31,48,3,1,2,30,0.0,1
0,1,36,0,4876,0,11,22,2,1,2,30,0.0,1
9,0,12,2,2833,30,7,5,2,1,2,30,159.044,1
2,1,31,0,5524,75,27,12,4,1,2,25,277.325,1
1,0,34,0,1965,26,8,12,2,2,2,45,301.132,1
0,1,45,2,0,77,22,40,2,1,2,30,30.427,1
2,0,34,0,3407,22,63,48,3,1,2,25,0.0,1
0,0,45,0,6123,69,6,8,2,1,2,30,0.0,1
5,1,32,1,3322,64,13,39,3,1,2,30,0.0,1
3,1,32,0,1774,61,2,23,3,1,1,25,0.0,1
17,0,31,0,1503,35,25,6,2,1,2,55,0.0,1
6,1,41,0,1838,55,38,27,3,1,2,30,0.0,1
2,0,30,0,2038,20,42,37,2,1,2,30,0.0,1
5,1,40,3,1586,57,43,26,3,1,1,30,226.423,1
2,0,20,0,1177,55,20,7,3,2,1,30,0.0,1
0,1,43,2,991,58,21,23,3,1,2,30,0.0,1
17,0,37,0,0,66,0,4,2,1,1,25,154.954,1
0,0,14,0,2025,56,0,4,2,1,2,30,116.866,1
20,1,16,0,2992,25,0,4,3,1,2,25,81.229,1
0,0,43,1,1773,73,22,21,3,1,2,30,95.017,1
0,0,3,1,1519,17,64,22,2,1,1,25,0.0,1
3,0,45,0,930,39,0,14,3,1,2,30,0.0,1
32,0,20,2,0,59,0,16,2,1,1,25,0.0,1
3,0,9,0,3733,49,21,28,2,1,2,25,0.0,1
0,0,11,0,3697,5,7,15,2,1,1,25,0.0,1
1,0,36,0,3150,36,21,0,3,1,1,25,0.0,1
0,1,42,0,5301,69,2,0,3,1,2,30,113.704,1
2,1,21,1,2700,41,2,10,4,1,1,25,34.062,1
7,1,13,0,0,45,16,41,2,1,2,30,0.0,1
0,0,29,1,71,62,37,45,2,1,2,30,71.663,1
0,1,32,0,1506,43,8,9,2,1,2,30,0.0,1
4,0,25,0,502,17,0,7,5,1,2,55,0.0,1
13,0,29,0,0,63,1,6,2,1,2,25,0.0,1
3,0,20,0,750,9,6,7,4,1,1,30,15.459,1
0,0,40,0,5526,64,3,24,3,1,1,30,119.941,1
8,0,40,0,2574,61,0,7,3,1,2,25,0.0,1
0,1,34,2,517,42,12,27,2,1,2,45,194.236,1
6,1,43,0,6108,51,0,8,5,1,2,30,0.0,1
23,0,42,0,463,62,0,4,3,1,2,25,0.0,1
0,0,41,1,810,63,2,3,2,1,1,30,199.201,1
1,0,42,0,933,51,56,0,2,1,2,25,0.0,1
0,0,43,1,4529,44,0,25,3,1,1,25,210.599,1
4,1,31,1,0,5,6,27,3,1,2,30,280.714,1
0,0,33,0,2928,65,17,34,3,1,2,30,0.0,1
7,1,29,0,1210,77,0,7,3,1,2,30,0.0,1
0,1,20,0,2831,39,18,4,3,1,1,25,0.0,1
9,0,41,1,2312,50,0,11,3,1,2,30,57.779,1
1,0,40,0,897,73,25,39,2,1,1,30,0.0,1
7,0,24,0,4161,10,40,27,2,1,2,30,0.0,1
14,1,38,0,2877,71,22,0,2,1,1,30,0.0,1
1,0,41,0,684,25,13,0,4,1,2,45,0.0,1
18,0,36,0,1077,73,14,22,3,1,1,30,0.0,1
9,1,36,0,787,1,0,6,3,1,2,30,0.0,1
0,1,25,0,3115,22,0,2,3,1,2,30,0.0,1
4,1,44,0,2901,0,34,2,3,1,1,30,322.7,1
0,1,38,0,905,33,66,8,3,1,1,30,0.0,1
2,1,39,0,2754,0,26,3,2,1,2,45,155.74,1
0,0,8,0,1966,65,7,20,3,1,2,30,33.506,1
5,0,44,0,4738,23,21,5,3,1,1,25,0.0,1
9,1,11,0,232,74,16,5,2,1,2,25,0.0,1
8,0,34,0,3502,70,16,8,4,1,1,30,33.877,1
1,0,9,0,0,13,29,24,4,1,1,30,3.835,1
1,0,15,1,6123,27,15,6,3,1,1,45,0.0,1
0,0,42,1,6123,68,48,18,3,2,2,45,423.263,1
2,0,39,0,160,20,15,8,3,1,2,30,0.0,1
6,1,16,0,70,73,8,27,2,1,2,45,0.0,1
0,1,19,0,0,35,24,44,4,1,2,25,0.0,1
16,0,32,2,2715,61,1,0,2,1,1,45,0.0,1
4,0,12,1,5115,24,77,24,4,1,2,30,0.0,1
5,0,29,0,3145,65,8,0,2,1,2,25,351.914,1
9,1,35,0,1306,4,0,7,3,1,2,30,6.189,1
3,0,25,0,5989,26,0,25,3,2,1,25,78.808,1
0,1,3,0,2705,53,0,2,3,1,2,45,0.0,1
8,0,3,0,104,27,17,0,2,1,2,25,264.331,1
4,1,35,0,67,71,36,16,4,1,2,25,0.0,1
0,0,8,1,1188,100,26,33,2,1,1,25,380.613,1
0,1,5,1,2707,67,35,3,2,1,2,55,11.191,1
14,0,20,4,324,45,67,36,3,1,2,25,0.0,1
10,0,45,0,1548,21,0,34,3,1,2,25,56.261,1
12,1,40,2,1019,15,14,17,3,1,2,45,0.0,1
0,0,31,0,629,24,22,0,3,1,2,45,18.832,1
19,0,8,0,3829,34,13,39,3,1,2,30,0.0,1
2,0,17,0,1000,100,0,10,4,1,2,30,33.994,1
6,0,41,0,6123,59,0,24,3,1,1,25,61.887,1
6,0,5,2,1468,54,10,0,3,1,1,30,0.0,1
5,1,39,0,3301,70,0,37,4,1,1,25,271.67,1
4,0,7,0,1282,45,18,8,3,1,1,25,126.517,1
11,1,10,0,462,67,14,5,4,1,2,30,0.0,1
0,0,37,0,929,62,0,16,4,1,2,25,275.862,1
0,1,14,0,125,35,37,20,3,1,1,25,138.306,1
0,1,35,0,2695,44,13,0,2,1,2,30,50.492,1
7,1,25,0,850,35,3,36,2,1,2,30,144.008,1
3,1,37,0,1598,10,17,6,2,1,1,25,0.0,1
13,1,41,0,4757,23,51,2,4,1,2,25,266.552,1
0,0,40,1,5436,49,6,0,3,1,1,25,0.0,1
0,0,11,0,141,50,11,48,2,1,1,45,0.0,1
0,0,11,0,1376,7,4,16,3,1,2,30,300.427,1
4,1,3,0,1826,100,16,41,2,2,2,25,0.0,1
0,0,16,0,3487,67,57,6,3,1,2,30,0.0,1
4,1,37,0,4185,45,40,29,2,1,1,25,132.115,1
0,0,45,1,3818,59,0,6,2,1,2,30,100.758,1
4,0,45,0,2128,14,67,1,3,1,1,25,0.0,1
0,0,38,0,556,8,9,4,3,2,2,30,47.333,1
0,0,28,0,1369,79,0,6,2,1,2,25,0.0,1
13,1,9,0,3010,57,0,0,2,1,1,30,0.0,1
5,0,37,0,224,77,0,5,3,2,2,30,59.591,1
11,1,36,0,1002,17,1,15,3,1,2,25,0.0,1
10,0,27,2,2612,39,1,3,2,1,2,30,19.526,1
18,0,34,0,0,72,0,5,4,1,2,25,0.0,1
0,0,37,2,643,74,31,20,2,1,1,25,0.0,1
0,1,34,0,803,63,12,26,3,1,1,25,309.034,1
9,0,34,0,27,16,0,2,3,1,1,30,45.655,1
0,1,34,0,2788,0,4,28,3,1,2,45,0.0,1
8,0,18,0,3501,68,11,3,2,1,1,30,50.82,1
0,0,25,0,2313,58,0,0,5,1,2,25,29.8,1
6,1,45,0,2701,43,27,10,3,1,2,30,0.0,1
1,1,8,0,4768,91,0,27,3,1,2,45,0.0,1
5,0,10,0,1012,24,43,5,4,1,2,30,188.739,1
19,1,40,0,1083,68,22,14,3,1,2,30,229.938,1
17,0,42,0,0,41,0,25,2,1,1,30,2.376,1
7,0,28,2,0,66,54,14,3,1,2,25,66.07,1
0,0,8,0,683,55,24,7,3,1,1,30,118.682,1
0,0,12,0,3774,46,39,48,2,1,2,30,0.0,1
7,1,40,0,2969,57,28,5,3,1,2,25,0.0,1
0,0,22,2,6002,8,30,7,2,1,1,45,142.55,1
16,0,31,0,1848,64,0,40,3,1,2,25,0.0,1
0,0,17,0,2434,54,0,17,2,1,1,30,0.0,1
0,0,44,2,6123,57,6,35,3,1,2,30,0.0,1
0,1,38,0,6123,49,1,2,3,1,1,30,0.0,1
1,0,21,1,0,57,4,18,3,1,2,30,99.093,1
0,0,45,1,833,75,0,0,2,1,2,30,251.684,1
0,0,38,2,32,100,0,41,2,1,2,30,0.0,1
4,0,41,0,2511,15,34,41,2,1,2,30,0.0,1
6,1,28,0,3379,61,0,6,3,1,2,30,82.957,1
15,1,37,2,4904,11,0,7,2,1,2,25,405.422,1
2,1,44,3,1295,55,10,0,3,1,2,30,0.0,1
13,1,30,0,901,99,25,29,3,1,2,30,0.0,1
12,0,3,3,0,18,38,4,3,1,1,25,0.0,1
0,0,37,0,1819,20,22,16,2,1,1,25,116.952,1
8,1,29,1,2089,5,6,0,3,1,1,30,0.0,1
0,1,32,1,2467,71,13,3,3,1,1,30,0.156,1
3,0,35,0,0,30,0,4,2,1,2,30,0.0,1
1,0,35,0,2036,26,9,36,2,1,1,25,26.363,1
0,0,36,0,3097,22,0,9,2,1,1,25,0.0,1
9,0,40,0,6123,57,4,0,2,1,1,45,0.0,1
0,0,36,0,4827,16,27,21,2,1,2,30,0.0,1
0,0,37,0,99,37,0,8,4,1,2,30,93.723,1
11,0,42,2,6123,5,44,39,2,1,2,25,0.0,1
0,0,35,0,6123,55,4,0,4,1,2,25,76.098,1
3,1,40,1,1708,52,3,42,4,1,2,25,8.562,1
5,1,31,0,3596,65,0,0,3,1,2,25,938.199,1
0,0,35,0,4142,46,22,4,2,1,2,30,0.0,1
2,0,33,0,1848,100,9,4,4,1,2,30,0.0,1
19,0,16,0,0,60,8,36,2,1,2,30,0.0,1
2,1,29,0,630,84,1,25,2,1,2,30,0.0,1
5,0,44,0,0,35,27,6,3,1,1,30,488.921,1
1,0,29,0,2627,46,13,6,4,1,2,25,241.902,1
0,1,33,0,4241,70,2,6,3,1,1,30,15.799,1
0,0,37,0,3093,33,0,4,3,1,2,25,71.639,1
4,0,19,0,0,20,67,42,2,2,1,30,85.07,1
0,1,17,0,3098,22,16,3,3,1,2,45,70.818,1
3,1,14,2,3970,66,31,41,5,1,2,25,0.0,1
4,0,44,0,3859,13,14,35,2,1,2,30,124.598,1
0,0,32,2,3329,20,7,0,3,1,1,30,0.0,1
0,1,43,0,1220,100,18,0,2,1,2,25,219.359,1
0,0,29,3,4327,60,40,5,5,1,1,30,0.0,1
1,1,21,0,6122,50,26,7,4,1,2,25,184.937,1
15,1,44,0,1626,54,10,2,3,1,1,25,30.306,1
6,1,39,0,1374,80,37,10,4,1,2,25,0.997,1
0,0,8,0,4255,19,3,7,3,1,2,45,78.904,1
0,0,35,0,6123,60,33,27,4,1,1,25,0.0,1
0,0,22,1,1624,31,78,44,3,1,2,25,173.92,1
3,0,39,0,4004,77,0,25,2,2,2,45,168.348,1
0,0,15,0,4756,64,33,0,2,1,2,30,0.0,1
1,0,45,0,6123,19,12,31,3,1,1,55,23.695,1
0,0,34,0,845,57,21,21,4,1,2,25,89.376,1
11,0,45,0,2194,9,0,34,3,1,2,45,0.0,1
0,1,34,1,5201,47,25,11,3,1,1,30,0.0,1
1,0,36,0,1695,48,13,5,2,2,2,25,987.255,1
7,0,21,2,3529,56,44,4,3,1,2,25,0.0,1
9,0,42,0,909,65,30,28,2,1,2,30,0.0,1
11,1,44,0,1574,40,8,48,3,2,2,30,23.658,1
24,0,15,0,5701,39,22,27,3,1,2,25,103.242,1
1,0,31,1,3597,67,10,3,3,1,2,25,0.0,1
8,0,44,1,225,72,0,5,2,1,2,30,57.807,1
0,0,38,0,5916,53,11,10,3,1,2,45,201.31,1
14,0,43,0,6123,48,13,44,2,1,1,25,0.0,1
0,1,12,0,5276,76,10,0,3,1,2,25,110.42,1
4,0,39,0,2526,65,59,8,2,1,2,25,225.683,1
0,1,44,0,4985,60,64,29,2,1,1,45,0.0,1
0,1,30,0,6123,65,10,30,3,1,1,45,0.0,1
0,0,38,0,3108,45,0,44,5,1,2,25,291.925,1
0,1,34,0,6123,52,0,0,2,1,1,30,0.0,1
0,1,13,0,3862,100,9,10,2,1,2,30,54.271,1
10,0,5,0,2927,51,1,1,3,1,1,25,0.0,1
0,0,35,0,134,8,9,4,2,1,2,30,0.0,1
5,1,8,0,1080,76,18,1,4,1,2,45,0.0,1
6,1,45,0,1358,49,12,3,3,1,1,30,47.147,1
5,1,34,0,2808,5,31,21,2,1,2,25,0.0,1
0,0,45,0,3203,58,18,5,4,1,2,30,35.852,1
9,0,3,1,1701,22,17,2,3,1,2,30,0.0,1
9,1,43,0,3429,67,19,0,3,1,2,45,80.831,1
0,0,18,0,2050,19,0,4,3,1,1,30,0.455,1
5,0,42,2,0,27,17,6,3,1,2,45,154.517,1
11,0,37,1,1029,37,18,15,2,1,1,30,45.411,1
3,0,33,0,752,49,0,10,3,1,2,30,173.289,1
7,1,37,0,625,60,63,38,4,1,2,30,91.355,1
0,0,37,1,2485,24,10,0,3,1,2,25,0.0,1
2,1,29,0,0,46,31,12,3,1,2,30,50.854,1
8,1,27,0,1735,50,7,1,4,2,2,45,0.0,1
0,1,17,0,777,14,3,30,2,1,2,30,0.0,1
0,1,38,2,3619,64,8,2,3,1,1,45,0.0,1
0,1,21,4,2929,57,46,4,2,1,2,30,0.0,1
0,0,45,0,1499,31,6,6,3,1,1,30,0.0,1
2,0,8,0,0,77,30,9,3,2,2,45,0.0,1
9,1,35,0,3363,51,8,31,4,1,2,25,0.0,1
2,1,45,0,1707,10,6,33,3,1,2,25,0.0,1
0,0,40,0,6123,42,0,3,3,1,2,25,48.444,1
1,0,45,0,3754,100,12,38,4,1,2,30,21.926,1
0,1,45,0,6123,35,0,3,2,1,1,25,0.0,1
0,0,38,0,0,23,29,30,2,1,2,30,46.722,1
8,0,25,0,677,10,17,11,3,1,2,30,0.0,1
1,1,40,0,1757,72,96,6,3,1,2,30,6.149,1
8,0,28,0,439,65,40,12,3,2,2,30,64.526,1
21,0,25,0,0,58,0,0,3,1,2,30,8.642,1
1,1,41,0,5702,22,12,11,3,1,2,30,0.0,1
2,0,26,0,1305,20,1,0,4,1,1,30,107.848,1
11,0,29,0,452,30,30,16,3,1,2,25,7.214,1
7,1,36,0,126,22,3,10,3,1,2,30,0.0,1
2,1,32,0,843,26,0,27,2,1,2,25,0.0,1
9,1,45,3,2154,100,6,14,2,1,2,30,33.99,1
0,0,30,0,3132,72,7,6,2,1,2,30,199.632,1
1,1,44,0,3338,32,42,32,3,1,1,30,0.0,1
2,1,31,0,963,75,25,4,4,1,2,25,0.0,1
0,1,12,0,4383,67,26,35,4,1,2,45,356.714,1
1,1,45,0,3661,68,9,2,3,1,2,25,0.0,1
0,0,31,0,0,50,0,32,2,1,2,45,177.759,1
0,1,12,0,767,33,21,2,2,2,2,25,0.0,1
0,0,8,0,982,61,68,25,3,1,2,30,10.034,1
12,1,41,0,3751,17,3,8,3,1,2,30,0.0,1
0,1,9,0,5690,52,19,30,3,1,1,30,0.0,1
0,0,41,0,4278,34,5,48,3,1,2,25,0.0,1
4,0,44,0,266,26,19,26,3,1,2,30,94.426,1
14,0,14,2,150,36,0,12,3,1,1,30,0.0,1
7,0,36,0,1953,64,0,6,2,2,1,30,0.0,1
7,0,27,0,6123,82,4,6,3,1,2,45,0.0,1
28,1,5,0,0,12,10,4,2,1,2,25,29.383,1
0,1,22,0,1902,59,1,27,4,1,2,30,0.0,1
14,0,45,0,550,42,32,19,4,1,1,30,300.454,1
29,1,3,0,149,70,1,31,2,1,1,25,0.0,1
11,0,11,0,3876,98,49,15,4,1,2,45,0.0,1
3,0,39,0,3773,32,0,0,3,1,2,25,0.0,1
0,0,35,0,2101,70,6,40,4,1,2,30,131.44,1
2,1,13,0,4266,100,8,1,2,1,2,45,0.0,1
0,0,39,1,4604,50,0,22,3,1,2,25,26.254,1
2,0,36,1,5615,43,23,25,3,1,2,25,43.807,1
7,0,45,0,2740,71,8,1,4,1,2,30,70.278,1
3,1,39,0,4648,49,38,12,2,1,1,30,0.0,1
1,1,34,0,459,68,40,6,2,1,2,45,0.0,1
0,0,42,1,1731,59,0,19,2,1,2,30,41.448,1
0,0,33,0,0,6,21,20,2,1,2,30,203.867,1
0,0,3,0,1412,65,0,23,4,1,1,30,200.36,1
8,0,33,0,4261,26,12,14,3,1,2,30,35.587,1
5,1,38,0,1556,56,0,25,3,1,2,30,6.028,1
1,1,30,1,876,71,6,2,3,1,2,25,73.611,1
3,1,11,0,2328,49,60,0,4,1,1,25,59.397,1
7,0,43,1,177,99,60,17,4,1,1,25,74.492,1
0,1,39,0,1178,15,0,47,5,1,2,25,22.305,1
10,0,37,0,5768,8,72,20,4,1,2,25,0.0,1
4,1,30,0,2407,49,0,16,3,1,2,30,147.674,1
8,0,37,0,948,14,4,22,4,1,2,30,0.0,1
1,0,34,2,1868,59,0,21,3,1,2,30,124.783,1
0,1,45,0,628,62,9,14,3,1,2,25,167.392,1
12,0,37,2,6040,100,0,0,2,1,2,45,66.444,1
23,1,38,0,824,9,12,24,3,1,1,45,0.0,1
10,1,33,0,745,29,27,1,3,1,2,30,0.0,1
2,0,38,0,2760,59,19,3,3,1,2,45,153.948,1
2,0,32,0,2756,70,0,35,3,1,2,25,152.317,1
2,1,11,2,6123,74,19,17,3,1,1,25,28.865,1
7,0,39,0,3417,74,0,4,3,1,2,30,0.0,1
8,1,35,0,0,64,27,15,3,1,1,30,130.261,1
0,0,30,0,1524,71,6,11,4,1,1,30,38.059,1
1,0,38,1,636,2,22,0,5,1,1,25,165.609,1
2,0,29,2,1101,66,21,34,3,1,2,30,0.0,1
20,0,33,1,428,24,54,20,4,1,2,25,24.561,1
0,1,36,2,2195,8,0,0,2,1,2,45,21.371,1
7,0,20,2,858,43,9,17,2,1,2,45,0.0,1
5,0,32,0,247,92,0,41,3,1,2,25,0.0,1
9,1,8,0,2119,55,12,4,2,1,1,30,0.0,1
3,0,33,0,5117,15,11,8,3,1,2,30,0.0,1
1,0,44,0,2197,51,70,22,3,1,2,25,56.055,1
4,0,38,1,3837,20,34,0,3,1,1,30,0.0,1
0,0,34,0,3074,2,25,0,3,1,2,25,0.0,1
5,1,22,0,1782,0,0,37,2,1,2,30,292.216,1
3,0,35,0,0,45,0,48,3,1,2,30,47.367,1
20,1,37,1,0,43,4,43,3,1,2,30,0.0,1
11,1,41,0,296,47,16,8,2,1,2,55,91.165,1
0,0,17,0,6123,95,12,27,2,2,2,30,112.371,1
8,0,23,0,0,22,70,3,4,2,2,45,430.118,1
0,1,32,0,3658,35,8,3,3,1,2,30,0.0,1
6,1,23,0,0,61,0,0,2,1,2,25,364.692,1
0,1,45,0,6123,62,41,6,3,1,2,25,134.313,1
8,1,43,1,3955,62,2,40,4,1,2,30,45.34,1
0,1,23,1,1233,51,0,0,2,2,2,30,0.0,1
0,0,41,0,2783,43,47,35,3,1,1,30,9.768,1
0,0,44,0,960,52,64,33,2,1,2,30,17.43,1
0,0,39,0,1370,24,0,36,4,1,2,25,63.95,1
5,1,36,0,1187,66,9,5,2,1,2,25,26.071,1
1,0,29,0,6123,53,0,6,2,1,2,25,18.505,1
3,0,44,2,1445,74,8,5,2,1,1,25,0.0,1
9,1,35,1,5354,67,0,3,2,1,2,30,0.0,1
0,0,40,0,272,32,28,30,3,1,2,30,0.0,1
0,0,42,0,1519,28,0,41,3,1,2,45,4.038,1
18,0,40,0,1605,25,15,22,2,1,2,30,88.86,1
1,0,40,0,1338,54,10,9,3,1,2,25,0.0,1
6,1,19,0,969,3,10,3,2,1,2,30,0.0,1
34,0,31,0,1908,67,8,6,3,1,2,30,0.0,1
4,0,43,0,514,62,16,25,2,1,2,25,30.962,1
0,0,37,0,2253,19,0,5,4,1,2,30,0.0,1
4,1,9,1,376,88,13,2,2,1,1,30,0.0,1
4,1,43,0,3560,100,204,25,2,1,2,30,0.0,1
2,1,32,0,924,26,18,22,4,1,2,25,139.231,1
0,0,19,2,0,69,15,8,2,1,2,30,76.845,1
0,1,44,0,1516,47,19,3,3,1,2,30,27.526,1
5,0,16,0,337,53,0,16,3,1,1,25,0.0,1
0,0,20,0,1553,0,3,34,2,1,2,45,184.197,1
7,0,3,0,897,19,77,0,4,1,2,45,0.0,1
5,0,44,0,0,8,16,0,5,1,2,30,0.0,1
3,1,4,0,0,28,6,6,3,1,2,30,7.746,1
4,0,39,1,2714,60,35,48,2,1,2,25,0.0,1
0,1,40,0,3816,26,29,13,2,1,2,45,131.472,1
0,0,19,0,1798,51,0,30,4,1,2,25,337.148,1
1,1,37,0,490,39,35,36,3,1,2,25,0.0,1
0,1,36,1,2292,43,19,7,2,1,2,25,62.782,1
12,0,11,0,2831,58,18,21,4,1,1,25,0.0,1
4,1,19,0,2664,0,45,7,3,1,2,30,58.317,1
3,0,22,0,2021,57,7,8,3,2,2,45,161.022,1
3,0,42,1,6123,52,22,16,2,1,2,45,0.0,1
0,0,30,0,0,69,30,16,3,1,1,25,9.842,1
0,0,40,0,410,26,28,18,2,1,2,45,0.0,1
1,0,41,0,2411,74,0,7,2,1,1,25,201.013,1
16,0,30,0,4949,18,2,8,3,1,2,25,0.0,1
0,1,21,0,0,53,4,0,3,1,2,30,117.429,1
17,1,10,2,14,57,166,5,3,1,1,45,185.421,1
33,1,18,0,0,24,5,45,3,1,2,25,0.0,1
1,1,38,0,3026,15,0,8,2,1,2,25,5.395,1
0,0,45,0,6123,37,32,21,3,1,2,45,0.0,1
0,0,43,0,2838,34,19,42,2,1,2,30,43.827,1
6,1,37,1,494,44,12,8,3,1,2,45,24.938,1
6,0,39,0,1665,100,3,23,3,1,1,25,0.0,1
0,0,37,0,1373,22,29,30,3,1,2,45,0.0,1
1,1,44,0,4416,64,15,7,2,1,2,30,0.0,1
0,0,11,0,6123,5,7,40,2,1,2,30,0.0,1
1,1,44,0,109,19,1,38,2,1,1,30,15.83,1
0,0,20,0,6123,70,0,26,3,1,1,30,51.035,1
15,0,43,0,5600,47,42,30,2,1,2,25,0.0,1
9,0,36,0,681,54,13,2,3,1,1,25,0.0,1
1,1,16,0,2766,20,0,18,3,1,2,25,93.283,1
1,1,37,0,0,11,0,8,2,1,2,25,0.0,1
4,0,41,1,4140,2,12,42,5,1,2,25,0.0,1
0,0,45,0,3730,50,0,5,2,1,1,30,0.0,1
20,0,28,0,714,61,53,8,3,2,2,30,343.079,1
1,1,42,0,4312,67,28,23,3,1,2,30,45.599,1
6,1,37,3,3549,100,4,27,3,1,1,30,333.421,1
2,0,43,0,4274,50,0,9,3,1,2,30,17.1,1
0,0,12,0,2085,42,0,0,2,1,1,30,0.0,1
1,1,45,1,1752,61,0,6,4,1,2,30,48.227,1
5,0,30,0,3410,57,8,32,4,1,1,30,158.011,1
2,0,41,0,3616,53,52,9,2,1,2,25,32.959,1
0,1,31,0,2502,100,24,8,3,1,2,30,0.0,1
1,0,36,1,1181,100,10,15,3,1,2,45,104.066,1
0,0,24,1,4009,15,12,5,3,1,2,30,45.988,1
3,0,19,0,3034,64,6,42,2,1,1,25,0.0,1
0,0,31,0,666,77,1,0,4,1,1,45,105.553,1
0,0,36,0,3353,76,5,48,4,1,2,30,0.0,1
4,0,45,2,2731,0,29,11,2,2,1,25,48.116,1
14,0,36,0,563,100,34,0,3,1,2,30,0.019,1
0,1,10,0,1050,100,10,21,3,1,2,25,0.0,1
0,1,16,0,411,38,0,38,3,1,1,25,4.358,1
3,1,30,0,2420,57,61,0,4,1,2,30,0.0,1
9,1,37,0,268,37,129,2,3,1,2,30,54.524,1
9,0,10,1,323,27,0,7,5,1,1,30,73.051,1
0,0,39,3,687,54,0,14,2,1,2,25,201.334,1
0,1,41,0,2117,15,27,36,4,1,2,30,0.0,1
10,1,33,4,6123,66,204,2,2,1,1,25,89.176,1
5,1,36,1,2028,76,2,2,2,1,2,45,0.0,1
0,0,45,0,0,100,54,20,4,1,1,30,0.0,1
5,0,14,2,1392,68,19,0,5,1,2,25,0.0,1
10,0,17,0,3712,57,22,20,2,1,2,25,36.342,1
4,1,44,1,3569,72,33,18,3,1,2,30,0.0,1
9,1,35,2,2983,13,19,21,2,1,1,25,70.543,1
12,0,43,1,1401,3,27,0,2,1,2,30,3.914,1
17,0,38,1,141,26,0,29,3,1,2,25,0.0,1
0,0,36,2,2088,4,33,11,3,1,2,25,0.0,1
0,1,10,0,2480,67,0,26,2,1,1,45,64.887,1
2,0,31,4,2715,50,31,0,4,1,2,25,0.0,1
1,1,16,0,3574,64,46,30,3,1,2,45,65.756,1
9,1,40,0,1732,46,27,0,3,1,2,30,8.408,1
15,1,40,0,622,47,40,10,2,1,1,30,54.679,1
27,0,33,0,0,41,31,19,2,1,1,25,12.486,1
6,0,39,0,738,62,36,6,3,1,1,25,0.0,1
15,0,42,1,0,53,40,13,3,1,2,45,0.0,1
4,0,43,1,3159,100,24,9,2,1,1,55,0.0,1
0,0,37,0,542,100,72,40,2,1,1,25,0.0,1
8,0,26,0,6123,38,20,23,3,1,2,30,0.0,1
0,0,11,1,3441,58,11,46,2,1,2,25,97.141,1
17,0,36,0,4678,68,37,16,4,1,2,30,0.0,1
0,0,15,0,4436,25,0,26,3,1,2,30,0.0,1
4,0,33,2,180,27,37,12,3,1,2,30,90.061,1
0,0,37,0,4550,40,19,14,4,1,2,45,192.648,1
2,0,3,0,5089,0,0,0,4,1,1,25,104.126,1
31,1,41,2,6086,73,204,23,2,1,1,30,10.3,1
27,0,3,0,3919,67,24,12,2,1,2,30,0.0,1
17,0,16,0,3725,70,40,3,2,1,2,25,34.668,1
0,1,39,0,1135,23,29,4,3,1,2,30,136.451,1
4,0,14,0,965,47,12,28,2,1,2,45,0.0,1
4,0,36,0,4488,38,2,0,2,1,2,25,50.742,1
3,0,13,0,6123,67,48,4,4,1,1,25,0.0,1
2,0,42,0,4718,67,2,27,2,1,2,25,59.283,1
3,1,41,0,4732,61,83,6,2,1,2,30,56.562,1
8,1,4,0,6123,71,40,4,3,1,1,25,0.0,1
14,0,15,0,2022,67,0,39,2,1,2,30,0.0,1
6,1,31,0,2719,26,12,5,2,1,2,30,0.0,1
5,1,29,0,3669,53,17,48,3,1,2,30,0.0,1
0,1,38,1,3587,54,0,8,2,1,2,25,0.0,1
1,0,34,0,1007,62,0,40,5,1,1,30,0.0,1
3,0,30,0,0,55,0,7,3,1,2,45,102.313,1
2,0,3,0,2416,69,1,22,2,1,2,30,0.0,1
6,0,45,0,6123,100,0,23,4,1,1,25,0.0,1
8,0,31,3,4541,16,17,30,3,1,2,30,0.0,1
0,0,43,0,3273,13,11,6,4,1,1,30,40.134,1
13,1,38,0,10,7,66,18,3,1,1,30,0.0,1
0,0,43,3,1640,0,2,38,3,1,1,30,0.0,1
0,0,40,0,5103,58,8,32,2,1,2,45,182.375,1
0,0,45,0,4151,100,28,15,3,1,2,45,0.0,1
0,1,15,3,0,12,3,48,2,1,2,25,0.0,1
4,1,31,3,1570,60,26,45,3,1,2,25,0.0,1
2,0,3,0,347,64,0,5,3,1,2,30,46.554,1
6,0,40,0,861,24,31,13,2,1,2,30,183.549,1
0,0,10,0,0,100,58,26,3,1,2,25,219.869,1
2,0,16,1,617,39,28,21,2,1,2,30,156.777,1
0,1,43,0,2248,22,6,46,2,1,2,30,11.829,1
0,0,36,1,0,24,70,48,2,1,2,25,155.074,1
8,1,23,0,3840,60,34,8,3,1,1,25,125.978,1
0,1,44,2,4458,53,25,17,3,1,1,30,0.0,1
4,0,41,0,383,53,1,8,4,1,2,45,0.0,1
9,0,44,0,2553,0,7,7,4,1,1,30,0.0,1
28,0,37,0,2592,56,19,23,4,1,1,25,0.0,1
6,1,38,0,3237,54,7,21,4,1,1,30,0.0,1
0,1,4,0,6123,14,0,0,3,1,2,30,34.635,1
2,0,44,3,887,64,5,0,3,1,1,45,68.433,1
5,0,3,1,681,15,0,22,2,1,1,25,0.0,1
9,0,36,0,2832,75,0,6,3,1,1,25,319.685,1
6,0,34,0,3068,45,8,11,3,1,2,25,0.0,1
0,0,44,0,3351,67,7,4,2,2,2,25,0.0,1
0,1,17,0,1673,60,0,11,2,1,2,30,63.557,1
3,1,31,0,602,30,12,3,3,1,2,30,3.869,1
14,1,4,0,1896,21,17,25,2,1,2,55,525.844,1
0,0,31,0,847,67,15,2,2,1,2,45,162.131,1
34,0,30,0,95,27,2,27,2,1,2,45,0.0,1
9,1,8,0,3731,28,2,12,3,1,1,25,159.463,1
4,0,35,0,0,64,27,36,2,1,2,30,0.0,1
7,1,40,0,4504,0,15,29,3,2,2,30,0.0,1
6,0,44,0,6123,60,31,0,3,1,2,25,0.0,1
1,0,35,0,6123,69,17,14,4,1,2,25,96.115,1
13,0,45,0,5943,5,4,18,3,1,1,30,0.0,1
0,1,39,0,6123,22,0,8,2,1,2,30,0.0,1
1,0,45,0,5080,15,17,1,2,1,1,30,71.065,1
0,0,41,0,4074,59,4,43,3,1,2,25,18.712,1
4,0,37,0,3203,58,15,31,2,1,2,30,0.0,1
9,0,29,0,3068,13,9,0,3,1,2,25,0.0,1
3,0,14,0,0,67,6,0,4,1,1,45,0.0,1
0,1,45,0,1539,17,4,24,3,1,2,25,68.631,1
0,0,35,0,376,65,43,37,3,1,2,45,0.0,1
0,0,37,0,6123,2,0,28,2,1,1,45,257.867,1
5,1,38,2,690,55,22,38,3,1,2,45,0.0,1
3,1,40,2,1230,57,28,0,3,1,1,25,0.0,1
1,0,10,0,0,53,0,19,2,1,2,30,160.695,1
15,0,36,1,649,37,9,12,3,1,2,30,0.0,1
0,0,16,0,3656,6,35,0,5,1,2,30,158.769,1
2,0,43,0,4115,69,21,36,2,1,2,25,0.0,1
6,0,36,1,1545,57,0,3,3,2,2,45,0.0,1
0,0,43,0,3442,30,7,40,3,1,1,25,0.0,1
4,1,25,1,0,64,28,15,3,1,1,30,57.742,1
0,1,38,0,0,47,8,39,2,1,2,25,0.0,1
0,1,30,2,1631,61,12,16,2,1,2,25,15.795,1
2,1,7,1,3553,30,31,25,2,1,2,30,0.0,1
0,1,38,0,806,71,0,4,2,1,2,25,0.0,1
0,1,22,0,3876,32,12,14,3,1,2,25,159.528,1
4,1,35,0,4364,60,0,0,3,1,2,30,17.806,1
0,0,41,0,3555,16,31,8,3,1,2,25,0.0,1
8,0,37,0,152,33,0,27,3,1,1,30,0.0,1
5,0,42,1,758,22,20,17,3,1,2,30,15.828,1
0,0,29,0,1570,17,17,3,2,1,2,25,129.718,1
1,1,39,0,1511,9,5,2,4,1,2,45,4.275,1
3,1,27,0,1435,61,0,20,3,1,1,25,4.483,1
0,0,45,1,250,5,28,0,3,1,2,25,26.396,1
0,0,7,0,717,73,85,31,2,1,1,30,0.0,1
4,0,32,1,230,66,21,19,3,1,1,25,0.0,1
0,0,40,0,2659,0,34,5,3,1,2,30,0.0,1
0,0,37,0,1153,100,34,7,3,1,2,30,94.359,1
6,0,19,0,0,2,34,27,3,1,2,25,64.183,1
0,0,8,0,5847,21,20,0,2,1,1,30,0.0,1
0,0,15,0,89,7,0,48,3,1,2,45,78.356,1
0,0,36,0,2859,21,8,0,3,1,2,25,92.049,1
5,0,12,0,721,43,53,4,2,1,2,30,97.704,1
12,0,38,0,1251,64,0,0,2,1,2,30,0.0,1
1,1,34,0,139,100,32,6,4,1,1,45,19.86,1
7,0,40,0,0,12,44,15,3,1,2,30,40.526,1
2,0,37,0,552,20,204,9,3,1,2,30,0.0,1
0,1,41,1,4796,57,42,9,2,1,2,30,47.18,1
0,1,39,0,623,100,15,48,3,1,2,25,38.698,1
0,1,33,0,2668,63,9,4,4,1,2,25,19.571,1
2,0,30,2,6123,0,0,1,3,1,2,25,0.0,1
0,0,39,1,390,24,39,3,3,1,2,25,256.847,1
7,0,17,0,1835,21,14,0,3,1,2,30,0.0,1
4,1,45,0,1715,62,0,11,4,2,1,45,221.785,1
0,0,42,0,0,71,0,17,2,1,2,30,227.894,1
0,0,16,0,6082,22,25,41,4,1,1,30,0.0,1
0,0,43,0,3447,79,0,16,2,1,2,30,77.065,1
6,0,5,3,2789,72,0,0,3,1,1,25,0.0,1
0,0,36,0,0,71,5,8,2,1,2,25,0.0,1
1,0,14,0,906,54,21,10,2,1,2,30,65.842,1
0,0,42,1,1774,26,22,42,3,1,1,30,36.877,1
0,0,40,1,5324,21,18,18,2,1,1,25,0.0,1
6,0,18,0,5779,45,5,0,2,1,2,25,132.26,1
0,1,36,0,447,100,0,0,3,1,2,30,323.008,1
0,1,40,0,292,42,11,18,3,1,2,30,75.863,1
0,1,34,1,446,66,56,7,2,1,1,30,0.0,1
11,0,32,0,705,38,0,26,2,1,2,25,2.086,1
5,0,3,0,654,65,0,21,2,1,1,30,0.0,1
0,1,16,0,1895,90,36,15,3,1,2,30,271.091,1
2,0,3,0,0,98,0,17,2,1,2,25,2.661,1
5,0,40,0,902,45,0,9,3,2,1,25,0.0,1
0,0,17,0,31,39,14,20,3,1,1,30,31.515,1
33,0,41,0,857,7,4,24,2,1,2,30,15.851,1
0,0,33,2,5847,32,10,5,2,1,1,30,155.652,1
0,1,33,0,6123,72,0,0,4,1,1,30,0.0,1
10,0,28,1,6123,43,31,37,3,1,2,25,0.0,1
4,1,23,1,0,65,14,21,2,1,1,55,19.175,1
0,0,16,0,931,59,204,28,3,1,2,30,0.0,1
0,0,39,0,2754,4,21,26,3,2,1,45,0.0,1
1,0,3,2,5471,21,18,2,5,1,2,30,96.725,1
8,1,35,0,0,100,27,26,4,1,2,25,0.0,1
0,1,44,0,4005,38,65,0,2,1,1,45,59.548,1
3,1,14,0,3797,54,19,10,2,1,2,30,87.59,1
16,0,43,0,1405,55,3,16,3,1,1,30,0.0,1
6,1,16,1,2300,53,0,22,2,2,2,25,0.0,1
19,0,34,0,574,61,81,3,2,1,2,30,30.806,1
0,0,33,3,279,55,0,2,3,1,2,25,114.977,1
0,0,15,0,4366,72,195,33,3,1,1,30,0.0,1
16,1,15,1,3954,64,7,46,2,1,2,30,0.0,1
4,1,4,0,0,76,13,11,2,1,1,25,8.723,1
3,0,16,0,3782,66,10,36,2,1,1,30,0.0,1
21,1,41,0,3535,62,44,29,4,1,2,30,0.0,1
0,0,9,0,1500,56,59,0,3,1,2,45,141.967,1
11,0,42,0,1250,57,26,2,4,1,2,45,241.699,1
0,0,45,0,6123,53,52,23,2,1,2,30,110.419,1
0,1,34,0,258,60,0,2,2,1,2,25,85.908,1
0,1,45,0,538,48,28,4,2,1,2,30,108.302,1
0,0,17,0,4134,35,0,45,5,1,1,30,0.0,1
4,0,13,0,5996,28,0,29,2,1,2,30,0.0,1
0,1,44,0,3639,59,8,28,2,1,2,25,90.709,1
0,0,35,2,6123,67,29,48,2,1,2,30,61.126,1
0,1,24,1,1241,58,18,28,5,1,1,25,58.503,1
0,1,40,0,3361,21,0,19,3,1,2,25,0.0,1
0,1,17,0,1647,5,0,16,3,1,2,30,106.916,1
2,1,37,0,1108,65,0,18,4,1,1,45,95.891,1
2,0,33,0,116,60,6,4,3,1,2,25,87.865,1
1,1,39,1,632,57,0,23,3,1,1,30,80.259,1
2,0,11,0,520,75,0,6,3,1,1,45,0.0,1
0,0,42,2,3362,16,0,42,4,1,1,25,10.415,1
0,0,37,0,280,44,13,9,3,1,2,45,0.0,1
2,1,9,0,6123,54,0,39,3,1,2,30,131.321,1
0,1,29,0,3907,52,0,38,3,1,1,25,175.828,1
2,0,41,1,3147,100,0,0,3,1,1,25,0.0,1
2,0,45,2,975,18,19,0,2,1,2,30,187.729,1
8,0,31,0,5567,62,73,23,5,1,2,45,0.0,1
2,1,22,0,725,79,0,5,2,1,2,25,185.801,1
0,1,39,0,795,61,33,4,3,1,2,25,0.0,1
11,0,32,0,63,22,7,7,3,1,2,30,194.985,1
7,0,43,0,999,11,56,3,2,1,2,30,0.0,1
2,0,36,0,4220,10,23,1,3,1,2,45,140.66,1
1,1,29,0,3460,68,0,22,2,1,2,25,0.0,1
6,0,36,0,2677,49,0,15,2,1,1,45,0.0,1
0,0,31,0,5307,15,27,0,3,1,2,30,296.043,1
0,0,40,0,1786,60,1,2,2,1,2,45,157.531,1
3,0,4,0,1382,22,32,21,4,1,2,30,0.0,1
15,0,18,0,434,24,28,23,4,1,2,30,37.593,1
1,1,44,1,1216,100,4,48,5,1,2,30,0.0,1
0,1,33,0,63,62,21,27,3,1,2,25,0.0,1
1,0,44,0,3442,25,39,18,4,1,1,30,0.0,1
0,1,35,0,5033,50,0,7,2,1,1,25,0.0,1
7,1,42,0,1005,65,47,27,3,1,1,25,90.156,1
0,0,37,0,3513,62,19,16,2,1,1,45,0.0,1
3,1,4,0,2138,66,8,30,4,1,1,25,39.144,1
0,1,37,0,6123,62,20,5,3,1,2,30,0.0,1
6,1,32,0,1692,28,100,3,4,1,2,30,0.0,1
2,1,33,0,2373,65,2,27,4,1,1,25,158.236,1
4,0,28,0,4049,1,1,20,2,1,1,25,0.0,1
0,1,45,1,2903,67,177,5,2,1,1,30,22.843,1
0,1,24,0,0,37,28,29,2,1,2,30,66.125,1
6,1,4,0,6123,80,23,29,3,1,2,25,0.0,1
8,0,40,0,3863,66,0,24,3,1,2,25,1.756,1
0,0,31,0,6123,11,8,19,5,1,2,30,0.0,1
2,1,39,0,435,28,37,4,3,1,1,55,0.0,1
0,1,4,0,47,16,13,6,2,1,1,25,8.989,1
4,1,31,0,1352,73,38,2,3,1,2,25,0.0,1
6,1,24,3,0,18,25,19,3,1,2,30,24.975,1
3,0,36,0,6123,91,6,23,4,1,1,30,103.623,1
2,0,21,0,6123,42,14,12,2,1,2,30,0.0,1
0,0,13,0,1945,51,16,34,2,1,2,30,0.0,1
0,0,42,2,1732,29,2,11,4,2,1,45,0.0,1
0,0,42,0,514,69,21,22,3,1,1,30,70.084,1
0,1,17,1,6123,25,0,30,4,1,2,30,100.018,1
3,1,38,3,582,18,26,16,3,1,2,30,40.982,1
6,0,11,1,495,48,2,11,2,1,2,45,0.0,1
6,0,3,0,1174,100,1,36,3,1,2,30,75.383,1
11,1,13,0,3551,25,0,8,2,1,2,45,85.317,1
13,1,36,2,1358,73,0,23,3,1,2,45,0.0,1
1,1,34,0,2970,77,15,26,4,1,2,25,3.794,1
9,0,41,1,226,33,32,1,2,1,1,30,0.0,1
12,0,38,0,4100,32,36,5,3,1,2,45,0.0,1
9,0,36,0,2669,34,2,23,3,2,1,30,0.0,1
0,1,27,1,1348,26,34,14,2,1,1,25,27.811,1
0,1,37,0,355,21,204,7,4,2,2,25,224.493,1
2,0,42,0,2497,55,19,26,4,1,2,25,13.207,1
9,1,43,1,6123,20,81,9,3,1,2,25,166.834,1
4,1,3,0,2581,0,1,1,3,1,2,25,0.0,1
7,0,35,0,1133,64,21,7,2,1,1,45,0.0,1
1,0,17,0,5461,0,1,28,2,1,2,30,0.0,1
6,1,35,3,5714,67,20,11,2,1,2,30,0.0,1
0,1,38,0,1928,54,1,11,3,1,2,30,36.971,1
0,0,18,0,1079,14,0,0,2,2,1,30,0.0,1
6,0,29,0,4060,23,45,25,3,1,2,25,0.0,1
0,1,45,0,3400,45,0,6,2,1,2,45,43.367,1
2,0,41,0,793,74,0,4,2,1,1,25,23.447,1
10,0,40,0,2078,74,29,48,3,1,2,25,24.526,1
8,0,17,1,2741,47,19,19,2,1,2,25,0.0,1
0,1,34,0,6123,61,28,0,3,1,1,25,27.79,1
0,0,31,0,989,35,49,17,2,1,1,30,0.0,1
10,1,20,1,0,63,25,6,3,1,2,25,38.486,1
0,0,33,1,404,100,13,40,2,1,2,45,0.0,1
4,0,11,1,5063,35,0,45,2,1,2,30,0.0,1
0,0,42,0,3252,36,55,48,2,1,1,30,213.346,1
8,0,37,0,6123,10,3,0,2,1,1,30,0.0,1
1,1,3,0,3390,41,26,0,2,1,2,30,0.0,1
0,1,9,0,4578,42,6,9,4,1,2,30,125.491,1
9,0,37,1,1569,43,27,0,2,1,2,25,0.0,1
0,0,8,2,568,73,37,14,2,1,1,30,0.0,1
0,0,36,0,2243,24,11,0,2,1,2,25,186.216,1
0,1,41,0,1086,10,0,42,3,1,2,25,0.571,1
0,1,21,1,3809,50,11,32,2,2,2,30,143.57,1
5,1,17,0,331,65,43,23,3,1,2,25,0.0,1
6,1,16,0,3806,11,43,23,4,2,1,30,0.0,1
3,1,11,0,1000,57,10,6,3,1,2,25,44.433,1
0,1,41,0,4531,3,0,21,3,1,2,25,0.0,1
5,0,39,0,2775,13,28,2,2,1,2,30,0.0,1
4,1,41,0,6123,69,0,46,2,2,2,25,248.478,1
5,1,43,1,0,63,14,32,3,1,1,30,1.504,1
5,1,43,0,5565,28,0,33,2,1,2,30,0.0,1
5,0,17,2,393,18,17,27,3,1,2,30,0.0,1
9,1,12,2,2945,35,3,4,3,1,2,25,0.0,1
17,0,38,1,827,94,13,42,2,1,1,25,0.0,1
7,0,22,2,4458,55,1,3,4,1,2,25,0.0,1
4,1,42,0,167,68,21,29,2,1,1,45,0.0,1
4,1,43,2,1290,8,0,25,3,1,1,25,101.284,1
0,1,6,0,6123,15,0,20,4,1,2,25,226.54,1
5,0,15,1,2427,57,30,31,3,1,2,55,297.891,1
2,0,6,1,6123,58,29,47,2,1,2,25,1.75,1
0,1,42,0,2748,28,15,45,2,1,2,25,0.0,1
9,0,36,1,2326,50,23,36,3,1,2,30,134.418,1
1,0,11,1,1926,55,0,31,3,1,1,25,0.0,1
0,0,33,0,1840,56,25,20,3,1,2,45,4.098,1
0,1,17,0,924,31,25,48,3,1,2,30,0.0,1
0,0,8,0,760,53,54,26,3,1,2,25,0.0,1
13,0,41,0,1841,74,13,9,3,1,2,30,0.0,1
14,0,32,0,1046,20,8,4,2,1,1,25,377.516,1
27,0,39,0,526,18,0,1,2,1,2,25,0.0,1
0,0,45,0,3484,55,0,15,3,1,1,25,0.0,1
5,1,17,0,5395,58,25,9,3,1,2,30,0.0,1
0,1,26,0,145,56,0,1,4,1,2,45,59.164,1
3,1,38,0,1042,73,10,4,4,1,1,30,461.656,1
2,0,45,0,1005,15,0,19,2,1,2,25,62.074,1
14,0,37,3,1541,24,3,35,2,1,1,45,0.0,1
4,1,29,0,6123,20,23,0,4,1,2,25,0.0,1
12,0,15,0,1701,73,34,34,2,1,2,25,0.0,1
0,0,44,0,3403,1,2,19,5,1,1,25,0.0,1
9,0,3,1,0,55,0,21,2,1,2,30,0.0,1
2,0,36,0,3494,72,0,24,3,1,1,25,0.0,1
4,0,27,0,3763,70,24,8,3,1,1,45,25.855,1
12,0,41,0,0,34,4,20,3,1,1,45,8.581,1
0,0,34,0,3360,40,10,11,2,1,2,30,86.473,1
2,0,41,0,3606,84,0,23,3,1,2,25,0.0,1
5,0,30,0,887,26,0,20,3,1,2,30,169.093,1
0,0,45,0,5118,5,0,24,3,1,2,30,52.085,1
7,0,43,0,1946,23,2,5,3,1,1,25,27.693,1
1,0,16,0,1375,64,11,26,3,1,2,30,206.23,1
0,1,35,0,2994,0,204,9,2,1,2,30,237.872,1
0,0,15,0,2604,73,22,22,4,1,2,30,102.872,1
1,0,21,0,2742,44,1,4,3,1,2,30,14.247,1
1,1,11,0,1335,26,23,1,4,1,2,30,96.43,1
0,1,37,0,2279,46,0,1,4,1,2,45,31.619,1
0,0,18,0,3058,100,25,12,4,1,2,25,0.0,1
11,1,32,2,898,39,25,7,2,1,2,30,79.12,1
8,0,31,1,2975,10,40,6,4,1,2,25,0.0,1
4,1,38,2,1158,52,5,0,2,1,2,45,163.494,1
4,0,36,0,0,57,44,6,3,1,2,30,45.584,1
7,1,37,1,889,24,0,46,2,2,2,30,0.0,1
1,0,34,1,3033,100,24,20,2,1,2,30,0.0,1
3,1,3,1,6077,39,15,9,3,1,2,25,35.024,1
11,0,41,0,0,44,0,39,2,1,2,25,0.0,1
3,0,23,1,0,54,54,15,2,1,1,30,0.0,1
2,1,41,1,2875,20,23,10,3,1,1,25,0.0,1
3,0,43,0,3925,21,0,27,2,1,2,30,7.105,1
0,0,37,0,0,58,10,8,2,1,1,30,104.886,1
8,0,35,0,17,17,204,8,2,1,2,25,56.562,1
8,0,16,0,2207,10,46,28,2,1,2,30,3.023,1
2,0,16,1,3945,40,0,4,2,2,1,30,0.0,1
18,1,26,0,1333,61,2,10,2,1,1,25,76.61,1
7,0,37,0,1380,70,5,12,3,2,1,25,0.0,1
10,1,37,0,4283,40,17,29,4,1,1,30,0.0,1
3,1,34,0,6123,25,57,3,3,1,2,30,0.0,1
4,1,18,0,3105,13,42,21,2,1,2,30,0.0,1
3,1,19,0,1628,38,2,7,3,1,2,25,0.0,1
0,1,16,0,4260,40,5,9,2,1,1,30,0.0,1
0,0,39,2,0,51,16,0,2,1,1,25,170.077,1
1,0,16,2,1963,46,7,4,3,1,1,30,0.0,1
6,1,14,0,0,47,15,48,3,1,1,30,0.0,1
0,1,30,0,364,56,6,28,3,1,2,25,53.46,1
3,0,20,2,4974,64,40,15,4,1,2,30,217.94,1
10,0,36,0,6123,57,0,0,4,1,2,30,0.0,1
0,1,45,0,1779,53,41,48,2,1,2,30,0.0,1
0,1,45,0,3568,48,0,12,2,1,2,55,0.0,1
20,0,44,0,1389,75,5,44,3,1,1,30,0.0,1
1,0,38,1,944,60,26,0,2,2,2,25,58.647,1
9,0,41,0,121,84,0,0,3,1,2,30,71.388,1
0,1,41,0,682,42,5,42,3,1,2,25,0.0,1
7,1,13,0,1053,19,2,16,3,1,2,30,0.0,1
11,1,36,0,3638,28,1,20,2,1,2,30,0.0,1
0,0,17,1,2829,78,4,7,2,1,1,45,160.233,1
0,0,40,1,3173,68,33,40,4,1,2,45,58.538,1
0,0,39,0,1914,56,14,37,3,1,2,25,118.291,1
9,0,43,0,669,22,33,10,5,1,1,45,0.0,1
0,1,35,2,6123,65,18,37,4,1,2,30,157.876,1
0,1,28,2,2218,44,25,34,2,1,2,25,0.0,1
0,0,42,1,6123,46,8,31,2,1,2,45,166.689,1
0,0,45,3,4017,98,8,1,2,1,2,30,62.362,1
0,0,39,0,514,57,19,2,2,1,2,45,92.519,1
4,0,43,0,957,28,18,24,2,1,2,30,0.0,1
0,1,7,0,1094,57,56,21,4,1,2,30,0.0,1
0,1,22,1,659,18,25,17,3,1,1,30,0.0,1
13,0,39,0,2181,44,183,32,2,1,1,45,0.0,1
3,0,10,1,5593,24,0,11,3,1,2,25,101.402,1
0,1,21,0,4022,64,0,38,3,1,2,25,0.0,1
14,0,17,0,3868,45,8,9,2,1,2,25,83.801,1
0,0,39,0,901,67,0,19,2,1,2,30,0.0,1
8,1,36,0,287,65,2,5,2,1,2,25,0.0,1
2,1,42,2,1382,100,1,9,3,1,2,30,0.0,1
1,0,33,0,309,75,33,0,2,1,2,45,284.303,1
0,0,38,0,1133,48,0,7,4,1,2,30,60.149,1
4,1,45,0,1206,55,13,22,2,1,2,25,55.106,1
3,0,40,2,410,30,28,20,3,1,2,25,0.0,1
0,1,33,2,1678,67,9,23,2,1,2,25,0.0,1
0,0,31,0,1169,68,36,0,3,1,2,45,0.0,1
0,0,12,0,1696,73,11,9,3,1,2,25,0.0,1
2,1,10,0,2301,20,0,10,2,1,2,25,328.612,1
6,0,17,0,555,11,1,24,2,1,2,30,22.334,1
0,0,40,0,6123,19,17,0,3,1,2,30,163.243,1
0,0,45,0,3464,35,8,23,3,1,2,30,0.0,1
9,1,36,0,4998,70,1,15,2,1,2,30,155.946,1
7,1,36,1,674,22,11,31,2,1,2,25,52.483,1
0,0,37,0,402,68,7,2,3,1,2,25,89.904,1
0,0,6,0,6123,62,15,15,3,2,1,25,8.694,1
0,1,38,3,6056,62,2,45,2,1,2,25,247.496,1
0,1,40,2,1991,53,60,3,2,1,2,45,0.0,1
5,0,30,0,5103,73,8,3,3,1,1,25,1.35,1
15,0,44,1,3697,53,0,0,3,1,1,25,0.0,1
4,1,19,0,0,65,0,4,4,1,2,25,52.584,1
4,0,44,0,1024,51,3,29,3,1,1,55,125.746,1
0,0,45,0,3398,75,48,31,3,1,1,30,2.713,1
0,1,45,1,3149,19,15,27,3,1,1,25,72.233,1
0,0,44,0,4237,69,0,12,4,1,2,30,74.916,1
8,0,28,0,781,67,14,0,3,1,1,25,30.78,1
7,0,33,0,3087,100,19,9,4,1,1,25,52.307,1
7,0,36,0,2741,84,69,20,2,1,2,25,0.0,1
7,1,30,0,4657,55,38,23,2,2,2,25,0.0,1
6,0,40,0,922,82,24,22,2,1,2,30,0.0,1
0,1,41,0,1078,61,88,19,3,1,2,25,21.443,1
0,0,41,0,596,59,28,21,4,1,2,25,141.457,1
3,0,13,0,2651,68,19,16,3,1,1,30,50.304,1
0,0,39,2,198,8,56,21,4,1,1,30,46.333,1
5,0,34,0,1980,19,29,15,3,1,2,25,0.0,1
0,0,40,2,30,12,16,30,2,1,2,45,0.0,1
0,0,30,0,6123,16,0,26,2,1,2,30,32.292,1
0,0,36,2,5801,68,35,0,4,1,2,25,0.0,1
10,0,34,2,1494,100,36,7,3,1,1,30,0.0,1
8,1,38,0,523,58,14,2,2,1,2,30,0.0,1
3,1,14,0,2882,44,36,48,3,1,2,45,144.917,1
3,0,8,1,3488,67,5,6,3,1,1,25,63.131,1
0,1,40,2,1994,25,19,0,4,1,2,25,146.958,1
2,0,5,2,6123,84,37,7,3,1,2,25,0.0,1
0,1,41,0,2485,58,6,17,2,1,2,30,0.0,1
9,0,39,0,3892,16,26,27,3,1,1,30,226.505,1
2,0,38,0,1800,23,10,5,3,2,2,30,144.733,1
12,1,29,0,1941,24,0,4,3,1,2,25,101.283,1
29,0,4,0,224,70,30,40,4,1,1,45,88.018,1
1,0,38,0,521,19,0,31,3,1,2,25,118.496,1
6,0,10,0,403,0,0,0,2,1,1,30,9.066,1
0,0,9,0,489,35,36,33,4,1,2,30,0.0,1
1,0,27,1,0,60,25,28,2,1,2,30,0.0,1
4,0,22,0,1112,4,7,3,2,1,2,30,70.473,1
3,1,40,0,2293,70,70,2,2,1,2,25,0.0,1
1,1,15,2,4291,31,10,4,2,1,1,30,0.0,1
0,1,37,0,0,53,25,2,3,1,2,25,301.894,1
2,1,45,0,5625,73,26,0,2,1,1,30,48.254,1
0,1,40,0,6123,24,0,47,3,1,2,30,0.0,1
0,0,36,0,2002,22,0,11,4,1,2,25,24.207,1
19,0,42,0,1581,23,0,1,3,1,2,30,154.917,1
1,1,14,0,1180,74,23,19,2,1,2,25,13.871,1
7,1,26,0,1332,24,0,30,2,2,2,25,0.0,1
14,1,16,0,1787,97,28,10,2,1,1,45,0.0,1
3,0,3,0,622,51,40,32,3,1,2,45,0.0,1
0,1,16,0,3575,46,15,19,3,1,2,25,45.822,1
8,1,31,0,2667,72,13,22,4,1,1,30,0.0,1
9,1,3,1,3114,100,0,14,3,1,1,55,0.0,1
0,1,45,3,3888,50,25,12,2,1,2,30,0.0,1
0,1,6,0,871,62,6,0,2,1,2,30,190.2,1
4,1,45,0,0,60,23,25,2,1,2,25,0.0,1
1,1,5,0,6123,59,8,21,3,1,2,25,0.0,1
5,1,41,0,6123,53,4,40,2,1,2,30,206.561,1
2,0,45,0,1003,71,0,0,2,1,2,30,0.0,1
3,1,11,0,3314,58,21,14,3,1,1,25,44.538,1
1,0,45,0,328,48,13,44,2,1,2,30,62.386,1
14,0,37,0,1571,53,23,26,3,1,2,30,0.0,1
0,1,41,0,2497,64,0,0,3,1,2,25,114.988,1
10,0,17,0,356,25,9,11,3,1,2,25,0.0,1
4,1,36,1,1506,58,9,3,2,1,2,30,66.322,1
16,0,13,0,2487,66,3,9,3,1,2,25,0.0,1
0,0,39,0,5772,40,13,13,2,1,2,30,0.0,1
0,0,44,0,646,40,60,2,3,1,1,25,0.0,1
2,1,45,0,4008,53,0,46,2,1,1,25,22.286,1
12,1,34,0,3981,10,0,13,2,2,2,25,53.224,1
2,1,39,0,1685,58,11,3,2,2,1,30,81.733,1
5,0,15,1,5756,23,3,15,3,1,2,30,0.0,1
0,1,36,0,841,92,0,32,2,1,2,30,0.0,1
9,0,34,0,86,75,33,12,3,1,2,25,7.768,1
2,0,35,0,3186,55,23,3,3,1,2,25,33.509,1
0,0,40,0,943,73,10,20,2,1,2,30,0.0,1
10,0,44,0,5126,71,28,5,3,1,2,25,40.633,1
0,1,45,1,6123,30,50,10,2,1,2,25,0.0,1
0,0,30,0,0,65,0,4,3,1,2,25,19.527,1
0,0,39,2,1311,53,27,44,3,1,2,25,71.01,1
0,0,38,2,707,100,16,39,3,1,2,25,206.796,1
0,0,44,0,6123,16,13,36,3,1,2,30,0.0,1
0,1,45,0,6123,55,11,18,3,1,1,30,0.0,1
1,0,41,0,6083,54,3,6,2,1,1,30,286.453,1
9,1,8,0,584,37,0,3,3,1,2,25,0.0,1
1,0,8,2,5878,62,31,13,2,1,1,30,181.896,1
0,0,19,0,750,72,11,19,4,1,2,25,54.35,1
10,1,14,0,991,63,0,18,3,1,2,30,209.498,1
7,0,14,0,838,62,3,4,3,1,1,45,3.957,1
23,0,27,0,1315,67,0,21,3,1,2,30,0.0,1
9,1,45,1,0,58,64,25,4,1,2,45,28.544,1
7,0,32,0,4921,74,13,8,3,1,2,30,0.0,1
0,0,22,0,1708,65,1,48,3,1,2,25,81.049,1
3,0,45,0,314,77,4,33,4,1,2,25,0.0,1
14,1,12,0,728,52,18,3,3,1,2,30,0.0,1
0,1,43,0,954,69,20,20,3,1,2,45,35.916,1
32,1,31,0,1420,72,1,4,2,1,1,30,0.0,1
4,0,32,0,2961,24,35,1,2,1,2,30,0.0,1
2,0,12,2,5369,56,6,0,3,1,2,45,0.0,1
0,1,33,0,2266,69,13,1,2,1,1,30,73.076,1
8,1,32,0,3117,70,16,17,3,1,2,25,36.46,1
7,0,45,0,2650,17,8,24,3,1,2,30,0.0,1
0,0,45,0,4642,21,4,31,4,1,2,25,0.0,1
0,1,44,2,1291,54,0,6,3,1,2,25,0.0,1
6,1,44,0,4089,41,166,0,3,1,1,30,0.0,1
5,1,7,0,605,15,20,20,2,1,2,25,59.277,1
19,1,33,0,5468,47,7,13,4,1,2,30,0.0,1
0,0,32,2,2281,78,20,16,2,1,2,25,0.0,1
5,0,45,1,3218,89,15,8,5,1,1,25,0.0,1
6,0,45,1,195,60,0,40,3,1,1,25,0.0,1
0,1,28,0,763,63,20,0,4,2,2,25,130.505,1
0,0,43,0,4659,0,13,21,4,1,2,30,0.0,1
3,0,39,0,497,24,16,6,2,1,1,25,87.458,1
1,0,10,0,4544,32,17,3,3,1,2,45,0.0,1
3,0,25,1,3844,34,16,6,3,1,1,25,26.637,1
0,1,45,0,1489,51,26,8,2,1,2,30,0.0,1
1,0,14,1,4608,67,2,8,2,1,2,25,0.0,1
0,0,9,1,3603,48,10,2,3,1,1,25,0.0,1
8,1,40,1,999,56,17,2,4,1,1,55,0.0,1
3,0,28,0,4385,71,3,29,3,1,2,45,42.413,1
2,0,36,1,176,21,35,19,2,1,2,45,88.088,1
34,0,40,0,1442,40,0,39,3,1,2,30,0.0,1
17,0,43,3,57,67,34,8,2,1,2,25,0.0,1
0,1,39,1,4029,64,0,38,3,1,1,30,0.0,1
4,1,36,2,426,60,14,6,2,2,1,30,0.0,1
0,1,45,0,2453,22,0,48,2,1,2,25,33.51,1
12,1,9,0,0,22,0,1,3,1,2,25,99.871,1
7,0,41,0,0,67,32,14,2,1,1,30,103.424,1
12,1,22,3,1280,66,28,8,3,1,2,30,0.0,1
11,0,39,0,3619,15,41,7,3,1,2,30,24.96,1
0,0,35,0,3007,60,15,18,3,1,2,55,0.0,1
3,0,37,0,1217,66,0,43,4,1,2,25,4.732,1
2,0,39,0,0,0,44,3,3,1,2,25,201.381,1
8,0,44,1,4315,69,0,20,2,1,1,25,0.0,1
8,0,34,0,0,11,149,16,3,2,1,30,0.0,1
1,1,26,0,3574,66,8,7,3,1,2,30,0.0,1
0,0,34,0,2443,48,26,41,4,1,2,25,8.279,1
5,0,45,0,643,55,15,5,2,1,1,30,10.266,1
0,1,43,0,5186,64,0,23,4,1,1,30,47.847,1
10,0,34,0,2891,66,0,6,3,1,1,25,0.0,1
0,0,18,2,5623,49,0,2,3,1,2,30,185.91,1
0,0,36,0,759,25,0,10,4,1,1,30,0.0,1
0,0,36,1,1872,100,11,39,3,1,2,25,4.582,1
0,1,21,0,5341,67,2,39,4,1,2,25,0.0,1
8,0,38,0,1547,2,13,24,3,1,1,30,198.535,1
2,0,39,0,5412,15,0,6,2,1,2,30,0.0,1
0,1,29,0,1230,24,6,23,4,1,1,30,42.044,1
11,0,45,0,1473,61,1,32,2,1,2,25,0.0,1
3,0,8,0,1297,35,19,9,2,1,2,25,0.0,1
0,0,41,0,434,100,33,8,2,1,2,25,0.0,1
3,0,43,0,4983,56,0,5,3,1,1,45,164.814,1
8,0,33,0,1900,57,24,9,2,1,1,30,0.0,1
1,1,9,2,4367,53,9,0,3,1,2,45,218.114,1
0,0,6,0,940,66,10,17,2,1,2,30,0.0,1
0,0,12,1,4246,25,0,6,2,1,2,25,0.0,1
0,1,44,0,4349,0,20,4,3,1,2,25,0.0,1
1,0,14,0,17,29,0,8,2,1,2,30,0.0,1
0,1,33,0,925,17,31,39,2,1,1,25,0.0,1
0,0,38,0,2004,71,0,0,3,1,2,45,0.0,1
11,1,32,0,2453,33,0,11,2,1,2,25,6.722,1
6,0,19,0,353,43,83,2,4,1,2,45,0.0,1
0,1,36,0,490,88,47,11,2,1,2,45,208.659,1
0,1,34,0,775,58,1,11,3,1,2,30,2.372,1
4,1,38,0,5687,8,56,39,2,1,2,30,0.0,1
1,0,32,0,3158,68,3,4,2,1,2,30,34.6,1
2,1,36,0,4643,60,30,48,2,1,2,55,15.249,1
0,1,13,0,6123,41,0,31,4,1,2,30,259.848,1
3,0,35,0,3196,22,0,7,3,1,2,25,65.112,1
0,0,45,0,3612,28,16,47,3,1,2,25,90.078,1
1,0,28,0,652,52,15,0,3,1,2,45,29.242,1
2,1,29,0,1049,6,26,0,3,1,1,45,0.0,1
9,0,9,0,6123,73,43,3,3,1,2,45,81.197,1
0,1,5,0,848,4,0,33,2,1,2,25,0.0,1
0,0,40,1,1943,63,42,26,3,1,1,30,0.0,1
14,1,39,0,0,54,0,7,3,1,1,25,0.0,1
7,1,40,0,0,59,11,36,4,1,2,25,37.373,1
3,1,42,0,747,13,30,35,4,1,2,45,58.523,1
2,1,45,0,1467,71,6,9,4,1,2,45,62.231,1
0,1,42,1,6123,69,23,0,3,1,2,25,0.0,1
2,0,37,0,1132,100,20,4,4,1,2,25,25.492,1
5,0,32,0,1937,79,69,7,4,1,1,25,73.474,1
12,1,14,3,3643,67,31,7,3,1,2,45,66.532,1
0,0,32,0,2589,68,36,0,2,1,1,30,0.0,1
18,0,29,0,1443,63,9,28,3,1,2,30,49.836,1
7,1,28,0,512,48,2,22,2,1,2,45,0.0,1
1,1,40,0,2162,63,0,3,3,1,2,30,269.98,1
0,0,10,0,1061,10,5,4,4,1,2,25,185.762,1
0,1,38,0,1686,57,59,0,3,1,2,30,33.134,1
9,1,16,0,1593,9,13,0,3,1,2,30,0.0,1
3,0,35,0,2768,71,0,7,2,1,1,30,0.0,1
1,1,40,0,396,36,42,48,2,1,1,30,0.0,1
6,1,36,0,4337,64,30,3,2,1,1,25,0.0,1
0,1,45,0,3484,78,4,30,3,1,2,30,47.942,1
9,0,39,0,763,26,39,0,2,1,2,30,26.87,1
3,1,40,0,3623,53,6,48,3,1,2,25,258.372,1
22,0,45,0,5343,63,3,11,3,1,2,25,82.705,1
0,0,34,0,2601,20,24,20,2,1,2,25,0.0,1
8,0,7,0,0,63,6,22,3,1,1,25,0.0,1
0,1,36,0,0,0,37,31,2,1,2,25,0.0,1
0,0,42,2,553,67,20,21,2,1,2,25,133.693,1
0,1,39,0,195,32,50,27,2,1,1,30,0.0,1
10,1,33,0,4263,45,0,2,3,1,2,45,0.0,1
7,0,3,0,2189,100,5,5,2,1,1,25,200.452,1
0,0,45,0,4004,11,4,4,4,1,2,30,381.241,1
2,0,41,0,6123,29,6,36,3,1,2,30,0.0,1
10,1,33,0,1128,83,17,0,3,1,2,25,39.949,1
3,0,40,0,2539,56,204,0,3,1,2,30,83.784,1
4,1,45,0,429,36,19,20,2,1,2,25,0.0,1
24,0,32,2,4891,66,78,7,3,1,2,25,66.823,1
5,0,45,0,942,53,11,38,2,1,2,30,323.126,1
0,0,43,0,1470,35,23,32,2,1,2,30,0.0,1
0,0,10,0,353,0,141,20,2,1,2,30,49.079,1
0,0,36,0,1229,41,0,24,3,1,2,45,321.305,1
1,1,40,0,2068,27,39,40,2,1,1,45,0.0,1
4,1,39,3,0,63,6,3,2,1,1,30,4.499,1
6,1,38,0,1337,46,29,0,3,1,2,30,0.0,1
9,0,31,0,1840,26,20,28,3,1,1,25,11.566,1
4,1,36,0,2189,15,1,16,3,1,2,30,9.434,1
9,0,17,0,1296,77,33,23,3,1,2,25,0.0,1
0,1,39,0,2361,63,11,3,3,2,2,25,0.0,1
8,0,32,1,901,17,10,5,2,1,2,30,71.252,1
9,1,38,2,6123,37,1,13,2,1,2,25,0.0,1
9,0,45,0,834,10,9,48,3,1,1,25,0.0,1
5,0,20,0,0,18,0,12,5,1,2,45,107.533,1
0,0,36,0,3173,43,21,6,4,1,1,25,82.426,1
1,1,5,0,1036,67,0,23,2,1,1,30,93.877,1
0,0,39,3,36,64,13,3,2,1,2,30,0.0,1
0,0,38,1,605,45,72,4,2,1,2,30,18.676,1
0,0,29,0,576,22,37,8,3,1,2,45,26.025,1
4,1,42,1,346,100,7,22,3,1,1,30,0.0,1
2,0,17,0,6123,58,5,21,3,1,2,45,50.91,1
0,1,7,0,3519,41,0,7,2,1,2,30,255.89,1
11,1,11,0,4113,52,7,1,3,1,2,45,0.0,1
3,1,39,0,1617,26,19,34,3,1,2,30,16.14,1
5,1,45,3,6123,15,17,2,2,1,1,30,190.631,1
0,0,32,3,6123,30,2,17,3,1,2,30,0.0,1
15,0,41,0,3990,55,10,41,3,1,1,55,91.834,1
4,0,45,0,2814,45,17,35,3,1,2,30,0.0,1
0,0,45,0,6123,40,3,29,2,1,1,30,105.498,1
8,0,45,1,1252,61,29,21,2,1,1,25,0.0,1
8,1,44,0,1031,53,51,0,2,1,1,30,0.0,1
0,0,39,0,69,55,4,4,3,1,2,30,12.491,1
0,1,21,0,5514,65,30,5,3,1,2,30,69.949,1
0,0,17,3,819,22,26,16,2,1,2,25,0.0,1
0,1,36,0,0,53,0,5,4,1,1,30,170.29,1
7,0,42,2,2391,77,23,6,2,1,1,45,0.0,1
4,1,40,2,203,45,6,0,2,1,2,30,11.653,1
9,0,37,1,1309,32,4,4,3,1,1,45,29.894,1
9,1,45,0,1164,62,25,32,2,1,2,30,98.072,1
6,0,32,2,6123,23,27,8,4,1,2,25,0.0,1
2,1,31,0,0,43,18,7,2,1,2,30,0.0,1
3,0,39,0,0,58,5,34,3,1,1,30,182.468,1
14,0,36,0,607,26,8,0,3,1,1,30,0.0,1
1,1,17,0,4010,6,7,16,3,1,1,30,3.96,1
7,0,37,0,1221,66,20,23,3,1,2,30,0.0,1
0,1,38,0,2664,49,0,39,2,1,2,45,0.0,1
14,0,3,0,6123,62,0,0,3,1,2,30,0.0,1
1,1,13,0,923,23,38,6,2,1,2,25,73.865,1
4,1,43,0,2313,13,28,26,3,1,2,30,0.0,1
0,1,37,0,6123,72,28,4,4,1,2,30,6.176,1
8,0,43,1,0,42,12,8,2,1,1,25,0.0,1
8,0,44,0,3288,53,12,7,2,1,2,30,0.0,1
0,0,37,0,70,14,24,0,3,1,1,45,71.911,1
0,1,19,2,1840,43,10,11,2,1,1,30,0.0,1
7,0,15,1,2615,70,0,7,4,1,2,30,0.0,1
5,1,41,1,2395,13,26,6,3,1,2,25,50.162,1
0,0,35,0,1103,60,18,29,5,1,1,30,0.0,1
0,0,42,0,0,0,61,48,3,1,2,30,96.294,1
2,1,35,0,1406,41,7,1,3,1,2,30,0.0,1
9,1,34,0,1459,15,2,6,2,1,2,45,0.0,1
4,1,38,0,79,76,18,0,3,1,1,45,83.113,1
0,0,31,3,0,66,0,48,3,1,2,30,0.0,1
9,1,33,0,805,100,0,18,3,1,2,25,0.0,1
3,0,36,0,1395,52,7,35,4,1,1,30,0.0,1
0,0,30,0,2231,26,0,9,2,1,2,25,132.14,1
9,0,45,0,1342,60,37,18,3,1,2,30,21.388,1
0,0,37,0,1631,73,4,48,2,1,1,30,0.0,1
0,0,39,0,3308,2,0,31,4,1,2,30,128.632,1
4,0,32,0,1355,78,1,9,2,1,1,25,0.0,1
0,1,44,0,1451,50,10,11,4,1,2,25,130.17,1
0,1,33,2,4655,53,32,44,4,1,2,30,16.896,1
10,0,40,1,3918,38,15,38,4,1,1,25,66.15,1
0,1,38,0,401,50,25,5,3,1,1,30,10.599,1
2,0,30,1,0,57,5,14,3,1,2,25,381.997,1
8,1,36,1,695,37,16,27,3,1,1,30,163.842,1
0,1,40,2,3588,14,15,16,2,1,1,30,0.0,1
7,0,35,0,3166,14,6,1,4,1,1,30,97.538,1
0,1,13,2,4369,43,11,18,2,1,2,30,0.0,1
3,0,33,0,899,86,0,0,4,1,1,25,0.0,1
2,0,40,0,2022,41,9,4,4,1,2,30,266.635,1
9,1,45,0,3420,48,13,0,3,1,1,45,0.0,1
13,1,36,2,1691,5,8,11,2,1,1,30,107.81,1
1,0,44,0,4809,48,0,13,4,1,2,45,138.741,1
5,1,5,2,612,16,9,5,2,1,1,45,0.0,1
4,1,42,0,1104,44,10,43,3,1,2,45,0.0,1
2,0,43,0,5779,82,13,48,4,1,1,25,82.968,1
8,1,3,0,3296,68,8,3,4,1,2,45,0.0,1
0,0,35,1,2702,39,2,3,3,1,1,30,3.642,1
7,0,35,3,3143,30,6,6,2,1,2,25,0.0,1
3,1,33,1,3953,79,0,32,2,1,2,30,0.0,1
3,1,19,0,6123,74,18,19,4,1,2,25,0.0,1
12,0,37,1,6123,52,37,7,4,1,1,30,163.865,1
3,1,42,0,1369,45,22,10,2,1,2,55,390.892,1
5,0,38,3,4069,57,17,32,3,1,2,55,54.158,1
0,0,41,0,0,71,17,48,3,1,2,30,0.0,1
6,0,34,0,314,78,0,13,3,1,2,45,19.513,1
7,1,39,0,1891,55,0,12,3,2,1,45,4.063,1
20,1,40,1,2825,87,82,13,3,1,1,45,0.0,1
9,0,35,0,0,24,8,21,3,2,1,30,0.0,1
4,0,42,1,4080,6,12,29,4,1,2,25,257.683,1
3,0,44,1,979,59,26,31,3,1,2,30,231.755,1
0,1,34,1,5840,44,14,5,2,1,2,45,0.0,1
0,0,15,0,2842,52,9,1,3,1,2,25,0.0,1
0,0,40,0,4425,65,26,1,3,1,2,55,48.849,1
0,0,36,0,3427,53,0,7,2,1,2,25,189.402,1
0,0,35,3,1931,66,0,7,3,1,2,45,526.494,1
17,1,31,0,6123,65,3,48,2,1,2,30,0.0,1
0,1,44,0,4344,27,0,5,3,1,2,25,0.0,1
0,1,10,0,2694,64,42,0,3,1,1,45,84.042,1
8,0,45,0,1491,61,23,48,2,2,2,25,0.0,1
0,0,8,0,4502,100,0,8,2,1,1,30,116.949,1
0,0,40,1,0,75,46,4,2,1,2,25,78.496,1
7,0,40,2,5743,54,21,2,3,1,2,25,0.0,1
10,0,40,2,2364,57,64,21,5,1,2,30,0.0,1
0,0,11,0,3149,62,0,11,2,1,2,25,0.0,1
19,1,35,0,2624,77,82,6,2,1,2,45,0.0,1
0,0,44,1,6123,62,23,0,3,1,1,30,0.0,1
0,1,18,0,2551,50,21,6,2,1,1,30,0.0,1
0,0,45,0,1623,22,0,0,4,1,2,25,0.0,1
1,0,33,2,1244,75,14,27,3,1,2,45,98.857,1
0,1,33,3,0,73,13,5,2,1,1,30,0.0,1
1,0,35,0,936,16,12,32,2,1,2,25,0.0,1
0,1,44,0,1098,30,0,25,3,1,2,30,0.0,1
4,1,32,0,1409,21,0,0,3,1,2,45,20.553,1
21,0,6,1,0,49,148,15,2,1,2,30,0.0,1
0,0,41,0,2722,96,5,18,3,1,2,25,0.0,1
0,0,38,1,440,69,18,48,2,1,2,30,0.0,1
10,0,12,0,6123,19,23,0,3,1,2,30,41.756,1
1,0,3,0,373,83,12,13,3,1,1,45,183.806,1
0,1,17,0,2284,50,14,40,3,1,2,30,328.665,1
0,0,44,0,6123,47,50,6,2,1,2,25,0.0,1
1,0,15,0,218,39,44,7,4,1,1,25,0.0,1
1,0,43,0,0,15,0,8,3,1,1,25,0.0,1
1,0,45,0,1465,35,0,15,2,1,1,25,41.901,1
0,1,42,0,2495,28,13,48,2,1,2,25,0.0,1
1,0,30,0,2424,65,2,0,3,1,2,30,19.704,1
12,1,43,0,0,17,13,2,2,1,2,25,0.0,1
6,0,38,0,73,16,22,23,2,1,2,30,0.0,1
0,0,44,0,430,58,14,7,3,1,2,25,19.62,1
1,0,35,0,1397,57,21,3,2,1,2,30,162.655,1
2,1,24,0,4749,61,36,25,4,1,2,30,0.0,1
31,0,25,0,4239,65,12,31,4,1,1,45,104.245,1
2,0,41,0,2656,49,34,5,2,1,2,25,0.0,1
11,0,11,0,2960,72,15,19,3,2,2,30,29.349,1
6,0,45,2,922,49,18,12,3,1,2,25,0.0,1
0,0,38,0,2813,60,0,0,3,1,1,45,0.0,1
3,0,33,0,1974,34,16,0,4,1,2,30,75.905,1
10,1,31,0,1994,20,23,6,2,1,1,30,0.0,1
3,0,20,0,1759,69,32,47,3,1,2,30,43.77,1
3,1,36,0,4109,51,9,0,3,1,2,25,0.0,1
3,0,28,0,226,57,31,29,4,1,2,30,0.0,1
11,0,17,2,5680,56,2,5,2,1,1,45,403.808,1
0,0,45,0,959,65,7,9,3,1,1,25,0.0,1
11,0,28,0,3850,79,34,36,2,1,2,45,0.0,1
2,0,23,0,5809,19,62,22,4,1,1,30,2.182,1
0,0,44,0,3924,42,54,8,3,1,1,30,13.174,1
9,1,41,0,4495,72,25,4,2,1,2,45,0.0,1
0,0,37,0,4369,72,2,4,3,1,2,45,231.637,1
0,0,14,0,5113,51,4,7,3,1,1,45,24.4,1
0,1,10,0,2223,74,38,40,2,1,2,45,10.756,1
0,1,45,0,6123,20,5,29,3,1,2,55,0.0,1
2,0,45,0,2463,69,6,1,3,1,2,25,87.819,1
5,0,37,0,0,70,9,16,3,1,2,30,0.0,1
3,1,43,0,4078,15,18,0,3,1,2,25,0.0,1
7,1,40,0,435,55,24,31,3,1,1,25,63.333,1
0,1,7,0,4960,87,38,24,3,1,2,30,45.563,1
4,1,40,0,3688,25,6,20,2,1,2,25,11.854,1
1,1,41,0,2816,45,35,17,2,1,2,30,112.032,1
0,0,29,0,1318,17,0,17,4,1,2,25,14.698,1
0,0,43,0,2441,29,4,5,4,1,2,25,0.0,1
8,1,37,0,396,62,0,4,3,1,2,25,0.0,1
0,1,43,0,6123,72,0,11,4,1,2,30,0.0,1
5,1,45,1,107,58,17,7,3,1,2,45,0.0,1
5,0,35,0,3954,0,0,8,2,1,2,30,53.601,1
7,0,7,0,677,27,1,6,2,1,2,45,21.785,1
9,0,40,1,1525,23,0,7,3,1,2,30,0.0,1
3,1,7,0,852,70,0,5,2,1,1,30,338.057,1
6,0,32,2,2935,65,3,31,4,1,2,25,0.0,1
12,1,7,1,113,21,4,0,2,1,2,25,0.0,1
0,0,45,0,1352,26,204,14,3,1,2,25,0.0,1
10,1,31,0,2309,74,5,24,3,1,2,30,0.0,1
13,0,40,0,0,55,26,11,2,1,2,25,0.0,1
6,0,32,0,463,18,51,3,4,2,2,25,0.0,1
2,1,3,0,1141,63,47,46,3,1,2,45,0.0,1
0,1,32,0,4075,56,56,31,3,1,1,45,10.92,1
26,0,40,0,4976,2,27,48,3,1,2,30,0.0,1
1,0,43,0,4414,13,9,15,3,1,2,30,2.865,1
3,1,19,0,2463,97,0,38,2,1,1,25,21.368,1
25,1,43,0,6123,7,24,12,3,1,2,55,11.853,1
1,0,45,0,4191,72,10,36,3,1,2,55,0.0,1
4,0,17,2,1841,68,0,3,3,1,2,30,6.525,1
0,0,13,0,1800,67,20,4,2,1,1,30,0.0,1
0,1,32,0,4680,42,63,46,3,1,2,45,0.0,1
1,0,41,0,4715,65,2,8,4,1,1,25,0.0,1
0,0,12,0,3996,70,32,6,2,1,2,30,0.0,1
4,0,42,2,6121,3,1,42,4,1,2,25,5.026,1
17,0,34,1,3809,79,38,11,3,2,2,25,0.0,1
6,0,41,0,6123,36,27,12,3,1,2,30,80.433,1
7,1,9,0,2650,10,4,3,3,1,1,30,271.141,1
0,0,45,2,152,50,7,44,3,1,1,25,0.0,1
10,1,35,0,2841,66,0,15,3,1,1,30,42.925,1
6,0,30,2,2167,15,35,36,3,1,2,30,0.0,1
13,1,8,2,0,71,0,26,2,1,2,30,147.554,1
3,0,45,0,0,34,0,15,3,1,2,25,259.974,1
0,1,29,0,1420,73,34,39,4,1,2,25,81.109,1
8,0,44,0,6123,56,65,18,3,1,1,30,29.928,1
0,0,45,0,1118,67,28,10,2,1,1,45,115.622,1
3,0,31,2,5744,58,0,41,2,1,2,55,0.0,1
0,0,12,0,4137,59,8,39,3,1,1,30,0.0,1
4,1,31,0,1682,66,0,0,2,1,2,30,13.337,1
8,0,15,0,2280,53,41,0,2,1,2,30,245.428,1
3,0,24,0,405,60,7,12,2,1,2,30,64.502,1
0,0,12,0,512,4,0,43,4,1,2,25,0.0,1
8,1,35,0,1920,0,0,6,3,1,2,30,0.0,1
1,1,34,0,2043,54,17,1,3,1,2,25,90.496,1
2,0,16,0,1161,61,0,28,3,1,1,25,340.583,1
4,1,16,0,1302,23,0,48,4,1,2,25,0.0,1
2,0,34,0,1815,65,0,35,2,1,2,30,140.123,1
2,0,37,0,5333,58,0,4,2,1,1,30,85.461,1
0,0,44,0,1773,56,12,17,3,1,1,45,83.589,1
0,0,19,0,6123,0,12,0,2,1,1,25,73.112,1
0,0,44,0,4116,27,0,45,2,1,1,25,9.169,1
15,1,41,0,995,65,9,4,2,1,2,25,64.182,1
4,1,32,0,1212,27,0,22,4,1,2,30,174.943,1
2,1,36,0,337,28,0,32,2,1,2,30,0.0,1
2,1,39,0,557,75,10,37,3,1,1,30,9.13,1
17,1,45,2,6123,100,39,13,3,1,2,30,0.0,1
4,0,24,2,6062,52,6,40,3,1,2,25,0.0,1
0,0,29,0,2253,74,0,5,2,1,2,30,0.0,1
5,0,14,0,3920,100,79,0,2,1,2,25,319.197,1
4,1,39,0,2467,52,10,1,2,1,2,25,0.0,1
12,0,42,0,4193,59,14,1,2,1,2,30,38.772,1
20,1,36,0,644,78,0,5,3,1,2,45,0.0,1
9,0,43,1,2850,97,0,21,3,1,2,30,0.0,1
0,0,10,0,5396,53,7,6,2,1,2,30,258.98,1
1,1,15,0,3750,17,12,20,2,1,2,30,0.0,1
18,0,10,0,489,35,0,4,2,1,2,25,28.455,1
15,1,13,0,1461,36,8,0,4,1,1,25,78.234,1
0,0,40,0,0,74,38,1,2,1,1,45,13.146,1
11,0,18,0,0,55,0,26,3,1,1,30,0.0,1
7,0,34,0,3371,67,18,15,3,1,2,45,0.0,1
3,0,28,0,1774,85,0,22,3,1,2,30,0.0,1
10,0,30,0,3688,28,13,26,2,1,2,25,236.65,1
24,0,30,0,6123,34,5,36,2,1,1,25,238.926,1
3,0,37,4,247,24,5,4,3,1,2,30,822.304,1
11,0,43,0,5427,72,0,4,2,1,1,30,22.525,1
5,0,40,2,6123,42,50,33,4,1,2,30,10.956,1
1,0,28,3,6123,15,43,9,2,1,2,30,0.0,1
0,1,31,0,977,87,0,0,2,1,2,30,0.0,1
0,1,38,0,6123,55,37,6,2,1,1,30,83.016,1
0,1,23,0,1829,45,11,38,3,1,2,30,0.0,1
0,1,36,0,1457,51,0,21,3,1,2,30,2.54,1
7,1,20,2,0,47,39,44,2,1,2,25,0.0,1
5,1,27,0,1314,68,3,6,2,1,2,30,4.793,1
6,1,29,0,0,54,27,5,5,1,2,45,0.0,1
4,0,39,0,527,58,0,21,3,1,2,30,27.639,1
7,0,43,0,1716,18,9,16,3,2,1,25,0.0,1
0,1,37,0,813,40,0,18,2,1,1,30,0.0,1
4,1,29,1,2078,61,32,24,3,1,1,30,10.711,1
5,0,44,0,4453,62,63,32,3,1,1,30,0.0,1
10,1,45,0,64,69,8,12,2,1,2,25,48.82,1
0,1,39,0,1534,25,64,48,3,1,1,25,412.477,1
13,0,17,0,75,58,36,23,3,1,2,45,165.22,1
2,0,39,0,1592,31,14,0,3,1,2,25,0.0,1
1,0,35,0,1232,18,0,48,2,1,1,30,105.128,1
0,0,19,0,0,0,0,8,2,1,2,25,0.0,1
6,1,38,1,164,14,1,26,3,1,1,30,49.504,1
21,0,40,0,6123,22,4,3,3,1,2,30,0.0,1
19,0,34,0,2498,8,13,38,4,1,1,30,34.539,1
2,1,33,0,4586,72,0,33,2,1,1,25,0.0,1
4,0,43,0,2088,10,6,0,3,1,1,45,0.0,1
6,1,37,0,1407,62,0,23,3,2,2,45,49.602,1
5,1,10,0,2714,12,0,21,2,1,2,55,0.0,1
10,1,36,0,1015,54,10,0,4,1,2,25,0.0,1
21,1,27,2,584,0,0,2,2,1,1,25,0.0,1
0,1,16,0,1865,49,17,15,3,1,2,25,0.0,1
0,0,31,0,1303,59,23,24,3,1,1,30,0.0,1
1,0,14,0,644,64,2,8,2,1,2,25,0.0,1
15,0,37,0,85,77,15,3,3,1,2,25,23.983,1
0,0,21,1,2133,5,0,3,2,1,1,45,0.0,1
2,0,42,1,1399,53,3,20,3,1,1,45,19.218,1
13,1,10,0,1310,100,9,20,3,1,2,30,233.276,1
15,1,31,0,6123,71,34,43,3,1,2,25,0.0,1
0,0,25,1,6123,62,0,22,4,1,1,30,172.087,1
3,0,5,0,2051,18,17,3,4,1,2,30,0.0,1
0,1,41,0,6123,72,4,1,4,1,2,25,0.0,1
2,0,39,0,0,62,0,5,3,1,1,25,31.412,1
0,0,17,0,3699,58,32,2,2,1,2,25,0.0,1
0,0,24,0,5634,72,0,44,2,1,1,30,203.928,1
11,0,20,0,0,61,13,38,3,1,2,30,0.0,1
3,1,16,0,5727,10,13,2,3,1,1,30,0.0,1
3,0,19,0,6123,16,0,6,2,1,2,30,0.0,1
1,0,45,0,1493,4,20,32,2,1,1,25,0.0,1
16,0,43,0,2774,68,40,7,2,1,1,25,303.556,1
22,0,38,0,4614,29,9,8,2,1,2,30,0.012,1
10,1,35,2,340,16,2,0,3,1,2,30,0.0,1
1,0,13,0,3344,62,0,12,3,1,2,25,0.0,1
0,1,17,0,3771,20,24,32,2,1,1,55,32.459,1
1,0,35,0,3963,52,0,11,2,1,1,30,0.0,1
5,1,35,1,538,100,0,34,3,1,1,25,36.943,1
4,1,18,0,1219,25,28,22,3,1,1,55,46.901,1
0,0,16,1,2404,50,0,42,2,1,1,30,106.242,1
0,1,40,1,1026,0,14,12,2,1,2,30,46.207,1
28,0,22,0,747,66,0,38,3,1,1,45,0.0,1
2,1,45,0,2265,62,28,10,4,1,1,30,0.0,1
6,0,35,0,1035,46,26,22,4,1,2,45,0.0,1
15,1,6,0,1664,19,24,27,3,1,2,45,0.0,1
0,1,20,3,1938,22,0,19,3,1,1,30,0.0,1
2,0,43,3,6123,52,14,32,2,1,1,25,14.619,1
1,1,12,2,4856,52,17,3,3,1,2,30,0.0,1
0,0,8,0,4276,45,14,33,3,1,2,30,98.342,1
30,1,42,0,997,41,4,9,3,1,2,30,77.165,1
0,1,41,0,4498,58,2,11,3,1,2,45,96.263,1
3,1,31,1,515,72,0,38,3,1,1,25,0.0,1
8,0,32,1,747,21,5,22,2,1,2,30,321.253,1
9,1,29,2,2831,52,14,43,2,1,1,25,9.779,1
2,0,44,0,1848,52,28,16,2,1,2,30,66.15,1
8,0,36,0,254,61,0,14,2,1,2,30,0.0,1
0,0,25,0,3527,11,10,32,4,1,2,30,0.0,1
3,0,35,0,1358,18,4,1,2,1,2,25,20.185,1
7,1,25,0,2238,67,71,39,2,1,2,30,0.0,1
0,0,40,1,1129,59,28,17,2,1,2,30,52.033,1
3,0,33,1,5913,100,2,27,4,1,2,30,0.0,1
4,0,32,2,2677,66,30,7,3,1,2,30,39.848,1
5,0,36,0,6123,14,7,0,4,1,2,25,24.767,1
9,1,22,0,264,54,0,9,3,1,2,45,0.0,1
0,0,9,0,2224,5,0,3,2,1,1,25,0.0,1
2,1,45,0,3217,20,20,33,3,1,2,25,21.415,1
0,0,44,0,1431,45,1,43,2,1,2,45,0.0,1
0,1,39,1,5808,0,59,39,2,1,2,30,0.0,1
0,0,38,0,1646,21,39,4,3,1,2,45,6.011,1
0,0,43,0,1299,40,12,40,3,1,2,25,0.0,1
7,1,39,1,2828,62,62,0,2,1,2,25,0.0,1
2,0,41,0,1684,57,22,2,3,1,2,25,120.131,1
1,1,28,1,0,68,41,5,2,1,2,25,0.0,1
1,0,37,0,4015,53,0,24,2,1,1,30,0.0,1
15,0,32,0,658,44,24,29,3,1,2,25,0.0,1
0,0,15,0,1507,12,19,25,2,1,2,25,37.525,1
34,1,40,1,3772,59,25,0,3,1,2,30,0.0,1
32,1,32,0,2607,73,7,10,2,1,2,45,45.425,1
10,0,30,0,5657,41,0,6,3,1,2,25,0.0,1
5,1,33,0,0,23,0,4,4,1,2,45,147.485,1
5,1,21,2,4483,76,50,20,3,1,1,25,0.0,1
1,0,45,1,6123,58,10,13,4,1,1,30,0.0,1
5,0,36,0,6123,63,21,3,2,1,2,30,21.93,1
3,1,23,2,865,26,11,48,3,1,2,45,0.0,1
5,0,35,0,2198,62,20,4,3,2,1,45,2.433,1
0,0,36,0,2627,60,13,3,2,1,2,30,22.651,1
2,0,45,1,276,20,37,0,2,1,2,45,32.66,1
4,0,39,0,2104,61,5,4,4,1,1,30,0.0,1
9,0,6,0,230,47,19,18,2,1,2,30,72.307,1
0,0,29,1,896,68,27,26,3,1,2,25,0.0,1
0,1,34,0,6123,57,44,43,3,1,2,25,59.706,1
0,0,45,1,2229,22,57,23,2,1,2,30,0.0,1
0,1,10,0,4846,57,69,4,3,1,2,25,0.0,1
0,0,43,0,3666,42,0,9,4,1,2,25,232.833,1
0,0,15,1,2452,59,1,9,2,1,2,30,14.59,1
20,1,45,0,4128,71,0,0,2,1,2,45,39.181,1
0,0,38,0,498,26,6,48,4,1,2,25,0.0,1
0,1,13,3,5563,53,3,0,3,1,2,30,300.497,1
10,1,31,0,3416,50,24,0,3,1,2,45,0.0,1
0,0,42,0,0,50,25,4,3,1,2,30,47.383,1
0,0,44,0,1270,5,11,6,2,1,2,30,32.074,1
0,0,45,0,5386,47,18,5,4,1,2,30,28.99,1
0,0,45,2,435,53,0,18,3,1,1,45,450.856,1
1,0,29,0,4126,58,5,7,3,1,2,25,0.0,1
10,1,43,0,1323,16,12,16,2,1,2,30,12.048,1
2,1,24,0,1430,60,0,9,3,1,2,25,0.0,1
0,1,38,0,1325,59,50,6,2,1,1,30,0.0,1
3,0,43,0,1753,74,27,4,3,1,1,45,0.0,1
8,0,40,0,0,18,21,32,3,2,1,30,0.0,1
0,1,29,0,2958,54,3,33,2,1,2,45,0.0,1
0,0,40,0,3211,66,0,20,3,1,2,30,5.928,1
7,0,40,3,1133,39,22,45,4,1,2,25,0.0,1
0,1,18,0,1215,49,25,42,4,1,1,25,0.0,1
0,1,4,1,5652,100,1,5,4,1,2,25,0.0,1
0,0,35,4,599,15,29,19,4,1,2,45,0.0,1
15,1,40,2,5074,35,44,5,2,1,2,30,163.436,1
0,0,40,0,4641,76,0,25,3,1,1,30,52.819,1
9,1,45,0,0,5,0,33,2,1,2,25,0.0,1
8,1,7,0,227,70,2,8,4,1,2,25,26.449,1
0,0,34,0,944,50,4,7,4,1,2,45,75.564,1
0,1,33,0,822,71,0,42,2,1,1,30,31.389,1
1,1,39,0,2299,100,4,3,3,1,2,45,20.213,1
0,0,38,0,0,29,0,3,2,1,2,30,66.48,1
1,0,10,2,465,71,0,10,2,1,2,25,29.087,1
7,1,41,0,3230,63,6,11,2,1,2,30,40.806,1
4,1,11,0,1588,24,38,0,3,1,2,30,32.838,1
1,0,40,0,1054,36,19,0,3,1,2,30,83.641,1
2,1,37,0,3312,79,10,4,4,1,1,25,0.0,1
4,0,34,0,93,70,28,30,3,1,1,30,0.0,1
0,1,34,0,1319,55,0,9,4,1,2,30,73.257,1
0,1,18,0,2421,52,25,6,3,1,2,25,5.891,1
1,1,36,0,3567,68,18,0,2,1,2,30,5.809,1
11,0,36,3,3039,17,38,28,3,2,2,25,0.0,1
0,1,39,0,275,71,3,38,3,1,1,30,26.197,1
0,0,42,0,408,51,27,32,2,1,2,30,64.122,1
0,1,39,0,6032,19,4,26,2,1,2,30,0.0,1
5,0,16,2,1659,3,0,9,3,1,2,25,39.079,1
1,0,13,0,0,73,0,44,2,1,2,25,0.0,1
10,1,45,0,2168,18,0,1,3,1,2,30,260.381,1
1,0,31,0,2661,75,0,48,4,1,2,30,0.0,1
16,1,22,1,3568,66,28,22,3,1,2,30,14.921,1
0,0,42,0,4069,73,0,12,3,1,2,25,16.042,1
3,0,45,0,502,50,1,39,2,1,2,25,0.0,1
0,1,26,0,1023,61,16,5,2,1,2,30,0.0,1
0,0,17,0,4085,50,0,0,3,1,2,25,0.0,1
6,0,36,0,1011,63,4,0,4,1,2,45,0.0,1
3,0,42,0,4286,74,18,7,3,1,1,30,0.0,1
0,1,13,0,5694,52,21,6,3,1,2,30,10.68,1
1,0,40,0,2838,1,14,13,5,1,1,30,0.0,1
1,1,12,0,6123,27,4,0,3,1,2,25,127.755,1
0,0,14,0,16,44,19,21,2,1,2,30,18.201,1
0,0,7,1,1957,2,41,9,3,1,1,30,321.225,1
25,0,33,0,879,19,26,17,2,1,2,30,0.0,1
6,0,42,2,2053,100,204,23,4,1,2,30,21.359,1
1,0,27,0,576,12,11,30,3,1,2,30,29.543,1
0,0,16,0,151,21,0,5,2,1,1,45,31.414,1
9,1,44,1,474,65,28,5,4,1,1,55,396.581,1
2,1,43,0,3228,40,27,14,2,1,2,30,0.0,1
8,0,42,0,2374,100,0,30,2,1,2,25,223.2,1
0,0,43,1,282,59,204,43,4,1,2,30,0.0,1
5,1,41,1,0,69,1,0,2,1,2,30,119.536,1
1,0,42,1,3226,80,8,0,5,1,2,25,34.352,1
1,0,13,0,0,59,13,2,2,1,1,30,0.0,1
7,1,41,0,1420,44,30,5,2,1,2,25,0.0,1
0,0,39,0,1830,32,18,35,2,1,2,30,0.0,1
0,0,36,0,1944,64,3,2,3,1,2,25,109.554,1
1,0,7,0,629,67,8,1,4,1,1,25,190.001,1
5,0,43,0,550,10,0,17,5,1,2,45,23.314,1
0,1,41,0,188,72,28,1,3,1,1,30,43.034,1
0,0,41,0,1014,18,11,0,3,1,1,25,9.245,1
2,0,44,1,3994,43,2,3,3,1,2,25,54.516,1
0,1,26,0,0,46,8,3,4,1,1,25,94.47,1
1,0,28,2,0,3,8,48,3,1,1,25,0.0,1
0,0,40,0,2547,39,62,38,2,1,2,30,61.326,1
0,1,38,0,3747,60,0,36,3,1,2,25,34.487,1
7,0,23,0,720,59,0,18,2,1,2,30,98.555,1
20,0,5,2,567,37,0,18,3,1,2,45,6.416,1
3,1,42,0,0,5,14,6,3,1,2,25,0.0,1
0,0,15,0,3719,24,0,33,4,1,1,45,0.0,1
0,0,45,0,0,34,4,3,3,1,2,30,0.0,1
0,0,38,1,4257,67,0,30,3,1,2,30,0.0,1
15,1,43,0,750,65,12,0,3,1,1,25,38.232,1
4,0,36,0,42,69,25,48,3,1,1,30,0.0,1
0,0,18,0,1739,86,14,5,2,1,2,45,9.411,1
9,0,17,0,6123,62,12,14,3,1,1,30,130.482,1
14,0,45,0,3315,60,37,0,3,1,1,30,0.0,1
0,0,10,0,1570,20,11,10,2,1,1,25,0.0,1
0,0,45,0,1561,58,12,5,2,1,1,30,0.0,1
0,1,45,0,689,55,7,24,3,1,2,25,22.932,1
12,1,31,0,3588,54,40,4,3,1,1,30,21.825,1
2,0,17,0,3219,50,9,10,3,2,2,25,0.0,1
5,1,22,0,1456,75,0,0,2,1,1,25,0.0,1
19,0,38,0,3289,54,5,0,2,1,2,30,27.177,1
0,1,42,0,2742,49,15,0,3,1,1,45,328.992,1
9,0,45,0,6123,63,23,5,2,1,2,25,0.0,1
7,1,38,2,4503,33,12,48,4,1,2,30,0.0,1
1,1,44,2,708,59,38,4,2,1,2,30,0.0,1
20,0,6,0,804,65,5,4,3,1,2,30,0.0,1
0,0,8,1,16,50,68,15,3,1,1,25,9.391,1
0,1,22,1,1089,71,11,17,3,1,2,45,21.299,1
6,0,40,0,1848,20,0,21,3,1,2,55,0.0,1
1,0,44,0,2192,43,16,44,3,2,1,30,236.926,1
7,0,7,0,2934,59,31,3,4,2,2,30,12.849,1
3,1,39,1,2854,20,19,3,4,1,2,30,0.0,1
0,1,44,3,2745,15,19,25,3,1,1,30,124.044,1
0,1,39,2,2998,27,5,9,3,1,2,25,127.361,1
7,1,7,0,5409,61,30,22,3,1,2,30,0.0,1
1,1,37,0,4415,59,81,1,3,1,1,30,123.595,1
4,0,40,0,1803,12,12,25,3,1,1,25,0.0,1
0,1,37,0,3628,57,0,28,5,1,1,30,76.934,1
0,1,33,0,4973,99,15,7,2,1,2,25,32.79,1
3,1,21,2,2478,19,51,21,2,1,1,25,23.813,1
13,1,39,0,1922,20,0,8,3,1,2,25,34.239,1
0,0,22,0,1191,67,0,20,2,1,1,30,2.624,1
0,1,36,0,1087,24,18,3,2,1,2,30,0.0,1
0,1,45,0,1553,61,0,21,3,1,2,25,21.272,1
0,1,3,1,352,54,0,20,2,1,1,25,0.0,1
0,0,44,3,6123,9,31,23,3,1,2,45,38.815,1
8,1,19,2,5071,53,4,11,3,1,2,30,118.024,1
5,1,3,0,951,70,6,47,2,1,2,30,18.302,1
0,1,42,0,2373,67,24,40,3,1,2,30,162.049,1
1,0,32,1,6123,11,13,28,3,1,2,25,0.0,1
5,0,36,1,4831,77,29,9,3,1,1,30,0.0,1
0,0,41,0,1074,16,22,2,3,1,1,25,0.0,1
0,0,39,4,6123,74,4,0,4,1,1,30,165.494,1
7,0,13,0,1576,34,0,39,4,1,1,30,7.909,1
0,0,44,0,3767,51,44,2,4,1,1,45,0.0,1
0,0,20,0,5223,76,19,24,2,1,2,25,383.304,1
0,0,42,0,1478,0,0,4,4,1,2,45,235.188,1
19,1,9,2,1058,58,16,9,3,1,1,30,0.0,1
4,0,16,0,3197,40,13,36,3,1,2,30,7.009,1
14,0,11,2,0,71,0,46,3,1,1,30,0.0,1
1,1,15,1,5068,92,13,0,3,1,1,30,0.0,1
28,0,43,0,3232,64,7,31,4,1,2,25,0.0,1
0,1,37,0,1494,78,204,47,3,1,2,25,0.0,1
1,1,43,0,2414,61,20,0,4,1,2,30,0.0,1
18,1,9,3,405,63,6,4,4,1,1,25,0.204,1
7,1,36,0,5600,26,4,5,2,1,1,30,0.0,1
9,1,4,2,6123,70,7,3,5,1,2,30,9.639,1
0,1,34,0,787,66,62,7,2,1,1,30,24.65,1
